{
"type": "FeatureCollection",
"name": "ასურეთული-შალა",
"crs": { "type": "name", "properties": { "name": "urn:ogc:def:crs:OGC:1.3:CRS84" } },
"features": [
{ "type": "Feature", "properties": { "OBJECTID": 28, "NAME_GEO": "ასურეთული შალა", "NAME_ENG": "Asuretuli Shala", "Location": "Kvemo Kartli", "MoreInfo": "https://www.sakpatenti.gov.ge/media/django-summernote/2025-11-19/2d5168b6-12ec-48a3-82d0-8e0ca36a17e9.pdf" }, "geometry": { "type": "MultiPolygon", "coordinates": [ [ [ [ 44.662332147549186, 41.640341817529475 ], [ 44.662514474202354, 41.640262143721948 ], [ 44.662631723783036, 41.640262487898724 ], [ 44.662876526024903, 41.640279148881561 ], [ 44.663036137557739, 41.640295604683303 ], [ 44.663217269822283, 41.640272176317836 ], [ 44.663292143554656, 41.640224477274415 ], [ 44.663292767362783, 41.640104638100539 ], [ 44.663506710547281, 41.639913545988875 ], [ 44.663827048887889, 41.639754695255299 ], [ 44.664178600481449, 41.639723792250855 ], [ 44.664476919524603, 41.639700659155579 ], [ 44.664732116254854, 41.639773326375263 ], [ 44.665135986282706, 41.639934291619625 ], [ 44.665571530877628, 41.64013524956404 ], [ 44.665911733623687, 41.64025607982812 ], [ 44.666220144717194, 41.64033686977448 ], [ 44.666486343101425, 41.640337642424647 ], [ 44.66666745214993, 41.640330151325834 ], [ 44.666795619701588, 41.640250628912455 ], [ 44.666817508342305, 41.640138867775043 ], [ 44.666818207734792, 41.640003086021792 ], [ 44.666968057285743, 41.63985170363209 ], [ 44.667053923974798, 41.63973215639308 ], [ 44.667066030440147, 41.639444591027726 ], [ 44.667046075046599, 41.639180891982335 ], [ 44.66687721881032, 41.638884830922201 ], [ 44.666888503060626, 41.63875705120072 ], [ 44.666995456146438, 41.638669495673525 ], [ 44.667133977226342, 41.638653909063486 ], [ 44.66720886818932, 41.638590264725138 ], [ 44.667188131627341, 41.638478335036943 ], [ 44.667178286692724, 41.638326489863395 ], [ 44.66731731889746, 41.638223039091066 ], [ 44.667403144893235, 41.638087503623424 ], [ 44.667318674491341, 41.637959446747161 ], [ 44.667287868109923, 41.6377276919007 ], [ 44.667448952949641, 41.637456545311451 ], [ 44.667652432630113, 41.637241410865578 ], [ 44.667823339132639, 41.637138051609668 ], [ 44.667954601204386, 41.637062319828736 ], [ 44.667925185088251, 41.637003777991396 ], [ 44.6679366767125, 41.636928690965462 ], [ 44.668059185363425, 41.636827218159027 ], [ 44.668336997153467, 41.636644272732184 ], [ 44.668401567740887, 41.636508630113646 ], [ 44.668359946867241, 41.636324762717969 ], [ 44.668360806843133, 41.636157005687053 ], [ 44.668340437289871, 41.635973244617922 ], [ 44.668341706878522, 41.635725594691955 ], [ 44.668268335694677, 41.635493717201136 ], [ 44.668215579702448, 41.635397683052254 ], [ 44.668120138709149, 41.635325529900214 ], [ 44.668024698159819, 41.635253331633393 ], [ 44.667950795625828, 41.63512530567926 ], [ 44.667855910540837, 41.634933312795177 ], [ 44.667782068733601, 41.63480528690144 ], [ 44.667633344089339, 41.63471699151129 ], [ 44.667527052180738, 41.634700696313402 ], [ 44.66739998627142, 41.634556573432064 ], [ 44.667262090596751, 41.634452276030075 ], [ 44.667166775546164, 41.634356118186652 ], [ 44.667167268563389, 41.634260282739959 ], [ 44.667146492170822, 41.634156369276212 ], [ 44.667093410099319, 41.634124239911777 ], [ 44.667083442467309, 41.633996398516445 ], [ 44.667052167557223, 41.633844536185045 ], [ 44.667074401366811, 41.633676840998689 ], [ 44.667170843793485, 41.633565295561297 ], [ 44.66732022526142, 41.633501866740865 ], [ 44.667522729793113, 41.633462460534439 ], [ 44.667778233801172, 41.633471170635389 ], [ 44.667969825496705, 41.63348771201386 ], [ 44.668235687210775, 41.633560357285745 ], [ 44.668384699232419, 41.633568803681271 ], [ 44.668480852872143, 41.633513146147806 ], [ 44.668492010190327, 41.633409325002972 ], [ 44.668418068191095, 41.633289225554833 ], [ 44.66834340958637, 41.633180157842318 ], [ 44.668360266849064, 41.6331120668046 ], [ 44.66845962862358, 41.633062813670627 ], [ 44.668711865900725, 41.632970631329435 ], [ 44.668906227989794, 41.632903051628318 ], [ 44.669051647427551, 41.632827269234632 ], [ 44.669171051459365, 41.632767579761712 ], [ 44.66934458861116, 41.632733986702384 ], [ 44.669542917188075, 41.632700509687425 ], [ 44.669728993659291, 41.632632904771725 ], [ 44.669795303944788, 41.63259022086217 ], [ 44.669795670765048, 41.632518344236004 ], [ 44.669732025940135, 41.632462226512004 ], [ 44.66967910697268, 41.632398168176628 ], [ 44.669669134473885, 41.632270326949367 ], [ 44.669605549799982, 41.632214254362189 ], [ 44.669499223098306, 41.63218197305288 ], [ 44.669328658997088, 41.632221429600826 ], [ 44.66922202742677, 41.632237065614042 ], [ 44.669115719684456, 41.632212845474349 ], [ 44.668976315360894, 41.632110527335769 ], [ 44.668859793057521, 41.632041331473282 ], [ 44.668690965034699, 41.631987927548558 ], [ 44.668489161970385, 41.631891463803115 ], [ 44.668436326395465, 41.631811462335641 ], [ 44.668521855140241, 41.631731814873163 ], [ 44.668671045936641, 41.631716257146536 ], [ 44.668724535870332, 41.631668492846813 ], [ 44.668661402774376, 41.631524510474286 ], [ 44.668704698579319, 41.631380834838431 ], [ 44.668790572763569, 41.631245253266897 ], [ 44.668919024862227, 41.631117810699493 ], [ 44.668940824845983, 41.631022036553482 ], [ 44.668792628570209, 41.630902263861678 ], [ 44.668669452470056, 41.630855161373553 ], [ 44.668541100763669, 41.630845829162467 ], [ 44.668452109126115, 41.630804904884009 ], [ 44.668384707187286, 41.630767960964739 ], [ 44.668306728352015, 41.630674826403393 ], [ 44.668294997720018, 41.63055094312957 ], [ 44.668336839213673, 41.63044509378274 ], [ 44.668453323037873, 41.630263393653038 ], [ 44.668557377417372, 41.630105751907614 ], [ 44.668623742713493, 41.630028526078164 ], [ 44.668835015091737, 41.629880515582869 ], [ 44.669021496038759, 41.629732388281738 ], [ 44.669042540898857, 41.629655031709248 ], [ 44.668990821696113, 41.629568233219786 ], [ 44.668902834217249, 41.629530779958344 ], [ 44.668729622685419, 41.629502403553573 ], [ 44.668597527323456, 41.629439287437513 ], [ 44.668466195409515, 41.629356087241568 ], [ 44.6683214670824, 41.629286719381831 ], [ 44.668161214088101, 41.62927162014099 ], [ 44.667980762472176, 41.629285735847134 ], [ 44.667885066128491, 41.629253438699187 ], [ 44.667842835886077, 41.629189455402425 ], [ 44.66786467793839, 41.629085665113038 ], [ 44.667791028686558, 41.628909721174104 ], [ 44.667727531254009, 41.62883761489541 ], [ 44.667525802272174, 41.628717235423061 ], [ 44.667335024074461, 41.628556895166277 ], [ 44.667208422660721, 41.628324862666034 ], [ 44.667177023711915, 41.628220918349641 ], [ 44.667198620062464, 41.628165045947092 ], [ 44.66734807141772, 41.628085584345499 ], [ 44.667422991069508, 41.628013923384835 ], [ 44.667402216206021, 41.627910009860074 ], [ 44.667307014650888, 41.627781921710358 ], [ 44.66710551424373, 41.627629566457202 ], [ 44.667020997925505, 41.627501509007395 ], [ 44.667053382882578, 41.627413692187517 ], [ 44.667234825053569, 41.627334368408079 ], [ 44.667565141560551, 41.627287360573824 ], [ 44.667809854924336, 41.627312027233437 ], [ 44.66803344300272, 41.62731267312126 ], [ 44.668225467003978, 41.627241349737041 ], [ 44.668332521944663, 41.627129833819311 ], [ 44.668386786250174, 41.626930254897268 ], [ 44.668368141584168, 41.626761810818905 ], [ 44.668333073182836, 41.62665920728886 ], [ 44.668238339531754, 41.626592055192688 ], [ 44.668101772964398, 41.626582743818787 ], [ 44.667866703693228, 41.62660922171488 ], [ 44.667572710013914, 41.626643635262752 ], [ 44.667430255697894, 41.626612013153206 ], [ 44.667387928630305, 41.626543931088591 ], [ 44.667409688326899, 41.626456128445803 ], [ 44.667559012389589, 41.626400625426449 ], [ 44.667800149980934, 41.626314402673152 ], [ 44.667990767787181, 41.62621245099448 ], [ 44.668169606507469, 41.626101502795095 ], [ 44.66821143901516, 41.626043706999326 ], [ 44.668265421826135, 41.625945773968439 ], [ 44.668275495381756, 41.625795562301747 ], [ 44.668159498101531, 41.625579504150998 ], [ 44.668038037446259, 41.62545746567497 ], [ 44.667886399482967, 41.625367856022642 ], [ 44.667725388331462, 41.625256826883898 ], [ 44.667550092352506, 41.625145801244024 ], [ 44.667441031316919, 41.625099098510439 ], [ 44.667203957452131, 41.625049503125666 ], [ 44.667051824794989, 41.624998126667819 ], [ 44.666966490918924, 41.624947979377843 ], [ 44.666966784538751, 41.624890919364901 ], [ 44.667109436888879, 41.624801575397875 ], [ 44.667312119166176, 41.624722312959193 ], [ 44.66751480094873, 41.624643050160266 ], [ 44.667589839924759, 41.624547340058079 ], [ 44.667579790546995, 41.624435486108773 ], [ 44.66732528887291, 41.624227042919664 ], [ 44.666932975828345, 41.623914346471231 ], [ 44.66653020751319, 41.623569687669693 ], [ 44.666392954011357, 41.623345594589189 ], [ 44.666212592965081, 41.623217258274629 ], [ 44.666023948311505, 41.623135735270232 ], [ 44.666011439287018, 41.623000950580476 ], [ 44.666203947148809, 41.622833749817261 ], [ 44.666407387872113, 41.622594702651142 ], [ 44.666536257926353, 41.622395340917741 ], [ 44.666504986320007, 41.622267437414571 ], [ 44.666292844185271, 41.622099016839144 ], [ 44.666272379824917, 41.621947230404309 ], [ 44.666475589520566, 41.62176407236057 ], [ 44.66660431532739, 41.621580697961825 ], [ 44.666808879568009, 41.621133991243056 ], [ 44.667044609072725, 41.620847027830585 ], [ 44.667279454901724, 41.620719894949403 ], [ 44.667503102320701, 41.620704554161101 ], [ 44.66779032118702, 41.620745331664274 ], [ 44.668109835508588, 41.620738283141669 ], [ 44.668323045218514, 41.620674992072459 ], [ 44.668397936213019, 41.620595313844241 ], [ 44.668387722427298, 41.620515390103691 ], [ 44.668207037686912, 41.620450962341245 ], [ 44.667888095638077, 41.620370147095556 ], [ 44.667601329569919, 41.620241505449613 ], [ 44.667474209773616, 41.620113324981808 ], [ 44.667475153685096, 41.619929579864348 ], [ 44.667614577791234, 41.619730292386642 ], [ 44.66774329629753, 41.619546916620784 ], [ 44.667712149586826, 41.619371095181059 ], [ 44.667638344938368, 41.61925099534875 ], [ 44.667394217606898, 41.619106533600274 ], [ 44.6671920045627, 41.619097976957775 ], [ 44.667096323414611, 41.619065724188332 ], [ 44.667064682588666, 41.619009697541827 ], [ 44.667107827970888, 41.618905968905281 ], [ 44.667257504291356, 41.61877858936176 ], [ 44.667492013920075, 41.618715361456772 ], [ 44.667907571079404, 41.618644684802149 ], [ 44.668035794890706, 41.618557189417601 ], [ 44.66813392983758, 41.618473660294597 ], [ 44.668112340061974, 41.618411988377524 ], [ 44.668004828120758, 41.618381323510008 ], [ 44.667451350440516, 41.618347793080993 ], [ 44.667121408363585, 41.618330850306336 ], [ 44.666995636426599, 41.618326567898933 ], [ 44.66682024384874, 41.618354792834552 ], [ 44.666493205772412, 41.618345017437122 ], [ 44.666262507272762, 41.618192936061654 ], [ 44.666270801914614, 41.618120676958149 ], [ 44.666508586124721, 41.618132175698662 ], [ 44.666706439335449, 41.618124327706788 ], [ 44.666909707305805, 41.618090554182238 ], [ 44.667145060037555, 41.618014674231574 ], [ 44.667368405366972, 41.617916150856232 ], [ 44.667688441463334, 41.617769672756523 ], [ 44.668083813094185, 41.617561261261656 ], [ 44.668347455987579, 41.617409979747897 ], [ 44.668435916405095, 41.617351822888018 ], [ 44.6685342522238, 41.617287209212158 ], [ 44.668759585576744, 41.617127664717131 ], [ 44.668991552237586, 41.616938234796713 ], [ 44.669155559301977, 41.616799995217868 ], [ 44.66935418794661, 41.61661596302968 ], [ 44.669472868430574, 41.616492229400485 ], [ 44.669590240251594, 41.616436676792333 ], [ 44.669686122596467, 41.61642898090853 ], [ 44.669869036730489, 41.616489764848218 ], [ 44.669940254904255, 41.616481727704844 ], [ 44.670080195204342, 41.616390165339318 ], [ 44.670165540692672, 41.616330286818318 ], [ 44.670262071879854, 41.616206939178809 ], [ 44.670331010980327, 41.616092474551756 ], [ 44.670359092804794, 41.615975550847722 ], [ 44.670420345726249, 41.615755769319037 ], [ 44.670467385657666, 41.615616426829945 ], [ 44.670536564235981, 41.615513672184854 ], [ 44.670663158432269, 41.615390680559479 ], [ 44.670844733574995, 41.615218666610851 ], [ 44.670976766444781, 41.61509987857842 ], [ 44.671168886791698, 41.61500179882151 ], [ 44.671272968843176, 41.614997998184137 ], [ 44.671382303521419, 41.615035285553297 ], [ 44.671469921454495, 41.615035535975245 ], [ 44.671577684455833, 41.614980449259704 ], [ 44.671823809310652, 41.614741469042109 ], [ 44.67225082858657, 41.614487061302157 ], [ 44.672607527147392, 41.614229254146217 ], [ 44.672870872975977, 41.613977575422147 ], [ 44.673267750833809, 41.61337954126364 ], [ 44.673468620143119, 41.613187086420794 ], [ 44.673547180616382, 41.613150289697373 ], [ 44.673620282391141, 41.613124916641645 ], [ 44.673731864101207, 41.613108930229842 ], [ 44.673865205870271, 41.613109623835008 ], [ 44.674301072333868, 41.613156571346259 ], [ 44.674515680524486, 41.613167042097338 ], [ 44.674748459718231, 41.613168061200277 ], [ 44.674923141812883, 41.613158332037713 ], [ 44.675089240192307, 41.613137049058871 ], [ 44.67525193668741, 41.613100038563104 ], [ 44.675398314936906, 41.613050056345713 ], [ 44.675622754397011, 41.612882929633948 ], [ 44.675911603233587, 41.612604158939249 ], [ 44.67608332235509, 41.612418642976927 ], [ 44.676210615868953, 41.612356491178211 ], [ 44.676306807104659, 41.612333658434103 ], [ 44.676421054384278, 41.612324252213696 ], [ 44.676530343642703, 41.612334287612185 ], [ 44.676753680759568, 41.612374862995019 ], [ 44.676892063472152, 41.612375252007908 ], [ 44.677020122974312, 41.612303733913571 ], [ 44.677315921739591, 41.612073663426429 ], [ 44.677496365520298, 41.611906499597175 ], [ 44.677803357324152, 41.611645339147195 ], [ 44.677958054636392, 41.611562590535584 ], [ 44.678107127981761, 41.611536706826641 ], [ 44.678234123533379, 41.611533774688013 ], [ 44.678374174099481, 41.611560467788316 ], [ 44.678478983552004, 41.611626513970442 ], [ 44.678577270639607, 41.6117009185743 ], [ 44.678714740195666, 41.611885050974536 ], [ 44.678894817331717, 41.612069302220696 ], [ 44.679000937237234, 41.612125488631548 ], [ 44.679139319447415, 41.612125874937554 ], [ 44.679214049319583, 41.612086136280212 ], [ 44.67931030631695, 41.611819519675173 ], [ 44.679474274093209, 41.611451805116481 ], [ 44.679598417953088, 41.611139824346203 ], [ 44.679655133849003, 41.61104139790757 ], [ 44.679774927864912, 41.610880591715173 ], [ 44.679846457765258, 41.61078373767468 ], [ 44.680078376127781, 41.610641483057897 ], [ 44.680210005518852, 41.610599064779009 ], [ 44.680345852595892, 41.610589624661067 ], [ 44.680477048351833, 41.610622865884551 ], [ 44.680859710052367, 41.610796598032259 ], [ 44.681369500364518, 41.611013691000231 ], [ 44.681646005910856, 41.611078363554256 ], [ 44.681858955861685, 41.611070981623648 ], [ 44.68217992382133, 41.611014493129623 ], [ 44.682322808372611, 41.610977372797464 ], [ 44.682344546712393, 41.610913166041215 ], [ 44.682280784187313, 41.610821971445532 ], [ 44.682212342957278, 41.61063258470638 ], [ 44.68207586521072, 41.610232735208726 ], [ 44.682021511017957, 41.610107744198608 ], [ 44.681960635412935, 41.610015476526648 ], [ 44.681961119828401, 41.609916848317717 ], [ 44.68201407830292, 41.609824985599637 ], [ 44.682184849340977, 41.609729755626148 ], [ 44.682515574319609, 41.609578897008383 ], [ 44.683185904831284, 41.609374479847617 ], [ 44.683791239178461, 41.609195370578298 ], [ 44.684177316839062, 41.609074833736983 ], [ 44.684396662246421, 41.60900968305252 ], [ 44.6847828057032, 41.60886284313392 ], [ 44.684918776912433, 41.608827006654735 ], [ 44.685116042501484, 41.608797958254733 ], [ 44.685340081700303, 41.608803795885493 ], [ 44.685623894808131, 41.608845375253793 ], [ 44.685923747915162, 41.608895689755229 ], [ 44.686275965776154, 41.608975374963762 ], [ 44.686586491162934, 41.609064988541768 ], [ 44.687089549811084, 41.609210970530214 ], [ 44.687325839836966, 41.609277366465939 ], [ 44.687466545509949, 41.609304860934849 ], [ 44.687618944648008, 41.609334053349784 ], [ 44.687754740702907, 41.60933442225376 ], [ 44.688094712110932, 41.609266574638468 ], [ 44.688573748280326, 41.609267873291643 ], [ 44.688736153823278, 41.609287768811001 ], [ 44.688892738494317, 41.609332688549976 ], [ 44.689007259242096, 41.60937731414996 ], [ 44.689126272392464, 41.609461178428333 ], [ 44.689159817082583, 41.609548639613415 ], [ 44.689172485256776, 41.609647303428339 ], [ 44.689167190455827, 41.60981275258672 ], [ 44.689177389819307, 41.609900691075524 ], [ 44.689230309885495, 41.60996474068947 ], [ 44.689336687037255, 41.609980971057219 ], [ 44.689634898348118, 41.609949845758273 ], [ 44.690038780734881, 41.609856764433097 ], [ 44.690341259085685, 41.609811552433946 ], [ 44.69054284300487, 41.609795656967037 ], [ 44.690753002312682, 41.609806085430641 ], [ 44.691051171353152, 41.609833818825059 ], [ 44.691255317775834, 41.609834232146447 ], [ 44.692377463287016, 41.609028027431322 ], [ 44.692655710457508, 41.608561924943707 ], [ 44.692797262434098, 41.608246733632413 ], [ 44.693702806444975, 41.607578513578495 ], [ 44.693981445995206, 41.607000628571001 ], [ 44.695693518665657, 41.605266139022959 ], [ 44.695719629741831, 41.605098132407242 ], [ 44.696196850311793, 41.602026111813487 ], [ 44.696246160198349, 41.601708600413545 ], [ 44.695959224191697, 41.601340480059761 ], [ 44.695890165107564, 41.601237929673388 ], [ 44.69568935439424, 41.601018566453618 ], [ 44.695634922262258, 41.600906191651958 ], [ 44.695455439883709, 41.60069395518974 ], [ 44.695382907122386, 41.600615895090385 ], [ 44.6953411841491, 41.600544266725201 ], [ 44.695489685530553, 41.600326864090754 ], [ 44.695809205582357, 41.599938775519469 ], [ 44.695868368425899, 41.599848543965734 ], [ 44.696112316513585, 41.599658459830451 ], [ 44.696323134559698, 41.599470359341169 ], [ 44.69643690648634, 41.599352078921392 ], [ 44.696468425940388, 41.599283751826697 ], [ 44.696586264824127, 41.599129678041237 ], [ 44.696738131032902, 41.598973712289038 ], [ 44.696879290504555, 41.598849018414292 ], [ 44.696961347373616, 41.598802126636478 ], [ 44.697217092183251, 41.598615403905683 ], [ 44.697293002073707, 41.598574215325513 ], [ 44.697360595896228, 41.598553631485323 ], [ 44.697477579410325, 41.59850489470351 ], [ 44.697608935009725, 41.598474840682854 ], [ 44.697850510561224, 41.598340997058841 ], [ 44.697876128920676, 41.598328274038877 ], [ 44.697871996002448, 41.598301061178461 ], [ 44.698019646296771, 41.598198946191893 ], [ 44.698047528992433, 41.598163800941499 ], [ 44.698146027080739, 41.598090379999938 ], [ 44.698265868020705, 41.597994631884731 ], [ 44.698385895460476, 41.597871637093796 ], [ 44.69845017964014, 41.597801368747739 ], [ 44.698562632433195, 41.597694341832302 ], [ 44.698591952223502, 41.597659695615008 ], [ 44.698530758318313, 41.597671920189349 ], [ 44.698607423128273, 41.597364882666447 ], [ 44.698662399436266, 41.597167271800643 ], [ 44.69873889873557, 41.59707618343041 ], [ 44.698796353862591, 41.597042106278394 ], [ 44.69900501322094, 41.596966451096101 ], [ 44.699200562497602, 41.596910262010702 ], [ 44.699264844796801, 41.596930471389264 ], [ 44.699556708578335, 41.596649891848919 ], [ 44.699612841473979, 41.596603200627982 ], [ 44.699631430370204, 41.596553574003458 ], [ 44.699754042235995, 41.596441393246828 ], [ 44.699986513006543, 41.596224068777119 ], [ 44.700056282486507, 41.596160479217367 ], [ 44.700293156677397, 41.595950551580053 ], [ 44.700478742001046, 41.595881498946746 ], [ 44.700665091261833, 41.595776869210681 ], [ 44.700941752729577, 41.595498948695379 ], [ 44.701061335422153, 41.595535243807817 ], [ 44.70113319025441, 41.595526423327229 ], [ 44.701319807179942, 41.595311228737856 ], [ 44.701554405863334, 41.595046708376344 ], [ 44.701734937903474, 41.59484946684222 ], [ 44.701846384480461, 41.594763240883317 ], [ 44.701897140051123, 41.594724055672053 ], [ 44.702578413778255, 41.594153857098249 ], [ 44.703008908985225, 41.593778780395574 ], [ 44.703195349997422, 41.593599521331406 ], [ 44.703345508316431, 41.593469573347718 ], [ 44.703453686658378, 41.593375501029122 ], [ 44.7040002652639, 41.592972482044459 ], [ 44.704150644605093, 41.592806594459326 ], [ 44.704295348905177, 41.592595790714682 ], [ 44.704359505998951, 41.592485075912954 ], [ 44.704536396037682, 41.592227922005272 ], [ 44.704592904622594, 41.59216298950485 ], [ 44.705218419764101, 41.591666581618718 ], [ 44.706115866504419, 41.591011076243603 ], [ 44.706992914448627, 41.590391811202579 ], [ 44.707405021253663, 41.590118768622794 ], [ 44.708021602596283, 41.589652091668171 ], [ 44.70834958823928, 41.589420580837213 ], [ 44.708812114761969, 41.589165180244663 ], [ 44.709322409398816, 41.588824959710202 ], [ 44.709478341081571, 41.588753475570684 ], [ 44.70955578857555, 41.58873966488926 ], [ 44.709664771027242, 41.588730122187449 ], [ 44.709795546648188, 41.58864974693391 ], [ 44.710607532231471, 41.587875544326607 ], [ 44.711124146474859, 41.587458949683047 ], [ 44.711394328513229, 41.587270880163906 ], [ 44.711504496376129, 41.587210042096885 ], [ 44.711669530627923, 41.587086695732438 ], [ 44.711706918154327, 41.587056254726178 ], [ 44.712049002650964, 41.586777885552308 ], [ 44.712108238675057, 41.586730880654031 ], [ 44.712598562450381, 41.586340785006058 ], [ 44.714631828596325, 41.584701385617542 ], [ 44.715448171921288, 41.584098793302402 ], [ 44.715928425503641, 41.583766350140529 ], [ 44.71618800663601, 41.583622649059315 ], [ 44.716362398519124, 41.583563676194792 ], [ 44.71660008730565, 41.58346031795277 ], [ 44.716833904395138, 41.583336818344087 ], [ 44.716980256247389, 41.583242646968515 ], [ 44.717121042553835, 41.583117926930022 ], [ 44.717203289520754, 41.583033280389486 ], [ 44.717280612628535, 41.582881021814856 ], [ 44.717375270037223, 41.582618826526563 ], [ 44.717477143549402, 41.582421096193407 ], [ 44.717799353674373, 41.581874242913329 ], [ 44.718003016922289, 41.581482969538492 ], [ 44.718132989631904, 41.581264230382665 ], [ 44.718471909888109, 41.580734259741007 ], [ 44.718978666283128, 41.579951772969352 ], [ 44.72000246706952, 41.578412623400887 ], [ 44.721137138544968, 41.576785056150015 ], [ 44.721916003429975, 41.575695885644059 ], [ 44.72259919335005, 41.574673853639055 ], [ 44.723615640067855, 41.573117628780558 ], [ 44.724061230655202, 41.57255839821152 ], [ 44.72429681000613, 41.572261721506393 ], [ 44.724551923574779, 41.571940320945615 ], [ 44.724890617150464, 41.571439828916404 ], [ 44.725127390786653, 41.571170805806638 ], [ 44.725594889779735, 41.570700118481959 ], [ 44.726155798199812, 41.5704755068206 ], [ 44.726243810263078, 41.570382400446974 ], [ 44.72635429681258, 41.570292770278947 ], [ 44.726431031604008, 41.570257013620747 ], [ 44.726512503406319, 41.57023563487175 ], [ 44.726608519738278, 41.570178351395256 ], [ 44.726709394896297, 41.570092300961861 ], [ 44.72686781276974, 41.569984814580678 ], [ 44.726973333438409, 41.569934759238443 ], [ 44.727098014950649, 41.569877543411266 ], [ 44.727265769924912, 41.569831193386058 ], [ 44.727438352414467, 41.569777693729932 ], [ 44.727570700375907, 41.569722657320554 ], [ 44.727643493183841, 41.569711300379652 ], [ 44.727739338697994, 41.569694278323695 ], [ 44.727892757068531, 41.569634247325489 ], [ 44.728046247494746, 41.569556967250257 ], [ 44.728161331813908, 41.569514094261585 ], [ 44.72831853936021, 41.569465556000281 ], [ 44.72846437644143, 41.569396904320136 ], [ 44.728537277307304, 41.56934528428927 ], [ 44.728598855555376, 41.569290800176972 ], [ 44.728652830025929, 41.569204637311181 ], [ 44.728687818505136, 41.569055198140894 ], [ 44.728718896198068, 41.568966098864756 ], [ 44.72879577842324, 41.568894401704647 ], [ 44.728903317012218, 41.568834261125232 ], [ 44.729125685737571, 41.568748494928968 ], [ 44.729309793042283, 41.568691416666425 ], [ 44.729513102331744, 41.568631500933506 ], [ 44.729635800109506, 41.568574277671836 ], [ 44.729739511445182, 41.568496833224891 ], [ 44.729839564160606, 41.568390646689835 ], [ 44.729905002190961, 41.568301672844342 ], [ 44.729951346000796, 41.56821837377516 ], [ 44.729978463548477, 41.568143676579496 ], [ 44.73002072953917, 41.568103513038913 ], [ 44.730105105970203, 41.568074932685633 ], [ 44.730189446350927, 41.568054999227414 ], [ 44.730308268684851, 41.568020779889061 ], [ 44.730526783133215, 41.567966662711626 ], [ 44.730779874921417, 41.567889612339485 ], [ 44.730975432403028, 41.567832558207357 ], [ 44.731098115829518, 41.567792582389686 ], [ 44.73119389783141, 41.567775512260781 ], [ 44.731304792888466, 41.567801667543847 ], [ 44.7314195150459, 41.567859447407287 ], [ 44.73149579758612, 41.56793154913715 ], [ 44.731556859771047, 41.567986321199086 ], [ 44.731602688888358, 41.568012324272246 ], [ 44.731641045428582, 41.568018133456036 ], [ 44.731732869830537, 41.568015510415627 ], [ 44.731832549986912, 41.567998448850133 ], [ 44.731947402474134, 41.567995879342412 ], [ 44.732096726060512, 41.568010594050477 ], [ 44.73227669326284, 41.56801101321777 ], [ 44.73244912745136, 41.567991283180717 ], [ 44.732633027507028, 41.567968697199156 ], [ 44.732728726217829, 41.56797180203008 ], [ 44.732851243762234, 41.567986453446856 ], [ 44.732950721369491, 41.568003933572804 ], [ 44.733034989786042, 41.568001246906867 ], [ 44.733153905899819, 41.567958422838743 ], [ 44.733265156988487, 41.567898286782047 ], [ 44.733349815615497, 41.567800663471381 ], [ 44.733415284512354, 41.567717452382126 ], [ 44.733488180486113, 41.567680195883099 ], [ 44.733591732060312, 41.567640173056972 ], [ 44.733706868326813, 41.567582927918082 ], [ 44.733753087606871, 41.567514038752449 ], [ 44.733799461407898, 41.56742209114374 ], [ 44.733887931917003, 41.567315874246191 ], [ 44.733918895192851, 41.567252714397569 ], [ 44.733945924332772, 41.567183735704766 ], [ 44.734007660269583, 41.56707457450031 ], [ 44.734107726194054, 41.566948297887571 ], [ 44.734184647332434, 41.566865067791795 ], [ 44.734257625311017, 41.566822091328831 ], [ 44.734345846858901, 41.566776267690003 ], [ 44.734430443374691, 41.566693055159462 ], [ 44.734538077942929, 41.566592646702929 ], [ 44.734653493809894, 41.566466405040394 ], [ 44.734707209632006, 41.566426266184628 ], [ 44.734783989518881, 41.566391900163396 ], [ 44.734937287749965, 41.566357755542448 ], [ 44.735037011263103, 41.566329251972164 ], [ 44.735152131043534, 41.566260475939558 ], [ 44.735240563765046, 41.56617727164037 ], [ 44.735310007480514, 41.566059525454335 ], [ 44.735337235387213, 41.565956048768498 ], [ 44.735391186362861, 41.565872764976461 ], [ 44.735460417037764, 41.565792398660427 ], [ 44.735533473673193, 41.565714923449853 ], [ 44.735579796648047, 41.565634504369498 ], [ 44.735607023942663, 41.565531027610312 ], [ 44.735645821907916, 41.565398844030632 ], [ 44.735707916654327, 41.565200510034728 ], [ 44.735754448442783, 41.565053977478463 ], [ 44.73577031541214, 41.564927460807283 ], [ 44.735808819886898, 41.564867155062814 ], [ 44.735854906226876, 41.564829880477689 ], [ 44.735966185941017, 41.564775506533728 ], [ 44.736065895023842, 41.564749839340649 ], [ 44.736188464166105, 41.564735753907371 ], [ 44.736253704345721, 41.564707125114978 ], [ 44.736272061499598, 41.564646322631383 ], [ 44.736291818527263, 41.56458043420691 ], [ 44.736321240642752, 41.564541454855686 ], [ 44.736379856682049, 41.564519611342966 ], [ 44.736464686345982, 41.564451440074187 ], [ 44.736484314116183, 41.564417302196617 ], [ 44.736500743419811, 41.564373384020499 ], [ 44.736510845337101, 41.564292791462385 ], [ 44.736520907344719, 41.564222016813297 ], [ 44.736560231994375, 41.564136672278053 ], [ 44.736616045819993, 41.564007364632985 ], [ 44.73665209258774, 41.563931740484314 ], [ 44.736701062329622, 41.563878168867397 ], [ 44.736766372508988, 41.563817248617056 ], [ 44.736851041845092, 41.56377348658517 ], [ 44.736938939738742, 41.563746845827552 ], [ 44.737030046096891, 41.563727508287776 ], [ 44.737150365737463, 41.56372048744467 ], [ 44.737276341776848, 41.563708615434649 ], [ 44.737330006997581, 41.563680004614838 ], [ 44.737345497764558, 41.563645541877783 ], [ 44.737330344781562, 41.563596597392809 ], [ 44.737288552149408, 41.563521740970337 ], [ 44.737247074331158, 41.563369196917037 ], [ 44.737251261454844, 41.563282961173641 ], [ 44.737293741219695, 41.563188120834837 ], [ 44.737343768112602, 41.563124958530963 ], [ 44.737428309333531, 41.563053273010013 ], [ 44.737447730781057, 41.562995805467715 ], [ 44.737436450414357, 41.562938267820272 ], [ 44.737421392130415, 41.562880766580854 ], [ 44.73743310002984, 41.562803059937323 ], [ 44.737460185152401, 41.562748492239898 ], [ 44.737521561733423, 41.562725618595387 ], [ 44.73758666937124, 41.562714282833355 ], [ 44.737644056970879, 41.562728780498347 ], [ 44.737720491782923, 41.562763452996251 ], [ 44.737770382041425, 41.562763566782877 ], [ 44.737812475056415, 41.562749296055308 ], [ 44.737831708319057, 41.562723443793992 ], [ 44.737835755183397, 41.562671705828016 ], [ 44.737824708884418, 41.562571023569184 ], [ 44.737767809715862, 41.562435738617395 ], [ 44.737703225625175, 41.562317685169972 ], [ 44.737649802262197, 41.562257169046077 ], [ 44.737584892966993, 41.56221959541471 ], [ 44.737569681822549, 41.562185062568531 ], [ 44.737588973134955, 41.562144843762326 ], [ 44.737619754124069, 41.562110415871473 ], [ 44.737692631404713, 41.562090450725172 ], [ 44.737753867803747, 41.562102074765946 ], [ 44.737834172666446, 41.562113742250993 ], [ 44.737926108410406, 41.562111114510387 ], [ 44.738010427010366, 41.562094057589114 ], [ 44.738056463733074, 41.562068266353705 ], [ 44.73809501270042, 41.562010842263085 ], [ 44.73813382672968, 41.561872893093764 ], [ 44.738172642564159, 41.561749310628571 ], [ 44.738168990705496, 41.561703274776121 ], [ 44.738138546923182, 41.561654295562157 ], [ 44.738088928377685, 41.561616802069032 ], [ 44.738023972718992, 41.561590803015605 ], [ 44.737943572013613, 41.561573325705815 ], [ 44.737913046939497, 41.561544522701119 ], [ 44.737917000857088, 41.561515753242361 ], [ 44.737966944340371, 41.561472766913127 ], [ 44.738051389956503, 41.561424049426812 ], [ 44.738204734698037, 41.561389900517547 ], [ 44.738346587816288, 41.561335548798922 ], [ 44.738418509929915, 41.561254781426712 ], [ 44.738500232984762, 41.561152418665486 ], [ 44.738577281314427, 41.561108908228022 ], [ 44.738638538100439, 41.561100400425381 ], [ 44.738699727112433, 41.561123598296852 ], [ 44.738757083086014, 41.561145661509045 ], [ 44.738802987359477, 41.561152521301047 ], [ 44.738829883377598, 41.561129568621901 ], [ 44.738837755347916, 41.561080721644615 ], [ 44.738811218414199, 41.561014502407133 ], [ 44.738734842936985, 41.560965464040919 ], [ 44.738624662460865, 41.560942695277554 ], [ 44.738582427257839, 41.560918189355419 ], [ 44.738563106785811, 41.560876621559515 ], [ 44.738566590710967, 41.560815604703166 ], [ 44.738514700882966, 41.560776394828608 ], [ 44.738508352936073, 41.560744629493641 ], [ 44.738552158881987, 41.560691810937676 ], [ 44.738625148169135, 41.560628700254227 ], [ 44.738705708165952, 41.560591502851828 ], [ 44.738744174595212, 41.560554209762451 ], [ 44.738767406557827, 41.560488103574706 ], [ 44.738798255589082, 41.560436426440994 ], [ 44.738844267611746, 41.560416399528357 ], [ 44.738890279606046, 41.560396372597133 ], [ 44.738913418734398, 41.560353279941367 ], [ 44.738913627011655, 41.56030153319967 ], [ 44.73894434878337, 41.560281426491308 ], [ 44.738990339610069, 41.560281530894571 ], [ 44.739055294169347, 41.560307574441701 ], [ 44.73910880762886, 41.560330709643004 ], [ 44.739154761709997, 41.560325049194383 ], [ 44.7391779490098, 41.5602848389454 ], [ 44.739151351906813, 41.560218664677478 ], [ 44.739113466436962, 41.560126523628689 ], [ 44.739113686145146, 41.560071894558924 ], [ 44.739079451050621, 41.560011422608909 ], [ 44.739045264386199, 41.559953833109589 ], [ 44.739039904278251, 41.559900047073484 ], [ 44.739079592703781, 41.559856946900311 ], [ 44.739122731869436, 41.559835472179216 ], [ 44.739187495572203, 41.559819405864594 ], [ 44.739288181215073, 41.559787252773319 ], [ 44.739338478063161, 41.559790069004748 ], [ 44.739392247509379, 41.559809106312542 ], [ 44.739442262720921, 41.559882044071145 ], [ 44.739474473677255, 41.559909094064821 ], [ 44.739535628640176, 41.559895766619405 ], [ 44.739557263168713, 41.559868838612971 ], [ 44.739584599759887, 41.559810622978588 ], [ 44.739603145285813, 41.559746577689474 ], [ 44.739592222606404, 41.559644409615039 ], [ 44.739588235331503, 41.559607020085963 ], [ 44.739591316263876, 41.559571448033601 ], [ 44.739634135174889, 41.559510159909863 ], [ 44.739634308345451, 41.559467015098178 ], [ 44.739604451994836, 41.559421055045398 ], [ 44.739583187963269, 41.559385608006387 ], [ 44.739584428353403, 41.559345483072946 ], [ 44.739620664963432, 41.559280802288342 ], [ 44.739649619422892, 41.55923772264358 ], [ 44.73964264082786, 41.559183707780335 ], [ 44.739603213154631, 41.559162045898113 ], [ 44.73953502083171, 41.559151127669878 ], [ 44.739467279098143, 41.559147461338839 ], [ 44.739438195713554, 41.559118121552629 ], [ 44.739431807048675, 41.559081492197969 ], [ 44.739484147338899, 41.55900833599793 ], [ 44.739647111393957, 41.558891519463785 ], [ 44.739730325945175, 41.558819694078331 ], [ 44.739764605233873, 41.558779463768715 ], [ 44.739820314220438, 41.558763241491228 ], [ 44.739914246064188, 41.558770029354321 ], [ 44.739982481195192, 41.558770183671015 ], [ 44.740061013436879, 41.558759417293963 ], [ 44.740121993329389, 41.558759555126706 ], [ 44.74018675073782, 41.558759701462357 ], [ 44.740206852316199, 41.558756053865757 ], [ 44.740227863314281, 41.558734934059849 ], [ 44.740230104224672, 41.558699405123782 ], [ 44.740190730578718, 41.558664277573911 ], [ 44.74009465689619, 41.558608440070323 ], [ 44.739996265748047, 41.558577322424227 ], [ 44.739941197653373, 41.558523469046868 ], [ 44.739944640967458, 41.558472225006931 ], [ 44.739990317261949, 41.558430804409568 ], [ 44.740040794011279, 41.55841839831718 ], [ 44.740100913389995, 41.558423713442444 ], [ 44.740143047113207, 41.558443354617886 ], [ 44.740178853135468, 41.558441003543628 ], [ 44.740305687390745, 41.558421744108195 ], [ 44.740416214989509, 41.55843176665023 ], [ 44.740468201939215, 41.558446520943157 ], [ 44.740507205482778, 41.558439267977107 ], [ 44.740555717971908, 41.55833327084634 ], [ 44.74055885871762, 41.558222622620477 ], [ 44.740547449153119, 41.558121939723407 ], [ 44.740515370757315, 41.558016886655032 ], [ 44.740463913101074, 41.557884902891779 ], [ 44.74042512347517, 41.557823790524779 ], [ 44.740412297838489, 41.557777373708035 ], [ 44.740415780023433, 41.55771631172086 ], [ 44.740386822522815, 41.557640584586892 ], [ 44.740354695953876, 41.55754769128238 ], [ 44.740354949925873, 41.55748423505684 ], [ 44.740377938394801, 41.557418353140655 ], [ 44.740355536275445, 41.557337731788181 ], [ 44.740332902735219, 41.557240040973703 ], [ 44.740264874405007, 41.557188635494136 ], [ 44.740229457056458, 41.557168964495801 ], [ 44.740177432223838, 41.557163937948111 ], [ 44.740092851895142, 41.557188201768369 ], [ 44.739998477553662, 41.557202625366685 ], [ 44.739952324192942, 41.557198737912117 ], [ 44.739912940951825, 41.557166267406096 ], [ 44.739898669581606, 41.557136600933902 ], [ 44.739913189755356, 41.55710420730562 ], [ 44.739981736673293, 41.557026133463765 ], [ 44.740079150302527, 41.556926507185182 ], [ 44.740179993160311, 41.556853865594704 ], [ 44.740242167281473, 41.55683981947903 ], [ 44.740273165237802, 41.556810120194434 ], [ 44.740280921793683, 41.556759741569749 ], [ 44.740274002887496, 41.556705726856158 ], [ 44.74021694199876, 41.556655742255224 ], [ 44.740211579819366, 41.556617268739522 ], [ 44.740204296364908, 41.556564469189624 ], [ 44.740209693954839, 41.556414418863412 ], [ 44.740197103383771, 41.556309409702067 ], [ 44.740160191326538, 41.556243887868021 ], [ 44.740082273974394, 41.556146837674355 ], [ 44.740053775204437, 41.556076605959831 ], [ 44.740075597926982, 41.556017296821622 ], [ 44.740118783338879, 41.55599852402171 ], [ 44.740158274023209, 41.556004017678248 ], [ 44.740230804739568, 41.556023772549445 ], [ 44.740286016174267, 41.556026374284826 ], [ 44.740370165656245, 41.556004496292864 ], [ 44.740422784969297, 41.555965613240147 ], [ 44.740462321496032, 41.555929673062522 ], [ 44.740498142749786, 41.555893184045388 ], [ 44.740532610930657, 41.555805214928462 ], [ 44.740524443426239, 41.555748540233672 ], [ 44.740488923501651, 41.555694731202202 ], [ 44.740472977798703, 41.555618988391458 ], [ 44.740404949838755, 41.55555290099236 ], [ 44.740336892636613, 41.555494154481217 ], [ 44.740239577656368, 41.555449978793511 ], [ 44.740171510972317, 41.555393664148284 ], [ 44.740136050340254, 41.555325173148503 ], [ 44.740139599494988, 41.555232450438211 ], [ 44.740122230785801, 41.555137878982627 ], [ 44.740072321698847, 41.555054132873515 ], [ 44.74003327629265, 41.555012475657385 ], [ 44.739978162263697, 41.554970827130482 ], [ 44.739896741811442, 41.554940423308452 ], [ 44.739738824970807, 41.554907684551978 ], [ 44.739588368747249, 41.554883474426418 ], [ 44.739542868384355, 41.554896567153058 ], [ 44.739512525552371, 41.554912576553086 ], [ 44.739465623907854, 41.554961064985982 ], [ 44.739426025752508, 41.554982502843437 ], [ 44.739382970711581, 41.554968939272506 ], [ 44.739357989646074, 41.554933798998391 ], [ 44.739351076692337, 41.554863616021002 ], [ 44.739390794194897, 41.554812454182148 ], [ 44.739459241824143, 41.554758655221207 ], [ 44.739570760806821, 41.554729228601438 ], [ 44.739646148236474, 41.554723994899241 ], [ 44.739693165085761, 41.554706491959287 ], [ 44.739712848141856, 41.554672353594924 ], [ 44.739703545505776, 41.554555101784999 ], [ 44.739664876214135, 41.554464670452198 ], [ 44.739635734871712, 41.554435330562058 ], [ 44.739593603899763, 41.554415689194975 ], [ 44.739505994232239, 41.554373966844111 ], [ 44.739447682499694, 41.554322582868771 ], [ 44.739418159076557, 41.554254060051576 ], [ 44.739405864330976, 41.554210166357834 ], [ 44.73940618811914, 41.554129551239647 ], [ 44.73941311550567, 41.554031927178748 ], [ 44.739387526144064, 41.553924411404807 ], [ 44.739345561058187, 41.553848654479623 ], [ 44.739342617804681, 41.553775372948103 ], [ 44.739365625505634, 41.553704627261581 ], [ 44.739349495241214, 41.553675271748219 ], [ 44.739287818102369, 41.553640949002165 ], [ 44.739252059984125, 41.55358727414059 ], [ 44.739234257692218, 41.553541341279058 ], [ 44.739249113304233, 41.553425360184598 ], [ 44.739238722383575, 41.553325535084319 ], [ 44.739195852947056, 41.553266079366274 ], [ 44.739091851352285, 41.553230759775843 ], [ 44.739002189903971, 41.553192815469238 ], [ 44.738952153468894, 41.553141450015289 ], [ 44.738923657227097, 41.553071217991246 ], [ 44.738915439174001, 41.552982837135893 ], [ 44.739000315329513, 41.552928490250984 ], [ 44.739067338488461, 41.552885587176732 ], [ 44.73912919640869, 41.55287473854613 ], [ 44.739143639955813, 41.552861260272358 ], [ 44.739140205244269, 41.552820809435111 ], [ 44.73909176602691, 41.552759944897247 ], [ 44.739101072049692, 41.552712001819756 ], [ 44.739111541467132, 41.552658026449279 ], [ 44.739162629462264, 41.552596892295455 ], [ 44.739270498289656, 41.552564800502516 ], [ 44.739339410052843, 41.55258891630934 ], [ 44.7393768680124, 41.552577516827945 ], [ 44.739457149275971, 41.55259220060384 ], [ 44.739568675376773, 41.552560071780682 ], [ 44.739660082108365, 41.552491642675236 ], [ 44.739696759640644, 41.552480466506495 ], [ 44.739720084485555, 41.552420124951894 ], [ 44.739698619856128, 41.552390397112333 ], [ 44.739630575589857, 41.5523443505611 ], [ 44.73956244465213, 41.552319921438659 ], [ 44.739461970839827, 41.552287312376023 ], [ 44.739372392317726, 41.552243919087147 ], [ 44.739281601784548, 41.552248532213333 ], [ 44.73920000625575, 41.552202950085977 ], [ 44.739178807971214, 41.552151785233605 ], [ 44.73918614352548, 41.552116718200843 ], [ 44.739246223911032, 41.552085508837834 ], [ 44.739301303779939, 41.552060323038532 ], [ 44.73938053447764, 41.551993082537813 ], [ 44.739405953677469, 41.551933781635107 ], [ 44.739449288284987, 41.551877223528997 ], [ 44.739463834156844, 41.551823257354783 ], [ 44.73941744973034, 41.551758434360259 ], [ 44.739386387923339, 41.551729900704501 ], [ 44.739306282656052, 41.551701526087008 ], [ 44.7392884756472, 41.551671806459417 ], [ 44.739306553704907, 41.551634061562545 ], [ 44.739364190487692, 41.551599108539975 ], [ 44.739462466359086, 41.551536775117825 ], [ 44.7395837118411, 41.55150250652698 ], [ 44.73963419134919, 41.551443262318514 ], [ 44.739684568471375, 41.551424460911385 ], [ 44.739727604448511, 41.551427260535455 ], [ 44.739756457948033, 41.5514084554151 ], [ 44.739749425883396, 41.551367951407414 ], [ 44.73971879905784, 41.551275826846329 ], [ 44.739748357320657, 41.551245719082885 ], [ 44.739786222924494, 41.551207208226636 ], [ 44.739845158534024, 41.5511472174313 ], [ 44.73988826146001, 41.551103359008593 ], [ 44.739980499264028, 41.551066322168474 ], [ 44.740063223189061, 41.551039532142113 ], [ 44.740120814705122, 41.550985708208721 ], [ 44.740189631032379, 41.550853635623298 ], [ 44.740268299943047, 41.550716451050725 ], [ 44.740283999154919, 41.550613757530407 ], [ 44.740287985141464, 41.55051662211762 ], [ 44.74031698322365, 41.550446565280716 ], [ 44.740353132511764, 41.550387288382545 ], [ 44.740367758688208, 41.550327962879123 ], [ 44.74040744016618, 41.550284907192705 ], [ 44.74045060022263, 41.550271493571294 ], [ 44.740508153613682, 41.55024194419611 ], [ 44.740569256212218, 41.550239379854546 ], [ 44.740619388735951, 41.550266470001048 ], [ 44.740666027286949, 41.550282743409184 ], [ 44.74082759509934, 41.550299320922335 ], [ 44.740978447001815, 41.550296958607014 ], [ 44.741053942859971, 41.55027825820958 ], [ 44.741079203041124, 41.550243231406021 ], [ 44.741050636484722, 41.550205381188782 ], [ 44.740968107829609, 41.550183622677615 ], [ 44.740914318113717, 41.550156524442869 ], [ 44.740907812730391, 41.550104086925828 ], [ 44.740918345920399, 41.550048670330554 ], [ 44.741012172189293, 41.54994358559501 ], [ 44.741098680548504, 41.549884421864867 ], [ 44.741199713156242, 41.549836324779584 ], [ 44.741296318791591, 41.54983091255459 ], [ 44.741418312629847, 41.549863568420214 ], [ 44.741475834588456, 41.54987180438237 ], [ 44.74151173991725, 41.549858374051269 ], [ 44.741533381022492, 41.549828743428705 ], [ 44.741508492819669, 41.549785542208078 ], [ 44.74145121820132, 41.549715246074285 ], [ 44.741450869657058, 41.549607111873662 ], [ 44.741448487249642, 41.549512889477377 ], [ 44.741481037863274, 41.549453604122675 ], [ 44.741556650797101, 41.549405224385971 ], [ 44.741603250355773, 41.549416137946146 ], [ 44.741646226879517, 41.549448615987743 ], [ 44.741703355983105, 41.54946509269314 ], [ 44.741743418696103, 41.54944640231804 ], [ 44.741800942331913, 41.549378796104854 ], [ 44.741833653452225, 41.549279067937505 ], [ 44.741930998823968, 41.549192950842105 ], [ 44.741999309841418, 41.549171486448344 ], [ 44.74205676056954, 41.549182424170475 ], [ 44.742088902892959, 41.549225686583974 ], [ 44.742092307045723, 41.549274243920081 ], [ 44.74208487691066, 41.549333585794933 ], [ 44.742081799968609, 41.549413879557271 ], [ 44.742044817392589, 41.549487251667756 ], [ 44.742055216362864, 41.54957090838105 ], [ 44.742076486061798, 41.549619550825 ], [ 44.742101601698309, 41.549635775375791 ], [ 44.742137534506583, 41.549630451538825 ], [ 44.742206023595806, 41.549579353191994 ], [ 44.74223849859635, 41.549538937883902 ], [ 44.742292764074357, 41.549431151272437 ], [ 44.742393781090513, 41.54932617158471 ], [ 44.742476758812671, 41.549234617420971 ], [ 44.74249844198031, 41.549194222905207 ], [ 44.742484310562027, 41.549129428299459 ], [ 44.742501422362565, 41.549062586925913 ], [ 44.742557027035431, 41.54897970854659 ], [ 44.742606019508514, 41.548916316286942 ], [ 44.742664920725446, 41.548878932432117 ], [ 44.74270102431457, 41.548830418478403 ], [ 44.74268324211728, 41.548779126773972 ], [ 44.742635972952939, 41.548740604573347 ], [ 44.742550706800266, 41.54871406716223 ], [ 44.742489539243714, 41.548703166399783 ], [ 44.742450867018796, 41.548688893190175 ], [ 44.742439552889373, 41.548654459708928 ], [ 44.742443481891335, 41.548570835108784 ], [ 44.742487394226266, 41.548503423238401 ], [ 44.742536337983417, 41.548452235876226 ], [ 44.742544103281539, 41.54841406202582 ], [ 44.742473172713943, 41.54832540581733 ], [ 44.742405280526157, 41.548241620348463 ], [ 44.742333684355117, 41.548184803604371 ], [ 44.742323021785829, 41.548152398226335 ], [ 44.742323225288061, 41.548101146761326 ], [ 44.742388045072182, 41.548052697242618 ], [ 44.742474254150743, 41.548052890338255 ], [ 44.742563946723259, 41.548066602219251 ], [ 44.742598015834531, 41.548107707043975 ], [ 44.742639054459652, 41.548144999325459 ], [ 44.74266058315856, 41.548158558556885 ], [ 44.742703762764364, 41.548139739706897 ], [ 44.742721912655242, 41.54808312397364 ], [ 44.74270791619449, 41.547999414212583 ], [ 44.742714853226133, 41.54791304907647 ], [ 44.742647553752015, 41.547815889129346 ], [ 44.742640627242366, 41.547748408441045 ], [ 44.742676772896118, 41.54768913077416 ], [ 44.742748813677458, 41.547648848874786 ], [ 44.742838694195271, 41.547630134436737 ], [ 44.742887452696316, 41.547625469560046 ], [ 44.742982392687423, 41.547600776421859 ], [ 44.743040045126811, 41.547560462179611 ], [ 44.74310830057685, 41.54755250804817 ], [ 44.743154895031573, 41.547579589197362 ], [ 44.743165504631229, 41.547625460399075 ], [ 44.743140175954395, 41.547663189735729 ], [ 44.743154414484813, 41.547701007449078 ], [ 44.743204648858686, 41.547717287865559 ], [ 44.743251300940599, 41.547714689825476 ], [ 44.743287317926978, 41.54768779316769 ], [ 44.743355974680462, 41.54759354919657 ], [ 44.743359859864356, 41.54752068825649 ], [ 44.743331265098746, 41.547474776929946 ], [ 44.743295419090927, 41.54745848365188 ], [ 44.743220023204465, 41.54745291089737 ], [ 44.743180547971164, 41.547444761147979 ], [ 44.743123226760027, 41.54740144278373 ], [ 44.743109080173767, 41.547355563674955 ], [ 44.74312005283447, 41.54730969564276 ], [ 44.74317764497922, 41.547269381194567 ], [ 44.743213779182241, 41.547212805538585 ], [ 44.743224837098616, 41.547145365036585 ], [ 44.743271751464299, 41.547091515642826 ], [ 44.743358087325682, 41.547059326865785 ], [ 44.743429907146982, 41.547059487129602 ], [ 44.743483742038457, 41.547059607231162 ], [ 44.743537743486925, 41.54703275060794 ], [ 44.743577506255704, 41.546968076295045 ], [ 44.743559670480217, 41.546930295644152 ], [ 44.7435059529951, 41.546900496557583 ], [ 44.743430589786549, 41.546886817381306 ], [ 44.743348043166804, 41.546870464949407 ], [ 44.743308675150644, 41.546835293373924 ], [ 44.743316050431368, 41.5467894623254 ], [ 44.743355685217082, 41.546757169295105 ], [ 44.743380985517817, 41.546711333208592 ], [ 44.743388392786649, 41.546657395592874 ], [ 44.743406466873175, 41.546619695044093 ], [ 44.743471286951198, 41.54660092418569 ], [ 44.743568303715577, 41.546566056862972 ], [ 44.743640304094924, 41.546520369883922 ], [ 44.743665706387034, 41.546463815189519 ], [ 44.743637293326287, 41.546371966747152 ], [ 44.743637538474147, 41.546309906511574 ], [ 44.743673724923305, 41.54623986479853 ], [ 44.74375659696738, 41.546188797554152 ], [ 44.743839338495462, 41.546140387133178 ], [ 44.743882778443272, 41.54607036150967 ], [ 44.743864946771986, 41.546016367641734 ], [ 44.743789804119487, 41.545962246094909 ], [ 44.74372176755076, 41.545900033701464 ], [ 44.743718437036371, 41.545832561069027 ], [ 44.743729440658178, 41.545778676474612 ], [ 44.743769096133619, 41.545740933882058 ], [ 44.74384462855101, 41.545711422869594 ], [ 44.743963125463821, 41.545717091187939 ], [ 44.744049331450526, 41.545717283094028 ], [ 44.744099600105592, 41.545709333371541 ], [ 44.744124831753226, 41.545695878460137 ], [ 44.744139425415398, 41.545628445718954 ], [ 44.7441037821213, 41.545560946231426 ], [ 44.744093232314093, 41.545515030195773 ], [ 44.744118467683784, 41.545485407061207 ], [ 44.744193967693789, 41.545464002380228 ], [ 44.744237219247502, 41.545426357697032 ], [ 44.744273404730436, 41.54535627074479 ], [ 44.744309600780575, 41.545283481592122 ], [ 44.744424988837892, 41.5451650209327 ], [ 44.744493549570969, 41.54507883762323 ], [ 44.74457277312154, 41.545025104497526 ], [ 44.744594453744149, 41.544984664512732 ], [ 44.744573091805492, 41.544944128925565 ], [ 44.744533660469223, 41.544925170888241 ], [ 44.744465556723945, 41.544895340279737 ], [ 44.744408289924735, 41.544838556636243 ], [ 44.744340441434659, 41.544743963509305 ], [ 44.744279627324175, 41.544689874125808 ], [ 44.744207884490699, 41.54467084411894 ], [ 44.744150426732439, 41.54466260966143 ], [ 44.744118221355947, 41.544635560921691 ], [ 44.744082557491851, 41.544573420757558 ], [ 44.74399668290306, 41.544489596154165 ], [ 44.743921560428952, 41.544400391005404 ], [ 44.743850176218196, 41.544305789709128 ], [ 44.743828814788628, 41.544265299017319 ], [ 44.743771538433542, 41.544211217242029 ], [ 44.743671284195742, 41.54414082637377 ], [ 44.743585197557131, 41.5441109551547 ], [ 44.743459573872144, 41.544089102312292 ], [ 44.74339139707098, 41.544078096312703 ], [ 44.743351998484002, 41.544051076341255 ], [ 44.74334848679046, 41.544029540879933 ], [ 44.743359373229723, 41.544005290303168 ], [ 44.74341343645478, 41.543962175550107 ], [ 44.743470982894664, 41.543932624639709 ], [ 44.74355366425376, 41.543913938604362 ], [ 44.743614871264043, 41.543868227548032 ], [ 44.743618617330334, 41.543830449964652 ], [ 44.743586583213215, 41.543760211093961 ], [ 44.743550834922175, 41.543719688266691 ], [ 44.743540268383001, 41.543663008316052 ], [ 44.743497422692919, 41.543598149731309 ], [ 44.743408002620399, 41.543517018979365 ], [ 44.743303890242125, 41.543497916174353 ], [ 44.743228337561767, 41.543472526849634 ], [ 44.743174966049153, 41.543416652014464 ], [ 44.743150019242677, 41.543373450970812 ], [ 44.743160909855121, 41.543332987144247 ], [ 44.743182778677664, 41.543260211357342 ], [ 44.743165040373391, 41.54319811092607 ], [ 44.743122237962538, 41.543122488479739 ], [ 44.743108149991919, 41.543046885128994 ], [ 44.743126400627816, 41.542979505691754 ], [ 44.743176876905494, 41.542933725853509 ], [ 44.743223809628908, 41.542874472053477 ], [ 44.743216786808922, 41.542831311041624 ], [ 44.743191508216363, 41.542796260937052 ], [ 44.743164560257291, 41.542758910217472 ], [ 44.743115335393533, 41.542639992976383 ], [ 44.743111222811898, 41.542527977065689 ], [ 44.743098724525247, 41.542429408447191 ], [ 44.743084745617246, 41.542371730007666 ], [ 44.743030883582335, 41.542303739078029 ], [ 44.742967843941024, 41.542222126470669 ], [ 44.742941057940271, 41.542143972639835 ], [ 44.742959604942541, 41.542032007364391 ], [ 44.742950929548577, 41.541936960143524 ], [ 44.742942240802662, 41.54184529065715 ], [ 44.742978764061732, 41.541750299424379 ], [ 44.743078636262553, 41.54162833752072 ], [ 44.743086898984451, 41.541570213356998 ], [ 44.743067640992308, 41.541498426566328 ], [ 44.743044469625275, 41.541400644741586 ], [ 44.743021180578012, 41.541302322204864 ], [ 44.743012578681345, 41.541203852337027 ], [ 44.743010918864691, 41.541078015549971 ], [ 44.74299981101133, 41.541006877471652 ], [ 44.742959736399698, 41.540908877696722 ], [ 44.74294627385116, 41.540826880456272 ], [ 44.742928526422872, 41.540752169611601 ], [ 44.742908543252547, 41.540651692660298 ], [ 44.74289787102061, 41.54050088526968 ], [ 44.742891574196719, 41.540380487563205 ], [ 44.74266785108437, 41.540398542352406 ], [ 44.742206654226692, 41.540485736678917 ], [ 44.741786449435828, 41.540575092901399 ], [ 44.740610362345699, 41.540825058056861 ], [ 44.740262977209781, 41.540691865493976 ], [ 44.739818533849849, 41.540471396005799 ], [ 44.739426146416022, 41.540260500507834 ], [ 44.737141054605907, 41.539156669817451 ], [ 44.737071656543854, 41.539123138821196 ], [ 44.737278498022462, 41.539069252006975 ], [ 44.737463824624406, 41.539028961887063 ], [ 44.737631159813795, 41.539005564298883 ], [ 44.737812009363381, 41.538975396706761 ], [ 44.737952157778345, 41.538945181127637 ], [ 44.738074181320435, 41.538935280778972 ], [ 44.73812391449637, 41.538925215702172 ], [ 44.738223550255711, 41.538877928613999 ], [ 44.738382033486587, 41.538790016928338 ], [ 44.738495925373542, 41.53873028681037 ], [ 44.7386535426172, 41.538678627491166 ], [ 44.738803652044609, 41.538615736712288 ], [ 44.738943139689937, 41.538570656241347 ], [ 44.739119000527985, 41.53848372875688 ], [ 44.739296315156835, 41.538377978868226 ], [ 44.739373473978901, 41.538300059756196 ], [ 44.739437903886369, 41.538257240543572 ], [ 44.739554552220916, 41.538212197649898 ], [ 44.739654180089993, 41.538151398222737 ], [ 44.739755855530397, 41.538073219092979 ], [ 44.739912355579072, 41.537985571016904 ], [ 44.739482153322214, 41.537671680740303 ], [ 44.739384917961246, 41.537689114893993 ], [ 44.739298063677296, 41.537688827954106 ], [ 44.739204865895267, 41.537671052238721 ], [ 44.739057251978508, 41.537635678660962 ], [ 44.738953653031309, 41.537625715563998 ], [ 44.73869840544107, 41.537629774672162 ], [ 44.738495131601042, 41.537632735416153 ], [ 44.738214917623559, 41.537659255134173 ], [ 44.738007101965991, 41.537658781870505 ], [ 44.737808346045007, 41.537641349969483 ], [ 44.737690971330728, 41.537613925038947 ], [ 44.737591795012925, 41.537562762023008 ], [ 44.737456597962719, 41.537480981660117 ], [ 44.737287756047841, 41.537403673010054 ], [ 44.737184039907817, 41.537319171949093 ], [ 44.737069092220267, 41.537225502619563 ], [ 44.737030228210728, 41.537201364039397 ], [ 44.736938711806069, 41.53722754636626 ], [ 44.736889126934827, 41.537290034248713 ], [ 44.736765510995973, 41.537442066217153 ], [ 44.736710906710243, 41.537530168536996 ], [ 44.736647333063672, 41.537627617968326 ], [ 44.73661995558809, 41.537682815566491 ], [ 44.736599806821722, 41.537743974587897 ], [ 44.736606288160132, 41.537786414208085 ], [ 44.736718581001604, 41.537869674385753 ], [ 44.736798545752301, 41.537928225274207 ], [ 44.736858426824057, 41.537987585853813 ], [ 44.736866870489528, 41.538063537411965 ], [ 44.736829714943084, 41.538135376339817 ], [ 44.736771322514983, 41.538226262296845 ], [ 44.736689849018219, 41.538273589719473 ], [ 44.736535764075789, 41.538385243609298 ], [ 44.736359190824565, 41.538469688479417 ], [ 44.736196389366398, 41.538513451303274 ], [ 44.736051795731719, 41.53851654232237 ], [ 44.735862171771345, 41.538478771335164 ], [ 44.735776326123251, 41.538495508003543 ], [ 44.735645025937835, 41.538546142993816 ], [ 44.735590589567892, 41.53860713292994 ], [ 44.735516929710343, 41.538707801182554 ], [ 44.73548149068381, 41.538769825567407 ], [ 44.735422664485824, 41.538790046922578 ], [ 44.735341336837926, 41.538786482014203 ], [ 44.735242091349313, 41.538752295737403 ], [ 44.735133753191725, 41.538728266773937 ], [ 44.735011729422901, 41.538738209039153 ], [ 44.734803813406351, 41.538761464203667 ], [ 44.734243956171596, 41.538979411418381 ], [ 44.734115931093385, 41.539034826137687 ], [ 44.73377620977282, 41.539230941518959 ], [ 44.733545695711399, 41.539443432188925 ], [ 44.732923867936918, 41.539962210932202 ], [ 44.732420448504634, 41.54041591330526 ], [ 44.731883279468491, 41.540853591692439 ], [ 44.730840593652921, 41.541766800858412 ], [ 44.730724696637353, 41.541844488375574 ], [ 44.730593361396245, 41.541915429112741 ], [ 44.730394442884332, 41.541948920734818 ], [ 44.730145882709579, 41.541955138293694 ], [ 44.729897467330453, 41.541940953948568 ], [ 44.729825018289127, 41.541978119331922 ], [ 44.729720787538639, 41.54203218888 ], [ 44.729535150360171, 41.542143804177392 ], [ 44.729403883813291, 41.542197809846478 ], [ 44.729289813769952, 41.542224923795324 ], [ 44.729226398489388, 41.54223751992982 ], [ 44.729023493894324, 41.542277710286349 ], [ 44.728933406274514, 41.542332487996241 ], [ 44.728784393180781, 41.542315157746799 ], [ 44.728662461510687, 41.542301223935887 ], [ 44.72857663377571, 41.542297688661556 ], [ 44.728436994718699, 41.542260698971596 ], [ 44.728310210301352, 41.542246122811036 ], [ 44.728224485410365, 41.542232364145725 ], [ 44.728152276712684, 41.542211836800661 ], [ 44.72795340698989, 41.542204565938384 ], [ 44.727732075114503, 41.542207419886786 ], [ 44.727542180656592, 41.542246962878451 ], [ 44.727456176248047, 41.542271259139248 ], [ 44.727352003009074, 41.542325326672184 ], [ 44.727143715956672, 41.542433461594094 ], [ 44.727026068673425, 41.542484119093054 ], [ 44.726894885015888, 41.542517765422559 ], [ 44.726709507791085, 41.542537681686881 ], [ 44.726564962099673, 41.542527159746939 ], [ 44.726420631145913, 41.542465701431055 ], [ 44.726271661358261, 41.542438189695496 ], [ 44.726091040722181, 41.542410557345377 ], [ 44.725883537106505, 41.54237520436493 ], [ 44.725657686993223, 41.542368991138069 ], [ 44.7256039026339, 41.542400388626632 ], [ 44.725535329883058, 41.542399099060717 ], [ 44.72548972319067, 41.542467085955302 ], [ 44.725427645619185, 41.542503327545923 ], [ 44.72538091677206, 41.542595631628274 ], [ 44.725308306423365, 41.542670129341936 ], [ 44.725181157502504, 41.542812412287283 ], [ 44.725099466250526, 41.542893643694526 ], [ 44.724972735904267, 41.542951077940899 ], [ 44.724764586893393, 41.543025251068336 ], [ 44.724624349139219, 41.543058873132225 ], [ 44.72455201109274, 41.54306887821717 ], [ 44.724443612008876, 41.54305844018689 ], [ 44.724235882489765, 41.543047763899544 ], [ 44.723964833641361, 41.543026711893958 ], [ 44.72370736150809, 41.542998936339757 ], [ 44.723540302393666, 41.542967999839746 ], [ 44.72340502516743, 41.542906559510435 ], [ 44.723337488898203, 41.542858883150529 ], [ 44.723318652140236, 41.542763629886174 ], [ 44.723231395275896, 41.542701539251333 ], [ 44.723157954243206, 41.542576655374226 ], [ 44.723067874779325, 41.542501812383371 ], [ 44.722955169362479, 41.542447226443578 ], [ 44.722761132714204, 41.542389066578593 ], [ 44.722621214600629, 41.542347970800797 ], [ 44.722517343811568, 41.542344342444864 ], [ 44.72237268310262, 41.542360972193059 ], [ 44.722250634421975, 41.542360677474711 ], [ 44.722133259757662, 41.542346792784947 ], [ 44.722056395406049, 41.542349984796537 ], [ 44.722015723359192, 41.542356687053733 ], [ 44.721943181969877, 41.542414248945676 ], [ 44.721883837558472, 41.542539668238355 ], [ 44.721801591160592, 41.542763527731509 ], [ 44.721769476029394, 41.54288563506185 ], [ 44.721791595320738, 41.542997740306717 ], [ 44.721795494783464, 41.543136913662401 ], [ 44.7218354254153, 41.543303331406747 ], [ 44.721857341348745, 41.543462950031675 ], [ 44.721852163428871, 41.543636059213419 ], [ 44.721829154484858, 41.543717475243206 ], [ 44.721797182634077, 41.543792069017869 ], [ 44.721756087608817, 41.543897220737428 ], [ 44.721741986667269, 41.544026172187365 ], [ 44.7217732294203, 41.544107719462026 ], [ 44.72181797830396, 41.544213078861759 ], [ 44.721808782597549, 41.544260570502267 ], [ 44.721790402136129, 41.54432501881675 ], [ 44.721790038432857, 41.544409867376757 ], [ 44.721739905436728, 41.544511619448642 ], [ 44.721712198079928, 41.54465409404952 ], [ 44.721716213700226, 41.544766155462433 ], [ 44.721706972567532, 41.544810224179308 ], [ 44.721652357732097, 41.544908542558431 ], [ 44.721584207422723, 41.544989849246257 ], [ 44.72143463644305, 41.545101538709119 ], [ 44.721208080701068, 41.545243531307804 ], [ 44.721022418452492, 41.545341486558392 ], [ 44.720913796934092, 41.545382026376735 ], [ 44.720751024717543, 41.545398610114191 ], [ 44.720574837188188, 41.545398182132026 ], [ 44.720398748423648, 41.545360913977483 ], [ 44.720204456680477, 41.545360441407446 ], [ 44.719978838121207, 41.545298281820315 ], [ 44.719852463771488, 41.545257215670709 ], [ 44.719694674055468, 41.545188960626099 ], [ 44.719536662018449, 41.545144484279319 ], [ 44.719356154212704, 41.545089684414734 ], [ 44.719171135819607, 41.545038296051956 ], [ 44.718972436067546, 41.545003852850193 ], [ 44.718656225158156, 41.544986145795079 ], [ 44.718398837047992, 41.544951558001756 ], [ 44.718218109407658, 41.544947737527679 ], [ 44.718077967438845, 41.544957572368965 ], [ 44.717897033478728, 41.545001219725521 ], [ 44.717675203331289, 41.5451025486785 ], [ 44.717503187724439, 41.545176797329773 ], [ 44.717317652199569, 41.545230655832718 ], [ 44.717091442838985, 41.54530477063301 ], [ 44.716874180578458, 41.54538913038018 ], [ 44.716688421775736, 41.545493878952144 ], [ 44.716632199462424, 41.54557404112056 ], [ 44.716597243789536, 41.545630205998222 ], [ 44.716452239132941, 41.545778425095449 ], [ 44.716315760811298, 41.545991968461607 ], [ 44.716192859765997, 41.546198744603956 ], [ 44.716161788391368, 41.546326122173063 ], [ 44.716086283542651, 41.546442220899955 ], [ 44.716019205050792, 41.54663283131336 ], [ 44.716000596515684, 41.546775326945657 ], [ 44.715959415461612, 41.546883854081571 ], [ 44.715845652709973, 41.547056694617829 ], [ 44.715705074934597, 41.547178577124484 ], [ 44.715632537555024, 41.547232712190336 ], [ 44.715510121979449, 41.547327707340934 ], [ 44.715378640959649, 41.547425562279017 ], [ 44.715224601849805, 41.547513453100656 ], [ 44.715138559452775, 41.547557421119343 ], [ 44.714907738775224, 41.547641653449908 ], [ 44.714740179653909, 41.547722709537865 ], [ 44.714583952902601, 41.547803298102835 ], [ 44.714406246489233, 41.547860458996986 ], [ 44.714233392200015, 41.547877593934949 ], [ 44.714020778646507, 41.547938180352872 ], [ 44.713767398486638, 41.548025822116685 ], [ 44.713554634495814, 41.548093117782926 ], [ 44.713508765372303, 41.548148894214137 ], [ 44.713450500126037, 41.548147217787033 ], [ 44.713386952387445, 41.548201373825911 ], [ 44.713355118475178, 41.548255608886748 ], [ 44.713341149652592, 41.548350646798731 ], [ 44.713354188876771, 41.54846606364061 ], [ 44.713398672165923, 41.548615561651609 ], [ 44.713465667471404, 41.548799028463037 ], [ 44.713541670772649, 41.54897913990861 ], [ 44.713685389892035, 41.549179776561367 ], [ 44.713815994974382, 41.549281929914166 ], [ 44.714160852942356, 41.549428887076537 ], [ 44.714281656245078, 41.549510794002664 ], [ 44.714402087257362, 41.54959562726917 ], [ 44.714559613156517, 41.54973864998118 ], [ 44.714626955984265, 41.549830467035214 ], [ 44.714662674252985, 41.549929006139514 ], [ 44.714671383667927, 41.550007121579604 ], [ 44.714637334717729, 41.550142462776037 ], [ 44.714633724814028, 41.550349848319648 ], [ 44.714641971402848, 41.550533213624284 ], [ 44.714623119338768, 41.550702865523007 ], [ 44.71457276120897, 41.550852127616906 ], [ 44.714522597218512, 41.550957209063498 ], [ 44.714458883415809, 41.551062301877721 ], [ 44.714340792206819, 41.551194371739001 ], [ 44.714240940709409, 41.551282395776454 ], [ 44.714123162781476, 41.551356774047512 ], [ 44.713969337149031, 41.551407328144478 ], [ 44.713838173628304, 41.551430781243397 ], [ 44.713698061928262, 41.551430432484523 ], [ 44.713526399788392, 41.551419781605944 ], [ 44.713327623341968, 41.55141253071239 ], [ 44.713010187349056, 41.551421106566892 ], [ 44.712917277330789, 41.55141677630148 ], [ 44.712726467897966, 41.551438187662129 ], [ 44.712518503408042, 41.551461402328044 ], [ 44.712287980957178, 41.551474471936743 ], [ 44.7119987193798, 41.551483881113711 ], [ 44.711944506267159, 41.551473612042805 ], [ 44.71189021794725, 41.551493787632864 ], [ 44.711817672554652, 41.55154792022595 ], [ 44.711785097179344, 41.551754917771113 ], [ 44.711788915188336, 41.551907692147253 ], [ 44.711829186535468, 41.552019799580158 ], [ 44.711950229279132, 41.552223759226102 ], [ 44.711990185082989, 41.55238004689776 ], [ 44.712007312485859, 41.552587123915153 ], [ 44.712002303543244, 41.552702540658338 ], [ 44.711983955674498, 41.552770410179768 ], [ 44.712014949017572, 41.55291982978833 ], [ 44.712072876758292, 41.553093096251509 ], [ 44.71213979753481, 41.553293542373687 ], [ 44.712201996493462, 41.553531312124406 ], [ 44.712223982321483, 41.553670575837607 ], [ 44.712227937081245, 41.553792770518207 ], [ 44.712209574151338, 41.553864017783397 ], [ 44.712155148044225, 41.55391481815326 ], [ 44.712069065490077, 41.553951938128137 ], [ 44.711924376051201, 41.553982110677225 ], [ 44.711851843341627, 41.554019264433286 ], [ 44.711760946583837, 41.554141266436822 ], [ 44.711692985001235, 41.554188609860859 ], [ 44.711638634170932, 41.554208830201006 ], [ 44.711611352798521, 41.554249520066257 ], [ 44.711611126393649, 41.554300456091191 ], [ 44.711601756295018, 41.554371680768796 ], [ 44.71154711855835, 41.554456393005722 ], [ 44.711497263670211, 41.554490225661482 ], [ 44.711284535302006, 41.554571163266843 ], [ 44.711148777055158, 41.554614958364724 ], [ 44.710954110485666, 41.554678961862642 ], [ 44.710818518200909, 41.554685421503116 ], [ 44.710728254289215, 41.554664837848215 ], [ 44.710704515365329, 41.554650456434274 ], [ 44.710683168088835, 41.55463756724631 ], [ 44.710525396401756, 41.554548898109466 ], [ 44.710358708037148, 41.55442967136355 ], [ 44.710210112001597, 41.554313867728318 ], [ 44.709989134068643, 41.554201304166646 ], [ 44.709759042207459, 41.554115829314021 ], [ 44.709533400955529, 41.554054189696977 ], [ 44.709334907223962, 41.553968748770075 ], [ 44.709146618022089, 41.553894142137544 ], [ 44.709023715224127, 41.553825465378047 ], [ 44.708870230201811, 41.55379791971523 ], [ 44.708680364377742, 41.553807617174051 ], [ 44.708431772339765, 41.553810364875908 ], [ 44.708129102175384, 41.553785862651331 ], [ 44.707962067627342, 41.553758281384063 ], [ 44.70784452388331, 41.553764738318868 ], [ 44.70778101049536, 41.553822314081934 ], [ 44.707721871553694, 41.553907013067445 ], [ 44.707689358384805, 41.55409703065142 ], [ 44.707647958730689, 41.554263246210823 ], [ 44.707579459711546, 41.554415836771504 ], [ 44.707375046653219, 41.554646130219638 ], [ 44.707103279241629, 41.554788024722775 ], [ 44.706840903025395, 41.554841670456383 ], [ 44.706601298937038, 41.554858038215365 ], [ 44.706402497516962, 41.554854153042015 ], [ 44.706217307941245, 41.554836701198035 ], [ 44.706032166252513, 41.554795469764564 ], [ 44.705878803341747, 41.554740763253427 ], [ 44.705775024818699, 41.554686183419363 ], [ 44.70567155107679, 41.554590891031587 ], [ 44.705518959382438, 41.554366442423799 ], [ 44.705359791501287, 41.554111621970335 ], [ 44.705146864112116, 41.553852339920866 ], [ 44.705024778184558, 41.55372362696184 ], [ 44.704934872616143, 41.553624945906407 ], [ 44.704718124972104, 41.553573452934984 ], [ 44.704496755335832, 41.553562705960928 ], [ 44.704406833706486, 41.553573058487892 ], [ 44.704354734247374, 41.55361197143587 ], [ 44.704248129318223, 41.553691457432656 ], [ 44.704147627679035, 41.553813023380393 ], [ 44.70396470999529, 41.553902896387477 ], [ 44.703812020152689, 41.554016806528892 ], [ 44.703622069494784, 41.554110398923648 ], [ 44.70341837279036, 41.55418112190663 ], [ 44.703210349505945, 41.554214542914053 ], [ 44.703110864476479, 41.554231264963668 ], [ 44.70304289860556, 41.55426504719081 ], [ 44.702942854039911, 41.554403952408009 ], [ 44.702879275938784, 41.554461480249721 ], [ 44.702820423083864, 41.554495285890283 ], [ 44.702770454906641, 41.554552848843301 ], [ 44.702720193296308, 41.554661347599961 ], [ 44.702724174478305, 41.554786965436335 ], [ 44.702764140737678, 41.554936455704947 ], [ 44.702731874704149, 41.555082336452195 ], [ 44.702654481055887, 41.555197520540354 ], [ 44.702572592324572, 41.555299181918443 ], [ 44.702504745174181, 41.555332919090539 ], [ 44.702355337971213, 41.555383469033927 ], [ 44.702246795128211, 41.555413722950448 ], [ 44.702097262843139, 41.555491429400597 ], [ 44.70192521745475, 41.555562276748248 ], [ 44.701784894110489, 41.555606048943666 ], [ 44.701658134331048, 41.555659989429827 ], [ 44.701549592898523, 41.555676731662082 ], [ 44.701382449742091, 41.555659273833633 ], [ 44.701179292746588, 41.5556112322936 ], [ 44.700903947334069, 41.555563002650324 ], [ 44.700700718038746, 41.555504781768569 ], [ 44.700466199701175, 41.555405720759225 ], [ 44.700353569492947, 41.555334134124173 ], [ 44.700304194302603, 41.555262712255654 ], [ 44.700273007359343, 41.555160802850097 ], [ 44.700237261110111, 41.55507243761474 ], [ 44.700093429373048, 41.554902364049369 ], [ 44.699972045217457, 41.554766261555734 ], [ 44.699873359351727, 41.554609861557729 ], [ 44.699846761751182, 41.554501118415182 ], [ 44.69985617898228, 41.554409538210017 ], [ 44.699888369849845, 41.554294192990511 ], [ 44.699920450621818, 41.554202626886884 ], [ 44.700011322615666, 41.554090812505891 ], [ 44.700115232621584, 41.553960026535606 ], [ 44.700082744007567, 41.55385455575631 ], [ 44.700058465467407, 41.553775903261652 ], [ 44.700117168969676, 41.553683776019284 ], [ 44.700194568389826, 41.553554947482674 ], [ 44.700285686811142, 41.553402465304742 ], [ 44.700344916246813, 41.553287190406898 ], [ 44.700340733258621, 41.553219264045673 ], [ 44.700309280750361, 41.553175046035562 ], [ 44.700178764784823, 41.553069499894491 ], [ 44.700066094594582, 41.552994535089226 ], [ 44.699921875681589, 41.552909264499171 ], [ 44.699746123661484, 41.552810355324297 ], [ 44.699570123505417, 41.552752203518317 ], [ 44.699466284620364, 41.552738376107207 ], [ 44.699317164479744, 41.55272776293009 ], [ 44.699109269726087, 41.552734019685751 ], [ 44.698905966006734, 41.552719931461802 ], [ 44.698756968895928, 41.552695761809261 ], [ 44.698576489244161, 41.552634173951709 ], [ 44.698405062876319, 41.552572654592254 ], [ 44.698242645938734, 41.552507735824022 ], [ 44.697980900637567, 41.552439133192109 ], [ 44.697759792460054, 41.552360458467703 ], [ 44.697574912786081, 41.552278545881435 ], [ 44.697353960553976, 41.552179514158773 ], [ 44.697164430595258, 41.55211790026155 ], [ 44.69696580038724, 41.552066440383705 ], [ 44.696748905653251, 41.552048889733683 ], [ 44.696432790436766, 41.5520175207118 ], [ 44.69610738765379, 41.552023461771675 ], [ 44.695818185073755, 41.552019274324969 ], [ 44.695660041987914, 41.552015478128475 ], [ 44.69555620513534, 41.552001647191503 ], [ 44.695475054576242, 41.551957296264554 ], [ 44.69539409546362, 41.551872187496059 ], [ 44.695254744386311, 41.5517224762947 ], [ 44.695124435038693, 41.551562565542653 ], [ 44.69502983147661, 41.551497822001764 ], [ 44.694921503062531, 41.551470377468682 ], [ 44.694673298887913, 41.551405226021487 ], [ 44.694415902327222, 41.551357028479963 ], [ 44.694208123609236, 41.551339497262475 ], [ 44.69404995043508, 41.551342454290896 ], [ 44.693941398379906, 41.551362567088866 ], [ 44.693859833265151, 41.551406486021918 ], [ 44.69368322930098, 41.551490865026565 ], [ 44.693551218827245, 41.551527038134111 ], [ 44.693470396685207, 41.551578569986376 ], [ 44.693398060620758, 41.551585132657763 ], [ 44.693312142438508, 41.551598549688741 ], [ 44.693131093214042, 41.551659136562648 ], [ 44.69283688174059, 41.551763556979644 ], [ 44.692678401816394, 41.551831049014162 ], [ 44.692556090028347, 41.55189521473924 ], [ 44.692442883815133, 41.551935625265642 ], [ 44.692325321157149, 41.5519590901934 ], [ 44.692212098454071, 41.552002923243386 ], [ 44.692139508459199, 41.552050242731113 ], [ 44.692044516132228, 41.552080523312618 ], [ 44.69191439626821, 41.552096883414713 ], [ 44.691746126873632, 41.552117059309573 ], [ 44.691384102621228, 41.552221339231053 ], [ 44.691058181229387, 41.552335893323871 ], [ 44.690773118164522, 41.552406420326896 ], [ 44.690547096663906, 41.552429546685303 ], [ 44.690465641358998, 41.552449684076201 ], [ 44.690388515611886, 41.552517391904743 ], [ 44.69027469127456, 41.55268678395673 ], [ 44.690260703795971, 41.552778441158139 ], [ 44.690287301180859, 41.552883718705978 ], [ 44.690345392601358, 41.553023083823881 ], [ 44.690416738020737, 41.553237110525849 ], [ 44.690425018545106, 41.5533865197919 ], [ 44.690387091903709, 41.553569627264267 ], [ 44.690282083530931, 41.553713011775521 ], [ 44.690232717293263, 41.553780433953925 ], [ 44.690093149979624, 41.553803161758061 ], [ 44.689957481501459, 41.553812974352539 ], [ 44.689749668738955, 41.553788634437602 ], [ 44.689546683689684, 41.553720216184978 ], [ 44.689303314449823, 41.5535837730175 ], [ 44.689123101633847, 41.553467856713041 ], [ 44.688884409901448, 41.553294089816447 ], [ 44.688722451579544, 41.55314768733502 ], [ 44.688560624339324, 41.552974127802784 ], [ 44.688454198347941, 41.552800267782686 ], [ 44.68836284613954, 41.552746156262167 ], [ 44.687932998843408, 41.552863797542109 ], [ 44.687567361977287, 41.552956661318099 ], [ 44.687244939396543, 41.553027303233314 ], [ 44.687041714364923, 41.553071832126648 ], [ 44.686842515969389, 41.553139160232696 ], [ 44.686661434202257, 41.553216760706967 ], [ 44.686416684174617, 41.553355257147139 ], [ 44.686099473086799, 41.553537736351231 ], [ 44.685791313733702, 41.553720194370342 ], [ 44.685541767076039, 41.553919790716698 ], [ 44.685451117397427, 41.55398065767573 ], [ 44.685387682928038, 41.554017819614835 ], [ 44.685287722183574, 41.554119374202465 ], [ 44.685178685328587, 41.554237882712243 ], [ 44.685110467473301, 41.554346369630643 ], [ 44.685064591064837, 41.554471806482411 ], [ 44.685027349915032, 41.554695717321245 ], [ 44.68497631074451, 41.554970571947599 ], [ 44.684948287174741, 41.555160595316622 ], [ 44.684947743277519, 41.555272600234488 ], [ 44.68495157482274, 41.55542195260621 ], [ 44.684901018989208, 41.555584757051484 ], [ 44.684855608710713, 41.555725057196817 ], [ 44.684810919015661, 41.555828068867328 ], [ 44.684672301013642, 41.556147629887597 ], [ 44.684594818228426, 41.55628662596861 ], [ 44.68451291653659, 41.556384851616031 ], [ 44.684458444293661, 41.556452572526176 ], [ 44.684373817772048, 41.55655619500336 ], [ 44.684331179106472, 41.556594764522053 ], [ 44.684227188567661, 41.556611502888728 ], [ 44.684068975327754, 41.556607645516785 ], [ 44.683933508834279, 41.556586916637144 ], [ 44.68380714572907, 41.556556034326434 ], [ 44.683721616637563, 41.55648788370096 ], [ 44.683528053893149, 41.556331208750748 ], [ 44.683370182905833, 41.556269659289228 ], [ 44.683248423368994, 41.556204831333417 ], [ 44.683082039975872, 41.556044852735589 ], [ 44.682951613099085, 41.555925641221208 ], [ 44.682852840384314, 41.555782782498376 ], [ 44.682700165306585, 41.555578705130038 ], [ 44.682547159098014, 41.55544249702298 ], [ 44.682312818450271, 41.555312864581843 ], [ 44.682016725787086, 41.555206975429556 ], [ 44.680873121036434, 41.554908321175226 ], [ 44.680669924942265, 41.554883977667743 ], [ 44.680421511650806, 41.554849374873299 ], [ 44.680331307674493, 41.554818544187867 ], [ 44.680232207689791, 41.554743597710086 ], [ 44.679966451594424, 41.554566359333407 ], [ 44.679732145899422, 41.554443477230507 ], [ 44.679637309287315, 41.554416055889945 ], [ 44.679519878948547, 41.55439874981144 ], [ 44.679382670429703, 41.554404177068363 ], [ 44.67920343346993, 41.554409306772399 ], [ 44.67906890068847, 41.554431359683043 ], [ 44.678960425623359, 41.554470283899661 ], [ 44.678844307186061, 41.554551341070741 ], [ 44.678701710055961, 41.554688349864776 ], [ 44.678532822560349, 41.554867394348499 ], [ 44.67843497441374, 41.555024163919313 ], [ 44.678367192647215, 41.555138998214503 ], [ 44.678272991567816, 41.555309784269717 ], [ 44.678208773544483, 41.555455478609289 ], [ 44.678163192656172, 41.555615186464593 ], [ 44.67809527057176, 41.555758078087209 ], [ 44.677997628786628, 41.55587278351728 ], [ 44.6778627025733, 41.555973377989851 ], [ 44.6777875777369, 41.556057251108363 ], [ 44.677671218032643, 41.556186000303924 ], [ 44.677599883703159, 41.556267136680226 ], [ 44.677554812233247, 41.556311866897765 ], [ 44.677528433496903, 41.556359486834658 ], [ 44.677520678134655, 41.556423957698911 ], [ 44.67753904617927, 41.556480124988262 ], [ 44.6776021656149, 41.556556008735257 ], [ 44.677638897937221, 41.556657084086723 ], [ 44.677649626548501, 41.556766508401267 ], [ 44.677648818271791, 41.556929178831872 ], [ 44.677625854420597, 41.557049722834996 ], [ 44.677595423614449, 41.557164616303545 ], [ 44.677538734936689, 41.557290650276954 ], [ 44.677497063546127, 41.557411141783724 ], [ 44.677470544822988, 41.557486819189698 ], [ 44.677387857141099, 41.557595936416632 ], [ 44.677241532514323, 41.557732977898539 ], [ 44.677128970239913, 41.557844848389948 ], [ 44.676986435855667, 41.557979107905652 ], [ 44.676866531875866, 41.558060017279026 ], [ 44.676724090248527, 41.558163426566566 ], [ 44.676667534188731, 41.558190154478069 ], [ 44.676611819763622, 41.558216434361306 ], [ 44.67646227838771, 41.558252448412148 ], [ 44.676275353807149, 41.558293986620676 ], [ 44.676163292937169, 41.558304885227784 ], [ 44.676131106169066, 41.558458594992381 ], [ 44.676116294861181, 41.558506832642991 ], [ 44.676113159624052, 41.558546321018703 ], [ 44.676089512339743, 41.55859890233863 ], [ 44.676071741108721, 41.558651500206508 ], [ 44.676112414676247, 41.558695525583531 ], [ 44.676249595456717, 41.558745587403912 ], [ 44.67626988533371, 41.558752985514182 ], [ 44.676573112996202, 41.558872330416484 ], [ 44.676701263642684, 41.558929752319848 ], [ 44.676572084605105, 41.559078595703433 ], [ 44.676513272976671, 41.559148642513712 ], [ 44.676530529499765, 41.559223271865129 ], [ 44.676623445077716, 41.559324460491197 ], [ 44.676786405624057, 41.559447823865746 ], [ 44.676972817281033, 41.559558057131355 ], [ 44.677032546397058, 41.559604792872967 ], [ 44.677150143747234, 41.559734873886633 ], [ 44.677226880904342, 41.559834125050266 ], [ 44.677299155251639, 41.559926518056393 ], [ 44.677425977651211, 41.560022486842243 ], [ 44.677557544202067, 41.560080908172402 ], [ 44.677670933716023, 41.560129010029463 ], [ 44.677649658075872, 41.560162998142488 ], [ 44.677569434828726, 41.560197901855545 ], [ 44.677479345647967, 41.560215123449723 ], [ 44.677412630974906, 41.560222457437597 ], [ 44.677299141603051, 41.560254700538991 ], [ 44.677225636544406, 41.560277012586184 ], [ 44.677145585415666, 41.560289308057094 ], [ 44.67711215931481, 41.560306778517592 ], [ 44.677065299637228, 41.560336686410452 ], [ 44.677025093290496, 41.560379133177285 ], [ 44.676951410886879, 41.560449048352083 ], [ 44.676901203108478, 41.560488989956937 ], [ 44.676827448143769, 41.56056138186581 ], [ 44.676760595921401, 41.560596232516581 ], [ 44.676710525054645, 41.560608656993523 ], [ 44.676670405631427, 41.560633584599216 ], [ 44.67657322509168, 41.560725951805246 ], [ 44.676405868517534, 41.560858204129268 ], [ 44.676302078831128, 41.560953074557943 ], [ 44.676238361327513, 41.561020495263847 ], [ 44.676218121477639, 41.561062997959361 ], [ 44.676221079224867, 41.561143171620124 ], [ 44.676217446394602, 41.561198241278596 ], [ 44.676200726917301, 41.561208192346378 ], [ 44.676174140896379, 41.561200641385348 ], [ 44.676124294769693, 41.561167939461953 ], [ 44.676011193489053, 41.561110018898653 ], [ 44.675924625572776, 41.561082212488806 ], [ 44.675881272781574, 41.561082090296672 ], [ 44.675834521904946, 41.561101999841576 ], [ 44.675780917445607, 41.561149452505404 ], [ 44.675723902398637, 41.561219413876834 ], [ 44.675663679751295, 41.561259281654735 ], [ 44.675606924896897, 41.561289161036136 ], [ 44.675553247763958, 41.561339090405589 ], [ 44.675492999666211, 41.561384002131788 ], [ 44.675406265753352, 41.56140132163879 ], [ 44.675322880237182, 41.561408562313915 ], [ 44.675266243262371, 41.561390883103144 ], [ 44.675183306283515, 41.561320526707966 ], [ 44.675143339017332, 41.561302894524104 ], [ 44.675103306314149, 41.561310302547419 ], [ 44.675046456276974, 41.561335182308909 ], [ 44.67499949172354, 41.561397650591438 ], [ 44.67497610351608, 41.56141010468707 ], [ 44.674889410144509, 41.561407337550207 ], [ 44.67479271262733, 41.561414585238744 ], [ 44.674735900094632, 41.561431943823223 ], [ 44.674705793177651, 41.561456899060879 ], [ 44.674688771870137, 41.561526973048288 ], [ 44.674661611138639, 41.561622058749236 ], [ 44.674607942585389, 41.561682030881684 ], [ 44.67452095697147, 41.561749384778444 ], [ 44.674477339753366, 41.561801864170668 ], [ 44.674440403682283, 41.561849318352188 ], [ 44.674383587561046, 41.561879241989061 ], [ 44.67425669691707, 41.561916443197923 ], [ 44.674143243971336, 41.561928596908224 ], [ 44.674076511550169, 41.56195097116273 ], [ 44.674036267405704, 41.561988417689918 ], [ 44.674016010175364, 41.562045962196152 ], [ 44.674022301244314, 41.562118579182844 ], [ 44.67408515679579, 41.56221144287256 ], [ 44.674124938563615, 41.562254115297563 ], [ 44.674204801097282, 41.562291902204791 ], [ 44.674227988458597, 41.562319530356156 ], [ 44.674237851496471, 41.562349597773178 ], [ 44.674230994233859, 41.562389661002378 ], [ 44.674160705435639, 41.562439497610107 ], [ 44.674080575258543, 41.562466878007768 ], [ 44.673993842715632, 41.562471631211579 ], [ 44.673923729791227, 41.562486429626283 ], [ 44.673853648444883, 41.562518792397341 ], [ 44.673796576152377, 41.56256371223148 ], [ 44.673722862638634, 41.562638624290521 ], [ 44.673652670759758, 41.562680984769521 ], [ 44.673592432565123, 41.562723418497598 ], [ 44.673512100494534, 41.562790790504003 ], [ 44.673441810483332, 41.562840671701274 ], [ 44.67335830927783, 41.562870474000526 ], [ 44.673278102688293, 41.562912850836163 ], [ 44.673114060339451, 41.563027543418244 ], [ 44.672993567104847, 41.563127362403783 ], [ 44.672953191950974, 41.563202413802948 ], [ 44.672932759860188, 41.56328247595021 ], [ 44.672815336507355, 41.563427385196292 ], [ 44.672721276828035, 41.56356483969369 ], [ 44.672617451956988, 41.563664750752352 ], [ 44.672517013969312, 41.563747016982425 ], [ 44.672476592382253, 41.563759827380778 ], [ 44.672406801117027, 41.563781831650914 ], [ 44.672306767247079, 41.563784023629381 ], [ 44.672213389241072, 41.563786279531385 ], [ 44.672149879827984, 41.563811138863564 ], [ 44.672096270659935, 41.563858544733286 ], [ 44.67207277968069, 41.563891039261222 ], [ 44.672069304454254, 41.563926067886698 ], [ 44.672102264976814, 41.564001328100041 ], [ 44.672132007086525, 41.564048971642457 ], [ 44.672125211629215, 41.564076514712823 ], [ 44.672078495471176, 41.564088901691385 ], [ 44.672054969710302, 41.564116397043904 ], [ 44.672048022777894, 41.564173889067774 ], [ 44.672064262274567, 41.564259144776251 ], [ 44.672050633449658, 41.56432170688646 ], [ 44.6720171027821, 41.564359171836699 ], [ 44.671943565754383, 41.56438652450273 ], [ 44.671816719632027, 41.564413679946185 ], [ 44.671716532497214, 41.564445955471619 ], [ 44.671649724146789, 41.564470805105515 ], [ 44.671582839577354, 41.564510696732015 ], [ 44.671549435349732, 41.564523121514654 ], [ 44.671529330684955, 41.564538106333991 ], [ 44.671528861512343, 41.564630745431607 ], [ 44.671528645970469, 41.564673304472052 ], [ 44.671558536646387, 41.564703429315841 ], [ 44.671618409980432, 41.564733684818471 ], [ 44.671651611609924, 41.564761297039709 ], [ 44.67168125478203, 41.5648166416808 ], [ 44.671687848291377, 41.564829045591914 ], [ 44.671741037118949, 41.56487675617263 ], [ 44.671820952063243, 41.564904546728364 ], [ 44.671864108206073, 41.564932187298297 ], [ 44.671857084451077, 41.5650048114044 ], [ 44.671846892852443, 41.565039820848931 ], [ 44.67181677975767, 41.565077295488969 ], [ 44.67178975594517, 41.565132343239988 ], [ 44.671756262770046, 41.565162287091653 ], [ 44.671662667305128, 41.565207101575808 ], [ 44.671582545656896, 41.565231913150122 ], [ 44.671555771987755, 41.565249355940814 ], [ 44.671525487829754, 41.565296873191357 ], [ 44.671491715459496, 41.565381896011971 ], [ 44.671474803690309, 41.565429451451649 ], [ 44.67142795071706, 41.565456789944648 ], [ 44.671371342450364, 41.56545662817134 ], [ 44.671291426565475, 41.565428927376026 ], [ 44.671248070888872, 41.565428803426592 ], [ 44.671214640781194, 41.565446227105582 ], [ 44.671200018493465, 41.56545613839738 ], [ 44.671177874371928, 41.565471162357362 ], [ 44.671127887746877, 41.5654660203299 ], [ 44.671071146978434, 41.565468335046482 ], [ 44.671034456571093, 41.56547827325975 ], [ 44.671027638449267, 41.565498340106487 ], [ 44.671037335545563, 41.565560923778669 ], [ 44.671020258457027, 41.565640995149103 ], [ 44.671026673508202, 41.565688572221063 ], [ 44.671066540695755, 41.565726246853096 ], [ 44.671116501937483, 41.565736432940987 ], [ 44.671183273893483, 41.565719059605833 ], [ 44.671219913501744, 41.565719164376567 ], [ 44.67127652756654, 41.565741889610123 ], [ 44.671322991267424, 41.56577958301127 ], [ 44.671342741020212, 41.565834719303147 ], [ 44.671309107586367, 41.565892225057624 ], [ 44.671245468831223, 41.56594212389416 ], [ 44.671108486733154, 41.566004378162724 ], [ 44.671041426060128, 41.566066787289401 ], [ 44.671011074313448, 41.56613929955077 ], [ 44.671010629733132, 41.566226939620918 ], [ 44.671010121638943, 41.566327099699443 ], [ 44.671006509425837, 41.566377170129712 ], [ 44.67097638597717, 41.566404646372085 ], [ 44.670933042217932, 41.566402045321212 ], [ 44.67088305512452, 41.566396858149595 ], [ 44.67083964782946, 41.566406777072885 ], [ 44.670806140753726, 41.566439242653409 ], [ 44.670799255776991, 41.566484259600536 ], [ 44.670878832802217, 41.566567129669913 ], [ 44.670928715003306, 41.566604833009997 ], [ 44.670988618929833, 41.566617524622878 ], [ 44.671068751547274, 41.566602756675948 ], [ 44.671145526180915, 41.56658793403269 ], [ 44.671185473536013, 41.566598091449556 ], [ 44.671218637800649, 41.566633224802416 ], [ 44.671225103776514, 41.566670803863012 ], [ 44.67123471219152, 41.566750951548592 ], [ 44.671260407441636, 41.566946394027099 ], [ 44.671259823698946, 41.567061551084073 ], [ 44.671282744866382, 41.56714178185738 ], [ 44.671279154659437, 41.56719937347323 ], [ 44.671242111330713, 41.567266912618983 ], [ 44.671178182848799, 41.567361847228845 ], [ 44.67113142247883, 41.567394274997064 ], [ 44.671041384892341, 41.567399016511487 ], [ 44.670977935007912, 41.56741135515886 ], [ 44.670944478437619, 41.567433777744995 ], [ 44.670937656746773, 41.567466319721461 ], [ 44.670966840432051, 41.567624166621641 ], [ 44.671026004979389, 41.567794619478967 ], [ 44.671068943065222, 41.567877384567836 ], [ 44.671105465932435, 41.567912572590473 ], [ 44.671205442955987, 41.567922856652551 ], [ 44.671272077429393, 41.567933045309303 ], [ 44.671301845822114, 41.567975735078761 ], [ 44.671294884775072, 41.568035794066205 ], [ 44.671277946817064, 41.568088348447191 ], [ 44.671173992734417, 41.568188212710332 ], [ 44.671113626531294, 41.568278203424605 ], [ 44.671086546528983, 41.56835576913948 ], [ 44.671102913226711, 41.568415894838388 ], [ 44.671129294578172, 41.568476094214894 ], [ 44.671115667466736, 41.568526135985245 ], [ 44.67104207106734, 41.568576006202179 ], [ 44.671018552476717, 41.568613499474552 ], [ 44.671028354993901, 41.568643566960382 ], [ 44.671121536752658, 41.56868139407792 ], [ 44.671184835539904, 41.568699094362756 ], [ 44.671197983646323, 41.568731693452868 ], [ 44.671174426951509, 41.568776707766176 ], [ 44.671057523079469, 41.568816455999084 ], [ 44.671004010630568, 41.568843820286297 ], [ 44.670990544764472, 41.568873866231797 ], [ 44.671020313627729, 41.568916511032064 ], [ 44.671036731120921, 41.568966638746048 ], [ 44.671019792705927, 41.56901919307883 ], [ 44.670976091643361, 41.56908666803109 ], [ 44.670892454173682, 41.569141508480683 ], [ 44.670832335487837, 41.569158855643941 ], [ 44.670708570529108, 41.569238666483862 ], [ 44.670645064381539, 41.569273523099284 ], [ 44.670604851895909, 41.569303447345071 ], [ 44.670557851630392, 41.569370957719812 ], [ 44.670480920921442, 41.569415818949324 ], [ 44.670377332730901, 41.56944303942322 ], [ 44.670294085375275, 41.569432757577772 ], [ 44.670230684202785, 41.569435097813439 ], [ 44.670194025965365, 41.569450034908535 ], [ 44.670173770377254, 41.569482538294544 ], [ 44.670176924835651, 41.569522629947684 ], [ 44.670166451449859, 41.569612718209321 ], [ 44.670129516628947, 41.569670214108363 ], [ 44.670099203681318, 41.569722774964525 ], [ 44.670088883210894, 41.569782779184344 ], [ 44.670115060488463, 41.569883015758926 ], [ 44.670121398524017, 41.569945679896534 ], [ 44.670097777169687, 41.570003168939976 ], [ 44.670084094109328, 41.570075773765012 ], [ 44.670060536148426, 41.570120787834952 ], [ 44.670013704390428, 41.570143171757849 ], [ 44.669976900318538, 41.57016310742884 ], [ 44.669970103289209, 41.570190650336791 ], [ 44.669979748923389, 41.570263277067269 ], [ 44.66996609111731, 41.570330882881628 ], [ 44.669935727063375, 41.570393396636256 ], [ 44.669872142787526, 41.570443294825687 ], [ 44.669765237660641, 41.570485547451689 ], [ 44.669688368855915, 41.57051788813645 ], [ 44.669601497654277, 41.570547677977409 ], [ 44.66954122400567, 41.570595108480717 ], [ 44.669491067833157, 41.570622481699509 ], [ 44.66940094896065, 41.570642263922203 ], [ 44.669307458785262, 41.570664558429264 ], [ 44.669240617599215, 41.570694405601586 ], [ 44.669193725173542, 41.570716789013204 ], [ 44.669123738742577, 41.5707165876399 ], [ 44.669020331527328, 41.570731332258852 ], [ 44.668910118032294, 41.570763576433116 ], [ 44.668829890081177, 41.570795906869122 ], [ 44.668749670716863, 41.570838280440633 ], [ 44.668699514253781, 41.570865608275092 ], [ 44.668659372511158, 41.570893055020264 ], [ 44.668569090605551, 41.570932877416737 ], [ 44.668488858238298, 41.570977727781724 ], [ 44.668401841100525, 41.571047553848764 ], [ 44.668301171966789, 41.571159990146462 ], [ 44.668234035092496, 41.57124743771422 ], [ 44.668196913611794, 41.571317452615553 ], [ 44.668163257741476, 41.571389954519759 ], [ 44.668086152191066, 41.571479895278017 ], [ 44.668045770460033, 41.571542379601127 ], [ 44.668015553651678, 41.571587374014712 ], [ 44.667988596754924, 41.571639898947986 ], [ 44.667994933125932, 41.571702518140739 ], [ 44.668038190380365, 41.571722684329984 ], [ 44.668094787304334, 41.571737844908796 ], [ 44.668124743695458, 41.571755450620074 ], [ 44.668124615533046, 41.571780490608418 ], [ 44.668094377193391, 41.571817963863914 ], [ 44.668044103721513, 41.571867944486513 ], [ 44.668013822886451, 41.571925413854288 ], [ 44.667886626592434, 41.572017731882532 ], [ 44.667776256438195, 41.572080013928947 ], [ 44.667655857730502, 41.57214478893269 ], [ 44.667555489863872, 41.572209576689346 ], [ 44.66746838399169, 41.572284490913368 ], [ 44.667394421050837, 41.572404434663135 ], [ 44.667277199810336, 41.572504301976075 ], [ 44.667163444097746, 41.572571572694528 ], [ 44.667076358872116, 41.572653962752831 ], [ 44.666995831837696, 41.57274389285093 ], [ 44.666878764163322, 41.572813630705745 ], [ 44.666778432905957, 41.572870941804531 ], [ 44.666721474874393, 41.572925901529089 ], [ 44.666687773890054, 41.572983360622239 ], [ 44.66666077204065, 41.573055971425525 ], [ 44.666657130360441, 41.57311104063524 ], [ 44.666629869772237, 41.573152305203244 ], [ 44.666506031832739, 41.573220491798665 ], [ 44.666414212697738, 41.573325070659379 ], [ 44.666343760264105, 41.57344984281012 ], [ 44.666300300318689, 41.573550508601414 ], [ 44.666230200277624, 41.573606735995 ], [ 44.66613347844762, 41.573626631584737 ], [ 44.665972596188944, 41.573585856567028 ], [ 44.665828034181011, 41.573508829257086 ], [ 44.665694147840192, 41.573431832804445 ], [ 44.665635175267944, 41.573423599775943 ], [ 44.665532850488901, 41.57347167147978 ], [ 44.665435899979187, 41.57353588183274 ], [ 44.665371175937089, 41.573596177638734 ], [ 44.665193182669917, 41.573744865740821 ], [ 44.66511745207319, 41.573857551951313 ], [ 44.665106237738549, 41.573950249642557 ], [ 44.66509512758951, 41.574022771239562 ], [ 44.66503036109372, 41.574091128274951 ], [ 44.664906665625793, 41.574131075603709 ], [ 44.664729232708275, 41.574170911155967 ], [ 44.664615890947132, 41.574203457322746 ], [ 44.664562553498946, 41.574218794320409 ], [ 44.664476294629772, 41.574291096595125 ], [ 44.664411342060184, 41.574383637385409 ], [ 44.664335275232887, 41.574560859521313 ], [ 44.664291592884226, 41.574634231707428 ], [ 44.664275922279316, 41.5746606674684 ], [ 44.664217371380033, 41.574732960368706 ], [ 44.664101009392908, 41.574838861808047 ], [ 44.663984136914642, 41.574915893182265 ], [ 44.663740502096303, 41.575045471781188 ], [ 44.663418575258213, 41.575213957496246 ], [ 44.663131466712592, 41.575375968978058 ], [ 44.66295705052385, 41.575538400202284 ], [ 44.662930242315696, 41.575688113289516 ], [ 44.662868903254846, 41.575811693980555 ], [ 44.662755546234493, 41.575915621236256 ], [ 44.662633416833657, 41.576045553781753 ], [ 44.662554751501659, 41.576156067886799 ], [ 44.662519534744582, 41.576273239774672 ], [ 44.662544868080296, 41.576384059070691 ], [ 44.662613812203212, 41.576481990764599 ], [ 44.66262190625914, 41.57658627418634 ], [ 44.662560802976316, 41.576664278371538 ], [ 44.662404318549612, 41.576722411601203 ], [ 44.662143645818013, 41.576793344159711 ], [ 44.661969759295403, 41.576864486266324 ], [ 44.661761315626386, 41.576902965014803 ], [ 44.661492140945306, 41.576947794907369 ], [ 44.661283799086888, 41.576966682180526 ], [ 44.661110081374282, 41.577005262040508 ], [ 44.660970791601798, 41.577089565202705 ], [ 44.66096167795974, 41.577180737383102 ], [ 44.66103052640198, 41.577285200031895 ], [ 44.661055875337382, 41.577415565551014 ], [ 44.661037622099578, 41.577591424570883 ], [ 44.660975876833909, 41.577780170918416 ], [ 44.66087983880859, 41.577897162915896 ], [ 44.660766815957849, 41.577935921246741 ], [ 44.660688452050344, 41.577987797319054 ], [ 44.660653307427715, 41.578078892638025 ], [ 44.660652761666391, 41.5781831506673 ], [ 44.660574090348724, 41.578293663353577 ], [ 44.660512991168233, 41.578358650870385 ], [ 44.660382190001179, 41.578482025056381 ], [ 44.660286184080746, 41.578592486335943 ], [ 44.660233439892629, 41.578722621246904 ], [ 44.660232825225897, 41.578839894622988 ], [ 44.660258070705339, 41.578989805840969 ], [ 44.660300616001734, 41.579146298462781 ], [ 44.660273936300499, 41.579270025119499 ], [ 44.660204438035912, 41.57928936561602 ], [ 44.66010032280429, 41.57927599727703 ], [ 44.659996190569238, 41.579288749993765 ], [ 44.65990909316821, 41.57934712999463 ], [ 44.659839150420758, 41.579451137671271 ], [ 44.659803490915067, 41.579639960495157 ], [ 44.659750881526634, 41.579744064433456 ], [ 44.659637649288968, 41.579821957779174 ], [ 44.659481154625936, 41.579880086959783 ], [ 44.659298448687757, 41.579983760282232 ], [ 44.659150247522206, 41.580107126503037 ], [ 44.659088759892413, 41.580256780791792 ], [ 44.6590704063792, 41.580439124372276 ], [ 44.659052181198774, 41.58060845276411 ], [ 44.658964635478988, 41.580751544437064 ], [ 44.658851152145431, 41.580888028785068 ], [ 44.658668073600658, 41.58105033755114 ], [ 44.658563123403788, 41.581206392795465 ], [ 44.658510270626437, 41.581356072386015 ], [ 44.658465702920438, 41.58158395998116 ], [ 44.658404255313961, 41.581714068126914 ], [ 44.658256177079345, 41.581824417961215 ], [ 44.658064946819451, 41.58188248697649 ], [ 44.658021373952735, 41.581921449093699 ], [ 44.657977388726536, 41.582038548346553 ], [ 44.657976804127017, 41.582149336468895 ], [ 44.657881029447545, 41.582214174347087 ], [ 44.657741930679549, 41.582259382371227 ], [ 44.657602582186975, 41.582363182004386 ], [ 44.657506677824024, 41.582441079774142 ], [ 44.657384456520155, 41.582584066896487 ], [ 44.657227298447978, 41.582765996401371 ], [ 44.657044003437655, 41.582967438612798 ], [ 44.656947916264485, 41.583090912320706 ], [ 44.656921021575933, 41.583253729165413 ], [ 44.656981232582012, 41.583358123318447 ], [ 44.657067485263873, 41.583449579560295 ], [ 44.657231516900616, 41.583612965772744 ], [ 44.657377982333941, 41.583808815766481 ], [ 44.657472830226993, 41.583919888194714 ], [ 44.657472383009562, 41.584004510472376 ], [ 44.65743716152457, 41.584108665066353 ], [ 44.657384613469929, 41.584199752465693 ], [ 44.657383993530324, 41.584317025694851 ], [ 44.657435026099186, 41.584512681247233 ], [ 44.657399641444727, 41.584636291105923 ], [ 44.657268786855482, 41.584766236770982 ], [ 44.657168715355695, 41.584837366325054 ], [ 44.657077193813095, 41.584902396327237 ], [ 44.656920201103141, 41.585051854506702 ], [ 44.656806646141327, 41.585188291474694 ], [ 44.656744880945773, 41.585377080261722 ], [ 44.656665943520004, 41.585546226853459 ], [ 44.656673476968386, 41.585754723309655 ], [ 44.656603082176247, 41.585930425647589 ], [ 44.6564028404539, 41.585875333247728 ], [ 44.655890467083488, 41.585734457979697 ], [ 44.655707418414934, 41.58567261531207 ], [ 44.655192454920289, 41.585500518879897 ], [ 44.654544862196637, 41.585284111127976 ], [ 44.653229553657944, 41.584836542076822 ], [ 44.652655048826617, 41.584651284157893 ], [ 44.652628581267344, 41.584642737332537 ], [ 44.652158213168988, 41.584491073482667 ], [ 44.651791441537725, 41.584372778295027 ], [ 44.651611798671951, 41.584314857589241 ], [ 44.650731983410651, 41.58559861095393 ], [ 44.650662729367788, 41.585748912527841 ], [ 44.650640286775129, 41.585783747621207 ], [ 44.649558656176318, 41.587230000384501 ], [ 44.648826079875548, 41.588294634325138 ], [ 44.648682548862993, 41.588766538369576 ], [ 44.648659505430977, 41.588878608767743 ], [ 44.648600695896398, 41.588959809942295 ], [ 44.648399327196181, 41.589178296735128 ], [ 44.648223133986185, 41.589378125026379 ], [ 44.648163263547417, 41.589433561864873 ], [ 44.647795075414571, 41.589892166786179 ], [ 44.647523437636906, 41.590245771284792 ], [ 44.647096406993001, 41.590778278454074 ], [ 44.646946566908682, 41.591039480225291 ], [ 44.646014698153337, 41.592176037031052 ], [ 44.645267383398306, 41.59310652843876 ], [ 44.644477768015612, 41.59414335013706 ], [ 44.644452476211484, 41.594193352431617 ], [ 44.644200011439452, 41.594599520543291 ], [ 44.643939367835735, 41.594986837516451 ], [ 44.643456066819134, 41.595670884074387 ], [ 44.642968426298502, 41.596389322850754 ], [ 44.642816809664467, 41.59665177446211 ], [ 44.64294140257774, 41.59668787534342 ], [ 44.643264591830977, 41.596787733517296 ], [ 44.643535796867191, 41.596870946292391 ], [ 44.643930223786484, 41.596999891778708 ], [ 44.64449411493117, 41.597177594034321 ], [ 44.644967393329701, 41.597315291633542 ], [ 44.645340005022184, 41.597429978442825 ], [ 44.645719263302759, 41.597547296636279 ], [ 44.646127226560573, 41.59769298479317 ], [ 44.646436792206266, 41.59781742701697 ], [ 44.646753889278905, 41.597936261996445 ], [ 44.647186717339828, 41.598089093497187 ], [ 44.647548093842197, 41.598208197266217 ], [ 44.647970232702612, 41.598352436128316 ], [ 44.648057447476873, 41.598389587950152 ], [ 44.648119547997702, 41.598477418859993 ], [ 44.648231812925225, 41.598530995427197 ], [ 44.648406739865095, 41.598569090866043 ], [ 44.648460943076337, 41.598575516673627 ], [ 44.648452331734426, 41.598625570812992 ], [ 44.648381007612244, 41.59870047340403 ], [ 44.648338833933529, 41.598787985234296 ], [ 44.648333776579008, 41.598956991344444 ], [ 44.64829496052333, 41.599188539800352 ], [ 44.648281954345244, 41.599285508394352 ], [ 44.648235342112237, 41.599416872040429 ], [ 44.648134585934251, 41.599541764873948 ], [ 44.64805466552032, 41.599663613890392 ], [ 44.647987768923919, 41.599685296768747 ], [ 44.647866865067243, 41.599697446635965 ], [ 44.647770724153027, 41.599734712474863 ], [ 44.647707848684618, 41.599800272947974 ], [ 44.647715728931601, 41.5998847853513 ], [ 44.647681722835792, 41.600003667270244 ], [ 44.64756314478565, 41.600095493304558 ], [ 44.647442869151966, 41.600168443765313 ], [ 44.647291574307459, 41.600241253904009 ], [ 44.647215702774162, 41.600324293382251 ], [ 44.647170723240798, 41.600430756462856 ], [ 44.647063312532175, 41.6005870182655 ], [ 44.647031948140963, 41.60065024312388 ], [ 44.64702272326744, 41.600713535948159 ], [ 44.647097633690798, 41.600807036250686 ], [ 44.647159157467335, 41.600923824262274 ], [ 44.6472026618003, 41.601077261589779 ], [ 44.647161800677665, 41.601253678777695 ], [ 44.647143423605016, 41.601366933889445 ], [ 44.647092427710419, 41.601531295226785 ], [ 44.647015015486211, 41.601654502264871 ], [ 44.646888440223947, 41.601748734983431 ], [ 44.646740009576732, 41.60183465875275 ], [ 44.646640943231574, 41.601912537444228 ], [ 44.646546865292457, 41.60207681113593 ], [ 44.646535361580199, 41.602183737136748 ], [ 44.646595115469154, 41.602262058925831 ], [ 44.646699029095899, 41.602307639850707 ], [ 44.64677008525809, 41.602348976388306 ], [ 44.646804630650877, 41.602373807485257 ], [ 44.646818136632028, 41.602405779758428 ], [ 44.646821140336073, 41.602471136748925 ], [ 44.646834673848034, 41.60249806503159 ], [ 44.646872024482654, 41.602536640815615 ], [ 44.64688711945734, 41.602585326450892 ], [ 44.646869488684089, 41.602682595875827 ], [ 44.646858157340148, 41.602890043583301 ], [ 44.646840456698285, 41.603000103109856 ], [ 44.646822899736499, 41.603094805674814 ], [ 44.646781541765009, 41.603163854462025 ], [ 44.646692161673073, 41.603291618183945 ], [ 44.646647541149534, 41.603342732424423 ], [ 44.646592828163605, 41.603363055792407 ], [ 44.646524211177457, 41.603424319469617 ], [ 44.646407679508094, 41.603513538434086 ], [ 44.646266990430796, 41.603664292684918 ], [ 44.646136539411771, 41.603797063731029 ], [ 44.646047213037555, 41.603914603849262 ], [ 44.646012455904554, 41.60402722282187 ], [ 44.645963812315387, 41.604188438276758 ], [ 44.645901782212903, 41.604295794040723 ], [ 44.645829691401964, 41.604377538130777 ], [ 44.645719828817249, 41.60449758178688 ], [ 44.645503462567909, 41.604737679132839 ], [ 44.645359334749749, 41.604890943668693 ], [ 44.645273576011739, 41.604970078166126 ], [ 44.645177574385457, 41.605056882200415 ], [ 44.645095137149724, 41.605153951276989 ], [ 44.645002298682691, 41.605276613853192 ], [ 44.644913108694645, 41.605368527800728 ], [ 44.644889059026262, 41.605399168301091 ], [ 44.644830768961413, 41.605447672520235 ], [ 44.644782641058413, 41.605514132570981 ], [ 44.644748035496804, 41.605598558848648 ], [ 44.644726970304546, 41.605708607597585 ], [ 44.644688705435627, 41.605836572682669 ], [ 44.644626492660414, 41.605987477295393 ], [ 44.644560742766153, 41.60614868425484 ], [ 44.644515795486051, 41.606258659115461 ], [ 44.644484595559135, 41.606345617867298 ], [ 44.644446765736006, 41.606394185151437 ], [ 44.644443208690028, 41.606430023069812 ], [ 44.644456534416129, 41.606483837660342 ], [ 44.644418591980589, 41.60655289611573 ], [ 44.64435338979164, 41.606614169020403 ], [ 44.64426090704228, 41.606693281934774 ], [ 44.64422633862565, 41.606759783693448 ], [ 44.644215458825798, 41.606872430915416 ], [ 44.644167160461123, 41.606969604937646 ], [ 44.644105395563251, 41.60703858954718 ], [ 44.644040329626044, 41.60706401377535 ], [ 44.64389010303443, 41.607091696243515 ], [ 44.643709188720457, 41.607091135711329 ], [ 44.643528334416359, 41.607090575080505 ], [ 44.64337831513933, 41.607069663327906 ], [ 44.643265771115779, 41.607053911738745 ], [ 44.643211039793613, 41.607076800494255 ], [ 44.643156096754481, 41.60713810455119 ], [ 44.643121248448544, 41.607266034647793 ], [ 44.643059298467591, 41.607368344994732 ], [ 44.64297009943585, 41.60744998908725 ], [ 44.642887500364999, 41.607575248769265 ], [ 44.6427534198072, 41.607754121790364 ], [ 44.642660347012587, 41.607917764734239 ], [ 44.642543720227181, 41.608032650106047 ], [ 44.642406712326725, 41.608121891336552 ], [ 44.642280089125158, 41.608177837841701 ], [ 44.642181654640346, 41.608203787686563 ], [ 44.642034602182825, 41.608221119248348 ], [ 44.642034366180653, 41.60826381294013 ], [ 44.642052698712263, 41.608377721823459 ], [ 44.64213169407995, 41.608666155117731 ], [ 44.642254927152337, 41.608670096527398 ], [ 44.642482647450514, 41.608638784100876 ], [ 44.642573817507696, 41.608450500543512 ], [ 44.642621241881749, 41.608447090107788 ], [ 44.642658753384531, 41.608521921953859 ], [ 44.642672582182165, 41.608593122311071 ], [ 44.642913954515627, 41.608665029653373 ], [ 44.642980203681958, 41.608686582619725 ], [ 44.643060498122651, 41.608740154937585 ], [ 44.643179029864093, 41.608737010059102 ], [ 44.64326947166068, 41.608669691227654 ], [ 44.643388650072225, 41.60854909343535 ], [ 44.643469630023063, 41.608478187224719 ], [ 44.64354551681393, 41.608471306803516 ], [ 44.643706732148082, 41.608464690810223 ], [ 44.643734411629659, 41.608603533472461 ], [ 44.643747928459391, 41.608731658632443 ], [ 44.643728261809528, 41.608859680958119 ], [ 44.643746558337448, 41.608980705187655 ], [ 44.643783993162842, 41.609069767897211 ], [ 44.643944663287179, 41.609173488840582 ], [ 44.64416686202469, 41.609284470715856 ], [ 44.644355858177356, 41.609398907320383 ], [ 44.644573474069233, 41.609481411283589 ], [ 44.644795948170547, 41.609542582635449 ], [ 44.645051626114089, 41.609600298208939 ], [ 44.645070255330459, 41.609650165878982 ], [ 44.645050768022003, 41.609756841757608 ], [ 44.645049987932403, 41.609899154070874 ], [ 44.645148625053487, 41.610077397003295 ], [ 44.64533719654861, 41.610270103763142 ], [ 44.645408013433602, 41.610323690227609 ], [ 44.645436028764365, 41.610402004687892 ], [ 44.645402162273577, 41.610526470638639 ], [ 44.645377095199883, 41.610775444046709 ], [ 44.645351597427798, 41.611092060624664 ], [ 44.645346410109248, 41.611184549170709 ], [ 44.645393505115166, 41.611241620320925 ], [ 44.645502287530135, 41.611288208083955 ], [ 44.645677459184135, 41.611331442510689 ], [ 44.645847832005593, 41.611385335488706 ], [ 44.645914240583963, 41.611378424311347 ], [ 44.645976044625918, 41.611346593846278 ], [ 44.646032855081167, 41.611361000245843 ], [ 44.646131923449033, 41.611450251908359 ], [ 44.646249857709989, 41.611557350872779 ], [ 44.646358699570307, 41.611593264405734 ], [ 44.646605101530511, 41.611626042908171 ], [ 44.646818373405971, 41.611626698304384 ], [ 44.64702708278223, 41.611616665695649 ], [ 44.647012569723387, 41.611669989140317 ], [ 44.646907711420113, 41.611772845273272 ], [ 44.646774427831147, 41.611872056108083 ], [ 44.646759798047235, 41.611946726360486 ], [ 44.646811615936279, 41.612007414338393 ], [ 44.646920032043838, 41.612121599098167 ], [ 44.646905518780848, 41.612174922523799 ], [ 44.646762287007832, 41.612359491579852 ], [ 44.6465811670504, 41.61253682824826 ], [ 44.646433231615703, 41.612714266688513 ], [ 44.64613766750049, 41.613001589503838 ], [ 44.645818377393304, 41.613292351278659 ], [ 44.645732693653407, 41.613366802452369 ], [ 44.645580461080151, 41.613462395610675 ], [ 44.645494794752196, 41.613522615195009 ], [ 44.645446996625004, 41.613593625106787 ], [ 44.645379669847223, 41.61376775286395 ], [ 44.645327081138767, 41.613836811385376 ], [ 44.64534085457683, 41.613929808744338 ], [ 44.645283136285563, 41.614036907068218 ], [ 44.645311094684672, 41.614147782557744 ], [ 44.645339405467276, 41.614194347331853 ], [ 44.645563385935738, 41.614180761601105 ], [ 44.645868497708996, 41.614135224447374 ], [ 44.646473686219373, 41.614097770424863 ], [ 44.646683403115368, 41.614080535745892 ], [ 44.646773783116799, 41.614102250743571 ], [ 44.646744593619694, 41.614216553183191 ], [ 44.646691696444698, 41.614309345490994 ], [ 44.646657881272766, 41.614391477791919 ], [ 44.64667193003897, 41.614434395499217 ], [ 44.646738409313535, 41.614481077229485 ], [ 44.64679528681863, 41.61452772942129 ], [ 44.646846877388946, 41.614674480967167 ], [ 44.646875074133462, 41.614753200904239 ], [ 44.646650701621077, 41.614838305573763 ], [ 44.646521881366716, 41.6148772262164 ], [ 44.646445314707123, 41.614941347591035 ], [ 44.646392258840336, 41.61505201865738 ], [ 44.646353370070699, 41.615194889170823 ], [ 44.646266714149775, 41.6153590499598 ], [ 44.646213797098177, 41.615466163497715 ], [ 44.646218186656178, 41.615530488786391 ], [ 44.646260684251466, 41.615594931340006 ], [ 44.646388548972098, 41.615731244143184 ], [ 44.646506989720827, 41.615846000492759 ], [ 44.646540124297388, 41.615899695519985 ], [ 44.646587421745799, 41.61595347911372 ], [ 44.646672204756051, 41.616132488624089 ], [ 44.646709513385311, 41.616279151259434 ], [ 44.646718548003754, 41.616372178889065 ], [ 44.646689142790628, 41.616525797254539 ], [ 44.646554620416765, 41.616729127750574 ], [ 44.646391432680211, 41.616950294340128 ], [ 44.646304735352288, 41.617121615741837 ], [ 44.646160669686743, 41.617335635018428 ], [ 44.64603605734434, 41.617471125757156 ], [ 44.645945360088639, 41.617506605242482 ], [ 44.645754501346183, 41.61756321330877 ], [ 44.645620854490055, 41.6176056759085 ], [ 44.645568246571656, 41.617644830366984 ], [ 44.645563231231741, 41.617694895206668 ], [ 44.645601145227538, 41.61773068079826 ], [ 44.64577717307742, 41.617774187896195 ], [ 44.645977203345005, 41.617785522693332 ], [ 44.646162753310904, 41.617821852725179 ], [ 44.646291112337273, 41.617879443758355 ], [ 44.646347642367289, 41.618001170491617 ], [ 44.646409029660752, 41.618090711222742 ], [ 44.646446240650668, 41.618255343053157 ], [ 44.646426181267763, 41.618444703778657 ], [ 44.646396479929081, 41.61864124063495 ], [ 44.646329158336087, 41.618758983442902 ], [ 44.646228428641777, 41.618883784166528 ], [ 44.64613228465192, 41.619047960582165 ], [ 44.64607887322105, 41.619222942065868 ], [ 44.646049249925085, 41.619415921182792 ], [ 44.646053502399049, 41.619505331191291 ], [ 44.646015079543879, 41.619562363860055 ], [ 44.645934000273009, 41.619583551415879 ], [ 44.645886131974613, 41.619622765638944 ], [ 44.645866735241107, 41.619690620520473 ], [ 44.645861601552632, 41.6197513585767 ], [ 44.645904122133366, 41.619823007083902 ], [ 44.645903848431018, 41.619873041488361 ], [ 44.645769336037461, 41.62007281310823 ], [ 44.645720900110121, 41.620215653860683 ], [ 44.645772624766558, 41.625459783681933 ], [ 44.645839926352942, 41.625489759961546 ], [ 44.645946962462865, 41.625519858586053 ], [ 44.646053938651058, 41.625549956926328 ], [ 44.646089488630302, 41.625579880329724 ], [ 44.646164333646972, 41.625690314261689 ], [ 44.64625522020836, 41.625765038780216 ], [ 44.646373913473582, 41.625836876379687 ], [ 44.646469005996444, 41.625866937775854 ], [ 44.646532395567661, 41.625887984454167 ], [ 44.64656003949986, 41.625914865976888 ], [ 44.646583478017938, 41.625986410453478 ], [ 44.646618914623993, 41.626037185093331 ], [ 44.646694026321995, 41.626088036629461 ], [ 44.646729430865499, 41.626144710875202 ], [ 44.646744756372442, 41.626240099557812 ], [ 44.646788160267249, 41.626293825977712 ], [ 44.646851306573147, 41.6263595476183 ], [ 44.646962159913329, 41.626416453545652 ], [ 44.647041212542582, 41.626482223928896 ], [ 44.647128079698533, 41.626556935407642 ], [ 44.647211175194464, 41.62660785614522 ], [ 44.647298118937506, 41.626679595341706 ], [ 44.647389218979491, 41.626715633535134 ], [ 44.647508207400371, 41.626733832777141 ], [ 44.647635102495585, 41.626755073555486 ], [ 44.647841278491875, 41.626800381227071 ], [ 44.648019664089588, 41.626845603441645 ], [ 44.648055232099232, 41.626872508863372 ], [ 44.648082796021846, 41.62691429674426 ], [ 44.648166022498046, 41.626941348019251 ], [ 44.648269153875788, 41.626950580778271 ], [ 44.648455765965444, 41.626951151603109 ], [ 44.64866210930861, 41.626954799854445 ], [ 44.648773304771034, 41.626949149833969 ], [ 44.648832625971401, 41.626979145009443 ], [ 44.648887743549423, 41.627053758161381 ], [ 44.648954720568739, 41.627155204024 ], [ 44.648958467548319, 41.627205836122116 ], [ 44.648942254247153, 41.627262397076429 ], [ 44.648842744628034, 41.627315686188517 ], [ 44.648786871742004, 41.627369153577135 ], [ 44.648750850695549, 41.627425608948229 ], [ 44.648758595865495, 41.627458418944123 ], [ 44.648782086004168, 41.627521000916033 ], [ 44.64877387176189, 41.627574613895035 ], [ 44.648797544387953, 41.627592520542187 ], [ 44.648864860994401, 41.627631457285837 ], [ 44.648896322829586, 41.627685146421065 ], [ 44.648891876472767, 41.627774484594809 ], [ 44.64885584365117, 41.627822022797972 ], [ 44.648855568732962, 41.627872687644327 ], [ 44.648898862340801, 41.627947264661813 ], [ 44.648954137825442, 41.628003998895188 ], [ 44.648961608572776, 41.628087428684381 ], [ 44.648949276029796, 41.628158863415223 ], [ 44.648933106375253, 41.628218396878701 ], [ 44.648896987728236, 41.628292776381379 ], [ 44.648833110400773, 41.628361036231979 ], [ 44.648773226580211, 41.628423408510649 ], [ 44.64871754678596, 41.628441117732898 ], [ 44.648638162024611, 41.628446819893639 ], [ 44.648439693048374, 41.628440268327793 ], [ 44.648296839413192, 41.628427896777097 ], [ 44.648177799173247, 41.628418615355216 ], [ 44.648090398801038, 41.62843023737873 ], [ 44.64803872429637, 41.628450930919762 ], [ 44.648022466260258, 41.6285044741715 ], [ 44.648029930971525, 41.628599838576726 ], [ 44.647985661190376, 41.628715851276105 ], [ 44.647885548896113, 41.62887934117488 ], [ 44.647721885668908, 41.629039663861953 ], [ 44.64759026213634, 41.629158381058311 ], [ 44.647542224028129, 41.629238668352478 ], [ 44.647545699031745, 41.62932803073538 ], [ 44.647568966505979, 41.62942038114852 ], [ 44.647580359955967, 41.629521702384018 ], [ 44.647555864821925, 41.629643720291845 ], [ 44.647511528454231, 41.629771667161783 ], [ 44.647435361978808, 41.629902488779351 ], [ 44.647367308733216, 41.630009466073275 ], [ 44.647350833649739, 41.630113674214336 ], [ 44.647346049065689, 41.630253631879057 ], [ 44.647377278871907, 41.630360913706475 ], [ 44.647420085311339, 41.630524886500027 ], [ 44.647470561376011, 41.630724506382293 ], [ 44.647458042794412, 41.630840706272629 ], [ 44.647469473932929, 41.630924103225823 ], [ 44.647544522206509, 41.6309987780919 ], [ 44.647667382719, 41.631034913417807 ], [ 44.647798069860563, 41.631088906903344 ], [ 44.647853492629018, 41.631118890621018 ], [ 44.647956662957718, 41.631122179008123 ], [ 44.648071940590896, 41.631095735481168 ], [ 44.648223031400875, 41.631051522090047 ], [ 44.648362107200661, 41.631031095865538 ], [ 44.648520781425063, 41.631049460478266 ], [ 44.64878659920015, 41.631080086848861 ], [ 44.648961028773499, 41.631104398723643 ], [ 44.649136559235856, 41.631124975694306 ], [ 44.649431192585936, 41.631177486013385 ], [ 44.649745315428461, 41.631266984595804 ], [ 44.650039989875808, 41.631312107552567 ], [ 44.650157804015294, 41.631349350756807 ], [ 44.650226116658246, 41.631438099681951 ], [ 44.650353117906413, 41.631585979392561 ], [ 44.650342316710827, 41.631762983590761 ], [ 44.650285101272168, 41.631886658914745 ], [ 44.650276408694424, 41.631995574878317 ], [ 44.65029209810055, 41.632080380612216 ], [ 44.650380127021073, 41.632219900098683 ], [ 44.650476167257715, 41.63236552375156 ], [ 44.650595707648016, 41.632650425428459 ], [ 44.650674887449256, 41.632917099802491 ], [ 44.650674135386772, 41.633056394255547 ], [ 44.650592536005881, 41.633237731914093 ], [ 44.650559324858442, 41.633407146930985 ], [ 44.65056638758368, 41.633588844117227 ], [ 44.650622183291503, 41.633728265397053 ], [ 44.650701980336287, 41.633891989012149 ], [ 44.650693315372635, 41.634006984929471 ], [ 44.650668088057571, 41.634176424215184 ], [ 44.650747678840055, 41.634400720734789 ], [ 44.650859250778886, 41.634661368401716 ], [ 44.650971378529675, 41.634819155157857 ], [ 44.651099753190323, 41.634958796525204 ], [ 44.651123646385081, 41.635025477450469 ], [ 44.651243950151816, 41.635159059318546 ], [ 44.651404981619528, 41.635232191006345 ], [ 44.651606451992294, 41.63528729548409 ], [ 44.651783991039451, 41.635293868264824 ], [ 44.652049930103033, 41.635361281950225 ], [ 44.65231553936362, 41.635501337264287 ], [ 44.652621300665331, 41.635665742731561 ], [ 44.652943591761868, 41.635781783475686 ], [ 44.653217838022108, 41.635800760686791 ], [ 44.653452127573246, 41.635759088266219 ], [ 44.653654087649862, 41.635723352803033 ], [ 44.653774948909621, 41.635753981152867 ], [ 44.653758050404647, 41.635905296606239 ], [ 44.653716741604654, 41.636074733107655 ], [ 44.653635188598173, 41.63622585374975 ], [ 44.653529951672617, 41.636304214679747 ], [ 44.653473109736801, 41.636358537024556 ], [ 44.653262129814181, 41.636575875549752 ], [ 44.653148240219984, 41.636745092871536 ], [ 44.653090878107498, 41.636896286098462 ], [ 44.653009674911942, 41.636992913652676 ], [ 44.652872110544259, 41.637065186580116 ], [ 44.652645567913069, 41.637161329853072 ], [ 44.652435200795203, 41.637263601459168 ], [ 44.652410622333448, 41.637324055651227 ], [ 44.652424437075034, 41.637400974034023 ], [ 44.652931224523407, 41.637549908407784 ], [ 44.653340260724697, 41.637612571899176 ], [ 44.653583659092732, 41.637597588064494 ], [ 44.653888598589603, 41.637536536960695 ], [ 44.65421416608811, 41.637491039515865 ], [ 44.654518835606339, 41.637480336278408 ], [ 44.654761466333056, 41.63749655765438 ], [ 44.655122947666392, 41.637482150323095 ], [ 44.655303892767662, 41.637447835115658 ], [ 44.655613683519469, 41.637444890540671 ], [ 44.655918446206535, 41.637484309045057 ], [ 44.656166022862124, 41.63747365571286 ], [ 44.656419677847374, 41.637437574621714 ], [ 44.656667186527343, 41.637417057101864 ], [ 44.656940917830902, 41.637410128138768 ], [ 44.657111065515714, 41.637453239944804 ], [ 44.65744138453681, 41.637473590301092 ], [ 44.657678853172506, 41.637489790136335 ], [ 44.657827351548733, 41.637540042184305 ], [ 44.658465469468467, 41.637627913786751 ], [ 44.65885772924549, 41.637776481705181 ], [ 44.659036857824013, 41.637961300859182 ], [ 44.659150236818164, 41.638182719274766 ], [ 44.659427573577233, 41.638392373639419 ], [ 44.659983294706919, 41.638590556255629 ], [ 44.660473203969673, 41.638837676183257 ], [ 44.66084805566242, 41.639182768376365 ], [ 44.661173742972821, 41.639527669387746 ], [ 44.661270926627182, 41.639736788107385 ], [ 44.66138444051478, 41.63994595484381 ], [ 44.661596618970144, 41.640081687906203 ], [ 44.661972836359524, 41.6401564738633 ], [ 44.662332147549186, 41.640341817529475 ] ] ] ] } }
]
}
