{
"type": "FeatureCollection",
"name": "ბოლნისი-ღვინო",
"crs": { "type": "name", "properties": { "name": "urn:ogc:def:crs:OGC:1.3:CRS84" } },
"features": [
{ "type": "Feature", "properties": { "OBJECTID": 20, "NAME_GEO": "ბოლნისი (ღვინო)", "NAME_ENG": "Bolnisi", "Location": "Kvemo Kartli", "MoreInfo": "https://www.sakpatenti.gov.ge/media/django-summernote/2025-11-19/533e77ae-dcb1-416b-a39c-f6aecd603e95.pdf" }, "geometry": { "type": "MultiPolygon", "coordinates": [ [ [ [ 44.666228265280978, 41.346483754968823 ], [ 44.666716014086411, 41.346509666611659 ], [ 44.667106627383269, 41.34655988892802 ], [ 44.667532199157158, 41.346568374760018 ], [ 44.667722914739244, 41.346692520746039 ], [ 44.667639862198882, 41.346898272960985 ], [ 44.667484405703014, 41.347007686938753 ], [ 44.666872455201911, 41.347294306106583 ], [ 44.666169521569529, 41.347553192834646 ], [ 44.666253925403943, 41.347710987244902 ], [ 44.666578428772361, 41.347774102366593 ], [ 44.666687349604111, 41.347856814656261 ], [ 44.66642188198211, 41.348096370257778 ], [ 44.665859601095107, 41.348397083512026 ], [ 44.665079155434547, 41.348723595046415 ], [ 44.664775829200259, 41.349073921065809 ], [ 44.664816366355126, 41.349187670906041 ], [ 44.664870643313876, 41.349291146956084 ], [ 44.665295107689616, 41.349375027550089 ], [ 44.665390731148143, 41.349457950984267 ], [ 44.66569189631236, 41.349541471570674 ], [ 44.665924297370339, 41.349666091954717 ], [ 44.665964731452789, 41.34980046864699 ], [ 44.665827147999266, 41.349893073440199 ], [ 44.665662666126757, 41.349892595735021 ], [ 44.66503221843363, 41.349870089943494 ], [ 44.664757737638617, 41.349920904691174 ], [ 44.664674648318211, 41.350085998414428 ], [ 44.664067301819394, 41.3505888918301 ], [ 44.663781500248305, 41.351057031609251 ], [ 44.663661612980171, 41.351688389948762 ], [ 44.66356393269605, 41.352253895810556 ], [ 44.663583510763971, 41.352698895710041 ], [ 44.663327947640852, 41.353214708258818 ], [ 44.663766037859311, 41.35326872886808 ], [ 44.664363937517351, 41.353082664288131 ], [ 44.664819423000274, 41.352961577567484 ], [ 44.665697366942169, 41.352841716953087 ], [ 44.666477386740581, 41.352795068449559 ], [ 44.667452378085763, 41.352748888117148 ], [ 44.668297053703895, 41.352775781523142 ], [ 44.668882034681943, 41.352753010233506 ], [ 44.669531243072242, 41.352877335448227 ], [ 44.669985357923629, 41.353025463471774 ], [ 44.669984121434602, 41.353270288279532 ], [ 44.669463919425183, 41.353342252930439 ], [ 44.668782066381311, 41.35324242432354 ], [ 44.66819782699308, 41.353118282214545 ], [ 44.667482526343157, 41.353214131081067 ], [ 44.666506903540309, 41.35338267895856 ], [ 44.665725726022849, 41.353642580747717 ], [ 44.665780173817936, 41.3537253391615 ], [ 44.665615410948256, 41.353766205743639 ], [ 44.665272302996662, 41.353827181069008 ], [ 44.665208482277279, 41.353858972638683 ], [ 44.665107387656988, 41.35390934661838 ], [ 44.66517510607629, 41.354085103019138 ], [ 44.665063359237294, 41.354487690639615 ], [ 44.665058891043316, 41.354508125030819 ], [ 44.665037037214908, 41.354608541906671 ], [ 44.665007224008811, 41.354745776949073 ], [ 44.665303720842566, 41.355021823689349 ], [ 44.66561896987298, 41.355173168022674 ], [ 44.66596750974314, 41.355337128768994 ], [ 44.666431593627046, 41.355676937691463 ], [ 44.666680124520013, 41.35587821334358 ], [ 44.66724505980487, 41.356017755441663 ], [ 44.667677451052072, 41.356056611805904 ], [ 44.668309873200613, 41.356008263571425 ], [ 44.668775562733586, 41.356034691125501 ], [ 44.669091071341576, 41.35616094034372 ], [ 44.669106672553696, 41.356361585804962 ], [ 44.668722473820708, 41.356661291340657 ], [ 44.668323559104088, 41.356597494091531 ], [ 44.667525676657505, 41.356457284567384 ], [ 44.666861105900544, 41.356279893539721 ], [ 44.666212507654897, 41.356084817021554 ], [ 44.665950618183956, 41.355974195227034 ], [ 44.665506526631027, 41.355852056774197 ], [ 44.665185640366666, 41.355873096074269 ], [ 44.664518442236705, 41.355854502441005 ], [ 44.664030357973438, 41.355754895120057 ], [ 44.66380371124724, 41.355484273649829 ], [ 44.663837803091262, 41.355189822703039 ], [ 44.663839065706, 41.354944412640997 ], [ 44.663840581101113, 41.354649866507451 ], [ 44.663610726041867, 41.354446027058707 ], [ 44.663419310025397, 41.354276303497301 ], [ 44.662926862643992, 41.35400544303949 ], [ 44.662803841179716, 41.353995624616687 ], [ 44.662282923233796, 41.353983738381871 ], [ 44.661789547763902, 41.353951258144711 ], [ 44.661652805538459, 41.353878569716322 ], [ 44.661646248290111, 41.353782798973995 ], [ 44.661640080541858, 41.353692614126452 ], [ 44.661599974186871, 41.353496219207543 ], [ 44.661271093306667, 41.353464265343256 ], [ 44.661024148915509, 41.353515197219714 ], [ 44.660871677701913, 41.353824611669239 ], [ 44.660720444611023, 41.353906811244038 ], [ 44.660556328239657, 41.353834040810817 ], [ 44.660241671118698, 41.353698808055384 ], [ 44.659967767758751, 41.353646340168986 ], [ 44.659870704944559, 41.353863047965817 ], [ 44.659787485217976, 41.35403836134472 ], [ 44.659677863595753, 41.35403803723775 ], [ 44.659596472310135, 41.35386223717321 ], [ 44.659735202679371, 41.353552693718974 ], [ 44.659886973715459, 41.353367224155463 ], [ 44.659791572684632, 41.35325331049804 ], [ 44.65977885333055, 41.353067309665249 ], [ 44.659779391030064, 41.352964038379191 ], [ 44.659462430747105, 41.353283323424066 ], [ 44.659324346346182, 41.353468832944692 ], [ 44.659241131181638, 41.353654549804659 ], [ 44.659349950454875, 41.353820117539151 ], [ 44.65939010399682, 41.35400619959082 ], [ 44.659320360783738, 41.354233256494524 ], [ 44.659347149974998, 41.354357281230058 ], [ 44.659510997105862, 41.354481711528273 ], [ 44.659757635507745, 41.354513427309371 ], [ 44.660004106811847, 41.354565814653263 ], [ 44.660044638991742, 41.354679566046777 ], [ 44.659824790083135, 41.354771875498265 ], [ 44.65937200060835, 41.3548531815469 ], [ 44.659234666593171, 41.35489412015901 ], [ 44.659330230583798, 41.35497704837352 ], [ 44.659755214730566, 41.354978305587004 ], [ 44.660276026904178, 41.355000471689777 ], [ 44.660714651635566, 41.355022438208572 ], [ 44.661044236553273, 41.354920136536123 ], [ 44.661250604609116, 41.354776081097143 ], [ 44.66122413294989, 41.354590085028171 ], [ 44.660991026890201, 41.354599712384143 ], [ 44.660881612416581, 41.35454777612776 ], [ 44.660882255924967, 41.354423787549401 ], [ 44.661211837557445, 41.354321485373795 ], [ 44.661705429809608, 41.35431257851414 ], [ 44.662089286504241, 41.35431370620492 ], [ 44.66211624098775, 41.354406789462494 ], [ 44.662018590410106, 41.35472672513243 ], [ 44.661907892232428, 41.35492267694444 ], [ 44.661729228559302, 41.355015111014573 ], [ 44.661673447869838, 41.355190551410807 ], [ 44.661576549335734, 41.355376184643028 ], [ 44.661498936713308, 41.355439341499725 ], [ 44.661382234826512, 41.355449984833307 ], [ 44.660879036624024, 41.355481461313111 ], [ 44.659609987273001, 41.35558208392866 ], [ 44.659245186553008, 41.355635935801978 ], [ 44.659069761836911, 41.355723305805739 ], [ 44.658588315571649, 41.355776809986978 ], [ 44.658340302176676, 41.355803539228944 ], [ 44.658010637782908, 41.355925988438059 ], [ 44.657550562742507, 41.355723464005244 ], [ 44.657188241068049, 41.355393219284906 ], [ 44.656877199042832, 41.354541947513219 ], [ 44.656757676871621, 41.354194138551797 ], [ 44.656650290808003, 41.353846365653581 ], [ 44.65661547312385, 41.353544526673971 ], [ 44.656155082367896, 41.353405999609478 ], [ 44.655574263096476, 41.353093384045629 ], [ 44.655054074359107, 41.352790090958457 ], [ 44.654557966296998, 41.352523441611545 ], [ 44.65417044057309, 41.352375981596758 ], [ 44.653903631280812, 41.352347749408935 ], [ 44.653811110509466, 41.351487982201334 ], [ 44.653630891182921, 41.35114913091622 ], [ 44.653198864958775, 41.350345963730284 ], [ 44.649354151981015, 41.350550490061181 ], [ 44.645534739737094, 41.347578104230678 ], [ 44.644705325283176, 41.34755055045698 ], [ 44.643196605670163, 41.34750039428036 ], [ 44.641611382723305, 41.346579073373249 ], [ 44.641311604202876, 41.343974876515468 ], [ 44.641304986616085, 41.343917476991557 ], [ 44.641075678341558, 41.341924939272019 ], [ 44.640358826772591, 41.336212820632781 ], [ 44.639256334782786, 41.332614265709445 ], [ 44.636928469001823, 41.330774150364434 ], [ 44.634972853911606, 41.329287639888584 ], [ 44.634367133594495, 41.32815002655974 ], [ 44.633769771046168, 41.327028064794717 ], [ 44.63222595541523, 41.325952216520953 ], [ 44.631709913263435, 41.325592600348912 ], [ 44.630416470878139, 41.324691106926721 ], [ 44.628170152143561, 41.325036298700113 ], [ 44.626669990406, 41.325736385628637 ], [ 44.626470908689313, 41.327850522852088 ], [ 44.626243415008958, 41.328357593407752 ], [ 44.625839073236641, 41.329258941147657 ], [ 44.625618347483623, 41.329751034520058 ], [ 44.624013133431276, 41.33242451024919 ], [ 44.624470166436879, 41.334258797197791 ], [ 44.625486890780223, 41.336376844910482 ], [ 44.625293392031573, 41.337504112453082 ], [ 44.620946055151144, 41.340405078171408 ], [ 44.620486243767068, 41.340490126694931 ], [ 44.619853575801713, 41.340682784800912 ], [ 44.619478927019905, 41.340941148051925 ], [ 44.619188439415822, 41.341524245116275 ], [ 44.618925994310871, 41.342237279891172 ], [ 44.618550588491665, 41.342582246334331 ], [ 44.618061940244495, 41.342710426387377 ], [ 44.617545751023165, 41.342622148483223 ], [ 44.617086046337462, 41.342685565303412 ], [ 44.616368306853609, 41.342704793565787 ], [ 44.615622644839313, 41.342594123501847 ], [ 44.614849072468502, 41.342331981223595 ], [ 44.614219435176111, 41.342005280865358 ], [ 44.61390557666045, 41.341679771916759 ], [ 44.61364933865746, 41.341332747032858 ], [ 44.613251488617628, 41.340639170809297 ], [ 44.613025095235741, 41.340097498749351 ], [ 44.613000380898477, 41.339426793921255 ], [ 44.613232275653459, 41.339038171406287 ], [ 44.61317759640071, 41.338583640223277 ], [ 44.613727161007716, 41.337871537078115 ], [ 44.614074152955467, 41.337440062094458 ], [ 44.614390926332248, 41.337268086232797 ], [ 44.614908725877825, 41.337075073751038 ], [ 44.615512054197957, 41.33699052696528 ], [ 44.616171857217914, 41.337057674610641 ], [ 44.616774049510916, 41.337146245107554 ], [ 44.61714830020577, 41.336974362926313 ], [ 44.617206738810573, 41.336801519682105 ], [ 44.616377326687612, 41.336279555222575 ], [ 44.615834795941005, 41.335801779546713 ], [ 44.615664871227906, 41.335411809975007 ], [ 44.615810562689568, 41.335044512527951 ], [ 44.615496475116409, 41.334762243685695 ], [ 44.614981116163065, 41.334544201254992 ], [ 44.614609934759748, 41.334196748501498 ], [ 44.614411977921321, 41.333698500772513 ], [ 44.614154363904568, 41.333589455104232 ], [ 44.613694209271173, 41.333739240764373 ], [ 44.613350687735895, 41.333586758101596 ], [ 44.613238018068301, 41.333218595596279 ], [ 44.61347001690126, 41.332808354053221 ], [ 44.614016839386537, 41.332572205949972 ], [ 44.614678321519214, 41.332336439146381 ], [ 44.615224948769118, 41.332121903082012 ], [ 44.615429014002288, 41.33158176326252 ], [ 44.615259356866368, 41.331148556786871 ], [ 44.614890987953551, 41.330346811107049 ], [ 44.6148660027688, 41.329719341560725 ], [ 44.614695784358332, 41.329372696202554 ], [ 44.614324310638857, 41.329090141720087 ], [ 44.61383678515945, 41.329023651675037 ], [ 44.613464618004677, 41.32884927451596 ], [ 44.613786640318303, 41.327478122846657 ], [ 44.61407307549392, 41.32652615908097 ], [ 44.613375315553661, 41.325782843956326 ], [ 44.612591008722561, 41.327791626123329 ], [ 44.611741341217616, 41.329640160037876 ], [ 44.611595033730474, 41.329958493769361 ], [ 44.611711981748606, 41.33069044821827 ], [ 44.611865803687564, 41.331653213804003 ], [ 44.611681186660995, 41.331791129390332 ], [ 44.610878369089043, 41.332390942498343 ], [ 44.609824629613492, 41.332440340425514 ], [ 44.609465941132697, 41.333709478361087 ], [ 44.608201173565071, 41.333811020291222 ], [ 44.606941930310889, 41.333012789189965 ], [ 44.60715897669305, 41.331954901437662 ], [ 44.608081058045286, 41.330422908971521 ], [ 44.608723543434401, 41.328678412792875 ], [ 44.609080003526891, 41.327779755094106 ], [ 44.608599923989516, 41.325872544856431 ], [ 44.607071036201965, 41.323220692637996 ], [ 44.607476052301877, 41.321536822866349 ], [ 44.609144403038108, 41.31952261151735 ], [ 44.611099868591594, 41.318354088941653 ], [ 44.610424329710469, 41.317250071126935 ], [ 44.61155490249228, 41.31552783352177 ], [ 44.612134989327565, 41.315562217437112 ], [ 44.614184348336067, 41.315683592841083 ], [ 44.614932022787229, 41.312821551596862 ], [ 44.614843063716044, 41.311352274520019 ], [ 44.613608425093304, 41.312364207923657 ], [ 44.613325765782271, 41.312595838137611 ], [ 44.613194014708334, 41.312581658704062 ], [ 44.612221254098117, 41.312477183997927 ], [ 44.611914174199292, 41.312444171677129 ], [ 44.610366003266144, 41.310712881724399 ], [ 44.609148407698925, 41.310672002309943 ], [ 44.610595146568713, 41.313100793689586 ], [ 44.61175729091822, 41.31427986645798 ], [ 44.611121696570521, 41.314681717098992 ], [ 44.60995201453764, 41.314787923882008 ], [ 44.609272803430585, 41.314308211252374 ], [ 44.608537966870522, 41.315040203851439 ], [ 44.608383701164108, 41.316361741639824 ], [ 44.609156250512278, 41.317539513865881 ], [ 44.608321344185882, 41.318675160682446 ], [ 44.606797130161553, 41.321020345674391 ], [ 44.605468132351433, 41.323292765928379 ], [ 44.605408628796233, 41.325055279293949 ], [ 44.60588959368021, 41.326085246230441 ], [ 44.605446644903303, 41.326854967902143 ], [ 44.604265284565578, 41.328833956705836 ], [ 44.602301238587863, 41.331361231375453 ], [ 44.602246778404314, 41.332279106980991 ], [ 44.600738634609762, 41.331943393152599 ], [ 44.599911935303744, 41.331683442991377 ], [ 44.600998642683926, 41.32922667410643 ], [ 44.601611292265304, 41.327956099013242 ], [ 44.602183013145385, 41.326770231419161 ], [ 44.602096349886821, 41.325007215133795 ], [ 44.601295554591346, 41.323990627201304 ], [ 44.60035582110234, 41.322797630765727 ], [ 44.599530362506577, 41.322354104861638 ], [ 44.600507783418472, 41.32184334157057 ], [ 44.598862542925751, 41.320074901482819 ], [ 44.597360109592131, 41.318821007086783 ], [ 44.594929542829341, 41.318004487616804 ], [ 44.593772317190002, 41.316090774385785 ], [ 44.593097899122874, 41.314876494370353 ], [ 44.592028045849645, 41.312552229459385 ], [ 44.592039427553352, 41.310726585037123 ], [ 44.592053947981057, 41.308397239175022 ], [ 44.591400533134546, 41.306065523396803 ], [ 44.588885013112844, 41.304274207257762 ], [ 44.588823827582551, 41.304230616494507 ], [ 44.587418449887664, 41.302022116311775 ], [ 44.586609184760547, 41.301348812261288 ], [ 44.584385855034519, 41.301117099344047 ], [ 44.580828453389749, 41.30076866233086 ], [ 44.578757113766791, 41.299978148766769 ], [ 44.578323711908133, 41.298186994686425 ], [ 44.578418141469513, 41.297749609441816 ], [ 44.578782300008932, 41.296063567353144 ], [ 44.578204188550067, 41.293712636144029 ], [ 44.576731377572344, 41.292141368509924 ], [ 44.576595339983669, 41.290239422298242 ], [ 44.577347623988189, 41.288564492745166 ], [ 44.579139305208685, 41.286669654637834 ], [ 44.579889988301183, 41.285218364144455 ], [ 44.579456649722275, 41.283427210050831 ], [ 44.578432441915815, 41.281298352359443 ], [ 44.576459182627026, 41.278365611870377 ], [ 44.572727065035004, 41.274573060532759 ], [ 44.568987612354732, 41.271961188584896 ], [ 44.558694906663924, 41.266372140510015 ], [ 44.555415581836655, 41.265296740265356 ], [ 44.552442058889554, 41.265285219502111 ], [ 44.548682808208909, 41.265742912834796 ], [ 44.544762955636052, 41.266790263563379 ], [ 44.542353477310918, 41.267461113874234 ], [ 44.54220233771639, 41.267503164835801 ], [ 44.539744838706838, 41.26818732615498 ], [ 44.537240733125444, 41.268177288248523 ], [ 44.53192287128303, 41.267683467623357 ], [ 44.529170582228218, 41.266584510453477 ], [ 44.525519980513337, 41.262003342681311 ], [ 44.521624366022117, 41.255038746719706 ], [ 44.521425043476256, 41.246302690345502 ], [ 44.52675727251534, 41.236398292813064 ], [ 44.53101908687411, 41.228871623726867 ], [ 44.535920412100353, 41.225713469338267 ], [ 44.533061812928061, 41.224902737177842 ], [ 44.5314472472677, 41.224285041495527 ], [ 44.530703795332848, 41.223764873489934 ], [ 44.530210013957785, 41.223151722605017 ], [ 44.530031263056806, 41.222022669991198 ], [ 44.530350374667456, 41.220942669454317 ], [ 44.530727656240863, 41.220427111781348 ], [ 44.530424081219273, 41.219344616540639 ], [ 44.529751323441438, 41.217649430235049 ], [ 44.529087365864328, 41.214731998927483 ], [ 44.528406308318736, 41.214212025480016 ], [ 44.527040380383845, 41.213689372327082 ], [ 44.52555129251013, 41.213119444790721 ], [ 44.523563622036441, 41.212358676513169 ], [ 44.520579914807513, 41.211735155053042 ], [ 44.519833313117815, 41.211685023387275 ], [ 44.517285376564502, 41.209038714676154 ], [ 44.516724451071568, 41.208212907754948 ], [ 44.516007545968165, 41.207157507526532 ], [ 44.514427848907104, 41.205800217332737 ], [ 44.513345031646274, 41.204445006025736 ], [ 44.512858292864685, 41.203092307237661 ], [ 44.51287220273246, 41.201216520459496 ], [ 44.512286709620973, 41.199788410171983 ], [ 44.51140321673283, 41.198358987654558 ], [ 44.51061351282469, 41.197680313497358 ], [ 44.51072067590701, 41.196630314235229 ], [ 44.510669197077611, 41.196456693700767 ], [ 44.510511504967546, 41.19592482847019 ], [ 44.508791207060412, 41.195288528162614 ], [ 44.506832303253297, 41.194740989277896 ], [ 44.504519624969703, 41.193787576461624 ], [ 44.503450362618899, 41.193603173796831 ], [ 44.501607437432497, 41.193460410174474 ], [ 44.500068078699861, 41.192510206817133 ], [ 44.498412620574214, 41.191200017258865 ], [ 44.49681254262007, 41.190429213168009 ], [ 44.493729652128813, 41.18911266554403 ], [ 44.49141394702179, 41.188608244634459 ], [ 44.488683294401689, 41.187922183134845 ], [ 44.486188529581995, 41.187506715828206 ], [ 44.483336448704961, 41.187134496473632 ], [ 44.482797922251947, 41.187032677226327 ], [ 44.480901542929338, 41.186674233779321 ], [ 44.478824195472349, 41.18612568442429 ], [ 44.476757343367332, 41.185056939180164 ], [ 44.476632597916421, 41.184992461340109 ], [ 44.474742745983214, 41.183321405111194 ], [ 44.47368345192843, 41.181923722487149 ], [ 44.473104040593768, 41.181723529959825 ], [ 44.472497285513619, 41.181513886103708 ], [ 44.468159222763454, 41.181089571139104 ], [ 44.465636830672914, 41.181238596828628 ], [ 44.464114062158757, 41.181518648568442 ], [ 44.462779371916788, 41.182038987563836 ], [ 44.46137815379825, 41.18294188064381 ], [ 44.46054424882508, 41.184182418779834 ], [ 44.460086282008341, 41.185951269977153 ], [ 44.459506657200322, 41.187097327823444 ], [ 44.458862001134776, 41.188434494612629 ], [ 44.458540511274137, 41.189007371650405 ], [ 44.457139876803353, 41.189814460681319 ], [ 44.456120878320405, 41.190431917830296 ], [ 44.45421777019255, 41.190710086180616 ], [ 44.452821828693544, 41.190942801891275 ], [ 44.451546582417905, 41.19189400377519 ], [ 44.451038072793359, 41.192083043573007 ], [ 44.450280507938785, 41.191744381886799 ], [ 44.449397857875361, 41.191213699750755 ], [ 44.448323140905309, 41.19092134034112 ], [ 44.447119262496678, 41.190915567282879 ], [ 44.445787881587002, 41.19100487690158 ], [ 44.444198592652278, 41.191619437448622 ], [ 44.442608868092741, 41.192281850727298 ], [ 44.439664019767768, 41.192955492300612 ], [ 44.438359361060122, 41.193253918784933 ], [ 44.438101092674117, 41.193312966731384 ], [ 44.434992256613043, 41.193776435406789 ], [ 44.433212598729781, 41.194389909684588 ], [ 44.429267369154061, 41.196285004155918 ], [ 44.426402195191592, 41.197850299318389 ], [ 44.425637101921708, 41.198372995961421 ], [ 44.424558184088596, 41.198559072207431 ], [ 44.422530767919987, 41.198501047176826 ], [ 44.419609926255006, 41.199156459255377 ], [ 44.417576131933671, 41.199816331649679 ], [ 44.416496377988302, 41.20009803655465 ], [ 44.413959818322269, 41.200276618645091 ], [ 44.412181194630563, 41.200746231637808 ], [ 44.410909525229449, 41.201218321329108 ], [ 44.409946488076123, 41.202601457018076 ], [ 44.409235618336609, 41.204129508367117 ], [ 44.408270347026026, 41.205751911350625 ], [ 44.407368420384103, 41.207374676752281 ], [ 44.406473369628202, 41.208231622844195 ], [ 44.404947502621511, 41.208750257124734 ], [ 44.40252567305658, 41.210221444681721 ], [ 44.400929405964234, 41.211505551900657 ], [ 44.399779311003336, 41.212504703014496 ], [ 44.398374388981445, 41.213646096301879 ], [ 44.396462834850773, 41.214737031406202 ], [ 44.393919976655908, 41.215537353738227 ], [ 44.392201039444977, 41.216341971390278 ], [ 44.39136818337029, 41.217294879719311 ], [ 44.390658941197536, 41.218583437139941 ], [ 44.389825084898867, 41.219632036719155 ], [ 44.387208782437781, 41.221484835117636 ], [ 44.387716208525084, 41.222261936796393 ], [ 44.38887882486258, 41.222211498622094 ], [ 44.389469912012423, 41.22314870011018 ], [ 44.38952436041108, 41.225356760194757 ], [ 44.388804146534625, 41.226202106546623 ], [ 44.38856891240092, 41.227304720406529 ], [ 44.390261822807091, 41.228290819754953 ], [ 44.392039024783834, 41.229379667943647 ], [ 44.39209632990044, 41.229414785682167 ], [ 44.392752912460402, 41.229816980895997 ], [ 44.393899706136118, 41.23129359301371 ], [ 44.395525917573792, 41.233387313825069 ], [ 44.397891406311011, 41.23771192310064 ], [ 44.399060783232734, 41.241349390481282 ], [ 44.400524743159494, 41.245669231745481 ], [ 44.40131831319993, 41.246581210619389 ], [ 44.404906126250538, 41.248869411779737 ], [ 44.407893281139522, 41.251078702826106 ], [ 44.410499503222965, 41.251092076152396 ], [ 44.413707140624808, 41.25110845453581 ], [ 44.416503721130866, 41.252257461535265 ], [ 44.412791505102703, 41.25507230068358 ], [ 44.411843931311388, 41.255790788371122 ], [ 44.411776207962284, 41.255842147020054 ], [ 44.409590499120057, 41.257499244092251 ], [ 44.401929910262716, 41.263306195818885 ], [ 44.400624642792138, 41.264295486051665 ], [ 44.39381919115479, 41.269452641614301 ], [ 44.393602775636047, 41.269616617572048 ], [ 44.393566765388201, 41.269643924049085 ], [ 44.387927546559851, 41.273916337966327 ], [ 44.39020895551333, 41.27767548403034 ], [ 44.393468068158342, 41.282679787359719 ], [ 44.40530988039054, 41.289125029496326 ], [ 44.411236236356359, 41.291848530468229 ], [ 44.41346644356156, 41.293854764468215 ], [ 44.415029307214027, 41.296555708282725 ], [ 44.416327799442897, 41.299255334675557 ], [ 44.415903434478849, 41.302345167303464 ], [ 44.415483481296896, 41.30493630780596 ], [ 44.416128801060232, 41.306734907189572 ], [ 44.418623312416315, 41.308842137685268 ], [ 44.422311234478769, 41.310656028627754 ], [ 44.426524791514247, 41.312871416749822 ], [ 44.430723134218269, 41.316881896723501 ], [ 44.433214182188827, 41.319487456660944 ], [ 44.435024966348543, 41.324283894373757 ], [ 44.435000842515521, 41.327076559364109 ], [ 44.434824292530188, 41.327518464526364 ], [ 44.434324616737534, 41.328768841241526 ], [ 44.432195481543488, 41.330154725592784 ], [ 44.42808405791682, 41.331231547672907 ], [ 44.425427135444657, 41.332415207498642 ], [ 44.422195562731808, 41.33276271389586 ], [ 44.418747773890779, 41.333116288916145 ], [ 44.416041918048045, 41.333040754495272 ], [ 44.412847353882349, 41.33259177416447 ], [ 44.410631958295276, 41.332704081212697 ], [ 44.409316931221966, 41.333006437528276 ], [ 44.408903011532132, 41.333437040199279 ], [ 44.408136930841238, 41.336524033730328 ], [ 44.408452674335734, 41.337885631655432 ], [ 44.409419029245313, 41.33986876341443 ], [ 44.410465758390878, 41.342037765526634 ], [ 44.410370944614698, 41.343459090687311 ], [ 44.409434295173327, 41.344092569449479 ], [ 44.40688033520933, 41.344655654343363 ], [ 44.40477851435179, 41.344548781905232 ], [ 44.402291277018122, 41.344775990000109 ], [ 44.40076028687087, 41.344960116519424 ], [ 44.399607612839496, 41.34557838310171 ], [ 44.399092104474384, 41.346199966614392 ], [ 44.398764234592655, 41.347206658539093 ], [ 44.39836961047871, 41.348549210120574 ], [ 44.397408362735163, 41.349120399012378 ], [ 44.395685180263726, 41.349399517556272 ], [ 44.39262829517056, 41.349191337804697 ], [ 44.387152149971996, 41.348237043858354 ], [ 44.386145466019421, 41.348061569777919 ], [ 44.38595485010719, 41.348031773545266 ], [ 44.385707334231604, 41.347951320670489 ], [ 44.385469246095788, 41.347885284768594 ], [ 44.385164401861523, 41.347818936798483 ], [ 44.384830609266636, 41.347773961515955 ], [ 44.384496944346004, 41.34772182488549 ], [ 44.384163347869531, 41.347662481553137 ], [ 44.384145618862981, 41.347660179814945 ], [ 44.384046110876291, 41.347647126686191 ], [ 44.383990298107243, 41.347639802011699 ], [ 44.38384382395261, 41.347631991962764 ], [ 44.383733427520475, 41.347696165701834 ], [ 44.383642536803301, 41.347713649181912 ], [ 44.38355595178561, 41.347781553320559 ], [ 44.383464408174106, 41.347874562105559 ], [ 44.383381842335666, 41.347972528073541 ], [ 44.383406680518448, 41.348076519072713 ], [ 44.38334208099225, 41.348081937835794 ], [ 44.383246579601106, 41.348138264199768 ], [ 44.382988263504345, 41.348398100721987 ], [ 44.382860064273096, 41.348682729853849 ], [ 44.382758100040959, 41.349049829218295 ], [ 44.382743775585432, 41.349262872768335 ], [ 44.382760232474574, 41.349330293017637 ], [ 44.382772705425417, 41.349756240333292 ], [ 44.382766352846915, 41.349833987085397 ], [ 44.382789095925737, 41.349900315085392 ], [ 44.382792130400681, 41.349977706836583 ], [ 44.382737636288738, 41.350216566942564 ], [ 44.382719403899834, 41.350438326879143 ], [ 44.382776832423033, 41.350793715328052 ], [ 44.382699534572062, 41.350985208107836 ], [ 44.382739300977335, 41.351210927184937 ], [ 44.382636583362157, 41.351435836951417 ], [ 44.382485520077921, 41.351760967215796 ], [ 44.38245143280318, 41.351946296231262 ], [ 44.382478431631895, 41.352068314191939 ], [ 44.382764552917592, 41.352321521972023 ], [ 44.382840588015306, 41.352498028690299 ], [ 44.382939870685469, 41.352814188009788 ], [ 44.383089441955654, 41.353109268756441 ], [ 44.383147268279437, 41.353245683820255 ], [ 44.383159403479667, 41.353365820403461 ], [ 44.383185559324403, 41.3534127101262 ], [ 44.383158300624778, 41.353482643286988 ], [ 44.38317352477376, 41.353497182111226 ], [ 44.383167283821145, 41.353556779085658 ], [ 44.383145517579784, 41.353576749406272 ], [ 44.383033051092248, 41.35361213195938 ], [ 44.383037032601194, 41.353658902835427 ], [ 44.383128996934047, 41.353762848293194 ], [ 44.383208473810619, 41.353796647493873 ], [ 44.383327851466213, 41.353820661997631 ], [ 44.383532876467072, 41.35394039073698 ], [ 44.383568821525266, 41.353963417584183 ], [ 44.383578715915419, 41.353972703388287 ], [ 44.3837540114055, 41.354113935806346 ], [ 44.38386279051084, 41.354222429479762 ], [ 44.383886189615254, 41.354276510371406 ], [ 44.383871727964234, 41.35434588166774 ], [ 44.383836687176128, 41.354347360472936 ], [ 44.38385390368186, 41.354404200628984 ], [ 44.383857823390706, 41.354457591737912 ], [ 44.383884767268675, 41.354484398530438 ], [ 44.383902949409034, 41.354521246940912 ], [ 44.383906289712939, 41.354674124058256 ], [ 44.383861210673317, 41.354801971011611 ], [ 44.383836270457145, 41.354822554998393 ], [ 44.383801819452898, 41.35489456657627 ], [ 44.383778526187776, 41.354975014969774 ], [ 44.383784612023163, 41.354982523876814 ], [ 44.383701342267862, 41.355147863129119 ], [ 44.383593618312126, 41.355427918419529 ], [ 44.383591954024908, 41.355604323625883 ], [ 44.383590971251472, 41.355708491415577 ], [ 44.383597383215402, 41.356061579168106 ], [ 44.383501538772315, 41.356064353550742 ], [ 44.383460345187039, 41.356211002000819 ], [ 44.383427686227513, 41.35638435869123 ], [ 44.38341252726299, 41.356584516699563 ], [ 44.383410416984908, 41.356808119364722 ], [ 44.383483745455557, 41.35701879491738 ], [ 44.383566456118473, 41.357172772720105 ], [ 44.383644226391539, 41.357267543994453 ], [ 44.383674554963633, 41.357480601312602 ], [ 44.383669786717135, 41.357783276535429 ], [ 44.383559868353387, 41.35805467260198 ], [ 44.383430878205168, 41.358281964198071 ], [ 44.383331047550953, 41.358516708057984 ], [ 44.38330081461006, 41.35876218355078 ], [ 44.383121023653572, 41.359057840502899 ], [ 44.383001669379489, 41.359296172506134 ], [ 44.38288156013472, 41.359608002403675 ], [ 44.382787147354875, 41.359787693266846 ], [ 44.382683998520108, 41.359860687118044 ], [ 44.382551873073439, 41.359900377416842 ], [ 44.382326514607634, 41.3599947838239 ], [ 44.382115348831981, 41.360137006304839 ], [ 44.381997180871188, 41.360243021846856 ], [ 44.381962145125918, 41.360338404396863 ], [ 44.381945981774187, 41.360530404789714 ], [ 44.381940188727661, 41.360599326900022 ], [ 44.381874470880199, 41.360841638827821 ], [ 44.381872384000559, 41.361062178832121 ], [ 44.381874894770817, 41.361308550310525 ], [ 44.381370765777497, 41.361467572950403 ], [ 44.381178540034348, 41.361540717078718 ], [ 44.381139662055581, 41.36155559575095 ], [ 44.38093087733602, 41.361635000775209 ], [ 44.380846763493878, 41.361666975632929 ], [ 44.380690034849977, 41.361728645069121 ], [ 44.380612164430076, 41.361757815958363 ], [ 44.380553911758511, 41.361779616082181 ], [ 44.379709774890088, 41.362162531282003 ], [ 44.379685398566302, 41.362173659392965 ], [ 44.379668214605346, 41.362189104880194 ], [ 44.379648985492729, 41.362199585158706 ], [ 44.379631439536958, 41.362209083671182 ], [ 44.37953830591411, 41.362252763864873 ], [ 44.379492421571285, 41.362275125550262 ], [ 44.379366690148295, 41.36233637481061 ], [ 44.379003929192656, 41.362510921817154 ], [ 44.378787886893505, 41.362623701970669 ], [ 44.378928849382774, 41.362749398250223 ], [ 44.379060969318559, 41.362987821814606 ], [ 44.379111881954074, 41.363159781394785 ], [ 44.379110668310091, 41.36328745759203 ], [ 44.379108660108116, 41.36349872003418 ], [ 44.379059797230582, 41.363727384558537 ], [ 44.378974298600461, 41.363929774351796 ], [ 44.37889840094946, 41.364109471703003 ], [ 44.378726374153715, 41.364377104694128 ], [ 44.378669625592927, 41.364472999472234 ], [ 44.378651261438122, 41.364568425906725 ], [ 44.37868513545645, 41.364683906063142 ], [ 44.378741138969808, 41.364773203488888 ], [ 44.378836662698909, 41.364849518080177 ], [ 44.378975951061975, 41.364912872644382 ], [ 44.379240833121571, 41.36500239609007 ], [ 44.379778226424065, 41.365184094473015 ], [ 44.380280120874367, 41.365295520069985 ], [ 44.380642413257284, 41.365376557221992 ], [ 44.380908741828343, 41.365427442017335 ], [ 44.381506397635299, 41.365597251213856 ], [ 44.38195749072883, 41.365777304574472 ], [ 44.382060566503284, 41.365852125751864 ], [ 44.382123289662168, 41.366015319904029 ], [ 44.38218042231405, 41.366156505467238 ], [ 44.38209070134738, 41.366376169419084 ], [ 44.381930839353878, 41.366590975315631 ], [ 44.381730197432155, 41.366774845990051 ], [ 44.381719785763636, 41.366895807104463 ], [ 44.381727285305871, 41.367505571534629 ], [ 44.381908676305379, 41.367966293575975 ], [ 44.38199839674617, 41.368296633533234 ], [ 44.382327328615709, 41.368588263897067 ], [ 44.382681106347057, 41.369059953265271 ], [ 44.382825497805221, 41.369337486031881 ], [ 44.382837535073399, 41.369360655063467 ], [ 44.382847973721169, 41.369660528750089 ], [ 44.382858356234259, 41.369694317862269 ], [ 44.382906620879545, 41.369850723292387 ], [ 44.382925124677485, 41.369910858114665 ], [ 44.382999314245652, 41.370082355116587 ], [ 44.383186976433755, 41.370228968856843 ], [ 44.383263418762546, 41.370377283209137 ], [ 44.383285480141645, 41.37054823040075 ], [ 44.383236685816989, 41.37070096281689 ], [ 44.383226166342169, 41.37072594753726 ], [ 44.383156197713255, 41.370892302998918 ], [ 44.383139136717801, 41.371141406518639 ], [ 44.383199550740947, 41.371771405872593 ], [ 44.383300667131685, 41.372301729114525 ], [ 44.383407518702398, 41.372573114817186 ], [ 44.383589694177722, 41.372833103974635 ], [ 44.383884305787213, 41.373026588354989 ], [ 44.384105327232483, 41.373073259814397 ], [ 44.384283761624687, 41.373090022993459 ], [ 44.384366754353294, 41.373121272969101 ], [ 44.38447927879173, 41.373203753867095 ], [ 44.384531760717742, 41.373287670016822 ], [ 44.384591370497667, 41.373338521380376 ], [ 44.384720442948691, 41.373384474697353 ], [ 44.385004013685197, 41.373474850379871 ], [ 44.385508809854642, 41.373660491144761 ], [ 44.385612397600212, 41.373708063850415 ], [ 44.385727026704878, 41.373814965319099 ], [ 44.385840693634904, 41.373966989542367 ], [ 44.386030868622377, 41.374140724817607 ], [ 44.386134974191719, 41.37423509422036 ], [ 44.386254104485701, 41.374372194579493 ], [ 44.386332386161882, 41.374446924644907 ], [ 44.386829492183317, 41.374815958058591 ], [ 44.387105571557861, 41.375062029773005 ], [ 44.387172780102766, 41.375150932266756 ], [ 44.387199794852634, 41.375234936740284 ], [ 44.38718658751246, 41.375323410958629 ], [ 44.387111252161553, 41.375444161747467 ], [ 44.387063014611584, 41.375519028070322 ], [ 44.387057363447155, 41.375579619007496 ], [ 44.387066277633075, 41.375674606419366 ], [ 44.387082771597001, 41.375726487877195 ], [ 44.387093400195155, 41.375759872546347 ], [ 44.387101377841979, 41.375782659184644 ], [ 44.387153056951455, 41.375895349062311 ], [ 44.387212615406902, 41.375996731319518 ], [ 44.387231783655757, 41.376037637743259 ], [ 44.387303498300135, 41.376124357284745 ], [ 44.387385186003989, 41.376193294860606 ], [ 44.387434891170287, 41.376255171330364 ], [ 44.387494538670552, 41.376321649528251 ], [ 44.387525856206715, 41.376393246348449 ], [ 44.38758163398402, 41.37652807145313 ], [ 44.387636243255827, 41.376672753612127 ], [ 44.387686334746896, 41.376776382167172 ], [ 44.387733823986487, 41.376845092473737 ], [ 44.38779254397236, 41.376908548036795 ], [ 44.387881572284563, 41.376960004560026 ], [ 44.387959850323362, 41.37699100166467 ], [ 44.388079666857827, 41.377004789941189 ], [ 44.388156090698644, 41.377016726017175 ], [ 44.388233562101497, 41.37703173018938 ], [ 44.388293067215805, 41.37703060531004 ], [ 44.388324122694954, 41.377021807847385 ], [ 44.388405187092438, 41.376966031410575 ], [ 44.388431309675973, 41.376941264281363 ], [ 44.388460243374432, 41.376884490131879 ], [ 44.388562936623103, 41.37681765912194 ], [ 44.388658472021966, 41.376755338821404 ], [ 44.388991401484049, 41.376563624203591 ], [ 44.389026656821578, 41.376540481756017 ], [ 44.389164596692346, 41.37643852761321 ], [ 44.389293069793567, 41.376370571725104 ], [ 44.389422993625239, 41.376288121181268 ], [ 44.389696463566452, 41.376149819229219 ], [ 44.389845487662079, 41.376090033498791 ], [ 44.39000371366496, 41.376037277230552 ], [ 44.390430465124027, 41.376048861466948 ], [ 44.390708568844268, 41.37607361891105 ], [ 44.39116226065903, 41.376017515968748 ], [ 44.391267532721528, 41.376007128685821 ], [ 44.391373537618158, 41.376020750393565 ], [ 44.391670453931795, 41.3760735735599 ], [ 44.391788709637858, 41.376100771023587 ], [ 44.391833913025209, 41.3761200159353 ], [ 44.391868923872984, 41.376148664927925 ], [ 44.391908868170873, 41.376186888018843 ], [ 44.391975624982457, 41.376331542257077 ], [ 44.391982726056654, 41.376365178063878 ], [ 44.391943370786805, 41.376424194975179 ], [ 44.391935574705535, 41.376465183321848 ], [ 44.391965324513535, 41.376570819319859 ], [ 44.392054422633002, 41.376981090051345 ], [ 44.391943207900148, 41.377520236753973 ], [ 44.391835030627618, 41.377739540146457 ], [ 44.391777373103885, 41.378229022620502 ], [ 44.39176771307725, 41.378309589406491 ], [ 44.391705431105343, 41.378454597496578 ], [ 44.391649104100559, 41.378505958199227 ], [ 44.391546893834906, 41.378572344119725 ], [ 44.391273986174085, 41.378700970228536 ], [ 44.391182100334873, 41.378750205959946 ], [ 44.391135824204099, 41.378807339396865 ], [ 44.391070128951732, 41.378901391206618 ], [ 44.391056595725026, 41.378922712592562 ], [ 44.391041425410677, 41.378946457359774 ], [ 44.391025767503812, 41.378971190378202 ], [ 44.390979191359044, 41.379073269981362 ], [ 44.390855146897053, 41.379300640264958 ], [ 44.390753390661693, 41.379395041440922 ], [ 44.39067754454495, 41.379404142844763 ], [ 44.390653018062203, 41.379398833613138 ], [ 44.390617731987064, 41.379431569454376 ], [ 44.390584858189868, 41.379462111203161 ], [ 44.390482816802788, 41.379599792039059 ], [ 44.390409272046497, 41.379682587443483 ], [ 44.390232746471561, 41.379894681380399 ], [ 44.390184993212031, 41.379949734850896 ], [ 44.390021178892148, 41.380138791377703 ], [ 44.389711713308678, 41.380492634544645 ], [ 44.389699202109014, 41.380506890236695 ], [ 44.389686394043842, 41.380527314542711 ], [ 44.388998750805591, 41.381617680457438 ], [ 44.388997628545198, 41.381619006718765 ], [ 44.388274115038627, 41.382473423284139 ], [ 44.386173504331438, 41.382258080398096 ], [ 44.385348963743262, 41.38217355668715 ], [ 44.38488000062317, 41.382125472435142 ], [ 44.384217257472997, 41.382049371768659 ], [ 44.384158121495027, 41.382042569843279 ], [ 44.384042716341874, 41.382029341549973 ], [ 44.381592403379528, 41.381747998772269 ], [ 44.381501679456882, 41.382171947988255 ], [ 44.381491669700196, 41.382218598447366 ], [ 44.381440925816747, 41.382455765281001 ], [ 44.381428786470515, 41.382512582840548 ], [ 44.381148030634755, 41.383824647281365 ], [ 44.38113490969284, 41.383890331972516 ], [ 44.38110828844875, 41.384023861124199 ], [ 44.381101507547896, 41.384057873264993 ], [ 44.380875661291576, 41.385190711174964 ], [ 44.38084125230138, 41.385363381248176 ], [ 44.380831959988271, 41.385409945407453 ], [ 44.380646354755093, 41.3863407342334 ], [ 44.380045008348183, 41.388176570257066 ], [ 44.379213875759881, 41.388224783552772 ], [ 44.378496252665151, 41.388266397938622 ], [ 44.376200906336514, 41.38839944948684 ], [ 44.37499871805278, 41.388469129900628 ], [ 44.372417066610375, 41.388497368872727 ], [ 44.370114070323012, 41.388522481775951 ], [ 44.369832537803845, 41.388557060614666 ], [ 44.369774458722482, 41.38856421880287 ], [ 44.369050207743449, 41.388653252828981 ], [ 44.368854894309301, 41.388677267748129 ], [ 44.367934787717282, 41.388790396433976 ], [ 44.366974501702991, 41.388785117549979 ], [ 44.36613274167329, 41.388780483635209 ], [ 44.365015059755784, 41.388774321244988 ], [ 44.363554916937609, 41.388052945762674 ], [ 44.363389400660068, 41.387971187317319 ], [ 44.360841243641474, 41.386712126576526 ], [ 44.359805001661321, 41.386369348089929 ], [ 44.358591318925214, 41.385967742777581 ], [ 44.357031334336327, 41.385451550586808 ], [ 44.354438153906578, 41.384637430165164 ], [ 44.355783778115089, 41.382765858573293 ], [ 44.35622734627507, 41.382391869811407 ], [ 44.356267565826471, 41.382358001179355 ], [ 44.356942254299341, 41.381789117529266 ], [ 44.35696142957292, 41.38177292098981 ], [ 44.35698798805339, 41.381747803175138 ], [ 44.357550832023897, 41.381216482926192 ], [ 44.362118035646631, 41.381002019836458 ], [ 44.362415728996751, 41.381060867751273 ], [ 44.362667050443584, 41.381110495536973 ], [ 44.365031969901345, 41.381577866424365 ], [ 44.369534942769818, 41.38252216385245 ], [ 44.371605503797674, 41.382493541195991 ], [ 44.372827174539204, 41.382420219003869 ], [ 44.372927740415996, 41.382428018173513 ], [ 44.37300991255897, 41.382395948612256 ], [ 44.373414166452513, 41.382394232294416 ], [ 44.37382112607748, 41.382384737731883 ], [ 44.373975957213581, 41.382451965966908 ], [ 44.373992058481029, 41.382475293093499 ], [ 44.374528402108233, 41.382149658546034 ], [ 44.374694698750247, 41.382087464308597 ], [ 44.374928041344972, 41.382036443133849 ], [ 44.375156786532017, 41.382034622896327 ], [ 44.375431977775506, 41.382034585596145 ], [ 44.37566249568431, 41.381934951751774 ], [ 44.375909044851525, 41.381828423522414 ], [ 44.37607158913918, 41.381758190198198 ], [ 44.377082054743262, 41.381563786627403 ], [ 44.37740931541083, 41.381483543794907 ], [ 44.377868736668169, 41.381371001879778 ], [ 44.378103862712642, 41.381257786602056 ], [ 44.378134202527391, 41.381224037056668 ], [ 44.378871414512879, 41.380403915820033 ], [ 44.378898187577185, 41.380374155185024 ], [ 44.378961333384069, 41.38026095552334 ], [ 44.379276207015018, 41.379696528368264 ], [ 44.378536526484901, 41.379332683326048 ], [ 44.377641819648034, 41.378528245282006 ], [ 44.37738442471916, 41.378331568622691 ], [ 44.377319304522842, 41.378281809700148 ], [ 44.376587911214337, 41.377722937830022 ], [ 44.375739312090289, 41.376966339678766 ], [ 44.375640539046053, 41.376878205094357 ], [ 44.375521902480784, 41.376797619072896 ], [ 44.37524785764429, 41.376611431145342 ], [ 44.375165875826006, 41.376555769559801 ], [ 44.374923368972873, 41.376498110108308 ], [ 44.373153587344156, 41.376065036734033 ], [ 44.37128412026, 41.375641840337813 ], [ 44.371127925116284, 41.375606442773403 ], [ 44.370982110873619, 41.37557344371271 ], [ 44.370558203644393, 41.375168306764849 ], [ 44.369930261775416, 41.374568163067487 ], [ 44.369086826492619, 41.373963817083691 ], [ 44.368259495397226, 41.373754445713097 ], [ 44.368230448685694, 41.373747080181516 ], [ 44.368200802800267, 41.373739846466677 ], [ 44.367445406656522, 41.373555004490498 ], [ 44.365532010712585, 41.373824291330081 ], [ 44.363298610319227, 41.374251795852452 ], [ 44.361289612736307, 41.373441059649466 ], [ 44.35969775872676, 41.373392219529826 ], [ 44.356686388361453, 41.371976096342856 ], [ 44.355257335623065, 41.371568296965876 ], [ 44.353564163721238, 41.371039015447778 ], [ 44.352083709488717, 41.370470958249072 ], [ 44.350652790500675, 41.370263059537038 ], [ 44.348801284823139, 41.369652827034386 ], [ 44.344829394187244, 41.368790685220425 ], [ 44.342278142551393, 41.368637009625495 ], [ 44.341710467243416, 41.368169377641422 ], [ 44.341062251696187, 41.368041272988556 ], [ 44.340267965362408, 41.368210883756412 ], [ 44.339516752241146, 41.368471938045289 ], [ 44.338555070568688, 41.36886445955404 ], [ 44.337350860728797, 41.369288724573714 ], [ 44.336642757049518, 41.369641255043248 ], [ 44.332505846416119, 41.371574365035052 ], [ 44.331278767457519, 41.371543280638669 ], [ 44.331210267831807, 41.371541531417684 ], [ 44.331010028663705, 41.371536449201301 ], [ 44.330810924982131, 41.371531418277513 ], [ 44.33074472626673, 41.371515179960475 ], [ 44.330677036195432, 41.371498617665821 ], [ 44.330307217642428, 41.371408011645748 ], [ 44.32949321450819, 41.371208617829204 ], [ 44.328352093663192, 41.37083706624729 ], [ 44.327887061693325, 41.370825703826426 ], [ 44.327714198785436, 41.37082149637591 ], [ 44.32712884477862, 41.370807175994884 ], [ 44.326706729948988, 41.370796870424734 ], [ 44.326641039725764, 41.370795270036083 ], [ 44.326569192669893, 41.3707935435039 ], [ 44.326414306857828, 41.370715847395978 ], [ 44.324291191332613, 41.369652306031085 ], [ 44.322382847561357, 41.369567087415355 ], [ 44.322190615242583, 41.370559581171371 ], [ 44.321803606808167, 41.371688247152086 ], [ 44.321780301803322, 41.371756116990333 ], [ 44.321176611411268, 41.373516420397905 ], [ 44.321109463675825, 41.373712254220628 ], [ 44.320965918831135, 41.374130799784432 ], [ 44.319772716028034, 41.374660513758592 ], [ 44.318156381772695, 41.375032373343331 ], [ 44.318008949535056, 41.37521421819482 ], [ 44.317740008033539, 41.375545903991465 ], [ 44.317729487919877, 41.37576301407509 ], [ 44.317695150723239, 41.375856128881942 ], [ 44.317550244811002, 41.376041951423389 ], [ 44.317425221532091, 41.376156056369368 ], [ 44.317319601128418, 41.376227220119318 ], [ 44.317228554993335, 41.376276942162967 ], [ 44.317170153025991, 41.376338342493831 ], [ 44.317167666637253, 41.376375979367658 ], [ 44.317080718693575, 41.377697278576299 ], [ 44.317065358417651, 41.377736640547937 ], [ 44.317019034545908, 41.377855085308838 ], [ 44.316886324088813, 41.37819482850982 ], [ 44.316875290068026, 41.378197870615921 ], [ 44.316792197303783, 41.378201520782156 ], [ 44.31680211162702, 41.378254048702978 ], [ 44.316822056602525, 41.378359420496068 ], [ 44.316790108471686, 41.37844110956528 ], [ 44.316762030319921, 41.378512958320997 ], [ 44.316719281337924, 41.378569677325771 ], [ 44.31654640849991, 41.378798703846513 ], [ 44.316276550760037, 41.378998780055568 ], [ 44.315799721248119, 41.379320398238498 ], [ 44.315647062749477, 41.379388893704608 ], [ 44.315561931608435, 41.379427119891766 ], [ 44.315374975172411, 41.379493204133638 ], [ 44.315204055812679, 41.379506824390596 ], [ 44.315048835871771, 41.379505900557689 ], [ 44.314905277020429, 41.379499191027776 ], [ 44.314676638799256, 41.37947445493888 ], [ 44.314502151682788, 41.379446302859243 ], [ 44.312547451791517, 41.37955232551284 ], [ 44.312280723536922, 41.379521997602794 ], [ 44.31029317004981, 41.379295992119438 ], [ 44.310108598100321, 41.379300065037064 ], [ 44.310022173848388, 41.379301933862493 ], [ 44.30927754742671, 41.379318229006756 ], [ 44.308610014650839, 41.379332865789841 ], [ 44.30811634821675, 41.379343635115013 ], [ 44.306916896291959, 41.379570163093781 ], [ 44.306264770509515, 41.379693330068847 ], [ 44.305935651092689, 41.379755479223135 ], [ 44.305582999858458, 41.379899274057728 ], [ 44.305055161442972, 41.380114475730799 ], [ 44.303587837497012, 41.380712714080829 ], [ 44.303403538489142, 41.380769246901124 ], [ 44.303102252366571, 41.3808616416527 ], [ 44.303026660673545, 41.380884828656058 ], [ 44.301646922237573, 41.381308105411108 ], [ 44.301358437760399, 41.381433090543901 ], [ 44.299298399877912, 41.382325868802951 ], [ 44.299155408665861, 41.382611167930079 ], [ 44.298721788154047, 41.383475863227851 ], [ 44.298419506263436, 41.384031858190546 ], [ 44.298383206870994, 41.384098698073807 ], [ 44.298297493641925, 41.384256302949993 ], [ 44.29824344081112, 41.384355822001744 ], [ 44.297734942754289, 41.385291171193856 ], [ 44.297480378581767, 41.385651495512974 ], [ 44.297441817756322, 41.385706025968624 ], [ 44.2968581063556, 41.386532190701189 ], [ 44.296752560692973, 41.386681566364949 ], [ 44.296583075214969, 41.38693179588077 ], [ 44.296504014180691, 41.387048500703848 ], [ 44.296042708207949, 41.387729397086197 ], [ 44.295884217332173, 41.3879633440894 ], [ 44.295851461598133, 41.388011694303259 ], [ 44.294625807572238, 41.388635255793794 ], [ 44.294554487443044, 41.38867156933734 ], [ 44.29443021973583, 41.388682156912026 ], [ 44.294238550821866, 41.388698456091859 ], [ 44.293070098421438, 41.388797842611851 ], [ 44.292970732024351, 41.388806284669748 ], [ 44.292343285169331, 41.388859715527452 ], [ 44.291961742200471, 41.388892047427618 ], [ 44.291891706007455, 41.388898056841199 ], [ 44.291350978580034, 41.38886842593989 ], [ 44.290931103593806, 41.388845437229804 ], [ 44.290678820051056, 41.388831632050611 ], [ 44.290135045465824, 41.388801841538886 ], [ 44.289394035449369, 41.388761237537508 ], [ 44.288643960064817, 41.388707466750269 ], [ 44.288548766821066, 41.388700617968873 ], [ 44.288464927258843, 41.388694604958353 ], [ 44.288204445052294, 41.388675924622326 ], [ 44.287541318734455, 41.388628359233159 ], [ 44.287423815555272, 41.3886601488419 ], [ 44.287217599947731, 41.388715934375405 ], [ 44.286924051786244, 41.388795273529368 ], [ 44.286776017208382, 41.388835340350802 ], [ 44.286708958330223, 41.388853435166546 ], [ 44.286328134639518, 41.388956462022833 ], [ 44.286005132706656, 41.389043813000413 ], [ 44.285660997428415, 41.389176835207572 ], [ 44.284304921928516, 41.38970106931199 ], [ 44.282608073921942, 41.390054767345539 ], [ 44.280511432582095, 41.390102387160056 ], [ 44.277778686358523, 41.389356737601332 ], [ 44.277363738545745, 41.391173384251758 ], [ 44.275912874446405, 41.395513819358484 ], [ 44.275691630005667, 41.395886104080546 ], [ 44.275454902506667, 41.396284367638629 ], [ 44.274146930889401, 41.398485264018802 ], [ 44.272052805752267, 41.401268148319318 ], [ 44.267100583088116, 41.398619711273909 ], [ 44.263857265500135, 41.395424305742978 ], [ 44.261065724830857, 41.393730832487627 ], [ 44.257330494305194, 41.392648535011631 ], [ 44.255574073280762, 41.39263718486945 ], [ 44.254158677917999, 41.393509900673536 ], [ 44.252409934124842, 41.395848794563001 ], [ 44.252350832407558, 41.395927856872163 ], [ 44.250352656133167, 41.398600041685746 ], [ 44.250207392023754, 41.398790685005864 ], [ 44.249666595069804, 41.399500104367036 ], [ 44.249447478720711, 41.399787591238329 ], [ 44.249084487629077, 41.400263791966545 ], [ 44.248720762065311, 41.400740977531022 ], [ 44.248428151683228, 41.401124723147369 ], [ 44.247940517573362, 41.401764492938703 ], [ 44.24726119242559, 41.402655577180525 ], [ 44.247141845620696, 41.402812112450064 ], [ 44.24672536669771, 41.403384741086995 ], [ 44.245102292736306, 41.40561625158287 ], [ 44.244668634903931, 41.406212494484258 ], [ 44.24399621705269, 41.406035359318828 ], [ 44.238432717741986, 41.403551600306756 ], [ 44.23568109488933, 41.406115129563617 ], [ 44.234950255704589, 41.406876540213659 ], [ 44.234240141782777, 41.407878719308776 ], [ 44.233902293829296, 41.408482629690909 ], [ 44.233783867152745, 41.40873540207869 ], [ 44.233751411484469, 41.408717756429724 ], [ 44.23364392765442, 41.408914845145119 ], [ 44.233620390234861, 41.408957879302854 ], [ 44.233576126207218, 41.409038922129639 ], [ 44.231419599763974, 41.412991075247959 ], [ 44.231403211914596, 41.413021140856827 ], [ 44.2313848064056, 41.413054886054177 ], [ 44.231057908336084, 41.413654086627133 ], [ 44.231042375186846, 41.413682671657504 ], [ 44.231020930387452, 41.413720449847887 ], [ 44.228158450661603, 41.41876393754746 ], [ 44.228491822793607, 41.419194434123476 ], [ 44.232694800101299, 41.424621036812731 ], [ 44.232725390733215, 41.424660513403957 ], [ 44.232741481605473, 41.42468129286118 ], [ 44.233599030244271, 41.425788487176121 ], [ 44.237735453115604, 41.425026148229655 ], [ 44.237770353158595, 41.425019758969825 ], [ 44.237795419043707, 41.425015151078505 ], [ 44.240239159819247, 41.424564728252939 ], [ 44.240934997768349, 41.424683356003854 ], [ 44.241632450455121, 41.424848558825005 ], [ 44.243883907050233, 41.421277231607291 ], [ 44.244365593695896, 41.420676444828842 ], [ 44.244815137169724, 41.420256765554811 ], [ 44.245220914114199, 41.420009605885795 ], [ 44.245521329462605, 41.419663662398058 ], [ 44.245873545690522, 41.418925556606823 ], [ 44.246149346532029, 41.417923840340869 ], [ 44.246860105753093, 41.41884833953582 ], [ 44.247553201718389, 41.419749749632302 ], [ 44.247579433231088, 41.419783879395261 ], [ 44.247597412037841, 41.419807281315272 ], [ 44.24776936266165, 41.420030935547175 ], [ 44.248756997216084, 41.421315415195217 ], [ 44.24891911156913, 41.421526212815685 ], [ 44.249104394048963, 41.421767201360566 ], [ 44.249790476193702, 41.422659499350083 ], [ 44.250130695116951, 41.423101912793626 ], [ 44.250172610734808, 41.423156456038278 ], [ 44.250561590038743, 41.423662283340825 ], [ 44.25090588669746, 41.424110035409186 ], [ 44.251401384150014, 41.42409515558365 ], [ 44.252081000637254, 41.424074850225047 ], [ 44.252258536770029, 41.424069518859397 ], [ 44.252420031186546, 41.424064668467565 ], [ 44.254221306917273, 41.424010739598081 ], [ 44.254506165263273, 41.424002272234802 ], [ 44.254529438835149, 41.424394878809089 ], [ 44.254548193568631, 41.42471174823698 ], [ 44.254716475161729, 41.427546094385598 ], [ 44.254717733941177, 41.427613928801975 ], [ 44.254729527479995, 41.428236151234408 ], [ 44.254736322683563, 41.428594287239726 ], [ 44.254846215010218, 41.434384998010344 ], [ 44.255268542308457, 41.434322653825546 ], [ 44.255538786347778, 41.434324402940419 ], [ 44.255787487482095, 41.434326012061028 ], [ 44.256025464536776, 41.434339125880513 ], [ 44.256122414110308, 41.43434443668756 ], [ 44.256203424988286, 41.434356715221313 ], [ 44.256403024968009, 41.434386964531292 ], [ 44.256662126904281, 41.43442115592471 ], [ 44.256803875900658, 41.434439185913675 ], [ 44.256932000095759, 41.434455461344889 ], [ 44.257320653442385, 41.434506791470049 ], [ 44.257400457660843, 41.434519962117584 ], [ 44.257525659478382, 41.434540631680136 ], [ 44.257806272145487, 41.434583156114144 ], [ 44.258249334802834, 41.434602272136352 ], [ 44.258390180924181, 41.434578769951216 ], [ 44.258434900936592, 41.434440748647376 ], [ 44.258533467112876, 41.434335591320163 ], [ 44.258652432046766, 41.434336358004884 ], [ 44.258922490921151, 41.434354401483965 ], [ 44.259149437548366, 41.434363969912717 ], [ 44.259365460266956, 41.43438161932059 ], [ 44.259495011503837, 41.434398756794224 ], [ 44.25971084972003, 41.434432662835789 ], [ 44.260001528047589, 41.434532218887583 ], [ 44.260475884973495, 41.434657275234528 ], [ 44.260659012281337, 41.434715469516057 ], [ 44.260884853380105, 41.434822623270712 ], [ 44.261175747905639, 41.434913980953674 ], [ 44.261521141672631, 41.43496501906403 ], [ 44.261791296401, 41.434974904674242 ], [ 44.261964208224214, 41.434984120807826 ], [ 44.262243996670293, 41.435099859800459 ], [ 44.262578284574737, 41.435175233738825 ], [ 44.262869643204247, 41.435225921424077 ], [ 44.26326935427015, 41.435252847052347 ], [ 44.263420695757262, 41.435253816143515 ], [ 44.263756792284561, 41.435174630188342 ], [ 44.263929736698216, 41.435175736860955 ], [ 44.264080618685938, 41.435217370835964 ], [ 44.2642951156745, 41.43536520409738 ], [ 44.264509182222611, 41.435561854648491 ], [ 44.264680075638864, 41.435750077100508 ], [ 44.265003322687498, 41.435849783644187 ], [ 44.265294259784795, 41.435932979434099 ], [ 44.265553005254027, 41.43599975554551 ], [ 44.265766834625929, 41.436212660698814 ], [ 44.26581922276101, 41.436359456361593 ], [ 44.265848572958717, 41.436628111035013 ], [ 44.265997471051378, 41.43685685982291 ], [ 44.266006776111098, 41.436987122028299 ], [ 44.265983889188284, 41.437100875332895 ], [ 44.266025108208694, 41.437288268297365 ], [ 44.266173645230808, 41.437533318032791 ], [ 44.266344122055401, 41.437754097274073 ], [ 44.266386473926801, 41.437835704712249 ], [ 44.266481949574697, 41.437999033259977 ], [ 44.266621458238752, 41.438089411803723 ], [ 44.266803227707236, 41.438269593664408 ], [ 44.266855771352184, 41.438408238052212 ], [ 44.267016702694036, 41.438515011097181 ], [ 44.267198991733601, 41.438654526962232 ], [ 44.267478897499231, 41.438762057155643 ], [ 44.267747422860957, 41.438918379687195 ], [ 44.268156436693161, 41.439083702121295 ], [ 44.268446355214948, 41.439264569320088 ], [ 44.268595331720221, 41.439477011671144 ], [ 44.268679800036345, 41.439656571876476 ], [ 44.268742573153247, 41.439844100821439 ], [ 44.268793601379706, 41.440112892403164 ], [ 44.268824486058634, 41.440251398189481 ], [ 44.26895176916009, 41.440471898951763 ], [ 44.269079600889491, 41.440643582645357 ], [ 44.269175118941391, 41.440798757421547 ], [ 44.269400597959859, 41.440946650842022 ], [ 44.269680516727433, 41.441054220780167 ], [ 44.269743932692634, 41.44118478107297 ], [ 44.269785683399782, 41.441315248847161 ], [ 44.269978941569462, 41.44143852639894 ], [ 44.270214864514749, 41.44161084965242 ], [ 44.270516634707128, 41.441702297715779 ], [ 44.2708288150085, 41.441826282843067 ], [ 44.270870477546943, 41.441964856363235 ], [ 44.270976620572071, 41.442144552197128 ], [ 44.271039675783108, 41.442307671414682 ], [ 44.271112866651301, 41.442527826952805 ], [ 44.271218920544271, 41.442715628691161 ], [ 44.271378291233979, 41.442968846874528 ], [ 44.27149511955821, 41.443156716588405 ], [ 44.271600720273184, 41.443385228769749 ], [ 44.271641353437076, 41.443621436232668 ], [ 44.27142368955662, 41.443742108862374 ], [ 44.271184479218881, 41.443862599535116 ], [ 44.270925149718778, 41.443844697832724 ], [ 44.27112505118501, 41.444482340929746 ], [ 44.271185098666322, 41.444673769378703 ], [ 44.271199603774143, 41.444720114526888 ], [ 44.271529768519073, 41.445008912860104 ], [ 44.271855490605205, 41.445293808913405 ], [ 44.27197013137399, 41.445394066796922 ], [ 44.272085839260228, 41.445495277099475 ], [ 44.272170604692192, 41.445569449323074 ], [ 44.272555965809651, 41.445906468478867 ], [ 44.272741267385683, 41.446068558149456 ], [ 44.274845557018075, 41.446834864729333 ], [ 44.27771153453255, 41.449111962663821 ], [ 44.281988715864166, 41.452609936927324 ], [ 44.282139768616993, 41.452591918996561 ], [ 44.282359808854608, 41.45259329192735 ], [ 44.282617299045008, 41.452618587558263 ], [ 44.282831106321645, 41.452615191811027 ], [ 44.283321356390644, 41.45262297608739 ], [ 44.283528358181428, 41.452666825705919 ], [ 44.284141875985284, 41.452902406702201 ], [ 44.284529338561789, 41.453117663038796 ], [ 44.284884279000309, 41.453427294009259 ], [ 44.285082714165135, 41.453679204457515 ], [ 44.285250079839358, 41.453893090269638 ], [ 44.285285818573023, 41.45407305576034 ], [ 44.285372834128019, 41.454168219503892 ], [ 44.285533864774841, 41.454386794438442 ], [ 44.285606849673954, 41.45460955128749 ], [ 44.285705658960786, 41.454775721585378 ], [ 44.285752362047823, 41.455102351027868 ], [ 44.285862697923932, 41.455358441928489 ], [ 44.285903902696624, 41.45561883248876 ], [ 44.285920528393532, 41.455822323602206 ], [ 44.285950295655219, 41.455973878340849 ], [ 44.28612946325218, 41.456258769616255 ], [ 44.286222345680983, 41.456387071421531 ], [ 44.286328222264444, 41.456482351443917 ], [ 44.287016746795238, 41.456760942487364 ], [ 44.287479824066551, 41.456962470734851 ], [ 44.288225040729756, 41.457236676780013 ], [ 44.288631959672479, 41.457395292758136 ], [ 44.288976696079359, 41.457492002181823 ], [ 44.289120705949443, 41.457549639065313 ], [ 44.289282548294601, 41.45770673794248 ], [ 44.289563019870663, 41.457921361174343 ], [ 44.289788590835187, 41.457993642584007 ], [ 44.290101954763095, 41.458085471068664 ], [ 44.290515693530352, 41.458201517304317 ], [ 44.29096136855923, 41.458265786016952 ], [ 44.291374809596419, 41.458414929645372 ], [ 44.291607020866721, 41.458449507249995 ], [ 44.291864487123981, 41.458479465919311 ], [ 44.29214106792908, 41.458485897125271 ], [ 44.29239826913274, 41.458534768579113 ], [ 44.292781973211184, 41.458522941540039 ], [ 44.293064788713487, 41.458534137758775 ], [ 44.293353436634611, 41.458592658137057 ], [ 44.293553502472747, 41.458693238972835 ], [ 44.293734763418598, 41.458788930064266 ], [ 44.293953234785008, 41.45893691223128 ], [ 44.294102657834415, 41.45907023853804 ], [ 44.294145067959022, 41.459217184825761 ], [ 44.294217430180311, 41.459506091856973 ], [ 44.29422197240762, 41.459666947426392 ], [ 44.294296069313674, 41.459790398510528 ], [ 44.294439115234155, 41.459937871946813 ], [ 44.294593802115941, 41.460165852951476 ], [ 44.294655277219739, 41.460293955295363 ], [ 44.294790501774528, 41.460583292398361 ], [ 44.294902214066823, 41.460716431478374 ], [ 44.295070304350112, 41.460873560462062 ], [ 44.2953440798495, 41.461140101373516 ], [ 44.295724157187905, 41.461459310416927 ], [ 44.296122133122324, 41.461873250760519 ], [ 44.29656523236546, 41.462178700955327 ], [ 44.296907042612084, 41.462549734969755 ], [ 44.297018874006781, 41.462678098753557 ], [ 44.297273908622429, 41.462935062683876 ], [ 44.297604072960162, 41.463220903258488 ], [ 44.297784596074074, 41.463392245808194 ], [ 44.297871531422672, 41.463492128407239 ], [ 44.297876899471646, 41.463577281357288 ], [ 44.297919780482047, 41.463681623905657 ], [ 44.29797548964136, 41.463762355195819 ], [ 44.298186987196203, 41.463976491262422 ], [ 44.298355042810101, 41.464138344073334 ], [ 44.298546859582927, 41.464423292896896 ], [ 44.298684249864429, 41.464514024738435 ], [ 44.298764902226083, 41.464613823304056 ], [ 44.298838503383386, 41.464784602379105 ], [ 44.298906337830878, 41.464912696097784 ], [ 44.298936598144657, 41.465021645185089 ], [ 44.29901699637913, 41.465145131545071 ], [ 44.299140127172095, 41.465387055629705 ], [ 44.299245782717747, 41.465505966814334 ], [ 44.299270266068142, 41.465567636671594 ], [ 44.299319946600626, 41.465624686076758 ], [ 44.299675737776532, 41.465868071597889 ], [ 44.299795189500458, 41.465873527690533 ], [ 44.299921376491483, 41.46583173567641 ], [ 44.300079106308026, 41.465785406561317 ], [ 44.300552489135171, 41.465622729563677 ], [ 44.300988446727914, 41.465426720901107 ], [ 44.301563159218937, 41.465188993076048 ], [ 44.302172274147487, 41.464880627668265 ], [ 44.302479971259963, 41.464684690844415 ], [ 44.302637207651777, 41.464600163724292 ], [ 44.30300798447449, 41.464484773975364 ], [ 44.303407941345725, 41.46430011247709 ], [ 44.303787040067128, 41.464072538055746 ], [ 44.303966273074799, 41.463923964314397 ], [ 44.304081164844206, 41.463812426909271 ], [ 44.304188189406474, 41.463770289068563 ], [ 44.304351686927987, 41.463760559110682 ], [ 44.304507953734294, 41.463777537263475 ], [ 44.30471316664493, 41.463858988991447 ], [ 44.304832952275213, 41.463950597915058 ], [ 44.304973426815693, 41.464106464606779 ], [ 44.305078170935815, 41.464283507912128 ], [ 44.305195278832905, 41.464631676838991 ], [ 44.305207756524631, 41.46479208440433 ], [ 44.305179609152333, 41.464893653269542 ], [ 44.305170766704954, 41.464925531184079 ], [ 44.305165462025762, 41.465024220534431 ], [ 44.30516538917405, 41.465025436096916 ], [ 44.305165003279882, 41.465033540449603 ], [ 44.305161933179285, 41.465091169432547 ], [ 44.30515981685695, 41.46512115137795 ], [ 44.305153552749395, 41.465208755794841 ], [ 44.305124429568153, 41.465272712741161 ], [ 44.305130752389459, 41.465342243227198 ], [ 44.305222219807845, 41.465428321239777 ], [ 44.305293059446775, 41.465511707483969 ], [ 44.305313578878028, 41.465535791160193 ], [ 44.305333464025509, 41.465664176988916 ], [ 44.305358936022408, 41.465942299954555 ], [ 44.30537141384405, 41.466102752505051 ], [ 44.305426865099214, 41.466236757530851 ], [ 44.305468638101651, 41.466317175838881 ], [ 44.305545803861534, 41.466413841027119 ], [ 44.305750855337877, 41.46651132312369 ], [ 44.305878912306703, 41.466496062723976 ], [ 44.305972149675362, 41.466416414202257 ], [ 44.3060937115225, 41.466347655309683 ], [ 44.306250377982657, 41.466316533862894 ], [ 44.306357009191117, 41.466317176921521 ], [ 44.306520002613219, 41.46636094495846 ], [ 44.306661736275345, 41.466393865786515 ], [ 44.306775720199546, 41.466373160142503 ], [ 44.306868329899473, 41.466352325591131 ], [ 44.307152027768907, 41.466402179424712 ], [ 44.30737207114538, 41.466430211616988 ], [ 44.307577921795506, 41.466452843574189 ], [ 44.307812382170802, 41.466459614111571 ], [ 44.308004438519106, 41.466439377029062 ], [ 44.308225448422903, 41.466376528486741 ], [ 44.308603917878735, 41.466207752964799 ], [ 44.308947559669974, 41.465969274671487 ], [ 44.309226746181793, 41.465778507941025 ], [ 44.309246865361615, 41.465761469613199 ], [ 44.309304442962294, 41.465712769920977 ], [ 44.309427512196855, 41.465608707427918 ], [ 44.309663841357143, 41.465439029919033 ], [ 44.310156619383605, 41.465212116704443 ], [ 44.31029965840186, 41.465127448919915 ], [ 44.310414994856885, 41.464973122580936 ], [ 44.310443801376501, 41.464944201278136 ], [ 44.31051557521964, 41.464872166758276 ], [ 44.310687671168736, 41.464723494723501 ], [ 44.310721306201266, 41.46470221356121 ], [ 44.310888037478712, 41.464596429470483 ], [ 44.311109487604135, 41.46448547831978 ], [ 44.311266124196372, 41.464416923974028 ], [ 44.311302275624399, 41.464401107201375 ], [ 44.311501845277355, 41.464343483375657 ], [ 44.312137880956747, 41.464218977739286 ], [ 44.31216415956176, 41.464213865533665 ], [ 44.312442652173317, 41.464087174622335 ], [ 44.312750371067409, 41.463885895982678 ], [ 44.312922797329271, 41.463705201124306 ], [ 44.313152944633941, 41.463444639500935 ], [ 44.313237180826121, 41.463354302510055 ], [ 44.313296709500648, 41.463290434917788 ], [ 44.313404184855912, 41.463216269759691 ], [ 44.313575702256053, 41.463115734609616 ], [ 44.313754463702431, 41.463015197380862 ], [ 44.314039504751797, 41.462936731389028 ], [ 44.314374299701804, 41.462863875638476 ], [ 44.315257861987462, 41.462639268979864 ], [ 44.315571453237602, 41.462555609706335 ], [ 44.315706568228364, 41.462545739754511 ], [ 44.315841402475897, 41.462562575012029 ], [ 44.315947686747059, 41.46258995918074 ], [ 44.316047187748282, 41.462590550844013 ], [ 44.316460952590631, 41.462443306758303 ], [ 44.316738132211597, 41.462343214543566 ], [ 44.317509507007429, 41.462064645139002 ], [ 44.318194163640356, 41.46183352116271 ], [ 44.318621768053063, 41.461713058340628 ], [ 44.318934790829168, 41.461682890664164 ], [ 44.319204792966914, 41.461684488960856 ], [ 44.319488596764288, 41.461728908552558 ], [ 44.319708458111393, 41.461767634918594 ], [ 44.320019694350187, 41.461908459873257 ], [ 44.320127957011792, 41.462004443492603 ], [ 44.320195702773496, 41.462064518129331 ], [ 44.320300760242539, 41.462209483084791 ], [ 44.320590184812183, 41.462398277303947 ], [ 44.320738818294039, 41.462452614213149 ], [ 44.320865808333643, 41.462544249037691 ], [ 44.320967896524465, 41.46272153253183 ], [ 44.321054285031657, 41.462871430743824 ], [ 44.321145152848615, 41.463010951737402 ], [ 44.321341982734019, 41.463220590211336 ], [ 44.321483387059516, 41.463290916734181 ], [ 44.321682498651093, 41.463276057816124 ], [ 44.321889235184379, 41.463213188847959 ], [ 44.322139382891422, 41.463080947874332 ], [ 44.323001664200184, 41.462850841900782 ], [ 44.323386917466962, 41.462703450113523 ], [ 44.323622144203476, 41.462635341135481 ], [ 44.323828211132557, 41.462636552627565 ], [ 44.324083751370779, 41.462664761509522 ], [ 44.324608798923769, 41.462742697272567 ], [ 44.324998179116534, 41.462883967548763 ], [ 44.325238313004618, 41.463029675514257 ], [ 44.32545724046323, 41.463159270427148 ], [ 44.325640943639904, 41.463261906347107 ], [ 44.325823595039488, 41.463466139660312 ], [ 44.325944502256462, 41.463625694311084 ], [ 44.326026957343863, 41.463734581915737 ], [ 44.326096246521523, 41.463900724638734 ], [ 44.326216067480274, 41.463997625935484 ], [ 44.326506678588117, 41.46407417958909 ], [ 44.326775696068424, 41.464171953746565 ], [ 44.327009653420383, 41.464226781888975 ], [ 44.32740689039781, 41.464298597622246 ], [ 44.327691093036485, 41.464300259046823 ], [ 44.327897832169747, 41.464242693685925 ], [ 44.327970112318297, 41.464125478912855 ], [ 44.32808076393637, 41.463730563876283 ], [ 44.328173910031943, 41.463650941770105 ], [ 44.328224990277889, 41.463528288617695 ], [ 44.328256572927678, 41.463223751554409 ], [ 44.328244199551342, 41.463041954302014 ], [ 44.328216699856405, 41.462950908687013 ], [ 44.328410730062984, 41.462743564588166 ], [ 44.328740092814783, 41.462504943496221 ], [ 44.328940353364416, 41.462378251392821 ], [ 44.329083421861725, 41.462287750530663 ], [ 44.329527636074914, 41.46212829678273 ], [ 44.329625528351691, 41.462093197872967 ], [ 44.3299459441415, 41.462030841724342 ], [ 44.329952415436715, 41.462030338973371 ], [ 44.330201979305244, 41.462010985224012 ], [ 44.330386401708076, 41.462044125405015 ], [ 44.330676295079115, 41.462190111701943 ], [ 44.330878020826567, 41.462269875186422 ], [ 44.331129240067263, 41.462369156996289 ], [ 44.331518522401531, 41.462521123507742 ], [ 44.331752642559096, 41.462559909724156 ], [ 44.331865729378173, 41.462619340148827 ], [ 44.332207402944896, 41.462562550676154 ], [ 44.33247105764319, 41.462494588614277 ], [ 44.332502943214088, 41.462473786316892 ], [ 44.332649893080109, 41.462377989147072 ], [ 44.332729505736481, 41.462239466241357 ], [ 44.33272512147709, 41.461972145107303 ], [ 44.33269876646127, 41.461768874503591 ], [ 44.332751091591597, 41.461517960587734 ], [ 44.332740083530624, 41.46138283019615 ], [ 44.332738492023445, 41.461362869488148 ], [ 44.332781994170567, 41.461277596195146 ], [ 44.332861003288777, 41.461197798169572 ], [ 44.332947075144439, 41.461118176156255 ], [ 44.333633085895769, 41.460742623766265 ], [ 44.334289892271691, 41.460447064457604 ], [ 44.334632650294239, 41.460288715121571 ], [ 44.335024768969618, 41.460162626527605 ], [ 44.335366863803529, 41.460063044709912 ], [ 44.335865049637825, 41.459985755842986 ], [ 44.336292015574244, 41.459929401549481 ], [ 44.336693126328711, 41.459919149796001 ], [ 44.33680379408289, 41.459916320022074 ], [ 44.33718774740386, 41.459891825940062 ], [ 44.337344063331415, 41.459898040917935 ], [ 44.337450238620143, 41.459930719000084 ], [ 44.337585296431165, 41.459931496816729 ], [ 44.338083267060632, 41.459880904160428 ], [ 44.338318142184946, 41.459844874559451 ], [ 44.33858029846278, 41.459816612633944 ], [ 44.338695133860988, 41.459804257114442 ], [ 44.339064680928331, 41.459801021581534 ], [ 44.339427000642708, 41.459813821642769 ], [ 44.339731526483419, 41.459917128903101 ], [ 44.339893871163589, 41.460019619540667 ], [ 44.340353469663384, 41.460252080905263 ], [ 44.340508372308413, 41.460391998953703 ], [ 44.340627937556938, 41.460515635955552 ], [ 44.340833132469534, 41.460602337630284 ], [ 44.341010432383456, 41.460635419972476 ], [ 44.341117103219212, 41.460625357199675 ], [ 44.341395578712103, 41.460493281497598 ], [ 44.341619813123621, 41.460360984755624 ], [ 44.341850718125109, 41.460273492725776 ], [ 44.342062390034613, 41.460246645424014 ], [ 44.342336108886975, 41.460229475190125 ], [ 44.342733495864096, 41.460273856259704 ], [ 44.3432799293576, 41.460333093540662 ], [ 44.344091444394522, 41.460632357099833 ], [ 44.344218069646956, 41.460697752482332 ], [ 44.344567630613724, 41.460878272265724 ], [ 44.344797117608699, 41.461018525719147 ], [ 44.345061994297438, 41.461180405312852 ], [ 44.345235087623287, 41.461274932983009 ], [ 44.345361317648894, 41.461278781510551 ], [ 44.345409135320637, 41.461280562376409 ], [ 44.345551769466958, 41.461314116006271 ], [ 44.345712283430743, 41.461427261829797 ], [ 44.345823376541809, 41.461507429372382 ], [ 44.345978181966082, 41.461569109869529 ], [ 44.346139683957702, 41.461584034566521 ], [ 44.346289169261048, 41.461561464829451 ], [ 44.346382395587291, 41.461566723495956 ], [ 44.346487438771476, 41.461623436673449 ], [ 44.346573829096968, 41.461689411538458 ], [ 44.346598587684589, 41.46169220937076 ], [ 44.346704260149885, 41.461704158942069 ], [ 44.346940638985586, 41.461691494597666 ], [ 44.347134010155919, 41.461627108155206 ], [ 44.347252597959667, 41.461581032527377 ], [ 44.347438945392135, 41.461596096384376 ], [ 44.347718050990281, 41.461663163489597 ], [ 44.347798323169982, 41.461724418873942 ], [ 44.347822452369293, 41.461790039777128 ], [ 44.347871218984039, 41.461888497362096 ], [ 44.347932752890202, 41.461949646418894 ], [ 44.348031798293157, 41.462001640316728 ], [ 44.348285894342816, 41.462073248161033 ], [ 44.348380460041589, 41.462094320856046 ], [ 44.348651911111915, 41.462154811938575 ], [ 44.348918707878035, 41.462207799861183 ], [ 44.349043007911419, 41.462213142173269 ], [ 44.349191965540697, 41.462237404373042 ], [ 44.349371855400314, 41.462275802874252 ], [ 44.34956402395369, 41.462337689870289 ], [ 44.349761832020882, 41.462446402078278 ], [ 44.34993476204145, 41.462564296056691 ], [ 44.35004609617225, 41.462621041533588 ], [ 44.350207321683527, 41.462664017136781 ], [ 44.350349774414212, 41.462716299268699 ], [ 44.350473422119485, 41.462787120443132 ], [ 44.350523580438306, 41.462836584278278 ], [ 44.350560338766982, 41.462872911649924 ], [ 44.350621168941849, 41.462932929360527 ], [ 44.35082424094653, 41.463144534415491 ], [ 44.350879379190033, 41.463229020100691 ], [ 44.350903818164291, 41.463275951657337 ], [ 44.350903351980882, 41.463322697637999 ], [ 44.350884159842167, 41.46337402181755 ], [ 44.350902419161649, 41.463416234632881 ], [ 44.350964470208801, 41.463425952498149 ], [ 44.35123764105159, 41.463464874363396 ], [ 44.351498172709327, 41.463522459799009 ], [ 44.351740224893113, 41.46356593393557 ], [ 44.352020135263196, 41.463553459445258 ], [ 44.352310504724841, 41.463470650025094 ], [ 44.352325635752003, 41.463466321575666 ], [ 44.352398447319473, 41.46343561081288 ], [ 44.352456709931914, 41.463410898125417 ], [ 44.352581058740697, 41.463411598060127 ], [ 44.352661556402211, 41.463444838174439 ], [ 44.352785068309267, 41.463529707702769 ], [ 44.352864404272005, 41.46367981266593 ], [ 44.352906116191491, 41.463862447966584 ], [ 44.352947223923486, 41.464105880060039 ], [ 44.35300806767335, 41.464237145416746 ], [ 44.353092413833615, 41.46432305535086 ], [ 44.353168461165907, 41.46440058667622 ], [ 44.35324812542099, 41.464481696224858 ], [ 44.353452355493744, 41.464692582520975 ], [ 44.353475824922491, 41.464716809330078 ], [ 44.353544264188486, 41.464758673225006 ], [ 44.353568546055918, 41.464773446771098 ], [ 44.353654794871474, 41.464848783240129 ], [ 44.353771188549366, 41.465017786202374 ], [ 44.353928427388304, 41.465191792402329 ], [ 44.353949630117761, 41.465215195712751 ], [ 44.35400705610229, 41.465268842254375 ], [ 44.354043362913096, 41.465302733959319 ], [ 44.354060507908429, 41.465318728363876 ], [ 44.354066270568488, 41.465365509322112 ], [ 44.354121447527206, 41.465440670950741 ], [ 44.354213613462882, 41.465553421081346 ], [ 44.354330891339458, 41.465633570062693 ], [ 44.354770065663729, 41.465869867407861 ], [ 44.354949412329105, 41.465964415501865 ], [ 44.355531227854151, 41.466229567903362 ], [ 44.355988554315601, 41.466508072046402 ], [ 44.356254371171268, 41.466668586246442 ], [ 44.356309829704578, 41.466715645191464 ], [ 44.356419789246232, 41.466912667590933 ], [ 44.356560513332212, 41.467147287864805 ], [ 44.356677010336512, 41.467307010758532 ], [ 44.356812711567002, 41.467419957217814 ], [ 44.356886989991686, 41.467453114550679 ], [ 44.357017665995151, 41.467444477343598 ], [ 44.357148697592329, 41.467393777255907 ], [ 44.35724853013091, 41.467361593116074 ], [ 44.357373071157511, 41.467343598528736 ], [ 44.357677659305821, 41.467349983631308 ], [ 44.358168812185703, 41.467357409067411 ], [ 44.358485808390768, 41.467368500092505 ], [ 44.359099968489595, 41.467507575604294 ], [ 44.359428254278548, 41.467631004609295 ], [ 44.359676002375949, 41.467730565047496 ], [ 44.359991574572966, 41.467886663694536 ], [ 44.360195244190621, 41.468042139107183 ], [ 44.360306243109328, 41.468140937481252 ], [ 44.360485635881226, 41.468226154490601 ], [ 44.36069654557847, 41.468278759329635 ], [ 44.36092625999062, 41.468312777833653 ], [ 44.361006722914354, 41.468350605694127 ], [ 44.36113671141802, 41.46841212790175 ], [ 44.361310168831594, 41.468473891330966 ], [ 44.3614210179488, 41.468582100562152 ], [ 44.361513797496016, 41.468634048038986 ], [ 44.361681272565683, 41.468677042239349 ], [ 44.362065414132061, 41.468814825250831 ], [ 44.362388369839806, 41.468854041772929 ], [ 44.362754795344443, 41.468893453179518 ], [ 44.363369528168349, 41.468976392756083 ], [ 44.363723240803672, 41.469048472737967 ], [ 44.364052791435022, 41.469050295181908 ], [ 44.364183789252237, 41.469008954634219 ], [ 44.364314773222048, 41.468962884957541 ], [ 44.364325677451916, 41.468962224623198 ], [ 44.364386131469345, 41.468958415273661 ], [ 44.364417946034052, 41.468956429284638 ], [ 44.364451677905905, 41.468954318768809 ], [ 44.364532143698554, 41.468992144179133 ], [ 44.364599803926865, 41.469072053586608 ], [ 44.36477093869081, 41.469372270765952 ], [ 44.364849989793953, 41.469555107811608 ], [ 44.364979057415603, 41.469705478912999 ], [ 44.36505838326017, 41.469860259171092 ], [ 44.365168830635383, 41.470010527269281 ], [ 44.365335445104684, 41.470142369716861 ], [ 44.365465486991774, 41.470199203455195 ], [ 44.365701528743031, 41.470223924637018 ], [ 44.365857103390752, 41.470210730830438 ], [ 44.366018540450348, 41.470234995005256 ], [ 44.366179188711627, 41.470334106367517 ], [ 44.366364623787611, 41.470452044468615 ], [ 44.366569076201927, 41.470523338425131 ], [ 44.366990329467086, 41.470689322451236 ], [ 44.367398524754044, 41.470911394454916 ], [ 44.367571463839496, 41.471033945745035 ], [ 44.367743844413916, 41.471207881097641 ], [ 44.368051227422761, 41.471569687334814 ], [ 44.368052032461591, 41.471573114581233 ], [ 44.368069136692334, 41.47164932133677 ], [ 44.368086078170961, 41.47182244714341 ], [ 44.368072548148156, 41.471939289254912 ], [ 44.368051686448496, 41.472163639792718 ], [ 44.36800033806977, 41.472327067705216 ], [ 44.367962783275686, 41.472432833762333 ], [ 44.367955640581229, 41.472453061230375 ], [ 44.367895983707186, 41.472553256319941 ], [ 44.367841805811572, 41.472644203836396 ], [ 44.36783985077092, 41.472648201397689 ], [ 44.367727667018372, 41.472872725479206 ], [ 44.367589359362121, 41.473030991293101 ], [ 44.367482159208329, 41.473180060272696 ], [ 44.367368973208762, 41.473310360776786 ], [ 44.367206239998673, 41.473412375501184 ], [ 44.367124462986155, 41.473514790409354 ], [ 44.367105112585222, 41.473589535660899 ], [ 44.36712255219765, 41.473711231881481 ], [ 44.367202601556848, 41.473786478971697 ], [ 44.367394471769636, 41.473890444213957 ], [ 44.367517735656733, 41.473998670738645 ], [ 44.367745884053846, 41.474196286916936 ], [ 44.36790051315117, 41.47428135619343 ], [ 44.368049611059703, 41.474300910884573 ], [ 44.36821178547806, 41.474250369356589 ], [ 44.36834882328013, 41.474223018800544 ], [ 44.368473042333775, 41.474233068596455 ], [ 44.368603155016928, 41.4742898991529 ], [ 44.368844441104564, 41.4743929622515 ], [ 44.36886942892211, 41.474403593011509 ], [ 44.368932292379412, 41.474442039332985 ], [ 44.368962116991106, 41.474460262847089 ], [ 44.369054593455218, 41.474544944542167 ], [ 44.369087173864777, 41.47457491170946 ], [ 44.369294976489108, 41.474766044056402 ], [ 44.369393585800651, 41.474829726764312 ], [ 44.369455655388698, 41.474869834819486 ], [ 44.369554558117599, 41.47492180934394 ], [ 44.370224545237626, 41.475093828347731 ], [ 44.370570463794429, 41.475195839312725 ], [ 44.370757784462519, 41.475251088904173 ], [ 44.370925056353322, 41.475317487826132 ], [ 44.371066830507452, 41.475444547210323 ], [ 44.371233696702213, 41.475553008139023 ], [ 44.37136993693619, 41.475614552916696 ], [ 44.371797583680632, 41.475761863795675 ], [ 44.372076549680855, 41.475852290305468 ], [ 44.372249857532474, 41.475932681756923 ], [ 44.372301441171828, 41.475973721861749 ], [ 44.372377924398798, 41.47603466910568 ], [ 44.372391771166583, 41.476045688679577 ], [ 44.372540288172672, 41.476126034497014 ], [ 44.372713281215894, 41.476239210555434 ], [ 44.37284289113849, 41.476342782097419 ], [ 44.372891660795077, 41.476445957818399 ], [ 44.372890759158643, 41.476539494999798 ], [ 44.372921296915678, 41.476595777737359 ], [ 44.373001957224197, 41.47661490785098 ], [ 44.373207247279872, 41.476602020164407 ], [ 44.373486804792904, 41.476631601324982 ], [ 44.373704295365208, 41.476651476152952 ], [ 44.374169800574542, 41.476742868084102 ], [ 44.374304190618552, 41.476754498187297 ], [ 44.374381258388659, 41.47676117754677 ], [ 44.37457368900737, 41.476777806865506 ], [ 44.375144753725564, 41.476883775312743 ], [ 44.37530031205992, 41.476879981438998 ], [ 44.375461664478699, 41.476908915763254 ], [ 44.375572506975949, 41.477021750044685 ], [ 44.37563349774161, 41.477143681346043 ], [ 44.375663155849409, 41.47729813949303 ], [ 44.375661494470592, 41.477471253147172 ], [ 44.375621285819747, 41.477779629193137 ], [ 44.375589213146164, 41.477926636370668 ], [ 44.375559705334062, 41.47806221803355 ], [ 44.375556134641293, 41.478078592156933 ], [ 44.375536792920229, 41.478153293791223 ], [ 44.375498722159854, 41.478232622632646 ], [ 44.375398522815352, 41.478302201349337 ], [ 44.375373087444643, 41.478362863322339 ], [ 44.375372323797166, 41.478442394706846 ], [ 44.375587516809126, 41.478696086155928 ], [ 44.375722421529794, 41.47889790909111 ], [ 44.375801649139063, 41.479066732794408 ], [ 44.375923770298044, 41.479296544222912 ], [ 44.376053256636602, 41.479414163014539 ], [ 44.376287453424112, 41.479635214235486 ], [ 44.376361232819079, 41.479729156335807 ], [ 44.37642776797852, 41.479916601165094 ], [ 44.376631061757486, 41.480331774158074 ], [ 44.376641281980675, 41.48035268172098 ], [ 44.376714868602853, 41.48046062907602 ], [ 44.376735723356717, 41.480490466563559 ], [ 44.376806915386709, 41.480592095689282 ], [ 44.37692774359973, 41.480957550709924 ], [ 44.376988307811153, 41.48113091126357 ], [ 44.377062343555096, 41.481192112320116 ], [ 44.377266319803269, 41.481324139650738 ], [ 44.37737179522297, 41.481348084899786 ], [ 44.377683887412097, 41.481228218775065 ], [ 44.378525843991575, 41.480980203032935 ], [ 44.378934408569535, 41.480942371845757 ], [ 44.378955328946972, 41.480940368060978 ], [ 44.379110747528088, 41.480945936011196 ], [ 44.379209994472724, 41.480969890991659 ], [ 44.379284032572897, 41.4810310455983 ], [ 44.379314548445841, 41.481096694203288 ], [ 44.37933859801079, 41.481180998299656 ], [ 44.379299593217397, 41.481358504175937 ], [ 44.379212070749716, 41.481536739002735 ], [ 44.379134686276736, 41.481694356457879 ], [ 44.379084444777057, 41.481750201461033 ], [ 44.379077308484135, 41.481839021105792 ], [ 44.379119596466168, 41.481970172185399 ], [ 44.379130981260666, 41.482082511087697 ], [ 44.379105191031101, 41.482180552712286 ], [ 44.379060447337316, 41.48226898918692 ], [ 44.379059898465272, 41.482270022076719 ], [ 44.37898551572362, 41.482338932566392 ], [ 44.378921397820832, 41.482392811012453 ], [ 44.378891452514296, 41.482417915115143 ], [ 44.378772714348777, 41.482478073931354 ], [ 44.378360816689231, 41.482625506753479 ], [ 44.377992962342468, 41.482726427793011 ], [ 44.377811776038477, 41.482809622132145 ], [ 44.377649065651759, 41.482920974251741 ], [ 44.377567188141768, 41.483028079735988 ], [ 44.37758527626972, 41.483084293811608 ], [ 44.377677954987952, 41.483150279192714 ], [ 44.377844941105288, 41.483249408407836 ], [ 44.378021523388242, 41.483397274345855 ], [ 44.37809787203804, 41.483461234485773 ], [ 44.378512860836643, 41.483636509953357 ], [ 44.379052478643231, 41.483793766424938 ], [ 44.379289253564089, 41.483810131847427 ], [ 44.379419132577851, 41.483819119489567 ], [ 44.379910592020096, 41.483807718489388 ], [ 44.380227717000018, 41.483814111565493 ], [ 44.380451758353708, 41.483796628178446 ], [ 44.380557461584011, 41.483797197491 ], [ 44.380631682123727, 41.483839661805376 ], [ 44.380718566412547, 41.483854181197337 ], [ 44.380796355642559, 41.483836359981822 ], [ 44.38091808097623, 41.483808506749568 ], [ 44.381578919672862, 41.483638984251385 ], [ 44.381602576497556, 41.483632716178022 ], [ 44.381887598916137, 41.483557189786552 ], [ 44.382115100142883, 41.483496891491448 ], [ 44.38235226299058, 41.48340930712223 ], [ 44.382495557758837, 41.483386702265996 ], [ 44.382675703628848, 41.483406359648491 ], [ 44.382886547520812, 41.483472974977083 ], [ 44.38305388201313, 41.483529988840644 ], [ 44.383481977375041, 41.483644561683171 ], [ 44.383711537380314, 41.483701863068397 ], [ 44.383910723786009, 41.483684239763711 ], [ 44.384016471259855, 41.483680122278081 ], [ 44.3841155915987, 41.48371807887559 ], [ 44.384363748569555, 41.483784891285161 ], [ 44.384481908677152, 41.483785523664352 ], [ 44.384724678419225, 41.483763448316751 ], [ 44.384824285741942, 41.483781635632631 ], [ 44.384935731467543, 41.483801957873304 ], [ 44.385090406434635, 41.483886959175813 ], [ 44.385250647053837, 41.484042157778141 ], [ 44.385696315206722, 41.484269048685235 ], [ 44.385931296793537, 41.484393254647749 ], [ 44.385937673890993, 41.484396576399774 ], [ 44.386053936725574, 41.484477768357799 ], [ 44.386444320758599, 41.484750073879418 ], [ 44.386920892266176, 41.485092419765927 ], [ 44.386975563371912, 41.485131713260898 ], [ 44.387248010655973, 41.4852594039046 ], [ 44.387484072124415, 41.485288719337589 ], [ 44.387733162856414, 41.485257348640268 ], [ 44.388350986870684, 41.485031442098794 ], [ 44.388378750797607, 41.4850215014337 ], [ 44.388569373459468, 41.484953112789746 ], [ 44.388719074174269, 41.484911798818793 ], [ 44.388999142137195, 41.484885228818804 ], [ 44.389434743153203, 41.484859483862358 ], [ 44.389478097582625, 41.484847553984373 ], [ 44.389634282889979, 41.48480442671994 ], [ 44.390033449211863, 41.484684944142579 ], [ 44.390227372913643, 41.484564417315511 ], [ 44.390265560872294, 41.484471077754243 ], [ 44.390248075279438, 41.484349384954008 ], [ 44.390255487602218, 41.484223140283618 ], [ 44.390287753787518, 41.484097027360377 ], [ 44.39041380859782, 41.483919979178708 ], [ 44.390803183002603, 41.483515177123628 ], [ 44.390991179960373, 41.483361875625555 ], [ 44.391084748915048, 41.483334267871761 ], [ 44.391209207932903, 41.483320920150604 ], [ 44.391346052467107, 41.483321644369212 ], [ 44.391451404992161, 41.483359627630961 ], [ 44.39161845710715, 41.483454008332352 ], [ 44.391772396360821, 41.48361853226497 ], [ 44.391889419466793, 41.483740751146975 ], [ 44.391957068726533, 41.483820644274765 ], [ 44.392215462859234, 41.484125965217913 ], [ 44.392362329493785, 41.484368320083419 ], [ 44.392374657000602, 41.484388651892758 ], [ 44.392389372364292, 41.484403411717174 ], [ 44.39247327494575, 41.484487443730337 ], [ 44.39267720558977, 41.484628811188415 ], [ 44.392924573217591, 41.484775091406647 ], [ 44.393159937680373, 41.484879198097801 ], [ 44.393327170096029, 41.484954931904227 ], [ 44.39341973695408, 41.485034910547334 ], [ 44.393550122030021, 41.485054333506469 ], [ 44.393724412610787, 41.485041200763249 ], [ 44.393954073668105, 41.485089159569746 ], [ 44.394097221128625, 41.485075907200141 ], [ 44.394408648102988, 41.485026114971895 ], [ 44.394639544889074, 41.484947794954941 ], [ 44.394746033989811, 41.484864136031824 ], [ 44.394839673148205, 41.484822609143514 ], [ 44.394945699232714, 41.484795108833737 ], [ 44.395182502272831, 41.484744876890765 ], [ 44.395501372167693, 41.484564198042676 ], [ 44.395595489188871, 41.484471150626035 ], [ 44.395614783559111, 41.484405723057797 ], [ 44.39565910472588, 41.484321826668939 ], [ 44.395741388969739, 41.484167916892865 ], [ 44.395798003840881, 41.484088723850334 ], [ 44.395923104762772, 41.484019213157353 ], [ 44.396341965445806, 41.483782895797361 ], [ 44.396673241193298, 41.483606917586904 ], [ 44.396922299899629, 41.48351324049883 ], [ 44.397016478254812, 41.483477794657894 ], [ 44.397465606851434, 41.483335173885351 ], [ 44.398181874509049, 41.483222007507791 ], [ 44.398804661335888, 41.483127038488284 ], [ 44.399171535873741, 41.483128955491523 ], [ 44.399369982635811, 41.483190792012337 ], [ 44.399410046585487, 41.483204107010373 ], [ 44.399490711865134, 41.483230919918547 ], [ 44.400070596960511, 41.483423597162385 ], [ 44.400234052868257, 41.483493671616813 ], [ 44.400324610195881, 41.483532470350319 ], [ 44.400442080236722, 41.483607934383251 ], [ 44.400502908371116, 41.483753225840722 ], [ 44.400514072212509, 41.483893574566864 ], [ 44.400413114219162, 41.484047390440047 ], [ 44.400235717505559, 41.484248411864911 ], [ 44.400199463475097, 41.484289476788334 ], [ 44.400097538677734, 41.484541468177504 ], [ 44.400090179200205, 41.484677036455828 ], [ 44.400076384563278, 41.484821983916525 ], [ 44.400050650819814, 41.484910707856073 ], [ 44.400099556851025, 41.485004459923658 ], [ 44.40038349493873, 41.485239773008097 ], [ 44.400463742904719, 41.485305675238685 ], [ 44.400569190389483, 41.485334282930403 ], [ 44.400805560098945, 41.48533083067889 ], [ 44.401277911823392, 41.485366032370479 ], [ 44.401318234090489, 41.485364485809512 ], [ 44.401383661122807, 41.485361898929519 ], [ 44.401494218413823, 41.48536247426609 ], [ 44.401532967367594, 41.485362675889242 ], [ 44.401688226871819, 41.485386902904899 ], [ 44.401793631959976, 41.485420193110386 ], [ 44.40199754289435, 41.485566227807539 ], [ 44.402127674202468, 41.485613652789993 ], [ 44.402295563925826, 41.485619209211947 ], [ 44.402482423438549, 41.48558743812341 ], [ 44.402691447011748, 41.485535695294921 ], [ 44.403055947042894, 41.485445441727663 ], [ 44.403654348590337, 41.485294203738903 ], [ 44.403835080779267, 41.485257714823327 ], [ 44.404152832848808, 41.485203245128218 ], [ 44.404420267514062, 41.485195307550633 ], [ 44.404750142643678, 41.485164228186839 ], [ 44.405105101844576, 41.485114677299457 ], [ 44.40549737278586, 41.485065228099415 ], [ 44.405921170118695, 41.484973875757852 ], [ 44.406008702601277, 41.484918211616638 ], [ 44.406103975021637, 41.484703606445962 ], [ 44.406232251096561, 41.484278668193632 ], [ 44.406215273567852, 41.484091496459371 ], [ 44.40619764704379, 41.483988540736334 ], [ 44.406235367500614, 41.483937303100461 ], [ 44.406255119193823, 41.483925560305231 ], [ 44.406360439967294, 41.483863097030735 ], [ 44.406480521112265, 41.48365325836491 ], [ 44.406631683186127, 41.483443624945835 ], [ 44.406707712444422, 41.48328962995528 ], [ 44.406730945028464, 41.483257368112803 ], [ 44.406758119618658, 41.483219722144774 ], [ 44.406848783472448, 41.483148715841203 ], [ 44.406870860669564, 41.483131490403849 ], [ 44.407095276958124, 41.483071847340092 ], [ 44.40745760219334, 41.482895998044384 ], [ 44.407545453378923, 41.482837767234351 ], [ 44.407751643868195, 41.482701105626049 ], [ 44.408176826962062, 41.482455409870013 ], [ 44.408332677761585, 41.482414147005819 ], [ 44.408432448755285, 41.482381918201611 ], [ 44.408495097407894, 41.482335446834334 ], [ 44.408658391502399, 41.482153931199996 ], [ 44.408746658096987, 41.482023417030355 ], [ 44.408866242978291, 41.481860366802735 ], [ 44.408960312229468, 41.481776630809378 ], [ 44.409079038888827, 41.481721124577419 ], [ 44.409259825495567, 41.481670620831892 ], [ 44.409751519151591, 41.481631080396284 ], [ 44.410615781613942, 41.48164483489203 ], [ 44.410924651916751, 41.481655919990963 ], [ 44.41112749159393, 41.481663263834406 ], [ 44.411799773794542, 41.481687465830547 ], [ 44.41182815245697, 41.481688466655228 ], [ 44.412518028850883, 41.481734102016055 ], [ 44.412847224776058, 41.481782531463537 ], [ 44.413344242408819, 41.481836499906265 ], [ 44.413798059817665, 41.481852865233172 ], [ 44.414083972118398, 41.481873012415782 ], [ 44.414407068197086, 41.481907354746106 ], [ 44.414841882696656, 41.481965728914886 ], [ 44.415269671356278, 41.48211287892444 ], [ 44.415536395819089, 41.482189086240247 ], [ 44.415722735184659, 41.482213407205442 ], [ 44.415953050865355, 41.482195841469185 ], [ 44.416270993860486, 41.482103958388151 ], [ 44.416533061548172, 41.482011745965615 ], [ 44.416838184534043, 41.481960149540896 ], [ 44.416962824759402, 41.481939073506545 ], [ 44.417765767396197, 41.481858966370446 ], [ 44.418562819913262, 41.481720680920915 ], [ 44.41891809762727, 41.481659018990683 ], [ 44.419515760339692, 41.481582546247196 ], [ 44.419710988771669, 41.481563715007212 ], [ 44.419746114226882, 41.481560334277226 ], [ 44.419818678254892, 41.481562817063939 ], [ 44.420063192077258, 41.481571256092025 ], [ 44.420255842780222, 41.481586278850976 ], [ 44.420988221709955, 41.481748994015994 ], [ 44.421404190710255, 41.4818258938868 ], [ 44.421981731356247, 41.481917655893866 ], [ 44.422441716092244, 41.481947979620415 ], [ 44.422827228410611, 41.481954643639014 ], [ 44.422892564588956, 41.481961817116392 ], [ 44.422974414095108, 41.481970829847469 ], [ 44.4230943164034, 41.481984041689032 ], [ 44.4233114861226, 41.482050614707127 ], [ 44.423559410957964, 41.482140715719844 ], [ 44.423670346229969, 41.482253504147494 ], [ 44.423677699664573, 41.482261737749539 ], [ 44.423812009375503, 41.482413194934921 ], [ 44.424009691031962, 41.482563843395035 ], [ 44.424392476013217, 41.482879127924853 ], [ 44.424522618586465, 41.482926527662414 ], [ 44.424863872870091, 41.483021776626543 ], [ 44.425006390040657, 41.483078605413148 ], [ 44.425073666717239, 41.483205180761381 ], [ 44.425235075836511, 41.483238774463572 ], [ 44.42558883571882, 41.483315303286176 ], [ 44.425753099759582, 41.483351207411907 ], [ 44.425917843093224, 41.483387113695279 ], [ 44.426085027724817, 41.483472167421866 ], [ 44.426189677139654, 41.483598973619785 ], [ 44.426384834007294, 41.484030141585137 ], [ 44.426617981938321, 41.48439146587291 ], [ 44.426755947881354, 41.484591442776598 ], [ 44.426796102603305, 41.484649560619317 ], [ 44.426869901431445, 41.484743425413157 ], [ 44.426956939672962, 41.484748587974451 ], [ 44.427038161987653, 41.484706882903303 ], [ 44.427088975218467, 41.484676916110168 ], [ 44.427313239825075, 41.484544587975201 ], [ 44.427619893203129, 41.484326288235025 ], [ 44.427826985960138, 41.484116860164612 ], [ 44.427927490443977, 41.484000443724817 ], [ 44.428027643363961, 41.48393077397499 ], [ 44.428140069175193, 41.483875261773704 ], [ 44.42829001192046, 41.483796471605537 ], [ 44.428628334383184, 41.483517571467345 ], [ 44.428878325449503, 41.483373838534341 ], [ 44.429134174640488, 41.483272198801913 ], [ 44.429414832179063, 41.4831894170105 ], [ 44.42980059919028, 41.483167955761971 ], [ 44.430229249592543, 41.483221512320682 ], [ 44.430614361720529, 41.483274851765096 ], [ 44.431049119432245, 41.483342442047778 ], [ 44.43144548210126, 41.483540853902866 ], [ 44.43166801955158, 41.483686973237056 ], [ 44.431858719163358, 41.483926386910326 ], [ 44.431889147874728, 41.484001388903522 ], [ 44.431850734172812, 41.484127438214529 ], [ 44.43176267412376, 41.484239280746202 ], [ 44.431756015249164, 41.484295364099737 ], [ 44.431811175837503, 41.484384494834103 ], [ 44.432156739417678, 41.484694840719818 ], [ 44.432441894624901, 41.484803841811242 ], [ 44.43267773112477, 41.484861121525853 ], [ 44.432938463279719, 41.48491383963713 ], [ 44.433142932270336, 41.485003705731849 ], [ 44.433322487471159, 41.485093448721287 ], [ 44.433496607619588, 41.485098990294745 ], [ 44.433615015496315, 41.485071515297413 ], [ 44.434064301493891, 41.484896010334872 ], [ 44.434520239632498, 41.484678426606962 ], [ 44.434895629194727, 41.484418380677077 ], [ 44.435178193069788, 41.484115813041285 ], [ 44.435366718548586, 41.483882905906171 ], [ 44.435461771637975, 41.48368223667017 ], [ 44.435481796153766, 41.483528037750709 ], [ 44.435464532094564, 41.483364198016872 ], [ 44.435533817285993, 41.483261718285156 ], [ 44.43555351710939, 41.483144898567524 ], [ 44.435580237701309, 41.482929887308821 ], [ 44.435612090739511, 41.482841185344739 ], [ 44.43568192264771, 41.482682501851471 ], [ 44.435714099705422, 41.482556420621663 ], [ 44.43570860197525, 41.482472174204702 ], [ 44.435790058870722, 41.482402450975968 ], [ 44.435945608912725, 41.482393846155446 ], [ 44.436070117355428, 41.482380450112743 ], [ 44.43613288916292, 41.48231058999157 ], [ 44.436164538526427, 41.482245261140328 ], [ 44.436202232833317, 41.482208020047892 ], [ 44.436276933646106, 41.482199063492679 ], [ 44.436382351645541, 41.482232322098113 ], [ 44.436778705119274, 41.482425986680333 ], [ 44.437032311952294, 41.482581570493622 ], [ 44.437329882839073, 41.482695259096523 ], [ 44.437484947722488, 41.482742811131523 ], [ 44.437621449591568, 41.482776175574671 ], [ 44.437725252182496, 41.48277479149202 ], [ 44.4378764936138, 41.482772783458216 ], [ 44.438006888391868, 41.482792111048497 ], [ 44.438174371089723, 41.482844316614482 ], [ 44.438466402657703, 41.48287852971098 ], [ 44.438919871911601, 41.482936858914385 ], [ 44.439541228752525, 41.483000688369458 ], [ 44.439932495298258, 41.48306339433605 ], [ 44.440329870116621, 41.483140180280117 ], [ 44.44095721763096, 41.483232089372663 ], [ 44.441473499286879, 41.483215817024387 ], [ 44.44208927427642, 41.483204843965453 ], [ 44.443003454424492, 41.483218597233694 ], [ 44.443836924911601, 41.483208623772072 ], [ 44.444638834256267, 41.483254563126224 ], [ 44.444931051177605, 41.483260657532881 ], [ 44.445272676562951, 41.483309099220818 ], [ 44.445670219054882, 41.48336713207987 ], [ 44.446571209059883, 41.483460329014143 ], [ 44.447149000523645, 41.483528501544065 ], [ 44.447397381434797, 41.483576533742969 ], [ 44.44785056636816, 41.483676936104757 ], [ 44.448235596662649, 41.483734900034882 ], [ 44.448887538173018, 41.48385962586066 ], [ 44.449154568244424, 41.483912337407439 ], [ 44.449265927941049, 41.483987677349333 ], [ 44.449426183744421, 41.484152154553541 ], [ 44.449827895590303, 41.484490098801615 ], [ 44.449839908778813, 41.484500154506662 ], [ 44.450123353586946, 41.484814878283757 ], [ 44.450326384452111, 41.484999735335926 ], [ 44.450376369386696, 41.485045281551898 ], [ 44.450593202129404, 41.485149182281809 ], [ 44.450891025337356, 41.485230095008198 ], [ 44.451244965241116, 41.485297268157815 ], [ 44.451481096635952, 41.485321768749465 ], [ 44.451661190918713, 41.485350685585836 ], [ 44.451866317952167, 41.485365714889689 ], [ 44.451990829378182, 41.485352256599114 ], [ 44.45212184481575, 41.485306132197714 ], [ 44.452222071595131, 41.485217751304361 ], [ 44.452347685060865, 41.485073374932234 ], [ 44.452460211028814, 41.48500374279697 ], [ 44.452516641481203, 41.48495257900526 ], [ 44.452659659634882, 41.484953259661999 ], [ 44.452859501572242, 41.484855984468581 ], [ 44.452959529684399, 41.484791021288785 ], [ 44.452960002036619, 41.484734862227299 ], [ 44.452923398477999, 41.48465051372785 ], [ 44.452905637904692, 41.484547564431324 ], [ 44.45288789629398, 41.484435247495789 ], [ 44.452845890756741, 41.484252647272257 ], [ 44.452816500088389, 41.484051371589864 ], [ 44.452778744369994, 41.483954542265863 ], [ 44.452761743984397, 41.483910775356776 ], [ 44.452687730413025, 41.483830977679503 ], [ 44.452583049174713, 41.48370887923658 ], [ 44.452540809163438, 41.483554290868518 ], [ 44.452486859280917, 41.483310923564055 ], [ 44.452472761145692, 41.482773022827978 ], [ 44.452551436287834, 41.482291679926753 ], [ 44.452684097736388, 41.482049155650103 ], [ 44.452965959094541, 41.481811934673551 ], [ 44.453059400408385, 41.48178900474646 ], [ 44.453333261934738, 41.481762248501788 ], [ 44.453950220463653, 41.481615565613716 ], [ 44.45414323348232, 41.481588378558527 ], [ 44.454385698345483, 41.481598896684837 ], [ 44.454752332644702, 41.481628693395812 ], [ 44.455206103374415, 41.481658901684817 ], [ 44.455442027098435, 41.481706812484475 ], [ 44.455677755956607, 41.481778051127684 ], [ 44.455869907547857, 41.481853812049444 ], [ 44.456259737153054, 41.482089488468013 ], [ 44.456372419289295, 41.48212874764242 ], [ 44.456749590407028, 41.482260151986459 ], [ 44.457115508776951, 41.48238347996373 ], [ 44.45777286427019, 41.482606362013385 ], [ 44.457977165679267, 41.482719602562064 ], [ 44.458355485906033, 41.482842985032157 ], [ 44.458504222184182, 41.482904440464708 ], [ 44.458727504436133, 41.482989710885981 ], [ 44.459011937834504, 41.483182772190737 ], [ 44.459357643362054, 41.483483714560059 ], [ 44.459746718476687, 41.483812917736692 ], [ 44.46012986177805, 41.484114033599312 ], [ 44.46033310359428, 41.484348820229215 ], [ 44.460449753229341, 41.48453176791358 ], [ 44.460510797531114, 41.484681712677009 ], [ 44.460540812456259, 41.484803408701559 ], [ 44.460582839966989, 41.484986006229832 ], [ 44.460518984683638, 41.485182113716178 ], [ 44.460380370636734, 41.485401289765619 ], [ 44.460261158033717, 41.48552701455057 ], [ 44.46008614123113, 41.485629057963799 ], [ 44.459942383576838, 41.485717241334875 ], [ 44.459574187117163, 41.485865170345555 ], [ 44.459075075534784, 41.486054592289186 ], [ 44.458856807672511, 41.486128372274266 ], [ 44.458745662996044, 41.48615496166466 ], [ 44.458588787147974, 41.486192594978462 ], [ 44.458394555320353, 41.486364713197553 ], [ 44.458275163298239, 41.486518493180775 ], [ 44.458255697860828, 41.486611943612019 ], [ 44.458223193413133, 41.486789507008361 ], [ 44.458278137901928, 41.486901998312518 ], [ 44.45832441020135, 41.487077725905429 ], [ 44.458332423279323, 41.487108028588167 ], [ 44.458479806117886, 41.487333187582003 ], [ 44.458522140997488, 41.487478361378784 ], [ 44.458608640914967, 41.487548936392926 ], [ 44.458800268389268, 41.48769012883681 ], [ 44.459271115691969, 41.487912169510778 ], [ 44.459593662929656, 41.488011866327525 ], [ 44.460115335110068, 41.488107858251233 ], [ 44.460532616117106, 41.48804433218077 ], [ 44.460899793750343, 41.488013311754194 ], [ 44.461123669302154, 41.488051156172141 ], [ 44.461398688321303, 41.488111623102156 ], [ 44.461779892744204, 41.488252932521632 ], [ 44.461880517960189, 41.488325282578842 ], [ 44.461958752972322, 41.488389105871462 ], [ 44.462009058396319, 41.488418930565444 ], [ 44.462115908641508, 41.488419430296105 ], [ 44.462617043811406, 41.488341426528066 ], [ 44.462994542328246, 41.488250187973087 ], [ 44.46329872602022, 41.488188150449773 ], [ 44.463956804553838, 41.48816586337697 ], [ 44.464125594090234, 41.488158182909913 ], [ 44.464170748078132, 41.488137270863618 ], [ 44.464233637755427, 41.488006505803924 ], [ 44.464318863543589, 41.487905389086407 ], [ 44.46445491698875, 41.487770731132208 ], [ 44.464584817875966, 41.487699456643384 ], [ 44.464708705617412, 41.487674677371132 ], [ 44.46484405237949, 41.487633017322786 ], [ 44.464939954610543, 41.487595407119457 ], [ 44.465069889441189, 41.487519898747578 ], [ 44.465301772571337, 41.487356096027973 ], [ 44.46541470305538, 41.487301630624934 ], [ 44.465544254426931, 41.487272643282566 ], [ 44.465651172417324, 41.487264673061247 ], [ 44.465774885428125, 41.487261014238321 ], [ 44.465948850770722, 41.48730834546361 ], [ 44.466111392758712, 41.487368278835291 ], [ 44.466290502908471, 41.487474812208958 ], [ 44.466430402569145, 41.487564274492158 ], [ 44.466704809634756, 41.487692416703936 ], [ 44.466861401843786, 41.487798844777252 ], [ 44.466972608259624, 41.487947352176377 ], [ 44.467055611980442, 41.488116851201355 ], [ 44.467110500845216, 41.488281986419068 ], [ 44.46716357240792, 41.48865432897248 ], [ 44.467190500570474, 41.488810912663105 ], [ 44.467246221596682, 41.488874583029322 ], [ 44.467324333690428, 41.488946824045222 ], [ 44.467419509116155, 41.488998021610712 ], [ 44.467537447576404, 41.489019690055038 ], [ 44.4676385396398, 41.489028624977337 ], [ 44.467699900766561, 41.489083854249309 ], [ 44.467766561800616, 41.489194098330017 ], [ 44.467954942556581, 41.489537477126603 ], [ 44.468049566367824, 41.489656272320119 ], [ 44.468093578928041, 41.489774878429607 ], [ 44.468092817859798, 41.489867921579417 ], [ 44.468063871823233, 41.489965022833175 ], [ 44.468000987890669, 41.490095789977225 ], [ 44.467994735058404, 41.490171873767395 ], [ 44.468066483882538, 41.490341319946076 ], [ 44.468149709818078, 41.490477041318059 ], [ 44.468300102491796, 41.490646850968609 ], [ 44.468355307359602, 41.490773975673001 ], [ 44.468511356772289, 41.490948044674525 ], [ 44.468528454969174, 41.490981361063334 ], [ 44.468572261736995, 41.491066728633584 ], [ 44.468577200759363, 41.491151331128293 ], [ 44.468548254853417, 41.491248432483196 ], [ 44.468468410622393, 41.491387588460036 ], [ 44.468371087558182, 41.49159854279587 ], [ 44.468257253396473, 41.491762897390032 ], [ 44.468097847358763, 41.491999010402388 ], [ 44.468073518833009, 41.492227145875304 ], [ 44.468089579443969, 41.492328733753176 ], [ 44.468040802451249, 41.49239691950892 ], [ 44.467987176815356, 41.492472018527522 ], [ 44.467935767853028, 41.492569015799283 ], [ 44.467906751051331, 41.492674583611368 ], [ 44.467861075759942, 41.492758951949476 ], [ 44.467776047885309, 41.492843093140181 ], [ 44.467657341017279, 41.492914422971651 ], [ 44.467544393154625, 41.492977357405103 ], [ 44.467436565924899, 41.49309521564237 ], [ 44.467317269366944, 41.493238421572713 ], [ 44.467091173691699, 41.493381132592418 ], [ 44.466927377330101, 41.493464953196288 ], [ 44.466707014636413, 41.493594989567313 ], [ 44.466497921197465, 41.493716655850982 ], [ 44.466220548082653, 41.493939473427304 ], [ 44.465982630995313, 41.494149773067861 ], [ 44.465942652213229, 41.494225700096543 ], [ 44.465959032544433, 41.49428072138398 ], [ 44.466065267461147, 41.494357327254342 ], [ 44.466328977669463, 41.494434663810608 ], [ 44.466682632073514, 41.494508183372183 ], [ 44.467451809975152, 41.494663972684862 ], [ 44.467788219695578, 41.494788165779021 ], [ 44.468023365988827, 41.49491607801432 ], [ 44.468174831131286, 41.494963301768266 ], [ 44.468298238124895, 41.495006162133294 ], [ 44.468376289827226, 41.495086824022067 ], [ 44.468397878690567, 41.495201092776774 ], [ 44.468424899881995, 41.495332320569581 ], [ 44.468490610196625, 41.495552450169036 ], [ 44.468488535876858, 41.495806179406237 ], [ 44.468597306083737, 41.496254845808629 ], [ 44.468662602332408, 41.496525820202677 ], [ 44.468694150415551, 41.496792270060951 ], [ 44.46875164038066, 41.497329557452282 ], [ 44.468888223450335, 41.497820641718441 ], [ 44.469043082337983, 41.498142696048106 ], [ 44.469204135166812, 41.498388666134261 ], [ 44.469298808544202, 41.498503226884552 ], [ 44.469701303509886, 41.498805345337196 ], [ 44.470143952108863, 41.49901032231638 ], [ 44.470430080940545, 41.499096219678563 ], [ 44.470711199290335, 41.499105980673541 ], [ 44.471026009363925, 41.49912008438595 ], [ 44.471605586352148, 41.499084692214346 ], [ 44.472027607605895, 41.499057040935277 ], [ 44.472370331911875, 41.499100903478038 ], [ 44.472814225146294, 41.499153695730833 ], [ 44.473364679357601, 41.499244985511318 ], [ 44.47381922889776, 41.499365468315148 ], [ 44.474195271802046, 41.499460189553531 ], [ 44.474492499270063, 41.499567249921782 ], [ 44.474717020249592, 41.499627499260654 ], [ 44.475284280134197, 41.499723090088423 ], [ 44.475593155962237, 41.499775255564813 ], [ 44.475963973319502, 41.499827702451093 ], [ 44.476458434193042, 41.499880665993686 ], [ 44.477054636219862, 41.49987914486362 ], [ 44.477550007475664, 41.499826450957322 ], [ 44.477825729159896, 41.499815002642379 ], [ 44.478106350893917, 41.499879688500329 ], [ 44.478437991263291, 41.499902360298229 ], [ 44.478775500495921, 41.499895423363832 ], [ 44.47968668780117, 41.49988684865324 ], [ 44.480637494593381, 41.499853089781972 ], [ 44.481183557285938, 41.499783675184922 ], [ 44.481999775165633, 41.499694397695059 ], [ 44.482371540597015, 41.499628380767163 ], [ 44.482675463942343, 41.49959592536748 ], [ 44.482962284928817, 41.499597215105581 ], [ 44.483130665333412, 41.499644450155408 ], [ 44.483338006688939, 41.499734194807608 ], [ 44.483427471618008, 41.499806475788866 ], [ 44.483634411086449, 41.499946929813262 ], [ 44.483841075567483, 41.500129672013188 ], [ 44.483936171852747, 41.500269386611194 ], [ 44.483991188511631, 41.50035021643447 ], [ 44.484080058234255, 41.500490139868255 ], [ 44.484230005220496, 41.500731805593233 ], [ 44.484341098128105, 41.500909929807705 ], [ 44.484458199334725, 41.501033045582858 ], [ 44.484597691218539, 41.501173195502282 ], [ 44.484726356967649, 41.50125835156468 ], [ 44.484889044737571, 41.501314025492469 ], [ 44.485018013002573, 41.50136108125055 ], [ 44.48532689718909, 41.501421732626916 ], [ 44.485939312112649, 41.501500539039831 ], [ 44.486304851025054, 41.501510639222907 ], [ 44.48664290223153, 41.501436036004399 ], [ 44.486823360065557, 41.501373429179992 ], [ 44.487190239454428, 41.501205951490036 ], [ 44.487387956384765, 41.501096897465878 ], [ 44.487545881611361, 41.501042610999214 ], [ 44.487720639655564, 41.500988444327703 ], [ 44.487861371190228, 41.500972137142483 ], [ 44.48802449372706, 41.500972863386437 ], [ 44.488288862876587, 41.500965617976213 ], [ 44.488497407103992, 41.500911555399654 ], [ 44.488632640039711, 41.500878333925066 ], [ 44.488818286780194, 41.500879159186368 ], [ 44.489116116733108, 41.500905838368162 ], [ 44.48927877383111, 41.500965784475987 ], [ 44.489569738482821, 41.501157312606281 ], [ 44.489810316322149, 41.501319072198058 ], [ 44.490039998026468, 41.501434259710415 ], [ 44.490185730979356, 41.501498317935948 ], [ 44.490639559710338, 41.501724433004455 ], [ 44.49102017997464, 41.501958644249555 ], [ 44.491423896244214, 41.502112655326549 ], [ 44.491782750629092, 41.502257999796441 ], [ 44.492214824866828, 41.50238677754777 ], [ 44.492720119422941, 41.502498942721544 ], [ 44.493265164591115, 41.502568946008132 ], [ 44.493720466393206, 41.502600585484203 ], [ 44.49405746192587, 41.502661247083218 ], [ 44.494264953931101, 41.502742505720327 ], [ 44.494578564859481, 41.502921465319886 ], [ 44.494758000603504, 41.502989899326877 ], [ 44.494982426862272, 41.503058575651252 ], [ 44.495268344612661, 41.503178188067068 ], [ 44.495560255445966, 41.503251347842003 ], [ 44.4957849790311, 41.503281922576456 ], [ 44.495942312095337, 41.503303779619756 ], [ 44.496194864880799, 41.503376765285594 ], [ 44.49631860717372, 41.503373073782761 ], [ 44.496414514771772, 41.503335437466127 ], [ 44.496526988651347, 41.50334016336101 ], [ 44.496628396610454, 41.503319439829816 ], [ 44.496775023902771, 41.503269369777932 ], [ 44.497079606295173, 41.503160766646282 ], [ 44.497372701832354, 41.503073234873916 ], [ 44.497654947578376, 41.502947643707472 ], [ 44.497824528403484, 41.502834260420066 ], [ 44.498196954675777, 41.502675148742782 ], [ 44.498444920266387, 41.502612818203737 ], [ 44.498658733958308, 41.502605283451814 ], [ 44.498951037032761, 41.502627724634863 ], [ 44.499193012375997, 41.502611844607955 ], [ 44.499429193332233, 41.502617106260864 ], [ 44.499895371078949, 41.502699480334122 ], [ 44.500198385234121, 41.50279379899613 ], [ 44.500439678340747, 41.502866726419541 ], [ 44.500674950787904, 41.50299038393792 ], [ 44.500736445295423, 41.503041407637369 ], [ 44.500808915707431, 41.503122023237999 ], [ 44.500926209294221, 41.503232467670117 ], [ 44.501127663520606, 41.503360210986358 ], [ 44.501447219739966, 41.503501121358802 ], [ 44.501946583870271, 41.503655510069471 ], [ 44.502249896931673, 41.503711768322418 ], [ 44.502575610943737, 41.503776634659765 ], [ 44.502755570563416, 41.503785834761324 ], [ 44.502992305770938, 41.503719212394508 ], [ 44.503274128509233, 41.503640083832167 ], [ 44.503510539632444, 41.503615748770571 ], [ 44.503763973925551, 41.503574552747672 ], [ 44.504259422444086, 41.503504765207751 ], [ 44.504461911261672, 41.503505637819103 ], [ 44.504703662481461, 41.503519424643116 ], [ 44.504995875522198, 41.503554505485631 ], [ 44.505636009535458, 41.503696783516887 ], [ 44.506018013248294, 41.503757603529522 ], [ 44.50627061113854, 41.50382637882884 ], [ 44.506449740738013, 41.5039370830618 ], [ 44.506723618733638, 41.504162317259322 ], [ 44.506879995554904, 41.504310979522437 ], [ 44.507058486064722, 41.504506259602842 ], [ 44.507366958114986, 41.504625983647408 ], [ 44.507574253304369, 41.504728339795683 ], [ 44.507753928120792, 41.50477558714784 ], [ 44.50803523740425, 41.504764135387852 ], [ 44.508519163358677, 41.504745081997122 ], [ 44.508687775858078, 41.504749990847891 ], [ 44.509115227453258, 41.504751816052881 ], [ 44.509739731757314, 41.504729123962818 ], [ 44.510149998190464, 41.504777395317745 ], [ 44.510588235492548, 41.504842673123633 ], [ 44.510919563666938, 41.504911728167407 ], [ 44.511273040566387, 41.505023166146941 ], [ 44.511604748096545, 41.505049931058345 ], [ 44.511806896191104, 41.505088845585945 ], [ 44.511992079150524, 41.505153088658879 ], [ 44.512301502814708, 41.505395124073459 ], [ 44.512473254510823, 41.505484980520016 ], [ 44.512733689713365, 41.505581022241792 ], [ 44.513090322004587, 41.505640044901519 ], [ 44.513401609096697, 41.505626049744599 ], [ 44.51356808375661, 41.505596759294733 ], [ 44.513656989933885, 41.505581147136333 ], [ 44.51388195790652, 41.505509183276537 ], [ 44.513936604634999, 41.50547617691123 ], [ 44.514029008293321, 41.505441483545724 ], [ 44.514061091382835, 41.505429414070399 ], [ 44.514439499209239, 41.505308376435465 ], [ 44.514954891857911, 41.505279835923687 ], [ 44.515306660978517, 41.505308160986793 ], [ 44.515525218572634, 41.505412621974919 ], [ 44.515631137034731, 41.50557412051127 ], [ 44.51578329007036, 41.505689785767885 ], [ 44.515925944223149, 41.505713400195482 ], [ 44.516237145647594, 41.505710881444976 ], [ 44.516589659338351, 41.505639493736339 ], [ 44.516956337508994, 41.505483990227539 ], [ 44.517019443680617, 41.505457233034413 ], [ 44.517357105244976, 41.505328268307551 ], [ 44.51759666168244, 41.50534845912172 ], [ 44.51810081653818, 41.50546176906176 ], [ 44.518263417298712, 41.505550632749475 ], [ 44.518354545509325, 41.505639241953745 ], [ 44.518399274734861, 41.505804309826523 ], [ 44.518468386619055, 41.506115174547915 ], [ 44.51854748480141, 41.506452968119454 ], [ 44.518616825227895, 41.506733163463323 ], [ 44.521270330247361, 41.505957397272098 ], [ 44.521381643669997, 41.505957860553778 ], [ 44.521515247267445, 41.505941662688706 ], [ 44.521634239002807, 41.505891986417716 ], [ 44.521805642879173, 41.505786772108266 ], [ 44.521939741043504, 41.505686987073396 ], [ 44.522111368046602, 41.505559434862064 ], [ 44.522245850257065, 41.505431728099424 ], [ 44.522462606366183, 41.505204020294691 ], [ 44.522672054560054, 41.504959618036992 ], [ 44.522754306658094, 41.504870695961245 ], [ 44.52292517379766, 41.504837987367097 ], [ 44.523088775924798, 41.504782910021667 ], [ 44.523318994115215, 41.504744817301571 ], [ 44.523438145749033, 41.504672846476758 ], [ 44.523602033563911, 41.504578677429521 ], [ 44.523765920244792, 41.504484598216038 ], [ 44.523870091090323, 41.504429273650516 ], [ 44.524011239475996, 41.504413104110881 ], [ 44.52410773595998, 41.504391255129043 ], [ 44.524345584900857, 41.504325313991934 ], [ 44.524488611054302, 41.504281724070786 ], [ 44.524598372441943, 41.504248264923483 ], [ 44.525000106237435, 41.504071578071745 ], [ 44.525297729729807, 41.503950125945067 ], [ 44.525603312446925, 41.503739442440271 ], [ 44.526012995404706, 41.503507028944504 ], [ 44.526318267022106, 41.503346648626639 ], [ 44.526585867472704, 41.503258441948702 ], [ 44.526846036161835, 41.503187002894471 ], [ 44.527076733166638, 41.503082024572898 ], [ 44.527352569942487, 41.502882473325592 ], [ 44.527658281414617, 41.502660705720174 ], [ 44.528037427290528, 41.502539581230913 ], [ 44.528334837277527, 41.502429289513174 ], [ 44.528550772665774, 41.502318663081503 ], [ 44.528707743787557, 41.502152038751163 ], [ 44.528842307353806, 41.502002076198657 ], [ 44.528991202384596, 41.501924591781005 ], [ 44.529110018368137, 41.501913909106534 ], [ 44.529362105710703, 41.501914940927456 ], [ 44.529554602515283, 41.501954820640819 ], [ 44.529747502182765, 41.501955609504243 ], [ 44.529933216387363, 41.501922771024034 ], [ 44.530133948072155, 41.50185117164196 ], [ 44.530305166827667, 41.501768192119236 ], [ 44.530424103916047, 41.501724091074749 ], [ 44.530752799539755, 41.501685529750752 ], [ 44.530951673711449, 41.501705076390458 ], [ 44.531250382870809, 41.501687558773007 ], [ 44.531686053264501, 41.50165186271817 ], [ 44.532034940070055, 41.501587888957609 ], [ 44.532359309186738, 41.50146765322129 ], [ 44.53277059421989, 41.501357047320866 ], [ 44.533194659639129, 41.501218433719451 ], [ 44.533630794731302, 41.501117383376567 ], [ 44.534272228480333, 41.50102517947645 ], [ 44.534543559815809, 41.500948543860467 ], [ 44.535442009077386, 41.500753607833957 ], [ 44.536161664837742, 41.500646126474273 ], [ 44.536741744425591, 41.500596086267947 ], [ 44.537144041214383, 41.500551272711007 ], [ 44.537515366658106, 41.500506288174172 ], [ 44.537732466448674, 41.500414159365853 ], [ 44.538027627930511, 41.500211957815559 ], [ 44.538245592651251, 41.499997826030388 ], [ 44.538534095538147, 41.499644496983848 ], [ 44.538596855305499, 41.499571653570442 ], [ 44.538658829460772, 41.499499752749514 ], [ 44.538953407049789, 41.49937888343613 ], [ 44.539247736163631, 41.499292916118833 ], [ 44.539619464778944, 41.499189783491566 ], [ 44.539914162547319, 41.499051482831113 ], [ 44.540115962615879, 41.498936139218507 ], [ 44.54034900198134, 41.498774306699005 ], [ 44.540721505444353, 41.498560832689968 ], [ 44.540938717617415, 41.498451223838074 ], [ 44.541185260159502, 41.498344794103211 ], [ 44.541272147567163, 41.498307309508789 ], [ 44.54169890245344, 41.498070719451711 ], [ 44.542063443729042, 41.497897832806586 ], [ 44.542806915882167, 41.497685738339783 ], [ 44.54299533640048, 41.497631676999262 ], [ 44.543443848104324, 41.497502805576588 ], [ 44.54346527734436, 41.497496630479141 ], [ 44.543867958446128, 41.4973936519619 ], [ 44.544285748168363, 41.497331400411042 ], [ 44.544587137322985, 41.497338403961031 ], [ 44.545536998725169, 41.49746416661521 ], [ 44.546015814530293, 41.497524200479276 ], [ 44.546494531120892, 41.497589996709841 ], [ 44.546904166228771, 41.497597420949496 ], [ 44.547229143988567, 41.497546412620657 ], [ 44.547631900719693, 41.497431756603781 ], [ 44.547864228577993, 41.4973687624639 ], [ 44.54828213554498, 41.497289067486797 ], [ 44.549001953814127, 41.497158222096225 ], [ 44.550681111748275, 41.496874214579954 ], [ 44.550857596130989, 41.496855763113984 ], [ 44.551539732581226, 41.496784609004713 ], [ 44.552174177978685, 41.496688269562931 ], [ 44.55287053991885, 41.496586402583766 ], [ 44.553133469664068, 41.49657580484913 ], [ 44.553604140255231, 41.496688018553073 ], [ 44.553719612086788, 41.496752374342023 ], [ 44.553780832653786, 41.496839803748188 ], [ 44.553787802419144, 41.496950216784498 ], [ 44.55370120510208, 41.497182362431772 ], [ 44.553552089587171, 41.497507176931713 ], [ 44.553419924200675, 41.497622904649994 ], [ 44.553218590513971, 41.497674410839423 ], [ 44.55322255826006, 41.497715950476383 ], [ 44.553225798958685, 41.497749966089849 ], [ 44.553245940238348, 41.497791613586777 ], [ 44.553246648552701, 41.497793147600099 ], [ 44.553273287289507, 41.497848196353857 ], [ 44.553502458355474, 41.49793898032317 ], [ 44.553832450502469, 41.498064608377277 ], [ 44.554199426626568, 41.498169661765175 ], [ 44.554575887907134, 41.498219490173504 ], [ 44.555183003347643, 41.49815275282139 ], [ 44.555523156918809, 41.498133350767773 ], [ 44.555829089756635, 41.498116112451555 ], [ 44.555982984773927, 41.498107474054493 ], [ 44.556368766903134, 41.498143461146022 ], [ 44.556717498209487, 41.498227764091467 ], [ 44.556992574895389, 41.498325563664665 ], [ 44.557313175028, 41.498485734062697 ], [ 44.557615339046528, 41.498652768370782 ], [ 44.557787515848347, 41.498704367462949 ], [ 44.557872229470462, 41.498729733774994 ], [ 44.558166076167325, 41.498772342149053 ], [ 44.558717130541723, 41.498836653967373 ], [ 44.559359329576573, 41.499011878485746 ], [ 44.559561098610708, 41.499081693210016 ], [ 44.559771424395265, 41.499241479446049 ], [ 44.55990880984956, 41.499318027860888 ], [ 44.560202320362976, 41.499402063888802 ], [ 44.560669859996949, 41.499583503761549 ], [ 44.56085300747084, 41.499687878622055 ], [ 44.560898381114768, 41.499764074498074 ], [ 44.560953193432418, 41.499826479993509 ], [ 44.561484050754252, 41.500160203507498 ], [ 44.562437402048985, 41.500543902520839 ], [ 44.562785317888995, 41.50075253139503 ], [ 44.562854013528089, 41.500808683557317 ], [ 44.563507493181426, 41.501342648264107 ], [ 44.563644655910906, 41.501453689769868 ], [ 44.563736366967312, 41.501481690455911 ], [ 44.563883669369709, 41.501447705643429 ], [ 44.56435424428566, 41.501179987021821 ], [ 44.564547771661616, 41.501104697264743 ], [ 44.564860626285565, 41.501057511478827 ], [ 44.565136466996151, 41.50104472835713 ], [ 44.565329114903662, 41.501100762148084 ], [ 44.565429682330937, 41.501184055479882 ], [ 44.565576382723613, 41.501239915238905 ], [ 44.565731741467424, 41.50137178509145 ], [ 44.565869553867714, 41.501386131746855 ], [ 44.565971045325249, 41.501331209229598 ], [ 44.566072153513169, 41.501324700059719 ], [ 44.566200924837759, 41.501311359427532 ], [ 44.566238122421019, 41.501249303482346 ], [ 44.565973490711002, 41.500964976742665 ], [ 44.565891544759786, 41.500847210709765 ], [ 44.565843555711126, 41.500596533190745 ], [ 44.565829375123293, 41.500522168435133 ], [ 44.565612990643771, 41.499885607564778 ], [ 44.565604471606868, 41.499788835673002 ], [ 44.565641655010822, 41.499719889172177 ], [ 44.565947145651329, 41.49941969912765 ], [ 44.566132030799054, 41.499237996389311 ], [ 44.566279603320538, 41.499162575358788 ], [ 44.56643584809791, 41.499170055126633 ], [ 44.566591157443668, 41.499308859392009 ], [ 44.566636183155246, 41.499447202925538 ], [ 44.567001438609481, 41.499814865438005 ], [ 44.567120521330736, 41.499870574225916 ], [ 44.567359496894568, 41.499878364081816 ], [ 44.567543009884794, 41.49992053341817 ], [ 44.567762767697005, 41.500052642680821 ], [ 44.567918495390323, 41.500129250459196 ], [ 44.568184661106841, 41.500192446317293 ], [ 44.568469341992163, 41.500228058242541 ], [ 44.56870868569019, 41.50018058614144 ], [ 44.568865193817494, 41.500139738776859 ], [ 44.56915140039019, 41.499954222508563 ], [ 44.569548699916616, 41.499637838152431 ], [ 44.569604787460101, 41.499499829136894 ], [ 44.569633304328946, 41.499354826250133 ], [ 44.569479590002743, 41.498974182718619 ], [ 44.569443586679533, 41.498856591132586 ], [ 44.569490219773286, 41.498753090234864 ], [ 44.569638244982968, 41.498608534591533 ], [ 44.56982346205119, 41.498401921591146 ], [ 44.569999772719143, 41.498146905110701 ], [ 44.570176721595125, 41.497795150974653 ], [ 44.570270317535616, 41.4975467155909 ], [ 44.570428097070426, 41.497312346255676 ], [ 44.570760870718466, 41.497030260014554 ], [ 44.571000505732769, 41.496927523621579 ], [ 44.571957961301528, 41.496689241397213 ], [ 44.572205713539049, 41.49659963850057 ], [ 44.572317280141398, 41.496559249756963 ], [ 44.572566817498519, 41.496352871402749 ], [ 44.572696940191321, 41.496132222515286 ], [ 44.572837558015607, 41.495718132857952 ], [ 44.572839736994702, 41.495386487370915 ], [ 44.572836508458529, 41.495358192048812 ], [ 44.572830503675085, 41.495305701464623 ], [ 44.572787565013314, 41.49493020234042 ], [ 44.572836005800191, 41.494550313684584 ], [ 44.573013111011903, 41.494170902702031 ], [ 44.573038962883665, 41.494138301690683 ], [ 44.573318983818481, 41.493785033455381 ], [ 44.573513929015121, 41.493488646288533 ], [ 44.573595797368476, 41.493363206052656 ], [ 44.573655942525647, 41.493271102814859 ], [ 44.573811024013324, 41.493033656112502 ], [ 44.574041987742682, 41.492861749099895 ], [ 44.574327801207886, 41.492710806760684 ], [ 44.574568062430828, 41.492518215987168 ], [ 44.574715685834484, 41.49242202206765 ], [ 44.574918489920449, 41.492332922592233 ], [ 44.575148665926299, 41.49227157669312 ], [ 44.575314917132012, 41.492147797975761 ], [ 44.575481528478164, 41.491968759723349 ], [ 44.575621250582415, 41.491889694633038 ], [ 44.57571209356577, 41.4918383270901 ], [ 44.575985714142263, 41.491727959156322 ], [ 44.575991359795609, 41.491725638035184 ], [ 44.576034660839255, 41.491708188114082 ], [ 44.576058136616048, 41.491699717579536 ], [ 44.576357076556612, 41.491591919123749 ], [ 44.577316006498194, 41.491111702665499 ], [ 44.578256444063996, 41.49064528180832 ], [ 44.57865820560896, 41.490484305089254 ], [ 44.579076540603303, 41.490316586996485 ], [ 44.579227114754687, 41.490290205691245 ], [ 44.579246063867785, 41.490286897220741 ], [ 44.579269750329345, 41.49028275036919 ], [ 44.579293877497982, 41.49028455003468 ], [ 44.579301420945555, 41.490285118072329 ], [ 44.57946258715404, 41.490297282003063 ], [ 44.579618738271371, 41.490325460620703 ], [ 44.579738037555551, 41.490346658728406 ], [ 44.580059399595775, 41.490410028847158 ], [ 44.580407689215946, 41.490542583361318 ], [ 44.580866414390727, 41.490668648610217 ], [ 44.581353049974005, 41.490739507945086 ], [ 44.581757324462231, 41.49075480512559 ], [ 44.582309578002636, 41.490625528517256 ], [ 44.582355746470469, 41.490608897293001 ], [ 44.582899137701595, 41.490413471061309 ], [ 44.583268051502806, 41.490207457009603 ], [ 44.583858621393794, 41.48983646198392 ], [ 44.584074549352827, 41.489705689332276 ], [ 44.584126982768453, 41.489673947546926 ], [ 44.584266424276635, 41.489589511464786 ], [ 44.584571763152397, 41.489432759278678 ], [ 44.584823885765239, 41.489402098531336 ], [ 44.585097374452687, 41.489308372138801 ], [ 44.585244952510394, 41.489206309626752 ], [ 44.585350140866943, 41.489167236284182 ], [ 44.585528418275977, 41.489191568409986 ], [ 44.585684918456479, 41.489334179603631 ], [ 44.585820757590291, 41.48942933704182 ], [ 44.585946617477603, 41.489445598244494 ], [ 44.586062287540166, 41.489406561984055 ], [ 44.586316206842135, 41.48908392819795 ], [ 44.586525974444108, 41.488828105460051 ], [ 44.586622919169081, 41.488709961004602 ], [ 44.586697045816251, 41.488619657548377 ], [ 44.587217722680727, 41.488195250053195 ], [ 44.587240119494666, 41.488177045316881 ], [ 44.587256134895604, 41.488163951920093 ], [ 44.58752013430302, 41.487912375264919 ], [ 44.58776220845693, 41.487802766812912 ], [ 44.588098424960691, 41.48773294762686 ], [ 44.588445751342839, 41.48759214350661 ], [ 44.588761262699258, 41.487490677197364 ], [ 44.589045617849095, 41.487333883067812 ], [ 44.589382737558587, 41.487129897442571 ], [ 44.589709025480609, 41.486981087826749 ], [ 44.590171449969162, 41.486880186627161 ], [ 44.590581496080944, 41.486755362515446 ], [ 44.591012563108116, 41.486630611684362 ], [ 44.591402347668343, 41.48640316280634 ], [ 44.591876039450035, 41.486175965310736 ], [ 44.592339048576456, 41.485980344133338 ], [ 44.592906887641675, 41.485800855185047 ], [ 44.59327509548352, 41.485660155353258 ], [ 44.593674932518802, 41.48547997833677 ], [ 44.594063912729403, 41.485378801973646 ], [ 44.59437856823412, 41.485411438094758 ], [ 44.594755678396062, 41.485523288739095 ], [ 44.595027416742496, 41.485705745895771 ], [ 44.595278281779152, 41.485864439372847 ], [ 44.595466298986679, 41.486007148245903 ], [ 44.595602292633401, 41.486078650185974 ], [ 44.595812276198515, 41.486079388260151 ], [ 44.596054220825138, 41.485977643362538 ], [ 44.596243954517178, 41.48584418862179 ], [ 44.596497369086848, 41.485592509022283 ], [ 44.596834407392983, 41.485396427731743 ], [ 44.597413209706843, 41.485145931184682 ], [ 44.598423573140742, 41.484675941418914 ], [ 44.598802682139706, 41.48446419311486 ], [ 44.59936088438792, 41.484142591099207 ], [ 44.599666318433592, 41.483970035920983 ], [ 44.60046371839605, 41.483287881772604 ], [ 44.600520855040038, 41.48323907967773 ], [ 44.600932516109147, 41.482853818661908 ], [ 44.601516164369102, 41.482509910828171 ], [ 44.601638182794382, 41.482438003617851 ], [ 44.602216880492229, 41.482187482362278 ], [ 44.602899980733952, 41.482032032054015 ], [ 44.603561672213431, 41.481939601124836 ], [ 44.60421216087056, 41.481965530846544 ], [ 44.604895664408481, 41.482018592667238 ], [ 44.604922422737623, 41.48202066621846 ], [ 44.604956843573667, 41.482023306527452 ], [ 44.604998708416133, 41.482032908130662 ], [ 44.605035549433119, 41.482041366536187 ], [ 44.60516646680896, 41.482071405492043 ], [ 44.605480776972037, 41.482159270804985 ], [ 44.605920257708291, 41.482365967172029 ], [ 44.606044783088713, 41.482611036221805 ], [ 44.606450415136521, 41.483196378077274 ], [ 44.606962580586348, 41.48353748512514 ], [ 44.607307163856092, 41.48383063866455 ], [ 44.608017241461518, 41.484417058911809 ], [ 44.608163821914289, 41.484472774028468 ], [ 44.608289630530123, 41.484496892138054 ], [ 44.608331589944264, 41.484491135141731 ], [ 44.60845764835878, 41.484473774599621 ], [ 44.60864749488524, 41.484316610117318 ], [ 44.608889912528554, 41.484151697526002 ], [ 44.609099960168777, 41.484120840430499 ], [ 44.60929938440588, 41.484113636468777 ], [ 44.609645401959476, 41.484170071995727 ], [ 44.609907535086542, 41.484202532422799 ], [ 44.610253837559327, 41.484211587882442 ], [ 44.610515734918991, 41.484283498769273 ], [ 44.610724708685758, 41.484442016769698 ], [ 44.61085986612602, 41.484655545400329 ], [ 44.611089586817094, 41.484790353243604 ], [ 44.611167115627346, 41.484835832765256 ], [ 44.611464459238462, 41.485010321075407 ], [ 44.611681985426088, 41.485071360543181 ], [ 44.611796926426251, 41.485020135827746 ], [ 44.611957796436037, 41.484960328724057 ], [ 44.612118478133944, 41.484952133460915 ], [ 44.612232544856468, 41.485047456607631 ], [ 44.612404348524329, 41.485082534209567 ], [ 44.612541928448863, 41.485091644888669 ], [ 44.612529948188033, 41.485112028929613 ], [ 44.611942224498343, 41.48611467114565 ], [ 44.611164453687891, 41.48685389805825 ], [ 44.610771682198489, 41.487301275667242 ], [ 44.611091877611457, 41.487492190721341 ], [ 44.611871147294877, 41.487667405634937 ], [ 44.612443288105695, 41.487945503195483 ], [ 44.613173711129363, 41.488620953401536 ], [ 44.613220373275858, 41.488660743086207 ], [ 44.61325148104811, 41.488687329580543 ], [ 44.613459762063506, 41.488865116116145 ], [ 44.613520250426433, 41.488916706858781 ], [ 44.613721738793359, 41.489088750362022 ], [ 44.613807902478982, 41.489123673325849 ], [ 44.613851940412815, 41.489141520809767 ], [ 44.614408660655457, 41.489367178475902 ], [ 44.614759971584142, 41.48995104729245 ], [ 44.614812233214032, 41.489966039568067 ], [ 44.615020059266833, 41.490242318127592 ], [ 44.61511776510919, 41.490331278365254 ], [ 44.615187663734474, 41.490685910121336 ], [ 44.615226373897357, 41.490784445945145 ], [ 44.615336874715254, 41.490907902262194 ], [ 44.615441111058622, 41.490996839018926 ], [ 44.615564470298459, 41.491174427798931 ], [ 44.615603033830105, 41.491287780241706 ], [ 44.615681415817797, 41.491322495636759 ], [ 44.616237632019825, 41.491363760354261 ], [ 44.616695733019185, 41.491384969154687 ], [ 44.617238920055897, 41.491411368366698 ], [ 44.617454768365469, 41.491446539929996 ], [ 44.617552882738018, 41.491456729357616 ], [ 44.617907209013261, 41.491320093090607 ], [ 44.618169543674114, 41.49124223920785 ], [ 44.618543656327148, 41.491071168147243 ], [ 44.618819482156631, 41.490929314594155 ], [ 44.61904243505937, 41.490866100401298 ], [ 44.619127691156876, 41.490831884236123 ], [ 44.61939137653907, 41.490522675823108 ], [ 44.619674847102509, 41.490179078732666 ], [ 44.620030082504378, 41.489884898670475 ], [ 44.620266665503166, 41.489733093848706 ], [ 44.620310207245261, 41.489713196023899 ], [ 44.620470139412134, 41.489640268136917 ], [ 44.62065394083924, 41.489562104358072 ], [ 44.620830691603039, 41.489552824005052 ], [ 44.621059592819385, 41.48958807687648 ], [ 44.621203582912102, 41.489588551167941 ], [ 44.621341331233644, 41.489539734000026 ], [ 44.621583435619101, 41.489560302119905 ], [ 44.621799337826459, 41.489585557524094 ], [ 44.622257199373969, 41.489646150959999 ], [ 44.622479516297624, 41.489691152461248 ], [ 44.622590289209612, 41.489780104219093 ], [ 44.622850756811204, 41.49002213294365 ], [ 44.62309865088001, 41.490170622585943 ], [ 44.623307881000564, 41.490210715579693 ], [ 44.623510750901751, 41.490211379800584 ], [ 44.62379885372556, 41.490212322469588 ], [ 44.624256807220043, 41.490258090997564 ], [ 44.624511251702941, 41.490320577888141 ], [ 44.624662877829003, 41.490357823155598 ], [ 44.624825569190484, 41.490397851587183 ], [ 44.625289401333681, 41.490556813728631 ], [ 44.625570265139253, 41.490670951963544 ], [ 44.626014571142512, 41.490820029495701 ], [ 44.626256088036811, 41.490943901262334 ], [ 44.626948696478017, 41.491162688694224 ], [ 44.627203841896893, 41.491198014452536 ], [ 44.627688233561734, 41.491199583416069 ], [ 44.62796339236484, 41.491170929339596 ], [ 44.62851387423175, 41.491074257207764 ], [ 44.628639958395944, 41.491074664359395 ], [ 44.629004793870877, 41.491075841709367 ], [ 44.629678488445748, 41.491073148707834 ], [ 44.629685616501327, 41.491073126620059 ], [ 44.630222329850874, 41.491079762409171 ], [ 44.630431687430622, 41.491119797816687 ], [ 44.630588407170208, 41.491189208216419 ], [ 44.630914178857481, 41.491456063734411 ], [ 44.631847113176185, 41.492015263309881 ], [ 44.632230263161226, 41.492252979483652 ], [ 44.632277716723316, 41.492282450432789 ], [ 44.632551566617963, 41.49247527423254 ], [ 44.632811831925331, 41.49276159630142 ], [ 44.63305256361491, 41.493028174191018 ], [ 44.633096622431232, 41.493086187560635 ], [ 44.633273511533112, 41.493319278805629 ], [ 44.633709350989768, 41.493807970197281 ], [ 44.634027899276326, 41.494202744488561 ], [ 44.634118969313192, 41.494369536760679 ], [ 44.634202865311337, 41.494523245352525 ], [ 44.634358406904283, 41.49480432167438 ], [ 44.634482073994988, 41.494937619515049 ], [ 44.634651925618527, 41.495007066075296 ], [ 44.63520511650627, 41.495125558336049 ], [ 44.635351581470928, 41.495156918292246 ], [ 44.635606549528738, 41.495216815150847 ], [ 44.636024705136109, 41.495370725185339 ], [ 44.636377357817459, 41.495519517577883 ], [ 44.636808833215213, 41.49564883152118 ], [ 44.637116126479718, 41.495703936155017 ], [ 44.63736489860743, 41.495704720767748 ], [ 44.637777820943136, 41.495627296898277 ], [ 44.638262848568957, 41.495520553941894 ], [ 44.63877424860749, 41.495389211381379 ], [ 44.639036711848014, 41.495286675007364 ], [ 44.639299223549536, 41.495164456928073 ], [ 44.639549057819359, 41.494973291601632 ], [ 44.639686781748985, 41.494939269668379 ], [ 44.640086845375606, 41.494802708400783 ], [ 44.640447536534957, 41.494690567939209 ], [ 44.64062460299084, 41.494637031639421 ], [ 44.640807926894439, 41.494632650197275 ], [ 44.641194118713301, 41.494653536849476 ], [ 44.641580060712329, 41.494708919924598 ], [ 44.641828802360287, 41.494714558801888 ], [ 44.641940152067129, 41.494705132421736 ], [ 44.642038167478788, 41.494734891839784 ], [ 44.642123205138759, 41.494749973703847 ], [ 44.642147424453739, 41.494746536157244 ], [ 44.64232631205909, 41.494721061081243 ], [ 44.642352161012852, 41.494726275702327 ], [ 44.642450530887068, 41.494746082649201 ], [ 44.642627244598138, 41.4947564499615 ], [ 44.643013458739084, 41.494762603409193 ], [ 44.643589775051005, 41.494729937237707 ], [ 44.644022109757977, 41.494682095483668 ], [ 44.644153086387675, 41.494687364795404 ], [ 44.644264457141915, 41.494663073951948 ], [ 44.644369492776299, 41.494614218135617 ], [ 44.64482263017905, 41.494354717777021 ], [ 44.644966873198889, 41.494310846495992 ], [ 44.645091206265086, 41.494325957380717 ], [ 44.645313796787512, 41.494326644005255 ], [ 44.645556222279104, 41.494292982896887 ], [ 44.646059990432114, 41.494348713979498 ], [ 44.646419377555553, 41.494462997845268 ], [ 44.646922967279913, 41.494562996175191 ], [ 44.647701610326592, 41.494644153850047 ], [ 44.64804186735131, 41.494674694916164 ], [ 44.648079485123198, 41.494674810020996 ], [ 44.648126986545662, 41.494674955350753 ], [ 44.64843552258931, 41.494523312771229 ], [ 44.648756822848014, 41.494425888102803 ], [ 44.649123548001057, 41.494402372068016 ], [ 44.649404948301289, 41.494427865519803 ], [ 44.649993866544015, 41.49447888480104 ], [ 44.650700168198568, 41.494623754856946 ], [ 44.651131863532136, 41.494693971994216 ], [ 44.651261888902816, 41.494731522004862 ], [ 44.651510995343386, 41.494803390783879 ], [ 44.651798743057739, 41.494863351075615 ], [ 44.651955909120353, 41.494844145505361 ], [ 44.652205291155326, 41.494741539466645 ], [ 44.65257306882976, 41.494521157968911 ], [ 44.652593122881179, 41.494501176983555 ], [ 44.652750782581819, 41.494344473206063 ], [ 44.652895519431098, 41.494207096211717 ], [ 44.653119291401858, 41.493986278270725 ], [ 44.653526513612285, 41.493736468226231 ], [ 44.653933889942962, 41.493457112773427 ], [ 44.654228955840992, 41.493379275118379 ], [ 44.654418830593677, 41.493369982612727 ], [ 44.654686822806205, 41.49344960263555 ], [ 44.654954972939052, 41.49349958801578 ], [ 44.655413311278437, 41.493481280803771 ], [ 44.655740794444078, 41.493457626087348 ], [ 44.656205739475233, 41.493424563282119 ], [ 44.656474306623934, 41.493395821302968 ], [ 44.65666452687924, 41.493332391379525 ], [ 44.656933508820174, 41.493224924497781 ], [ 44.65713043886322, 41.493127060336938 ], [ 44.657274644841472, 41.493088127586077 ], [ 44.657412165942226, 41.493078719163293 ], [ 44.657595415146453, 41.493098856023032 ], [ 44.657915814083083, 41.493168806412555 ], [ 44.658439361221724, 41.493199861710487 ], [ 44.658812475950796, 41.493200969105558 ], [ 44.659074511771827, 41.493172246714785 ], [ 44.659297460206751, 41.493103910303581 ], [ 44.659592767380182, 41.492967015785709 ], [ 44.659756979114, 41.492859232166829 ], [ 44.659941643797076, 41.492608740762449 ], [ 44.660073732769533, 41.492377774951237 ], [ 44.660080353567253, 41.492360229997182 ], [ 44.660173355854184, 41.492112304614764 ], [ 44.660200532879713, 41.49206977968187 ], [ 44.660305374421604, 41.491905928639284 ], [ 44.66052872775257, 41.491758956000638 ], [ 44.660922430669707, 41.491577986712997 ], [ 44.661158326463443, 41.491529456185866 ], [ 44.661407015114527, 41.491554778871048 ], [ 44.661622572294277, 41.491639092412285 ], [ 44.661785395000763, 41.491797066529891 ], [ 44.661948022245504, 41.4920043105761 ], [ 44.662110258301468, 41.492275506110296 ], [ 44.662279621436184, 41.492443361880689 ], [ 44.662481997067623, 41.492552225426344 ], [ 44.662730323774305, 41.492636633036369 ], [ 44.662946065090878, 41.492686446106084 ], [ 44.663148875634207, 41.492711720647911 ], [ 44.663319185643637, 41.492697447087131 ], [ 44.663568481755235, 41.492594816098418 ], [ 44.663830945955397, 41.492482359899867 ], [ 44.664087405285855, 41.492256661952219 ], [ 44.664284906033039, 41.492045608602858 ], [ 44.664423008291102, 41.491922969871993 ], [ 44.664659156868119, 41.491825162163998 ], [ 44.665124475177223, 41.49172811148923 ], [ 44.665537001490485, 41.49170472146789 ], [ 44.665982140337, 41.491710924071185 ], [ 44.666322390735097, 41.491741456085002 ], [ 44.666603610129052, 41.491801315393431 ], [ 44.666989708728167, 41.491827069260353 ], [ 44.667369404733186, 41.491828167944668 ], [ 44.667808493596297, 41.491740803632688 ], [ 44.668293569393384, 41.491609298662929 ], [ 44.668621515155984, 41.491492111267164 ], [ 44.668746490425718, 41.491369429505326 ], [ 44.668806031732665, 41.491251468269944 ], [ 44.668898803298745, 41.491030242179562 ], [ 44.668926958353858, 41.490641471608434 ], [ 44.668980210523195, 41.49046444832625 ], [ 44.669225188973101, 41.489923670175024 ], [ 44.669469612562622, 41.489491249503764 ], [ 44.669640962734796, 41.489270293560864 ], [ 44.669779849204332, 41.488990065190528 ], [ 44.669924628284633, 41.488823122273651 ], [ 44.670134967068108, 41.488661321302999 ], [ 44.670791518913916, 41.488289077728069 ], [ 44.671381742023442, 41.488074226312719 ], [ 44.671814484962042, 41.487932693691583 ], [ 44.672240498894276, 41.487830547878971 ], [ 44.672548401402871, 41.48778710816817 ], [ 44.672771019580971, 41.487777923589945 ], [ 44.673065186015364, 41.487857485254061 ], [ 44.673379245689496, 41.487887921952023 ], [ 44.673869981276468, 41.487933631096908 ], [ 44.674341033377402, 41.487998963709735 ], [ 44.674720070541198, 41.488103396791459 ], [ 44.67494902133668, 41.488133588485226 ], [ 44.675178229071776, 41.48812437283371 ], [ 44.67544034655193, 41.488085750177149 ], [ 44.675682810528691, 41.488012572955967 ], [ 44.675793519824481, 41.487936096504335 ], [ 44.675860173775284, 41.487890031076098 ], [ 44.676149065875663, 41.487718577244522 ], [ 44.676536148214446, 41.487542444751718 ], [ 44.676844290938973, 41.487449813500433 ], [ 44.677184915353763, 41.487401544235226 ], [ 44.677394048579565, 41.487466128964087 ], [ 44.67763572507517, 41.487575076170373 ], [ 44.677811839798352, 41.487703565569412 ], [ 44.677876670917989, 41.487831698059047 ], [ 44.677901747935294, 41.488053261616542 ], [ 44.67795314540345, 41.488245399442057 ], [ 44.677932926022883, 41.488373293725928 ], [ 44.677806962715188, 41.488687976676744 ], [ 44.677825560029476, 41.488899658904948 ], [ 44.677847307486225, 41.48899537897821 ], [ 44.677896018676847, 41.489209982871039 ], [ 44.678039020943594, 41.489422013360809 ], [ 44.678201999847658, 41.489555374417819 ], [ 44.678326150026052, 41.489595084259129 ], [ 44.678542293697141, 41.489576007249632 ], [ 44.678692946240112, 41.489561655967407 ], [ 44.67877132446614, 41.489591419333273 ], [ 44.678902136393063, 41.489616419971895 ], [ 44.679085468177718, 41.489607068461716 ], [ 44.679937336186555, 41.489446992641597 ], [ 44.680225704674186, 41.489369069562819 ], [ 44.680383199608094, 41.489290737130048 ], [ 44.680470851500985, 41.489261751473215 ], [ 44.680560243178867, 41.489232185096661 ], [ 44.681143335257346, 41.489135351524062 ], [ 44.68159552898635, 41.48904306177409 ], [ 44.682159128503585, 41.488901897446233 ], [ 44.682570067563283, 41.488757021427901 ], [ 44.682721626604156, 41.488703620049705 ], [ 44.683018144238652, 41.488599095403522 ], [ 44.683647502105288, 41.488408834186352 ], [ 44.684040714070754, 41.488311508541891 ], [ 44.684427790775544, 41.488145212643587 ], [ 44.684578689036975, 41.488066901381558 ], [ 44.684913021249635, 41.48796932119258 ], [ 44.68556811302134, 41.487867753300279 ], [ 44.686269129750734, 41.487756443781208 ], [ 44.687219620322068, 41.487493267365956 ], [ 44.687933957983795, 41.487313076860381 ], [ 44.6888391454073, 41.486926677194745 ], [ 44.68937742029857, 41.486613096222221 ], [ 44.690013902165468, 41.486289959288335 ], [ 44.690194216770408, 41.486195011061007 ], [ 44.690205685362208, 41.486188961915055 ], [ 44.69064047074977, 41.48599714728762 ], [ 44.690693047906095, 41.485974004400354 ], [ 44.690905249230021, 41.485873781354726 ], [ 44.69100747777496, 41.485825505811789 ], [ 44.691148824826783, 41.485762923285655 ], [ 44.691300720104579, 41.485724058515771 ], [ 44.69141078767921, 41.485677154769952 ], [ 44.691505349876245, 41.485590846730602 ], [ 44.691615147811305, 41.485575468177196 ], [ 44.691704297512828, 41.485544271121128 ], [ 44.691777766067418, 41.485485469146596 ], [ 44.691872040007922, 41.485434559351511 ], [ 44.692196968587666, 41.48529392210834 ], [ 44.692375176120933, 41.485200000660512 ], [ 44.692475057713899, 41.485090286641643 ], [ 44.692574832392154, 41.485015791423216 ], [ 44.692721502445856, 41.484941421404933 ], [ 44.6928733536976, 41.484898591149658 ], [ 44.6930356816721, 41.484843988878083 ], [ 44.693156334738248, 41.484761712375651 ], [ 44.693245622370831, 41.484675478892797 ], [ 44.693371341516695, 41.484636451491973 ], [ 44.693496958980759, 41.484593550473569 ], [ 44.693518069275115, 41.484562170680157 ], [ 44.693570766569856, 41.484487639216169 ], [ 44.693639017138352, 41.484417067399853 ], [ 44.693705074696382, 41.484392450281291 ], [ 44.693722894029122, 41.484385809689634 ], [ 44.69377540170948, 41.484338750386215 ], [ 44.693817442592, 41.484275900137064 ], [ 44.693974913364606, 41.48415841151018 ], [ 44.694189435898494, 41.484135382501584 ], [ 44.694278388948085, 41.484119855903423 ], [ 44.694362145155743, 41.484088642441463 ], [ 44.694493077099189, 41.484061517512053 ], [ 44.694577100950184, 41.483998778481912 ], [ 44.694650703750597, 41.483884939406956 ], [ 44.694714060398105, 41.483759273310874 ], [ 44.694759811498315, 41.483722329016089 ], [ 44.694777065972445, 41.483708368196694 ], [ 44.69479809277221, 41.483669061372979 ], [ 44.694778469184058, 41.483626313922976 ], [ 44.694720429013621, 41.483499785173727 ], [ 44.694747206659798, 41.483499510353134 ], [ 44.694748339863231, 41.483499498948504 ], [ 44.694979652877798, 41.483497050037705 ], [ 44.695024753468857, 41.48349658414115 ], [ 44.695057815144487, 41.483496266460293 ], [ 44.695113397274909, 41.483495693204311 ], [ 44.695116152678388, 41.483495610433188 ], [ 44.695288409448906, 41.483493815023166 ], [ 44.696027987943587, 41.483485998771094 ], [ 44.696051166981967, 41.483485789799595 ], [ 44.696119207350108, 41.483485046309546 ], [ 44.696133162769719, 41.483484903028049 ], [ 44.696753430989105, 41.483478365684611 ], [ 44.699818518472888, 41.484552506477471 ], [ 44.700486979331032, 41.484786754181407 ], [ 44.700711634448943, 41.484865478687581 ], [ 44.700783988385396, 41.484890797749003 ], [ 44.701113647026197, 41.485006364869967 ], [ 44.702177815036279, 41.484812672403727 ], [ 44.702282535266207, 41.484793577455086 ], [ 44.702721465791747, 41.486155064658142 ], [ 44.702740275265164, 41.48621343657927 ], [ 44.702892081822689, 41.486063438430726 ], [ 44.703181212934197, 41.485938772217878 ], [ 44.703949950751564, 41.485717797097465 ], [ 44.704779851693665, 41.485435262800763 ], [ 44.705062247881095, 41.485324882008463 ], [ 44.705415694353022, 41.485180141590298 ], [ 44.705696435968541, 41.485050818607618 ], [ 44.706032680297, 41.484885225929816 ], [ 44.706188638276167, 41.484815401323196 ], [ 44.706379088480489, 41.484766472698944 ], [ 44.706673368226014, 41.484702202254226 ], [ 44.707002210396794, 41.484643221811979 ], [ 44.707313981144878, 41.484534780241908 ], [ 44.708013762548745, 41.484284278599681 ], [ 44.708353245266494, 41.48416550182553 ], [ 44.708578522837819, 41.484062040188675 ], [ 44.708888640134084, 41.483980853941404 ], [ 44.708907287960315, 41.48398945822693 ], [ 44.709028532894955, 41.484011022616379 ], [ 44.709144152543431, 41.484031581832618 ], [ 44.709936521726505, 41.484247329870875 ], [ 44.710977383638173, 41.484531973687247 ], [ 44.711781664257565, 41.484765618750103 ], [ 44.712238969842936, 41.484909126693587 ], [ 44.712869406748837, 41.48516606376154 ], [ 44.713704797527228, 41.485533308657693 ], [ 44.714043795596169, 41.4856557526806 ], [ 44.714686118807478, 41.485909736854872 ], [ 44.715166729450971, 41.486109812771232 ], [ 44.715836865591562, 41.486360796838646 ], [ 44.716167840889383, 41.486498167155652 ], [ 44.716829886285836, 41.486752097923151 ], [ 44.71740537751122, 41.486967260319886 ], [ 44.718370904067797, 41.487349563133193 ], [ 44.718820129776915, 41.487540809663145 ], [ 44.719509676163845, 41.487839198977092 ], [ 44.719580754749195, 41.487857162019004 ], [ 44.719647837198956, 41.48785732554358 ], [ 44.719746561000143, 41.487839776394608 ], [ 44.719825588155267, 41.487834023994751 ], [ 44.719924141540865, 41.487869933553171 ], [ 44.720069833421178, 41.487947482147874 ], [ 44.72016801697503, 41.488069411837117 ], [ 44.720301727600955, 41.488203317683123 ], [ 44.720648495862129, 41.488349630863127 ], [ 44.721618065750782, 41.488720116402696 ], [ 44.722469286599711, 41.48906346602881 ], [ 44.722957954649608, 41.489281363520554 ], [ 44.723478106301783, 41.489505279545952 ], [ 44.724018141020132, 41.489702488773254 ], [ 44.72468425341026, 41.489944494148475 ], [ 44.725228223551525, 41.49014765202547 ], [ 44.725689324216987, 41.490344664800205 ], [ 44.726201637408693, 41.490556659943309 ], [ 44.726473627187588, 41.490658190582273 ], [ 44.727033496442793, 41.490843633023722 ], [ 44.727384384351389, 41.490957238560682 ], [ 44.727704085313334, 41.491023389982182 ], [ 44.727928669558779, 41.491089135414754 ], [ 44.72818094498313, 41.49119367791085 ], [ 44.728267650845467, 41.491214599930771 ], [ 44.728342643367725, 41.49121477707358 ], [ 44.728433547944519, 41.491191302129309 ], [ 44.728500458449346, 41.491147114581764 ], [ 44.728667011907497, 41.49096645683899 ], [ 44.728841679576178, 41.490750150252836 ], [ 44.72905611588957, 41.490447915867094 ], [ 44.729115619789482, 41.490312763116265 ], [ 44.729092348395653, 41.490176425482112 ], [ 44.729141541205443, 41.490057372674762 ], [ 44.7291231812737, 41.490022020205245 ], [ 44.729110879683013, 41.489998392596348 ], [ 44.729104044926132, 41.489985268847327 ], [ 44.729080395735089, 41.48994022179717 ], [ 44.729063577659964, 41.489908025559281 ], [ 44.728581832038138, 41.488987048142413 ], [ 44.728412597197938, 41.48866355020845 ], [ 44.730386112034601, 41.487294331051231 ], [ 44.730403710730336, 41.487282122153282 ], [ 44.73045170480524, 41.487248862888926 ], [ 44.730474434352359, 41.487233122468233 ], [ 44.732076753375395, 41.486121395225538 ], [ 44.733922237019911, 41.484840781336146 ], [ 44.739194846755808, 41.481181862280899 ], [ 44.739460056144139, 41.480997810118367 ], [ 44.739798748661357, 41.480798340660058 ], [ 44.739998057661758, 41.480649357369785 ], [ 44.740197259146328, 41.480526765383765 ], [ 44.740419725818398, 41.480456919274786 ], [ 44.740694678839816, 41.480396018391509 ], [ 44.740922695205271, 41.480361312965542 ], [ 44.741080660439771, 41.480366082310205 ], [ 44.741191922019951, 41.480309135244156 ], [ 44.741379555411719, 41.480173364260509 ], [ 44.741508440899182, 41.480081327360551 ], [ 44.741567363214948, 41.479962741247668 ], [ 44.741626040608473, 41.479905765677302 ], [ 44.741766627221629, 41.479853296678442 ], [ 44.741866252493011, 41.479770022805589 ], [ 44.741972142902668, 41.479647217382471 ], [ 44.742030752746352, 41.479576910387642 ], [ 44.742136524249361, 41.479423208902034 ], [ 44.742148938972626, 41.479298419245985 ], [ 44.74214916444047, 41.479295626533279 ], [ 44.742149260576781, 41.479292827225422 ], [ 44.742149708907796, 41.479179717757269 ], [ 44.742149720021963, 41.479176913755019 ], [ 44.742202771233067, 41.479058359172932 ], [ 44.742296722597025, 41.478970746808152 ], [ 44.742326405618158, 41.478860883365662 ], [ 44.74232666458844, 41.478858097032663 ], [ 44.742346654915458, 41.478694814648989 ], [ 44.742346873157643, 41.478692029125398 ], [ 44.742346847097679, 41.478689234047096 ], [ 44.74226857965423, 41.477211349586504 ], [ 44.742268431446064, 41.477208550630777 ], [ 44.742268283237905, 41.477205751675079 ], [ 44.74224722169221, 41.476807227121327 ], [ 44.742247093764611, 41.476804448928014 ], [ 44.742433710185352, 41.476695539563792 ], [ 44.742550283575277, 41.476625812415477 ], [ 44.742591264695555, 41.476560329677888 ], [ 44.742708114455255, 41.476420614867074 ], [ 44.74281320760813, 41.476315912746216 ], [ 44.74294813025589, 41.476027524588886 ], [ 44.743046835776362, 41.476053956891171 ], [ 44.743120024246522, 41.475824114336767 ], [ 44.743155553239262, 41.475759024549163 ], [ 44.743173590475791, 41.475725647067932 ], [ 44.743178699486741, 41.475705706904108 ], [ 44.743184478240011, 41.475682975916108 ], [ 44.743184489308213, 41.475680171911939 ], [ 44.743184547525601, 41.475665423192197 ], [ 44.743184558593804, 41.475662619188 ], [ 44.74318457049398, 41.475659604410588 ], [ 44.743184582771036, 41.475656494154741 ], [ 44.743184593839224, 41.475653690150544 ], [ 44.743184614368531, 41.475648489276708 ], [ 44.743184625436712, 41.475645685272504 ], [ 44.74319477699801, 41.475592293572674 ], [ 44.743217157000679, 41.475475156201384 ], [ 44.743306864233389, 41.475171443989112 ], [ 44.743432481940992, 41.474811785251632 ], [ 44.743475605042356, 41.474673349947395 ], [ 44.743475793315859, 41.474670555345341 ], [ 44.743497603272345, 41.474425600443901 ], [ 44.743497792745345, 41.474422804943629 ], [ 44.743580668640725, 41.474073682211404 ], [ 44.743591411492353, 41.474052448496842 ], [ 44.743641218977061, 41.474025897358743 ], [ 44.743797247166334, 41.474002285077141 ], [ 44.743995799522857, 41.47399200823309 ], [ 44.744091462890104, 41.473984294512121 ], [ 44.744155360564847, 41.473968403327966 ], [ 44.744176751469773, 41.473949940523489 ], [ 44.744201507459721, 41.473928512728463 ], [ 44.744212170096091, 41.473885888704437 ], [ 44.744079266784269, 41.473851320517042 ], [ 44.744077854994025, 41.473850953473672 ], [ 44.744079277813206, 41.473848516511779 ], [ 44.744138505662804, 41.473747051953289 ], [ 44.744188590972271, 41.473619257069366 ], [ 44.744217177213429, 41.473552665252441 ], [ 44.744224181906283, 41.473522595829373 ], [ 44.744233651426967, 41.473482148958603 ], [ 44.744234109432973, 41.473480192650555 ], [ 44.744233662449105, 41.473479344953113 ], [ 44.744214375581862, 41.47344276770918 ], [ 44.744198182573641, 41.47340336899169 ], [ 44.744049049464302, 41.473394750367319 ], [ 44.744045098325223, 41.47339447135105 ], [ 44.744015484640904, 41.473356889278506 ], [ 44.743958454036338, 41.473286549004115 ], [ 44.743957270933727, 41.473282853301789 ], [ 44.743942778380656, 41.47323746835481 ], [ 44.74393239985578, 41.473204839056223 ], [ 44.743932505493184, 41.473202037963503 ], [ 44.743935748254252, 41.473135811342033 ], [ 44.743935852693767, 41.473133010246599 ], [ 44.743951611174751, 41.473103818737577 ], [ 44.743951749143662, 41.47310101861752 ], [ 44.743952279741201, 41.473092790559996 ], [ 44.743952418904151, 41.473089991343336 ], [ 44.743969062206347, 41.47307120364534 ], [ 44.744044927877823, 41.473026785428303 ], [ 44.74409480552076, 41.472890793294937 ], [ 44.744184564732933, 41.472663283704456 ], [ 44.744228023509059, 41.472514846898221 ], [ 44.744377770592941, 41.47207705561916 ], [ 44.744449643532171, 41.471890129807271 ], [ 44.74446428458613, 41.471851970586776 ], [ 44.744484333869899, 41.471808981853087 ], [ 44.744484909422745, 41.471807889622589 ], [ 44.744490855509099, 41.471795102290073 ], [ 44.744505460796553, 41.471766040546576 ], [ 44.744519424131042, 41.471738203294343 ], [ 44.744520669825242, 41.471735719093708 ], [ 44.744519435140191, 41.471735399287923 ], [ 44.744377201047968, 41.471698591265636 ], [ 44.74437602498687, 41.471698286901344 ], [ 44.744377212063235, 41.471695787259257 ], [ 44.744556078429056, 41.471319021268222 ], [ 44.744569603089197, 41.471290632675981 ], [ 44.744572320490789, 41.471284828880172 ], [ 44.744624910872886, 41.471174108502815 ], [ 44.744655084066423, 41.471023164940512 ], [ 44.744741486689279, 41.470810599819302 ], [ 44.744890588101747, 41.470550884373253 ], [ 44.744963536913154, 41.470424761129671 ], [ 44.745189532401405, 41.470147020604806 ], [ 44.745238785057431, 41.470108307413902 ], [ 44.745316300446234, 41.470069656780048 ], [ 44.745336918491802, 41.470064658232978 ], [ 44.745411958274424, 41.470046539131346 ], [ 44.74551777287931, 41.470029208666951 ], [ 44.745657147396045, 41.470035461863347 ], [ 44.745886820008302, 41.470041689215194 ], [ 44.746052047282809, 41.470051827224509 ], [ 44.746101095954984, 41.470034551040023 ], [ 44.746142548992076, 41.469999603391209 ], [ 44.746181487827215, 41.469933754487386 ], [ 44.746218093993846, 41.469821151546974 ], [ 44.746247051759724, 41.469673672731282 ], [ 44.746335801908224, 41.469425441871323 ], [ 44.746351524653974, 41.469353599463076 ], [ 44.746351694834537, 41.469350802111478 ], [ 44.746359492028205, 41.469253453725976 ], [ 44.746359663402174, 41.469250657277733 ], [ 44.746390967052562, 41.469190648129491 ], [ 44.746447988634813, 41.469124748916272 ], [ 44.746510280645595, 41.469027785441277 ], [ 44.746631890142361, 41.468702623478841 ], [ 44.746632870370604, 41.468700002656099 ], [ 44.746631901059317, 41.468699819470494 ], [ 44.746612107944621, 41.468696083701445 ], [ 44.746578636401161, 41.468696009966557 ], [ 44.746516730746421, 41.468693891919806 ], [ 44.74560779393147, 41.468676125890426 ], [ 44.74560798571207, 41.468673324984422 ], [ 44.745703884444318, 41.46831126107277 ], [ 44.745852243062451, 41.468147292273038 ], [ 44.745987926018415, 41.467978431240788 ], [ 44.746084761460182, 41.467867492559577 ], [ 44.7461719625976, 41.46773959844748 ], [ 44.746278525815114, 41.467621384992647 ], [ 44.74633991337268, 41.467510367897788 ], [ 44.746369204240779, 41.467430716159043 ], [ 44.746380331363042, 41.467402547234748 ], [ 44.746433881283352, 41.467305204196656 ], [ 44.7464532649593, 41.467278674813357 ], [ 44.746485664089349, 41.467261812130857 ], [ 44.74650805698807, 41.467237779942252 ], [ 44.746507753684917, 41.467235096841932 ], [ 44.74649238067142, 41.467136172380812 ], [ 44.74649239159379, 41.467133368371712 ], [ 44.746492642720042, 41.467068898680886 ], [ 44.74649265364237, 41.467066094671758 ], [ 44.74654134321014, 41.466940547406494 ], [ 44.746683575882862, 41.46671846564827 ], [ 44.746761278665396, 41.466568842080328 ], [ 44.746871281371945, 41.466366055234246 ], [ 44.746971684096586, 41.466168201282507 ], [ 44.74701697355114, 41.466100564519408 ], [ 44.747046143198183, 41.466020912321227 ], [ 44.747065770578459, 41.465931511036793 ], [ 44.747143427023545, 41.465762520968489 ], [ 44.747156594440085, 41.465702199680464 ], [ 44.747224912271918, 41.465501752857165 ], [ 44.747253950222188, 41.465455878424294 ], [ 44.74728627731421, 41.465395599213316 ], [ 44.747362119528141, 41.465230928594188 ], [ 44.747403633802769, 41.465117525285685 ], [ 44.747514243704657, 41.464911406329584 ], [ 44.747841399353767, 41.464262052732259 ], [ 44.747984125212419, 41.464018172187302 ], [ 44.748089981463217, 41.463832669396929 ], [ 44.748228380989701, 41.463499424648695 ], [ 44.748412867696182, 41.46310773175987 ], [ 44.748523390855091, 41.462860357209507 ], [ 44.748606678846635, 41.462657510161577 ], [ 44.748694090687508, 41.462502952267641 ], [ 44.748809069514991, 41.46234160879974 ], [ 44.748919603627805, 41.462121706741947 ], [ 44.749034860085786, 41.461888033391553 ], [ 44.749071699631862, 41.461805605025233 ], [ 44.749186796022961, 41.461613185527327 ], [ 44.749260461871444, 41.461482647237446 ], [ 44.749292764072834, 41.461396741015065 ], [ 44.749320529192332, 41.46130740204373 ], [ 44.749362747071288, 41.46105636481068 ], [ 44.749418653764067, 41.460764193071768 ], [ 44.749456074607608, 41.46053043974139 ], [ 44.749479269178885, 41.460430687094295 ], [ 44.749553151505353, 41.460258939720831 ], [ 44.749723414832431, 41.459980663075683 ], [ 44.749866150488536, 41.459729934319725 ], [ 44.749944547991554, 41.459551215672505 ], [ 44.749994247905093, 41.459471156881555 ], [ 44.750012501341111, 41.459441742001296 ], [ 44.750014549946016, 41.459438346119164 ], [ 44.750031599844192, 41.459410527452825 ], [ 44.750068284509503, 41.459352148438384 ], [ 44.750180764143735, 41.459168864794293 ], [ 44.750262037690071, 41.459035955335935 ], [ 44.750565409956053, 41.45861010802485 ], [ 44.750772144282138, 41.458342312489627 ], [ 44.750882652984394, 41.458156817014839 ], [ 44.751001232935323, 41.457958368084242 ], [ 44.751116031212547, 41.457652721472627 ], [ 44.751254706766687, 41.457365051308102 ], [ 44.751373317722724, 41.457220511984737 ], [ 44.751416864522817, 41.457167416741093 ], [ 44.751459148682855, 41.457100041847475 ], [ 44.751507317490983, 41.456996649604335 ], [ 44.751507328193469, 41.456993845589217 ], [ 44.751507599017792, 41.456922890404904 ], [ 44.751507609720242, 41.456920086389729 ], [ 44.751472238806869, 41.456776160021754 ], [ 44.751472249510783, 41.456773356006529 ], [ 44.75147289791142, 41.456603499156287 ], [ 44.751472842748413, 41.456600698601683 ], [ 44.751472655851749, 41.45659790496849 ], [ 44.751465407776827, 41.456518077349557 ], [ 44.751465153816625, 41.456515287174433 ], [ 44.751464899856451, 41.456512496999295 ], [ 44.751450296349873, 41.456351495802281 ], [ 44.751450158538248, 41.456348704076504 ], [ 44.751450247034626, 41.45634590923666 ], [ 44.751474958156258, 41.456005126458471 ], [ 44.75147512927628, 41.456002329094673 ], [ 44.751475203430729, 41.455999527017667 ], [ 44.751476349669133, 41.455699242429674 ], [ 44.751476360372465, 41.455696438413909 ], [ 44.751621609620699, 41.45511838866485 ], [ 44.751622132397898, 41.455116309057814 ], [ 44.751621620317565, 41.45511558464878 ], [ 44.751532935417131, 41.454990101314408 ], [ 44.751509628780582, 41.454897194308082 ], [ 44.751509230151335, 41.454895606322964 ], [ 44.75150963948218, 41.454894390291912 ], [ 44.751541807127431, 41.454798800867437 ], [ 44.751662860066176, 41.454640439916425 ], [ 44.751864884413607, 41.454315929744546 ], [ 44.751975825449442, 41.454202899479732 ], [ 44.752061738927395, 41.454059414801328 ], [ 44.752182975718974, 41.45385205278928 ], [ 44.752299174068995, 41.453678548054967 ], [ 44.752369741526579, 41.453603126914658 ], [ 44.752480924777636, 41.453425828036075 ], [ 44.752612321781605, 41.453222180489497 ], [ 44.752687811536923, 41.453142986575386 ], [ 44.752783663794993, 41.453029878029767 ], [ 44.752945698085753, 41.452671366612279 ], [ 44.753011536234752, 41.452516578671023 ], [ 44.753071972781086, 41.452460096158411 ], [ 44.753199119014255, 41.452397721711378 ], [ 44.753232944659302, 41.452381130365076 ], [ 44.75324428769769, 41.452373498305214 ], [ 44.75328335821871, 41.452347190073823 ], [ 44.753311531999081, 41.45233711703402 ], [ 44.753547351632236, 41.452252951802471 ], [ 44.753593519246408, 41.452236466956421 ], [ 44.753596625540752, 41.452235357578239 ], [ 44.75359352985727, 41.452233662938532 ], [ 44.75346567753347, 41.452163647401356 ], [ 44.753316758499963, 41.452095231322318 ], [ 44.753237934236601, 41.452012283169367 ], [ 44.753235787730269, 41.452010026685251 ], [ 44.752960752051784, 41.451764521944419 ], [ 44.752911935754767, 41.45152968204156 ], [ 44.752911879346108, 41.451526878780207 ], [ 44.752908047439632, 41.451389504968724 ], [ 44.752907982438686, 41.451386757535474 ], [ 44.752990140705293, 41.451165855194994 ], [ 44.753008646469269, 41.451060417763223 ], [ 44.753008560119248, 41.451057616238927 ], [ 44.752992158526915, 41.450675249590525 ], [ 44.752992057510724, 41.450672527300711 ], [ 44.753033114074917, 41.450560469104509 ], [ 44.753032858851803, 41.450557684331727 ], [ 44.75301275452027, 41.450395567033191 ], [ 44.753012498104844, 41.450392781356975 ], [ 44.752831173497093, 41.450165408671651 ], [ 44.752786655153074, 41.44997138106109 ], [ 44.752616421743852, 41.449573021332391 ], [ 44.752616234816813, 41.449570227697556 ], [ 44.752582077894928, 41.449194757603394 ], [ 44.752581868216865, 41.449191965720885 ], [ 44.752581790260798, 41.449189166014911 ], [ 44.75258294532447, 41.448885142953117 ], [ 44.752582955977594, 41.448882338933799 ], [ 44.752413342041891, 41.448276443189329 ], [ 44.752179807123319, 41.447905190611429 ], [ 44.752021909234827, 41.447792526518953 ], [ 44.751895495029345, 41.44772766999818 ], [ 44.751764535178438, 41.447693339042111 ], [ 44.751583656613874, 41.447689525743293 ], [ 44.751298889968872, 41.447678731974129 ], [ 44.751127161902446, 41.44766133637507 ], [ 44.750838002347919, 41.447609727869676 ], [ 44.750584854398767, 41.447595577949897 ], [ 44.750440026265984, 41.447619043734186 ], [ 44.750145981454033, 41.447686412307476 ], [ 44.749883538771336, 41.447723313327863 ], [ 44.749671107366524, 41.447705827053817 ], [ 44.74954451437597, 41.447719242959124 ], [ 44.749422495193038, 41.447695152343464 ], [ 44.749052323488094, 41.447541172486581 ], [ 44.748664010215428, 41.447404311139586 ], [ 44.7483797071461, 41.447304967176414 ], [ 44.748258738936997, 41.447288038607383 ], [ 44.747721518683157, 41.44699222559165 ], [ 44.746927017632963, 41.446515873978221 ], [ 44.74665766270968, 41.446391607779418 ], [ 44.746359245462386, 41.446291056749033 ], [ 44.745968837209773, 41.446264974254262 ], [ 44.745521602296108, 41.44629055802929 ], [ 44.744808324285742, 41.446325368430756 ], [ 44.744477187646638, 41.4462656341098 ], [ 44.744309814491281, 41.446268640055578 ], [ 44.743653993034947, 41.446365858037694 ], [ 44.743500400900423, 41.446334890097461 ], [ 44.74337374357318, 41.446334607631584 ], [ 44.742745325030249, 41.446343382602194 ], [ 44.742406322965898, 41.446305332873592 ], [ 44.74210799604144, 41.44630466449766 ], [ 44.741999537253875, 41.446273705645602 ], [ 44.741539263700716, 41.446054960555166 ], [ 44.741390546463712, 41.445942392549483 ], [ 44.741039115990027, 41.445628590422849 ], [ 44.740736595280367, 41.445515682457014 ], [ 44.740736323834959, 41.445512899419818 ], [ 44.740702015515829, 41.445252705391319 ], [ 44.740701766251618, 41.445250064722842 ], [ 44.740770021632883, 41.445107538388029 ], [ 44.740770339154551, 41.445104760280827 ], [ 44.740797403736281, 41.444926697375742 ], [ 44.740797411417553, 41.44492597048545 ], [ 44.740797722449393, 41.444923920171831 ], [ 44.740797524298912, 41.444923174802717 ], [ 44.740753020382002, 41.444811503661967 ], [ 44.740681080319305, 41.444719554799278 ], [ 44.740536756358232, 41.444617174077976 ], [ 44.7403381497504, 41.444528272036713 ], [ 44.740062822976633, 41.444435773468783 ], [ 44.739742099458681, 41.444350017273557 ], [ 44.739525350453647, 41.444278097013893 ], [ 44.739462439186198, 41.44419625715885 ], [ 44.739462354623633, 41.444193455625438 ], [ 44.739450138801772, 41.443899708604896 ], [ 44.739450044663307, 41.443896907049655 ], [ 44.739449996021634, 41.443894103795927 ], [ 44.739446886798682, 41.443552734749957 ], [ 44.73944686928521, 41.443549930665824 ], [ 44.739307331484433, 41.443416933617129 ], [ 44.738932977737271, 41.443198372673699 ], [ 44.738581169561357, 41.443000218761163 ], [ 44.738240345860888, 41.442854422523268 ], [ 44.737667136474826, 41.44264261084259 ], [ 44.737146631938373, 41.442334446055661 ], [ 44.736716340073478, 41.442083413001527 ], [ 44.736324040322167, 41.441777699606426 ], [ 44.736149640669659, 41.44170064564743 ], [ 44.736012218975993, 41.441670785683215 ], [ 44.735261248468717, 41.441930482960387 ], [ 44.735305621456689, 41.442002350782701 ], [ 44.735556081266147, 41.442392052193767 ], [ 44.734820645265813, 41.442703955690426 ], [ 44.73464637403579, 41.44244828129392 ], [ 44.734637270599272, 41.442434974185687 ], [ 44.734614185308146, 41.4424010976497 ], [ 44.734569323677562, 41.442335284202855 ], [ 44.73453183988039, 41.442280296801989 ], [ 44.734076107278874, 41.442457728542216 ], [ 44.734003391768411, 41.442499985915717 ], [ 44.733934798756295, 41.442533781192978 ], [ 44.7339340610691, 41.442534144291976 ], [ 44.733862974440292, 41.442558570429284 ], [ 44.733533869062136, 41.4426824728695 ], [ 44.733344186992738, 41.442698156852629 ], [ 44.73322123734215, 41.442685801714468 ], [ 44.732930598417276, 41.442668103142218 ], [ 44.73284204400364, 41.442690056062204 ], [ 44.732712960180493, 41.442699394287899 ], [ 44.732617752796891, 41.442679806855416 ], [ 44.732273404723955, 41.442754399058622 ], [ 44.732050668127606, 41.442773606993093 ], [ 44.73182881303822, 41.442811281991013 ], [ 44.731314255303857, 41.443026712523604 ], [ 44.731049050849379, 41.443125626051824 ], [ 44.730936317597788, 41.443233632970795 ], [ 44.730835472981596, 41.443274561488408 ], [ 44.730668340189268, 41.443336952821568 ], [ 44.730492507943147, 41.443418689722435 ], [ 44.730339828605402, 41.44345958643683 ], [ 44.730195723695005, 41.443511222018749 ], [ 44.730094806895742, 41.443569354098237 ], [ 44.73001122580748, 41.443603927044549 ], [ 44.729919098425661, 41.443620915182606 ], [ 44.729809675614042, 41.443622820052774 ], [ 44.729697454638142, 41.443635527280712 ], [ 44.729599421784876, 41.443676461317359 ], [ 44.7294725239747, 41.443749754505369 ], [ 44.72932851049805, 41.443807874634018 ], [ 44.72921045282353, 41.443842275800598 ], [ 44.729075019759819, 41.443880824429741 ], [ 44.728968501819764, 41.443889355874653 ], [ 44.728867847820396, 41.443869572360008 ], [ 44.728663642591016, 41.443821486117535 ], [ 44.728436785236418, 41.443779921540568 ], [ 44.728261271978049, 41.443755547074019 ], [ 44.728160449530371, 41.443761884379086 ], [ 44.728062521073703, 41.443791873202372 ], [ 44.728040727812441, 41.443793307928296 ], [ 44.72799630369952, 41.443796085312151 ], [ 44.727930278453208, 41.44378295834332 ], [ 44.727792215486154, 41.443763175487291 ], [ 44.72753617248852, 41.443773378408011 ], [ 44.72734447577232, 41.443797379686266 ], [ 44.727342365325718, 41.443795938884222 ], [ 44.727320781014576, 41.443781200048562 ], [ 44.727309202608403, 41.443773200940718 ], [ 44.727088194397233, 41.443621575553514 ], [ 44.727067006668243, 41.443607068203427 ], [ 44.726749540977686, 41.443391845307787 ], [ 44.726422216155527, 41.44315885324923 ], [ 44.726171245187686, 41.442988193978401 ], [ 44.725977412614277, 41.442851628659909 ], [ 44.725414846422623, 41.442467287079666 ], [ 44.725095454231912, 41.442243137529545 ], [ 44.724744662686319, 41.441999725919878 ], [ 44.724472168424661, 41.441811356651669 ], [ 44.72432327087153, 41.441722365829591 ], [ 44.724278626542329, 41.441692624058867 ], [ 44.724220732354574, 41.441654023127413 ], [ 44.724187986569561, 41.441627192253733 ], [ 44.724027364971533, 41.441508448079283 ], [ 44.723715677599834, 41.441290348197207 ], [ 44.723376854122677, 41.441049933610714 ], [ 44.723078796009474, 41.440850960731176 ], [ 44.722885013834798, 41.44070556289828 ], [ 44.722483037471463, 41.440426531349878 ], [ 44.722209353164345, 41.440239595014283 ], [ 44.722173487434993, 41.440214917836506 ], [ 44.722275566323184, 41.440039066995226 ], [ 44.722386548884749, 41.439922597201374 ], [ 44.722461572948319, 41.439817209900419 ], [ 44.722518808813874, 41.439700610301763 ], [ 44.72254305986035, 41.439599604239405 ], [ 44.722620870668443, 41.439429954779015 ], [ 44.722627395311733, 41.439415693565174 ], [ 44.72266684758096, 41.439258607168746 ], [ 44.722676541259801, 41.439188822128635 ], [ 44.722694511357481, 41.439058796616173 ], [ 44.722716108766058, 41.43890617092277 ], [ 44.722734539812727, 41.438822490287095 ], [ 44.722755655956099, 41.438726655942666 ], [ 44.722770747109259, 41.438668323467475 ], [ 44.722756076470873, 41.438627844271544 ], [ 44.722743387264735, 41.438599935363428 ], [ 44.722729512192537, 41.43856941140988 ], [ 44.722688508100177, 41.438444423070713 ], [ 44.72268827234425, 41.438443566786368 ], [ 44.722682853636854, 41.438437068297631 ], [ 44.72262289228113, 41.43836477336869 ], [ 44.722530960692062, 41.438238716379992 ], [ 44.722447800043348, 41.438133127587392 ], [ 44.72241822497211, 41.438079101079225 ], [ 44.722415280674717, 41.438067789514761 ], [ 44.722409391123492, 41.438045391571656 ], [ 44.722440272070266, 41.437820998220303 ], [ 44.722440576496133, 41.437819782937034 ], [ 44.722455298851209, 41.437749694766268 ], [ 44.72248901691119, 41.43758980221412 ], [ 44.722516383938114, 41.437459619208987 ], [ 44.722555335437235, 41.437405848065588 ], [ 44.722597446940924, 41.437340825103711 ], [ 44.722636439359846, 41.43729146772467 ], [ 44.722720694852505, 41.437125571792699 ], [ 44.722803005586115, 41.436910264750949 ], [ 44.722811357571217, 41.436888441589339 ], [ 44.72282019389263, 41.436865313500611 ], [ 44.72288669985798, 41.436679107703192 ], [ 44.722970973447168, 41.436508617767061 ], [ 44.723034152327031, 41.436400949618161 ], [ 44.723067139554345, 41.436356171473221 ], [ 44.723193128425912, 41.436199293082261 ], [ 44.723372730403625, 41.436044795357276 ], [ 44.723427397074282, 41.436010608055035 ], [ 44.723490405023142, 41.435971126325086 ], [ 44.723630161823579, 41.43588368364324 ], [ 44.723851401753173, 41.435760766536681 ], [ 44.723949742592012, 41.435729926522171 ], [ 44.724054075868168, 41.435697254250464 ], [ 44.724057551768148, 41.435696136644729 ], [ 44.724323409467772, 41.435636198278033 ], [ 44.724559277311762, 41.435591770548115 ], [ 44.724720656973624, 41.435556216707248 ], [ 44.724869899643842, 41.435531938081162 ], [ 44.724902894867263, 41.435484862497688 ], [ 44.724911654953019, 41.435479568993991 ], [ 44.724965775638765, 41.435446820857841 ], [ 44.725142110354021, 41.435384369622561 ], [ 44.725270563964777, 41.435350988226567 ], [ 44.725309665368414, 41.435345992330859 ], [ 44.725357030176831, 41.435339935243476 ], [ 44.725389502485982, 41.435345822622182 ], [ 44.72550820915859, 41.435367273630632 ], [ 44.725533026796349, 41.435371791573921 ], [ 44.725711893828155, 41.435432658766068 ], [ 44.725780679751644, 41.435456062199897 ], [ 44.725792213898409, 41.435459962934608 ], [ 44.725979837227626, 41.435559222710545 ], [ 44.726202812318213, 41.435705675763344 ], [ 44.726399391910995, 41.435838734449085 ], [ 44.7265542051911, 41.4359131445106 ], [ 44.726694374670778, 41.435940320056417 ], [ 44.72682252683299, 41.435978906475505 ], [ 44.727052183662884, 41.435988369027669 ], [ 44.727326499914142, 41.436051982228754 ], [ 44.727526258877809, 41.436083891824602 ], [ 44.727869293130702, 41.436116095025504 ], [ 44.728107983554011, 41.436112200638149 ], [ 44.728304855645163, 41.436090236959153 ], [ 44.728528045879202, 41.436043113930239 ], [ 44.728567819848656, 41.436034740686615 ], [ 44.728854660852889, 41.435936604337932 ], [ 44.729080666603885, 41.435845439988611 ], [ 44.729120711977991, 41.435829320706112 ], [ 44.729164572639398, 41.435802401340375 ], [ 44.72930305366831, 41.43571760598082 ], [ 44.729494593226498, 41.435610236211318 ], [ 44.729650275895864, 41.435475849312709 ], [ 44.729743022659164, 41.435422202112825 ], [ 44.729844672342281, 41.435386410679243 ], [ 44.729907457712109, 41.435341790605122 ], [ 44.730026997127005, 41.435292619767779 ], [ 44.730278080918993, 41.435185568547126 ], [ 44.730314027486195, 41.435147415793445 ], [ 44.730364991571676, 41.435095786909983 ], [ 44.730466779021505, 41.435026487184224 ], [ 44.730511786000825, 41.43496813365789 ], [ 44.730544860125427, 41.434900924772776 ], [ 44.730655588861502, 41.434811198693261 ], [ 44.730808301200902, 41.434699412188273 ], [ 44.730903890993723, 41.434652436278874 ], [ 44.731068313380405, 41.434574274955438 ], [ 44.731188081320482, 41.43449817087923 ], [ 44.731337523104557, 41.434424432899739 ], [ 44.731445478506153, 41.434310154014831 ], [ 44.731480849959397, 41.434294804850033 ], [ 44.731531580304242, 41.434299517089876 ], [ 44.731579773141249, 41.434281282971398 ], [ 44.731819094095172, 41.434151591981141 ], [ 44.731935680274489, 41.434093495694704 ], [ 44.731989416414557, 41.434107121397105 ], [ 44.732042967194104, 41.434114018907025 ], [ 44.732093770595569, 41.43409831907065 ], [ 44.732165503978493, 41.434060347241392 ], [ 44.732375067469619, 41.433892484791052 ], [ 44.732491956611696, 41.433787182796685 ], [ 44.732776341580674, 41.433549764337812 ], [ 44.733051563566391, 41.43333711897796 ], [ 44.73318956674251, 41.433200476653717 ], [ 44.733294341727614, 41.433117715044986 ], [ 44.733320142489383, 41.433088996641168 ], [ 44.733453169078714, 41.432940642555195 ], [ 44.733546659556708, 41.432707278997839 ], [ 44.733628134870507, 41.432523996526385 ], [ 44.733694158798833, 41.43237533026479 ], [ 44.733782775564663, 41.432229437422315 ], [ 44.733796350879153, 41.432207126510718 ], [ 44.733832450781726, 41.432130819716619 ], [ 44.733841208455885, 41.43210941912578 ], [ 44.733943912018155, 41.431859426069146 ], [ 44.73401304065105, 41.431733874753064 ], [ 44.734034095232012, 41.431695694487928 ], [ 44.734129473033555, 41.431555578218365 ], [ 44.734130195560098, 41.431554499882886 ], [ 44.734154928799697, 41.431530503276186 ], [ 44.734351897789125, 41.431339364957651 ], [ 44.734459604572145, 41.431218335046246 ], [ 44.734513789530979, 41.431142204877325 ], [ 44.734591736857489, 41.431045833689055 ], [ 44.734659189269337, 41.430986340375185 ], [ 44.734759406143944, 41.430897940768034 ], [ 44.734827530764044, 41.430849654296573 ], [ 44.734876224329781, 41.430815160408159 ], [ 44.734974768896485, 41.430770543362378 ], [ 44.735094344608527, 41.430737112495173 ], [ 44.735225685197342, 41.430714913972942 ], [ 44.735369101673783, 41.430663627069436 ], [ 44.735703854144155, 41.430518479633591 ], [ 44.735963622046576, 41.430447185917195 ], [ 44.736071078052319, 41.430438387992531 ], [ 44.736241129088185, 41.430454572711042 ], [ 44.736294321824715, 41.430460590088458 ], [ 44.736423030395038, 41.43047517280656 ], [ 44.736548209086926, 41.430497847788729 ], [ 44.73662877804361, 41.430491327032946 ], [ 44.736927313879882, 41.430451643608222 ], [ 44.73705561176633, 41.430449686815045 ], [ 44.73716903414234, 41.430458946328692 ], [ 44.737470098898761, 41.430511250587436 ], [ 44.73755061478915, 41.430518184545384 ], [ 44.737673142404866, 41.430493713036789 ], [ 44.737756711134104, 41.430484970763302 ], [ 44.737863321790776, 41.430493179098121 ], [ 44.73787599490926, 41.4304941753836 ], [ 44.737992235934037, 41.430523713803844 ], [ 44.738152927555049, 41.43060708512791 ], [ 44.738394166257834, 41.430719912146373 ], [ 44.738580069169124, 41.430801607142591 ], [ 44.738635521344911, 41.430826012082562 ], [ 44.738699012940152, 41.430858467288388 ], [ 44.738748331765954, 41.430883644602815 ], [ 44.738763488734534, 41.430891441727233 ], [ 44.738882580573637, 41.430986103106953 ], [ 44.738912707090464, 41.431018324831726 ], [ 44.738933040043882, 41.431039994498803 ], [ 44.73898779490095, 41.431089170251944 ], [ 44.739013295682845, 41.431112110884271 ], [ 44.739090607234608, 41.431172858412054 ], [ 44.739153032550085, 41.431217979166732 ], [ 44.739600073191582, 41.431364886246243 ], [ 44.739903933593389, 41.43145987363701 ], [ 44.740231843280213, 41.431559483156519 ], [ 44.740449451243805, 41.431586840201966 ], [ 44.740720975106719, 41.431596475298811 ], [ 44.741040128381897, 41.431612854635198 ], [ 44.741317596277845, 41.431631501146342 ], [ 44.741553118895119, 41.431672374380177 ], [ 44.741662029975146, 41.431704435454137 ], [ 44.741882607749254, 41.431736813662695 ], [ 44.742069046861644, 41.431775595849736 ], [ 44.742153833550944, 41.4317917391744 ], [ 44.742238708757334, 41.431785515987677 ], [ 44.742795090653679, 41.431646244299991 ], [ 44.742871537791054, 41.431624094470287 ], [ 44.74292269343853, 41.431585913188414 ], [ 44.742944025013202, 41.431544446853586 ], [ 44.742982197706915, 41.43151575391385 ], [ 44.743054578787373, 41.431493616496475 ], [ 44.743576862813491, 41.431379758931826 ], [ 44.743774239455639, 41.431336231919943 ], [ 44.743806198536383, 41.431329192530512 ], [ 44.744014282432246, 41.431269128566413 ], [ 44.744047664862279, 41.431257435372899 ], [ 44.744532640715249, 41.43108813815364 ], [ 44.744944960491637, 41.430919801977119 ], [ 44.745284686176454, 41.430827964190556 ], [ 44.74548444541275, 41.430770939895694 ], [ 44.745645780362736, 41.430707439452632 ], [ 44.745722265509919, 41.430659682039717 ], [ 44.745820161213921, 41.430618361837169 ], [ 44.746104504851431, 41.430590256494412 ], [ 44.746270062710536, 41.430555587758811 ], [ 44.746418777041136, 41.430507989151593 ], [ 44.746576182531342, 41.430409355589681 ], [ 44.746822686730681, 41.430301354594988 ], [ 44.747111499196023, 41.430199746857006 ], [ 44.747366406688272, 41.430114106398314 ], [ 44.747630037798544, 41.429967777203572 ], [ 44.747978496726411, 41.429834414066903 ], [ 44.748411807100169, 41.429691695551739 ], [ 44.748560673942272, 41.429658247168568 ], [ 44.748721837812646, 41.429622103367841 ], [ 44.748870733859391, 41.429526643041775 ], [ 44.749074509058751, 41.429472905416148 ], [ 44.749426998913066, 41.429377933262344 ], [ 44.749749995824416, 41.429263499912096 ], [ 44.750141062423879, 41.429040828295577 ], [ 44.750168063133081, 41.42902423556442 ], [ 44.750358026025268, 41.428907239834089 ], [ 44.750477316786089, 41.428789302374277 ], [ 44.750518341505902, 41.428717118319639 ], [ 44.750537093907688, 41.42868415079446 ], [ 44.750548552315912, 41.4286116107711 ], [ 44.750571809451635, 41.428463898547363 ], [ 44.75062841023751, 41.428087134282919 ], [ 44.750663073516812, 41.4279116584365 ], [ 44.750705704294305, 41.427841481064796 ], [ 44.750850530226046, 41.42771408023583 ], [ 44.751050418312005, 41.427580386799107 ], [ 44.751182154290845, 41.427529594420854 ], [ 44.75147072167362, 41.427495094963611 ], [ 44.751572565198202, 41.427498464858921 ], [ 44.751997337332973, 41.427377967501556 ], [ 44.752307214487125, 41.427321257805119 ], [ 44.75254936705366, 41.427251509115088 ], [ 44.752732025050527, 41.427213627811625 ], [ 44.752859376092545, 41.427175515733609 ], [ 44.753008128710782, 41.427083244677846 ], [ 44.753225008073542, 41.426952823037738 ], [ 44.753450353817485, 41.426828741533981 ], [ 44.753713837182929, 41.426714372113189 ], [ 44.754164016933579, 41.426600401158197 ], [ 44.754491008341283, 41.426498946459795 ], [ 44.754835110432204, 41.42639428637213 ], [ 44.754983798791393, 41.426333806592829 ], [ 44.755170805797761, 41.426235313396667 ], [ 44.755549226745842, 41.426018941272048 ], [ 44.755834227907108, 41.42580884971359 ], [ 44.755940719315731, 41.425719635088768 ], [ 44.756182849885818, 41.425621144560047 ], [ 44.756267787029422, 41.425595853845842 ], [ 44.756458678751429, 41.425592995541571 ], [ 44.756666459347485, 41.425622168398348 ], [ 44.756696103532036, 41.425657377692836 ], [ 44.756742787838945, 41.42566071642711 ], [ 44.756865912777393, 41.425632153391838 ], [ 44.757205606465014, 41.425553060152119 ], [ 44.757468758549805, 41.4255248819589 ], [ 44.757735947247113, 41.425544638193756 ], [ 44.757977546498218, 41.425580269853278 ], [ 44.758113163114494, 41.425641217373872 ], [ 44.758659591233815, 41.425865887508806 ], [ 44.758858719715903, 41.425939724764682 ], [ 44.759057864529453, 41.426000849339381 ], [ 44.759259777798306, 41.42603315516849 ], [ 44.759320758239859, 41.426042912732989 ], [ 44.75956260410679, 41.426052981725043 ], [ 44.759859616527315, 41.426028018766807 ], [ 44.760222652747132, 41.425966223828503 ], [ 44.76026713469571, 41.425958688920979 ], [ 44.760282636413784, 41.42595449036935 ], [ 44.760633834315186, 41.425859841410706 ], [ 44.761014967273866, 41.425672819772061 ], [ 44.761261534987476, 41.425536054637945 ], [ 44.761550584009605, 41.425357862972646 ], [ 44.761894885669477, 41.425202015597705 ], [ 44.762192463830274, 41.425020690013945 ], [ 44.762558339565544, 41.424743651546471 ], [ 44.762703073971913, 41.424600260608656 ], [ 44.762890473240851, 41.424405813375976 ], [ 44.76300154470254, 41.424204997913421 ], [ 44.763044398852706, 41.424077281462218 ], [ 44.76309140462908, 41.424016648365907 ], [ 44.763422855594762, 41.423832149279292 ], [ 44.763788240120782, 41.423695622932861 ], [ 44.764038672374788, 41.423635430330847 ], [ 44.764391140407334, 41.423597946174397 ], [ 44.764726184184383, 41.423576220973594 ], [ 44.765320335296217, 41.423516704518498 ], [ 44.765791335185007, 41.423495343525438 ], [ 44.766096862426998, 41.423492792600435 ], [ 44.766279199610338, 41.423505876422759 ], [ 44.766521109972928, 41.423487264342477 ], [ 44.766741746910611, 41.423465368604802 ], [ 44.766945233590434, 41.423491274181195 ], [ 44.767258954022189, 41.423571719859567 ], [ 44.767546960089064, 41.423687326004853 ], [ 44.767881763902089, 41.423799695753765 ], [ 44.768021429640882, 41.423867096408472 ], [ 44.768165270441095, 41.42400466342346 ], [ 44.768249996621215, 41.42403680826795 ], [ 44.768372863550169, 41.424078569752972 ], [ 44.768499815948552, 41.424190519060694 ], [ 44.768851200274248, 41.424382819135559 ], [ 44.7689826001086, 41.424421469684141 ], [ 44.769135221344833, 41.424444096776448 ], [ 44.769448987400956, 41.424479871660374 ], [ 44.769843315312599, 41.424550908450335 ], [ 44.7701655018408, 41.42461540983323 ], [ 44.770339443071791, 41.424628470448162 ], [ 44.770445500267563, 41.424622381311899 ], [ 44.770577114420306, 41.424600210496379 ], [ 44.770836008424631, 41.424556039931467 ], [ 44.770997262363579, 41.424572314301322 ], [ 44.771158206085701, 41.424642881818649 ], [ 44.771399279387083, 41.424838150523023 ], [ 44.771505035993194, 41.424918215354076 ], [ 44.77163217788442, 41.424969544273097 ], [ 44.77199227523834, 41.425110776446708 ], [ 44.772238137371808, 41.425168729873988 ], [ 44.772399173173241, 41.425213735071047 ], [ 44.772594289642996, 41.425233291686027 ], [ 44.772764094760689, 41.425223996299614 ], [ 44.772976353507332, 41.425179729707942 ], [ 44.773163145972255, 41.425125870806575 ], [ 44.773294952110888, 41.425039930021164 ], [ 44.773473542767945, 41.424928497924917 ], [ 44.773631067538112, 41.424813964234076 ], [ 44.773779597568193, 41.424775803084607 ], [ 44.774004432434388, 41.424750751734194 ], [ 44.774076532361548, 41.424769995675504 ], [ 44.774140118956822, 41.424795704702227 ], [ 44.774178293964283, 41.424795779636909 ], [ 44.774539410514151, 41.424678290604199 ], [ 44.77481122431022, 41.424579842418197 ], [ 44.775091648241442, 41.424446263804811 ], [ 44.775295521585278, 41.424344509174261 ], [ 44.775592875660308, 41.424268451375966 ], [ 44.775724534024825, 41.424224021567198 ], [ 44.776060032996853, 41.424112847056108 ], [ 44.776458991631181, 41.424046660659393 ], [ 44.776789934760721, 41.424034409754235 ], [ 44.777031808752625, 41.424034878748444 ], [ 44.777129388621759, 41.424015964568198 ], [ 44.777197531233668, 41.423968282590323 ], [ 44.77729107622212, 41.423914147184419 ], [ 44.777520387277299, 41.423837930146682 ], [ 44.777800546606841, 41.423796958383839 ], [ 44.778000103599076, 41.423749506229946 ], [ 44.778182791608252, 41.423660418865509 ], [ 44.778327424348824, 41.423536110373092 ], [ 44.778353006178477, 41.423502881206176 ], [ 44.778472391729288, 41.423348035978037 ], [ 44.77849787190155, 41.4232745977069 ], [ 44.778519599226655, 41.423188438925706 ], [ 44.778486304376429, 41.42298406790465 ], [ 44.778486499975834, 41.422926510830123 ], [ 44.77855451008368, 41.422881977729368 ], [ 44.778575756381336, 41.422840482927562 ], [ 44.77857630945455, 41.422677668613325 ], [ 44.778679630421394, 41.422437604059674 ], [ 44.77868336632892, 41.422428858592575 ], [ 44.778710272800616, 41.422384201284089 ], [ 44.77872175704163, 41.422364985008564 ], [ 44.778810961175822, 41.42232049251087 ], [ 44.779054015879765, 41.422138455383852 ], [ 44.77906192823361, 41.422132530987739 ], [ 44.779082123016174, 41.422109821152432 ], [ 44.779164044097264, 41.422017793166134 ], [ 44.779232535288202, 41.421883797410118 ], [ 44.779258190185516, 41.421784842645806 ], [ 44.779245116075948, 41.42173506875919 ], [ 44.779237265874464, 41.421704992737453 ], [ 44.779173863889142, 41.421625082922255 ], [ 44.779034438927361, 41.421493838878561 ], [ 44.779000687383352, 41.421423594279901 ], [ 44.77900680640829, 41.421399844966331 ], [ 44.779017894602269, 41.421356529946848 ], [ 44.779135623817695, 41.421221278557418 ], [ 44.779145586620231, 41.421209867076215 ], [ 44.779159500683441, 41.42118827111333 ], [ 44.77925217965047, 41.421044016189413 ], [ 44.779358847351432, 41.42089094528243 ], [ 44.779418703050212, 41.420570177067795 ], [ 44.779427956853503, 41.420520692803315 ], [ 44.779437184364433, 41.420443960585608 ], [ 44.779484856941046, 41.4200482628925 ], [ 44.779510993339919, 41.419780081910872 ], [ 44.779511932902537, 41.419502288387015 ], [ 44.779597371517227, 41.419323639162641 ], [ 44.779742057674056, 41.419215282205641 ], [ 44.779967271085923, 41.419107169168356 ], [ 44.780234774204324, 41.419027893149071 ], [ 44.78062945941879, 41.418977568905269 ], [ 44.780964463882277, 41.418994137944544 ], [ 44.781061826685161, 41.419010546795811 ], [ 44.781069355308638, 41.419011820380369 ], [ 44.78109035734461, 41.418855120459106 ], [ 44.7810917056932, 41.418845222800527 ], [ 44.781084866387936, 41.418639034534635 ], [ 44.781083452646627, 41.418597135817464 ], [ 44.781083580413714, 41.418559087167807 ], [ 44.781083590537435, 41.418556072352082 ], [ 44.781029257887653, 41.418481379042674 ], [ 44.780961054755331, 41.418442772467635 ], [ 44.780862355661462, 41.418370626619925 ], [ 44.780804548012874, 41.418298536978668 ], [ 44.780746662550136, 41.418249622747354 ], [ 44.780688883533706, 41.418213556192846 ], [ 44.780596747664205, 41.418172271765961 ], [ 44.780501446759452, 41.418120698179926 ], [ 44.780423098975085, 41.418076852040606 ], [ 44.78037198718286, 41.418022887388297 ], [ 44.780338122606892, 41.417968888085063 ], [ 44.780270080393322, 41.417891692954065 ], [ 44.780215645229212, 41.417847848199592 ], [ 44.780178176448693, 41.417816972514721 ], [ 44.780137332567541, 41.417793741402278 ], [ 44.780038579337685, 41.417729334946642 ], [ 44.78001148276568, 41.417680456679285 ], [ 44.779991130633952, 41.417608460749328 ], [ 44.779943585909301, 41.41755189232817 ], [ 44.779844719204696, 41.417520899988617 ], [ 44.779773197000246, 41.417474546143374 ], [ 44.779716779597003, 41.417425071224208 ], [ 44.779708523373841, 41.417417855661725 ], [ 44.779712077748009, 41.417392234112903 ], [ 44.779713755761911, 41.417373359248586 ], [ 44.779715585861965, 41.4173537415504 ], [ 44.779739697103736, 41.417330544562162 ], [ 44.77980107712721, 41.417299858842469 ], [ 44.779829658936698, 41.417253966796089 ], [ 44.779848232998887, 41.417224144025006 ], [ 44.779896964480798, 41.41721264901188 ], [ 44.779999100436633, 41.417248800793317 ], [ 44.780128791567293, 41.417277331590675 ], [ 44.780185276878228, 41.417271229696205 ], [ 44.780338154877349, 41.417249358525623 ], [ 44.780461649252352, 41.417218790121481 ], [ 44.78059802698003, 41.417259124966186 ], [ 44.780673946153811, 41.417278372077554 ], [ 44.780779481237232, 41.417281724054362 ], [ 44.780859744022102, 41.417253322937235 ], [ 44.780897935151081, 41.417212039187163 ], [ 44.780923310561192, 41.41717714441689 ], [ 44.780995172040669, 41.417158268032289 ], [ 44.781117619425537, 41.417145720189495 ], [ 44.781223313937993, 41.417101504854301 ], [ 44.781324950958627, 41.417019007617633 ], [ 44.781481527748824, 41.416892220804755 ], [ 44.781562046582401, 41.416787520102851 ], [ 44.781621340758164, 41.416736825421879 ], [ 44.781664482401091, 41.41671634209807 ], [ 44.781665619782963, 41.416715803801758 ], [ 44.781748250931216, 41.416676628989912 ], [ 44.781828567053964, 41.416632297394614 ], [ 44.781925844836302, 41.416565812230147 ], [ 44.781976782364929, 41.416502321574164 ], [ 44.782188486945472, 41.416318418500346 ], [ 44.782315442545723, 41.416216977627151 ], [ 44.782349298401776, 41.416175595108975 ], [ 44.782391629821561, 41.416137761382693 ], [ 44.782497416006926, 41.416074284137522 ], [ 44.782632923884236, 41.415953823361164 ], [ 44.782721773278311, 41.415877691589763 ], [ 44.782802209282387, 41.415823818707189 ], [ 44.782941669697593, 41.415763712195293 ], [ 44.783034813622145, 41.415681287479721 ], [ 44.783157567695412, 41.415557584518453 ], [ 44.783280460778478, 41.415427559265439 ], [ 44.783331383840952, 41.415376757846111 ], [ 44.783390539442486, 41.415357968625266 ], [ 44.78345395365632, 41.415326204765172 ], [ 44.78355987474113, 41.415212009611565 ], [ 44.783657213520826, 41.415126329729084 ], [ 44.783775670963557, 41.415053470307051 ], [ 44.783906896887146, 41.414952058196697 ], [ 44.783991570874349, 41.414863315983595 ], [ 44.784038158984629, 41.414812507008222 ], [ 44.784126938815049, 41.414774489579436 ], [ 44.784241080563511, 41.414704794045612 ], [ 44.784338498284363, 41.414612835442853 ], [ 44.784444435728687, 41.414511330270109 ], [ 44.784512094236675, 41.414460673166474 ], [ 44.784575454512115, 41.414435388635013 ], [ 44.784622023309268, 41.414435475816688 ], [ 44.784655696781769, 41.414448228724801 ], [ 44.784672501390986, 41.414473574178992 ], [ 44.784714717895227, 41.414515099758283 ], [ 44.78475668230827, 41.414524628122855 ], [ 44.784803101599913, 41.41452471495159 ], [ 44.784845319019212, 41.414502540676644 ], [ 44.784887820123295, 41.414458203764418 ], [ 44.784938458379706, 41.41442965431974 ], [ 44.784976640829058, 41.414407494973084 ], [ 44.784993632890419, 41.414375666013143 ], [ 44.784989627858216, 41.414312206427539 ], [ 44.78498983724343, 41.414248709678759 ], [ 44.785028122830255, 41.414150227471254 ], [ 44.785091587396948, 41.414093148789462 ], [ 44.785188835620886, 41.414051996401618 ], [ 44.785281910142125, 41.4139981237429 ], [ 44.785328515877531, 41.413950553395686 ], [ 44.78541754488203, 41.413836235808731 ], [ 44.785417680613165, 41.41379499214694 ], [ 44.785388266452109, 41.413750430824983 ], [ 44.78533365210609, 41.413661427713677 ], [ 44.785317061701811, 41.413607350367172 ], [ 44.785350885576825, 41.413547066276067 ], [ 44.785431325493242, 41.413499558997991 ], [ 44.785473607554934, 41.413448741397922 ], [ 44.785490843874008, 41.413378886404836 ], [ 44.785474067492672, 41.413308944577345 ], [ 44.785364469610357, 41.413270556138301 ], [ 44.785309776652127, 41.413241900962959 ], [ 44.785271783282298, 41.413206886048414 ], [ 44.785271982085689, 41.413146516699719 ], [ 44.785293259190311, 41.41310211749655 ], [ 44.785306058808033, 41.413063889779536 ], [ 44.785293573476871, 41.413006670132127 ], [ 44.785310760114285, 41.412943205047384 ], [ 44.785344672192409, 41.412892370970987 ], [ 44.785412371056374, 41.412829090170554 ], [ 44.785589932508337, 41.412759443977109 ], [ 44.785720921475146, 41.412727871411469 ], [ 44.785839116992804, 41.412696298304319 ], [ 44.78589833105157, 41.412667854465205 ], [ 44.785995669100707, 41.412607643305549 ], [ 44.786152129844687, 41.41251898882313 ], [ 44.786215489089891, 41.41249361330086 ], [ 44.786291487650914, 41.412487453679091 ], [ 44.786397084242637, 41.412487649763342 ], [ 44.7865236240009, 41.412491035462502 ], [ 44.786633465857811, 41.412491239206233 ], [ 44.78670944376799, 41.412491380074968 ], [ 44.786819197166402, 41.412482042644591 ], [ 44.786920530145991, 41.412479057877718 ], [ 44.787021764212248, 41.412479245309555 ], [ 44.787131496683756, 41.412476298423272 ], [ 44.787182228985465, 41.412473152242796 ], [ 44.787207536845841, 41.412457358313262 ], [ 44.787224750558444, 41.41239378039073 ], [ 44.787271354643778, 41.412336759382306 ], [ 44.787351578827007, 41.41231782691213 ], [ 44.787419089343459, 41.412311539163547 ], [ 44.787343785194373, 41.412104865107722 ], [ 44.787179870094434, 41.411913867868826 ], [ 44.786851810799604, 41.411721440482147 ], [ 44.786804886114155, 41.411693925447992 ], [ 44.786522602499431, 41.411524961113301 ], [ 44.786490705508328, 41.411490002939694 ], [ 44.786630375273404, 41.4113803235498 ], [ 44.786777024536661, 41.411247728112677 ], [ 44.786892563613272, 41.411159221047797 ], [ 44.786739739293225, 41.410502746931272 ], [ 44.786773709772326, 41.410469913280927 ], [ 44.786634034359743, 41.409988115037763 ], [ 44.786578962185686, 41.409729051051379 ], [ 44.786515493145629, 41.409542491542922 ], [ 44.786486866804587, 41.409458285030176 ], [ 44.78647404237207, 41.408993664206243 ], [ 44.786427525080661, 41.408732793743383 ], [ 44.786394740112613, 41.408586184802509 ], [ 44.786389832312381, 41.408332658868396 ], [ 44.786389206660026, 41.40830486929061 ], [ 44.786301447767222, 41.408243998776825 ], [ 44.786173858875372, 41.408152949014514 ], [ 44.785899822377758, 41.408053278465758 ], [ 44.785548722839962, 41.407967323639113 ], [ 44.78543902134772, 41.407944955948224 ], [ 44.785230320872586, 41.407972129812698 ], [ 44.784955688112177, 41.408026744221495 ], [ 44.784684570550098, 41.408139191481929 ], [ 44.784560004561023, 41.408210577664775 ], [ 44.784424067465523, 41.40836731184379 ], [ 44.784324952975567, 41.408433256226047 ], [ 44.78415286307591, 41.408496250577919 ], [ 44.784064826298447, 41.408565027684404 ], [ 44.783906797649415, 41.408776823708997 ], [ 44.783855195254219, 41.40885379211614 ], [ 44.783767415571575, 41.408881235447744 ], [ 44.78369028365902, 41.408941707941466 ], [ 44.783660819094024, 41.409021553464072 ], [ 44.783605696700967, 41.409087556504666 ], [ 44.783466404995046, 41.409164404820764 ], [ 44.783297775429673, 41.409246687842014 ], [ 44.783056059781948, 41.409331623387104 ], [ 44.782883676626959, 41.409427713659461 ], [ 44.782707856119011, 41.409488066780099 ], [ 44.782554093358705, 41.409520829641444 ], [ 44.782253857784163, 41.40956978647403 ], [ 44.782129214709094, 41.409635770710402 ], [ 44.782066694673276, 41.409687853984195 ], [ 44.781968014065519, 41.40972076541513 ], [ 44.781719047637907, 41.409747857490927 ], [ 44.781688406726616, 41.409749734187962 ], [ 44.78154712708222, 41.409758511462272 ], [ 44.78137866537206, 41.409780264592989 ], [ 44.781137580797143, 41.40977422606619 ], [ 44.781026889091066, 41.409779415509618 ], [ 44.780864346003312, 41.409765246082117 ], [ 44.780628322276634, 41.409712009161083 ], [ 44.780403282381833, 41.409636449397489 ], [ 44.780115624312579, 41.409544209094491 ], [ 44.779735507676016, 41.409465651988548 ], [ 44.779565712200771, 41.409440283922002 ], [ 44.779366408914314, 41.409426041046075 ], [ 44.779067285724693, 41.409428256726684 ], [ 44.778579999000797, 41.409418927666593 ], [ 44.778317810783783, 41.409396192092267 ], [ 44.77804464481855, 41.409367922100756 ], [ 44.777804732637271, 41.409334022886597 ], [ 44.777509407221594, 41.409291757877298 ], [ 44.777395115943186, 41.40928325614221 ], [ 44.77721086524631, 41.409281257446828 ], [ 44.777036640956467, 41.409292912672001 ], [ 44.776696120336929, 41.409322065626682 ], [ 44.776529724254942, 41.409351556789289 ], [ 44.776410798884186, 41.409387079570635 ], [ 44.77628791602703, 41.409452430367494 ], [ 44.776152954283198, 41.409562466695114 ], [ 44.776073639200305, 41.409595096378517 ], [ 44.775895387134881, 41.409621547807248 ], [ 44.775752822946735, 41.409639090656512 ], [ 44.775626006664638, 41.409665686939675 ], [ 44.775451657964538, 41.409713093337253 ], [ 44.775328895594065, 41.409742667005389 ], [ 44.775221844806957, 41.409775151863357 ], [ 44.775087025447455, 41.409834515930918 ], [ 44.77486108500937, 41.409917574387009 ], [ 44.774666803970206, 41.410015567731016 ], [ 44.774571646725526, 41.41005702971561 ], [ 44.774456685296961, 41.410086686191889 ], [ 44.774306258590435, 41.410095301529367 ], [ 44.774021165616006, 41.410118614766269 ], [ 44.773822936733247, 41.410147949408469 ], [ 44.773676368185477, 41.41021628820139 ], [ 44.773465915572849, 41.410382695447055 ], [ 44.773335104751617, 41.410465938151177 ], [ 44.773275555214155, 41.410486633753258 ], [ 44.773132976520465, 41.410507256620349 ], [ 44.77291901098279, 41.410557550851671 ], [ 44.772728693690027, 41.410640496155779 ], [ 44.772510615220583, 41.410738415415778 ], [ 44.772340098166687, 41.4108424823742 ], [ 44.772189121503246, 41.410991160902164 ], [ 44.772049967908565, 41.411142945947837 ], [ 44.771907126889985, 41.411238044185559 ], [ 44.771728564854257, 41.411359823907304 ], [ 44.771585754103043, 41.411446011499557 ], [ 44.771534056816165, 41.411511498485076 ], [ 44.771494141569853, 41.411600860027889 ], [ 44.771481898564204, 41.411717029943077 ], [ 44.771449810351882, 41.411824250134714 ], [ 44.771413986162514, 41.411871835392162 ], [ 44.771362402059914, 41.411913427202613 ], [ 44.771259317157437, 41.411963938612089 ], [ 44.771092766910776, 41.412026204686271 ], [ 44.770870707652008, 41.412124136310297 ], [ 44.770684419245704, 41.412189333183825 ], [ 44.770518025130073, 41.412215754859119 ], [ 44.770418957605585, 41.412245370527828 ], [ 44.770323778903808, 41.412316710692373 ], [ 44.770212490908776, 41.412438712380641 ], [ 44.770152801766571, 41.41249822065307 ], [ 44.770045623277454, 41.412590349531996 ], [ 44.769930248741616, 41.41271828327401 ], [ 44.769894539301845, 41.412783757337515 ], [ 44.769850790432521, 41.412840371664416 ], [ 44.769810998674977, 41.412893866458354 ], [ 44.769775172382765, 41.412941541267244 ], [ 44.76973146573409, 41.412986140418298 ], [ 44.769707626926888, 41.413024816300798 ], [ 44.769671684682912, 41.413105274838152 ], [ 44.769611810168747, 41.413191535868926 ], [ 44.769560324031509, 41.413230178875423 ], [ 44.769512735219472, 41.413256904528929 ], [ 44.76938600263955, 41.413265583405241 ], [ 44.769247556457643, 41.413265305832354 ], [ 44.769013725146415, 41.413300590434183 ], [ 44.768874988329237, 41.413356968614103 ], [ 44.768688673264151, 41.413428124303429 ], [ 44.768549990720864, 41.413460629407368 ], [ 44.768205282821995, 41.413525502564561 ], [ 44.768018945413864, 41.413602597621022 ], [ 44.767872148139006, 41.413697681924717 ], [ 44.767729157415708, 41.413831520731108 ], [ 44.767602078797644, 41.413962421697967 ], [ 44.767379429948875, 41.414188419626115 ], [ 44.767241465035895, 41.414345736322076 ], [ 44.767204520699934, 41.414387760302915 ], [ 44.767101279744203, 41.414479961928073 ], [ 44.766823606473068, 41.414637445613096 ], [ 44.766553783608799, 41.414797644122501 ], [ 44.766355571640545, 41.414883801918769 ], [ 44.766157320388196, 41.414931055561127 ], [ 44.766074121335095, 41.414951767806365 ], [ 44.76599088357311, 41.415008255311321 ], [ 44.765899517185417, 41.415097442641581 ], [ 44.765788284763183, 41.415183687218551 ], [ 44.765597844783237, 41.415302463351409 ], [ 44.765486763321398, 41.415379796744347 ], [ 44.765272552749167, 41.415483764065407 ], [ 44.765094033825974, 41.415578600818577 ], [ 44.764967156250819, 41.415626088175486 ], [ 44.764844227433862, 41.41566456057248 ], [ 44.764776888845098, 41.415688296607996 ], [ 44.764721340376383, 41.415732869621451 ], [ 44.764649720787119, 41.415816133308581 ], [ 44.764566350303554, 41.415875590200422 ], [ 44.764495000702176, 41.415917137551467 ], [ 44.76434825632294, 41.415961613758363 ], [ 44.764241257991436, 41.416000073096917 ], [ 44.76415398489717, 41.416047596560475 ], [ 44.764089374204495, 41.416060334127877 ], [ 44.764064278016818, 41.416065300789448 ], [ 44.763977473649071, 41.416082447928943 ], [ 44.76336161217553, 41.41620396971193 ], [ 44.762759355133433, 41.41630702099097 ], [ 44.762636518532133, 41.416327670625066 ], [ 44.76244663426413, 41.416291434889665 ], [ 44.762260587517673, 41.41628511012096 ], [ 44.76196734325427, 41.416370974752404 ], [ 44.761836410847707, 41.416439241545504 ], [ 44.761780882717332, 41.416477850158948 ], [ 44.761749135445299, 41.416519501208548 ], [ 44.761760656311999, 41.416573211115264 ], [ 44.761985243443277, 41.416871743801394 ], [ 44.762001001083171, 41.416919411156456 ], [ 44.761905596889477, 41.417023526891739 ], [ 44.761802421786662, 41.417062082841326 ], [ 44.761699515020268, 41.417067786827488 ], [ 44.761564973358851, 41.417043725392958 ], [ 44.761394903033413, 41.416983745384144 ], [ 44.76135136238797, 41.416980685283917 ], [ 44.761311844305432, 41.416989513602566 ], [ 44.76126818361795, 41.417019236290137 ], [ 44.761252022825076, 41.417081799996453 ], [ 44.76125178271996, 41.417147366534365 ], [ 44.761263409272466, 41.417212980213719 ], [ 44.761334162262756, 41.417368045568871 ], [ 44.761298327310698, 41.417415717678011 ], [ 44.761187401170488, 41.417448271458994 ], [ 44.761116080807788, 41.417448123403801 ], [ 44.761013187255791, 41.41744187915657 ], [ 44.760965619162029, 41.417444840214905 ], [ 44.760925975484646, 41.417471511242525 ], [ 44.760878218912005, 41.417534009234544 ], [ 44.760842099348089, 41.417659151147298 ], [ 44.760806141149956, 41.417748427025124 ], [ 44.760730754245778, 41.417813837304983 ], [ 44.760449086931992, 41.417935498392701 ], [ 44.760413414754701, 41.417971177876943 ], [ 44.760329424052529, 41.418197540707432 ], [ 44.760136452766162, 41.417886244891633 ], [ 44.76024951052942, 41.417502167901823 ], [ 44.760222007200348, 41.417454071394928 ], [ 44.760196732741086, 41.417410006812936 ], [ 44.76017588754285, 41.4173885649722 ], [ 44.759915980680944, 41.417121186152571 ], [ 44.759818556921118, 41.4170179740007 ], [ 44.759704071674427, 41.416896726296407 ], [ 44.75961111144931, 41.416791048005628 ], [ 44.759598252805915, 41.416776418058788 ], [ 44.75957704350337, 41.416748361084359 ], [ 44.759555863971165, 41.416720348305212 ], [ 44.759247155866326, 41.416807658125073 ], [ 44.758900995583012, 41.416967093359389 ], [ 44.758810112911675, 41.417082919540107 ], [ 44.758496464100482, 41.41705317256028 ], [ 44.758486523702295, 41.416910111411042 ], [ 44.758391329034474, 41.416749846946693 ], [ 44.758295957236164, 41.416653625886291 ], [ 44.758131422942384, 41.416557169299786 ], [ 44.757988322841229, 41.416456794230271 ], [ 44.757892907746324, 41.416372507777929 ], [ 44.757861196472504, 41.416308442221677 ], [ 44.757824280270938, 41.416244320662756 ], [ 44.757797834542558, 41.416196254617581 ], [ 44.757734145824301, 41.416172070304349 ], [ 44.757617223808239, 41.416143810492123 ], [ 44.757516320865392, 41.416103604246473 ], [ 44.757410332045936, 41.416015286733483 ], [ 44.757394610878102, 41.415963279871903 ], [ 44.757416148334542, 41.415899281416706 ], [ 44.757474899353646, 41.415803204356372 ], [ 44.757491201215238, 41.415731268181972 ], [ 44.757454180971891, 41.415679216431528 ], [ 44.757395862061443, 41.415627029685773 ], [ 44.757204871713597, 41.415502592484692 ], [ 44.757003143381006, 41.41541812592817 ], [ 44.756897022028319, 41.415365837960948 ], [ 44.756652906057205, 41.41524119750305 ], [ 44.756408611126375, 41.415132679709551 ], [ 44.756228378381365, 41.415012226987557 ], [ 44.756069265818056, 41.414907762171687 ], [ 44.755926157720609, 41.414779370928855 ], [ 44.755873165494137, 41.414743183154471 ], [ 44.755878819511814, 41.414655236152512 ], [ 44.755831137175214, 41.414591091094152 ], [ 44.755721424705321, 41.414507853384571 ], [ 44.755688194961223, 41.414482606648974 ], [ 44.755624134278584, 41.414478507271745 ], [ 44.755512345082657, 41.414534386996735 ], [ 44.755459052787145, 41.414578320800217 ], [ 44.755400451263419, 41.414602156393023 ], [ 44.755352573755204, 41.414606108011398 ], [ 44.755310126389546, 41.414581967514607 ], [ 44.755262519355156, 41.414529802459221 ], [ 44.755246800592516, 41.414477705221309 ], [ 44.755263030053008, 41.414393744076257 ], [ 44.755289833735773, 41.414329802241966 ], [ 44.755279844990653, 41.414185659740149 ], [ 44.755237773607874, 41.414045502399851 ], [ 44.755232629559224, 41.413981447570613 ], [ 44.755248828951579, 41.413937344893739 ], [ 44.75524896385798, 41.413901404940162 ], [ 44.755188943717307, 41.413857050036718 ], [ 44.755133279585571, 41.41379982353385 ], [ 44.755089467966201, 41.413772707548063 ], [ 44.755029731210648, 41.413748530141646 ], [ 44.755001942491731, 41.413724330660877 ], [ 44.754818528194548, 41.413687999722555 ], [ 44.75471078441349, 41.413654712261348 ], [ 44.754671146203712, 41.413615624932071 ], [ 44.754663287664293, 41.413573542779275 ], [ 44.754691381521624, 41.41351658470068 ], [ 44.754739577480997, 41.413459579390484 ], [ 44.75473976958569, 41.413408506822492 ], [ 44.754719922976825, 41.413372434196056 ], [ 44.75468409147517, 41.4133392999872 ], [ 44.754608370354411, 41.413318060780675 ], [ 44.75445272368929, 41.413311783716985 ], [ 44.754378751270096, 41.413318696778632 ], [ 44.754265219130659, 41.413329308494042 ], [ 44.754153300801661, 41.413356182227325 ], [ 44.754117540633402, 41.413320075493168 ], [ 44.75410983610719, 41.413268986049779 ], [ 44.754138021337624, 41.413187887984058 ], [ 44.754150145254485, 41.413145848490856 ], [ 44.754146332553375, 41.413109810023137 ], [ 44.754114487103365, 41.413082719231625 ], [ 44.754026808968227, 41.413043529003588 ], [ 44.753951068698022, 41.413043367060851 ], [ 44.753883311172267, 41.413052229724357 ], [ 44.753831273386915, 41.413049145899635 ], [ 44.753803473507588, 41.413028098756151 ], [ 44.753743766238202, 41.412964737767922 ], [ 44.753680172696143, 41.412916591239465 ], [ 44.753572467792672, 41.412889337871185 ], [ 44.753404965751571, 41.412885916424237 ], [ 44.75333325359675, 41.412864775045222 ], [ 44.753205646734912, 41.412816400926658 ], [ 44.753133968823612, 41.412786251916039 ], [ 44.753114100783115, 41.41275612396668 ], [ 44.753138303890935, 41.41268416028916 ], [ 44.753178540664223, 41.412612140925901 ], [ 44.753178699719882, 41.412570120901762 ], [ 44.753146855106188, 41.412542984804197 ], [ 44.753087120200227, 41.412518806389151 ], [ 44.753023226083336, 41.412518669256833 ], [ 44.752927447734038, 41.412533461249225 ], [ 44.752843657070862, 41.412542333909471 ], [ 44.752771757863357, 41.41253911686406 ], [ 44.752684178373393, 41.412505870825612 ], [ 44.752592485014929, 41.41248468603321 ], [ 44.752524245520725, 41.412478774428131 ], [ 44.752520597165606, 41.412478496353529 ], [ 44.752464804879104, 41.412487473993899 ], [ 44.752444286982062, 41.412486799319737 ], [ 44.752365026874401, 41.412484196713244 ], [ 44.752333051700404, 41.412460032611058 ], [ 44.752313314900874, 41.412426977340601 ], [ 44.75225754021119, 41.412399834517885 ], [ 44.752189823169353, 41.412366675906121 ], [ 44.752150161836909, 41.412318535031979 ], [ 44.75213842770421, 41.412273471847968 ], [ 44.752146578653118, 41.412222416419752 ], [ 44.752182616971986, 41.412153405895204 ], [ 44.752214889211601, 41.412099339833752 ], [ 44.752215014486232, 41.412066372354488 ], [ 44.752187141767578, 41.412033254501011 ], [ 44.75212736180427, 41.412021145648637 ], [ 44.751911973710143, 41.411993523576776 ], [ 44.75178836865291, 41.411963306786717 ], [ 44.751756479136041, 41.411948195326971 ], [ 44.751696825210587, 41.411903028697111 ], [ 44.751625400833021, 41.411806763637955 ], [ 44.751561736321399, 41.411746545617284 ], [ 44.75144250317728, 41.411668192367465 ], [ 44.751326933789876, 41.41160182699614 ], [ 44.751211449922039, 41.411544469275505 ], [ 44.751171658646214, 41.411499345317111 ], [ 44.751144112772685, 41.411412137381376 ], [ 44.751036996222325, 41.411231708961402 ], [ 44.751005433251365, 41.411162552500457 ], [ 44.750945488903533, 41.411162422762544 ], [ 44.75090155469357, 41.411168317698341 ], [ 44.75085779759722, 41.411159170337207 ], [ 44.750797967880594, 41.411129045519075 ], [ 44.750750096441216, 41.411132004405076 ], [ 44.750682198098197, 41.411146809887143 ], [ 44.750646349098602, 41.41113475211651 ], [ 44.750598569974919, 41.411113570816909 ], [ 44.750606689480833, 41.411086655742814 ], [ 44.75061075066818, 41.411041536553753 ], [ 44.750571105134057, 41.411005420283331 ], [ 44.750499322159428, 41.41097229689364 ], [ 44.75038771322064, 41.410965884627373 ], [ 44.750255990850299, 41.410962671327219 ], [ 44.750220176533446, 41.410941605915532 ], [ 44.750188276493439, 41.410929466498644 ], [ 44.750104453183951, 41.410947299642132 ], [ 44.750068570051042, 41.410944204162469 ], [ 44.750076673843729, 41.410890221302964 ], [ 44.750096793630135, 41.410854144594182 ], [ 44.750148836144291, 41.410824262362659 ], [ 44.75021684950898, 41.410779372115016 ], [ 44.750276834940458, 41.410737436906032 ], [ 44.750356652633194, 41.410734457458318 ], [ 44.750440406657702, 41.410734639147314 ], [ 44.750504424975155, 41.410701855263788 ], [ 44.75055255340952, 41.410662911739614 ], [ 44.750580707120932, 41.410590912101988 ], [ 44.750576880244644, 41.410527850718623 ], [ 44.750525240306068, 41.410452615512774 ], [ 44.750429814362711, 41.410407235535011 ], [ 44.750318021433301, 41.410371007698309 ], [ 44.750194540015279, 41.410340744420267 ], [ 44.750078746169123, 41.410349500547881 ], [ 44.750006946035974, 41.410352317071769 ], [ 44.74991525658254, 41.410331130148791 ], [ 44.749759675597865, 41.410309714139167 ], [ 44.749636113981587, 41.410300437758728 ], [ 44.74955635490619, 41.41028828409312 ], [ 44.749488653024997, 41.410252106373882 ], [ 44.749413004398491, 41.410197806063223 ], [ 44.749357486592636, 41.410104636791125 ], [ 44.749301900035327, 41.410029392434573 ], [ 44.74925829406795, 41.409981196913513 ], [ 44.749202441682733, 41.409975130179426 ], [ 44.749142452350284, 41.409986979492437 ], [ 44.749110487571571, 41.410022940136329 ], [ 44.749034342085274, 41.410097897331113 ], [ 44.748970276990867, 41.410142795499112 ], [ 44.748886407886403, 41.410172697821295 ], [ 44.748814607900158, 41.410175513601622 ], [ 44.748730734956602, 41.410175330469919 ], [ 44.748666986064194, 41.410169156155476 ], [ 44.74863908123826, 41.410145044947498 ], [ 44.74862334172856, 41.410099972639529 ], [ 44.748607530610691, 41.410057962751331 ], [ 44.748579673870402, 41.41003691421237 ], [ 44.748511928754091, 41.410027668500895 ], [ 44.74842432186211, 41.410018469399965 ], [ 44.748368408268846, 41.409997269385073 ], [ 44.748296650820784, 41.409958109590875 ], [ 44.748268923935996, 41.409918956015126 ], [ 44.748253254281352, 41.409855868638083 ], [ 44.748261252133389, 41.409798687972632 ], [ 44.748229730719856, 41.40975069865106 ], [ 44.74818981321512, 41.409723588543272 ], [ 44.748126016474153, 41.409714441321142 ], [ 44.748050257136221, 41.409720220460756 ], [ 44.747974331491719, 41.409738069350141 ], [ 44.747914565913824, 41.409722985834371 ], [ 44.74788255059034, 41.409740930857716 ], [ 44.747838617241797, 41.409746779589803 ], [ 44.74776686401929, 41.409737614731242 ], [ 44.747707086990545, 41.409725503585676 ], [ 44.747500131199011, 41.40959290833446 ], [ 44.747460344030607, 41.409547693012783 ], [ 44.747408827762456, 41.409472546745469 ], [ 44.747373085321939, 41.409433375354268 ], [ 44.747301154575815, 41.409439252482933 ], [ 44.747233152136211, 41.409481168537965 ], [ 44.74711703538658, 41.40958891433948 ], [ 44.747053111835548, 41.409627956824238 ], [ 44.746997105720347, 41.409630806190862 ], [ 44.746957298370532, 41.409621711067743 ], [ 44.746929583968686, 41.409579584691905 ], [ 44.746893946288623, 41.409513480703254 ], [ 44.746858192597486, 41.409477281630984 ], [ 44.746826398460733, 41.409438208832555 ], [ 44.746762694174834, 41.409389968137027 ], [ 44.746694994956748, 41.409353743737839 ], [ 44.746607352684386, 41.409338553130844 ], [ 44.746483603694173, 41.409347288123165 ], [ 44.746419642316241, 41.409365252424251 ], [ 44.7463798705909, 41.409347059518275 ], [ 44.746348053331012, 41.409314021618343 ], [ 44.746340165634123, 41.409280946390567 ], [ 44.746360298544396, 41.409241897851736 ], [ 44.746388397758956, 41.40918494177275 ], [ 44.746448576884013, 41.409154989064653 ], [ 44.746504448361513, 41.409125116910452 ], [ 44.746528494418151, 41.409095084548113 ], [ 44.746532594311937, 41.40905609073279 ], [ 44.746516798399746, 41.40902597059771 ], [ 44.746449277650612, 41.408974748814352 ], [ 44.746385408834527, 41.408953620378206 ], [ 44.746309493890678, 41.408953453023059 ], [ 44.746118108399955, 41.408940960724443 ], [ 44.746074256803837, 41.408925911364534 ], [ 44.746066357717609, 41.408895808594188 ], [ 44.746070542622185, 41.408865777530067 ], [ 44.746086560462047, 41.408838835158178 ], [ 44.746158678531899, 41.40876932060376 ], [ 44.746170627905698, 41.408757862292582 ], [ 44.746290859955764, 41.408637966263051 ], [ 44.746338951531264, 41.408577991691914 ], [ 44.746351114633676, 41.408526945489037 ], [ 44.746335388653598, 41.408478900382789 ], [ 44.746291560970313, 41.408457771036232 ], [ 44.746223769393886, 41.408445596408079 ], [ 44.746163865521318, 41.408466451947163 ], [ 44.746047803682117, 41.408529384065986 ], [ 44.745984071050778, 41.408550231060524 ], [ 44.745912176428128, 41.408547054777422 ], [ 44.745832645513936, 41.408507786196417 ], [ 44.745764710976914, 41.408501601027304 ], [ 44.745673049053003, 41.408474375697132 ], [ 44.7456531618813, 41.408450371556597 ], [ 44.745649354490276, 41.408414242716859 ], [ 44.745681343914164, 41.408372247996382 ], [ 44.745721422037782, 41.408342341309144 ], [ 44.745765530548006, 41.408291365759446 ], [ 44.745757643267837, 41.408258290487062 ], [ 44.745686149448296, 41.40818309928882 ], [ 44.745586706946149, 41.408095595932174 ], [ 44.745518913103112, 41.408053470655084 ], [ 44.745455239130379, 41.408059364893262 ], [ 44.745347862259237, 41.407951036248228 ], [ 44.745260325785623, 41.407878691703445 ], [ 44.745156724204136, 41.407845404441552 ], [ 44.74510891372308, 41.407833318447025 ], [ 44.745061150442517, 41.407809162369603 ], [ 44.745044006822255, 41.407802683958323 ], [ 44.745021367719559, 41.407794121621322 ], [ 44.744961497297091, 41.407775883680017 ], [ 44.744881706606357, 41.407772824364777 ], [ 44.744805902370686, 41.407790581363628 ], [ 44.74472600625073, 41.407814454393964 ], [ 44.744594161624775, 41.407844157076333 ], [ 44.744534256538216, 41.40785005917099 ], [ 44.744490430927605, 41.407843926774788 ], [ 44.744486576572704, 41.407819958032327 ], [ 44.744494698534972, 41.407792953305048 ], [ 44.744554873273763, 41.407702920959153 ], [ 44.744587017792433, 41.407651964332253 ], [ 44.744591118928021, 41.407612925541812 ], [ 44.74457929610719, 41.407576778869206 ], [ 44.744543485486851, 41.407555711688673 ], [ 44.744447804850061, 41.407516406288664 ], [ 44.744308405422601, 41.407459078563974 ], [ 44.744196883281383, 41.407401722573837 ], [ 44.74407738223271, 41.407365426485441 ], [ 44.743993774007428, 41.407329210138087 ], [ 44.743859293729848, 41.407238114355671 ], [ 44.74370597375993, 41.407100407218195 ], [ 44.743616884242186, 41.406997792456288 ], [ 44.743570619160323, 41.406927610315904 ], [ 44.743567122414888, 41.406873647064394 ], [ 44.743610521592309, 41.406790243426187 ], [ 44.74366812644795, 41.406714888172807 ], [ 44.743675421564312, 41.406685224417394 ], [ 44.743671969865304, 41.406650222242952 ], [ 44.743650582820187, 41.406612432796187 ], [ 44.7436257049687, 41.406580040121007 ], [ 44.74356132440748, 41.40655296396114 ], [ 44.743486327750894, 41.406517757267956 ], [ 44.74345432436477, 41.406471927361039 ], [ 44.743404332933757, 41.406436731325719 ], [ 44.743289950648617, 41.406377161210123 ], [ 44.743125505478439, 41.406331035649387 ], [ 44.74305048802109, 41.406301233178624 ], [ 44.742918364928343, 41.406220049895367 ], [ 44.742861226997512, 41.406176865938008 ], [ 44.742822024856437, 41.406136334243278 ], [ 44.742772108449138, 41.406082267197675 ], [ 44.742711650062262, 41.406001333938384 ], [ 44.742640400578019, 41.405896056015898 ], [ 44.742604745272622, 41.405866341287229 ], [ 44.742569026715927, 41.405852659917166 ], [ 44.742472474594145, 41.405822898961596 ], [ 44.742383111958119, 41.405790361668771 ], [ 44.742315181800954, 41.405768726453793 ], [ 44.742258072982551, 41.405733513977118 ], [ 44.742183340034167, 41.405647143905242 ], [ 44.742119029387531, 41.405587639764093 ], [ 44.742033309504976, 41.4055416890521 ], [ 44.741936920852382, 41.405501028827203 ], [ 44.741797419543353, 41.405471080893157 ], [ 44.741650676168916, 41.405457240117762 ], [ 44.74149685683139, 41.405432664224861 ], [ 44.741443284172213, 41.405411015711387 ], [ 44.741386020066386, 41.405400077909647 ], [ 44.741307340649783, 41.40538909193382 ], [ 44.74123226078445, 41.405375501797906 ], [ 44.741167861320243, 41.405353738730902 ], [ 44.741114239742345, 41.405329387676602 ], [ 44.74110012056083, 41.405299675894732 ], [ 44.74110746959839, 41.405256681181513 ], [ 44.741121942180669, 41.405197353716318 ], [ 44.741100644546705, 41.405167670820866 ], [ 44.741032720201162, 41.405129776157338 ], [ 44.74093274363922, 41.405089107013886 ], [ 44.740879164950961, 41.40505403691153 ], [ 44.740861347713647, 41.405021659531407 ], [ 44.740854297911966, 41.404989306399422 ], [ 44.740847485859874, 41.40492722874906 ], [ 44.740822532997676, 41.404884116256213 ], [ 44.74078693277054, 41.404840889695912 ], [ 44.74075127852884, 41.404811264466645 ], [ 44.740733461778866, 41.404778796990612 ], [ 44.740747887003195, 41.404746492237621 ], [ 44.74076965120242, 41.404673759927817 ], [ 44.740780600781093, 41.404627935951055 ], [ 44.74077360440166, 41.404582161619579 ], [ 44.740734415256291, 41.404538926955318 ], [ 44.740684518644947, 41.404495668146652 ], [ 44.740616612432241, 41.404468492309746 ], [ 44.74049847484654, 41.404452192419875 ], [ 44.74040196006181, 41.404443867876289 ], [ 44.740298019052588, 41.404467773672238 ], [ 44.740226314502593, 41.40450819101418 ], [ 44.74017218047026, 41.404642777329407 ], [ 44.740139695726342, 41.404688552614431 ], [ 44.740114529158923, 41.404699214809739 ], [ 44.7400643520226, 41.40469639918912 ], [ 44.740014499976198, 41.40467205613573 ], [ 44.739950090482196, 41.404653084716124 ], [ 44.739892784190438, 41.404652955185774 ], [ 44.73982476585978, 41.404668924995896 ], [ 44.739692036816145, 41.404741406142833 ], [ 44.739595079133494, 41.40481396809723 ], [ 44.73945880340402, 41.404875676873893 ], [ 44.73931542576193, 41.404948133470704 ], [ 44.739258076903475, 41.404958587447901 ], [ 44.739240281744642, 41.404920895387662 ], [ 44.739265674668061, 41.404853666220248 ], [ 44.739255209837623, 41.40480788393932 ], [ 44.739226604845378, 41.404780796337811 ], [ 44.739147854801452, 41.404742876024592 ], [ 44.73907642562029, 41.404729157643537 ], [ 44.739008568305096, 41.404704818361367 ], [ 44.73887629157641, 41.404664074159925 ], [ 44.738797601696611, 41.404626153742996 ], [ 44.738736976768216, 41.404588364367847 ], [ 44.738697648599292, 41.40458016822916 ], [ 44.738633088707083, 41.404598847466445 ], [ 44.738604333323586, 41.404639226233598 ], [ 44.738600734245288, 41.404671555313065 ], [ 44.7386503322967, 41.40477408430047 ], [ 44.738675153214558, 41.404819899242142 ], [ 44.73867147746995, 41.404841509114412 ], [ 44.738635576041567, 41.404873809862771 ], [ 44.738592518330769, 41.404900599710828 ], [ 44.738545968396991, 41.4049031962236 ], [ 44.738499350644723, 41.404892866669258 ], [ 44.73846014394698, 41.404884175308247 ], [ 44.73839229844436, 41.404856908222847 ], [ 44.738360125617312, 41.404824587891191 ], [ 44.738324526696964, 41.404781450648535 ], [ 44.73827830141024, 41.404703159615522 ], [ 44.738231918810094, 41.404649188703807 ], [ 44.738189180321484, 41.404611349654729 ], [ 44.738139160437022, 41.404584303129411 ], [ 44.738085617222836, 41.40457066987468 ], [ 44.738041470953306, 41.404511029192442 ], [ 44.738034659708546, 41.404479216884432 ], [ 44.738040775901055, 41.404460675168792 ], [ 44.738041684212156, 41.404457929920994 ], [ 44.738137583055398, 41.404262007881265 ], [ 44.738279813246628, 41.403938778743239 ], [ 44.73831958643401, 41.403686836739176 ], [ 44.738348211348587, 41.403559624535724 ], [ 44.738476194202654, 41.403268249598696 ], [ 44.738593340174788, 41.403053684667462 ], [ 44.738622971282929, 41.403003579678426 ], [ 44.738728124609857, 41.402825918496241 ], [ 44.738805994888899, 41.402709446930793 ], [ 44.73886993194786, 41.402576910170573 ], [ 44.739025952913067, 41.402333338454604 ], [ 44.739143092460488, 41.402089588300221 ], [ 44.739218081061104, 41.40188555606921 ], [ 44.739285959458883, 41.401604582793922 ], [ 44.739311133479475, 41.401472048001501 ], [ 44.73937590500654, 41.401130086177076 ], [ 44.739422952390882, 41.400822583259753 ], [ 44.739441572512177, 41.400578609584471 ], [ 44.73952381141374, 41.400265871796314 ], [ 44.739588404641317, 41.399953003922121 ], [ 44.739642328103855, 41.399690644488629 ], [ 44.739674759623988, 41.399507773507317 ], [ 44.739756816368647, 41.399240073084478 ], [ 44.739831803668828, 41.398975058886442 ], [ 44.739885556527234, 41.398755034634647 ], [ 44.739964427360221, 41.398415806465664 ], [ 44.740053116630868, 41.398254230323623 ], [ 44.74014511655367, 41.398132340074113 ], [ 44.740258109401815, 41.398055805379443 ], [ 44.740445277330259, 41.397947415885263 ], [ 44.740600423504553, 41.397889486553076 ], [ 44.740722893624223, 41.397866162658644 ], [ 44.74079928813677, 41.397877864503748 ], [ 44.740948930513589, 41.397910448712665 ], [ 44.741132224495573, 41.397933830607784 ], [ 44.741443867797123, 41.397989837980383 ], [ 44.741621033829823, 41.398020141181171 ], [ 44.741755383455306, 41.398048006046899 ], [ 44.741813575870509, 41.398034355001954 ], [ 44.741825841093267, 41.398018348989083 ], [ 44.741822202472648, 41.39798559818864 ], [ 44.741819950164768, 41.397965280990483 ], [ 44.741762305288248, 41.397870842031921 ], [ 44.741727717133287, 41.397784291412144 ], [ 44.741727791303525, 41.397765555763947 ], [ 44.741712199629994, 41.397745523887401 ], [ 44.741710778754609, 41.397741827580646 ], [ 44.741601334811342, 41.397587371690157 ], [ 44.741503910673728, 41.397478971549681 ], [ 44.741382257092013, 41.397326739915854 ], [ 44.741324659480384, 41.39722068102536 ], [ 44.741291318812955, 41.397151607821705 ], [ 44.74127689440374, 41.397108789269986 ], [ 44.741230903178675, 41.396971950417644 ], [ 44.741188388557823, 41.396893578717346 ], [ 44.741097094431254, 41.39677825615248 ], [ 44.740978397728412, 41.396665213808944 ], [ 44.740923718590892, 41.396577626866261 ], [ 44.740872048404903, 41.396485452793868 ], [ 44.7408294704817, 41.396423204425666 ], [ 44.740817406416035, 41.396388588048332 ], [ 44.740817571016336, 41.39634715343454 ], [ 44.740842578002422, 41.396225246780773 ], [ 44.740846108447563, 41.396089329962578 ], [ 44.740837400758345, 41.395992748816113 ], [ 44.740797868472299, 41.39591672565345 ], [ 44.74065505431625, 41.395702293060261 ], [ 44.740484773870485, 41.395476358679616 ], [ 44.740424032298669, 41.395379570050551 ], [ 44.740391212138789, 41.395300409219566 ], [ 44.740387776305418, 41.395292069431349 ], [ 44.740386138001227, 41.39528292301393 ], [ 44.740369749070155, 41.395192945079735 ], [ 44.740400829631575, 41.395077943021164 ], [ 44.740419516625074, 41.395011238807932 ], [ 44.740471660510011, 41.39495379781544 ], [ 44.740523749138077, 41.394910228389797 ], [ 44.740692207947035, 41.394811614530525 ], [ 44.740713669201206, 41.394799232393225 ], [ 44.740906580884442, 41.394687792436343 ], [ 44.741010978426601, 41.394605157462507 ], [ 44.741057195217586, 41.39453392121893 ], [ 44.741057323192734, 41.394501674269371 ], [ 44.741042203966686, 41.394453269388215 ], [ 44.740963480039653, 41.394245917199115 ], [ 44.74092705971708, 41.394154588128828 ], [ 44.740860554425623, 41.393987884082286 ], [ 44.740807054798879, 41.393938821642642 ], [ 44.740753693553344, 41.393907336037337 ], [ 44.740749817311965, 41.393905077203421 ], [ 44.740521468393048, 41.393770412178839 ], [ 44.739392286413214, 41.393103814838938 ], [ 44.73915720605325, 41.392965013566794 ], [ 44.738149746488844, 41.392381911049284 ], [ 44.737800168736221, 41.392303373930432 ], [ 44.737553902254746, 41.392272818971769 ], [ 44.737378898779454, 41.3922424261511 ], [ 44.737125221334267, 41.392086275544969 ], [ 44.736784047069982, 41.391917864873221 ], [ 44.736522292131887, 41.391779537632559 ], [ 44.736228282120933, 41.391718967035068 ], [ 44.736021576663731, 41.391718493021294 ], [ 44.735831064288831, 41.391652218273954 ], [ 44.735704064134687, 41.391574095469821 ], [ 44.735632956583942, 41.391484131633639 ], [ 44.735521948269913, 41.391411895810442 ], [ 44.735228268624539, 41.391285575948856 ], [ 44.734561176437005, 41.391110466858095 ], [ 44.73411575183939, 41.391121409622194 ], [ 44.733782095570824, 41.391090643728788 ], [ 44.733210274269446, 41.390927763333615 ], [ 44.732964557030662, 41.390735553699194 ], [ 44.732702814964263, 41.390597217780062 ], [ 44.732369105279979, 41.390536545089752 ], [ 44.731979590180039, 41.390517727752197 ], [ 44.731962828990959, 41.390510420467358 ], [ 44.731868428928735, 41.390469541971655 ], [ 44.731956219640594, 41.390409848575324 ], [ 44.732386057333983, 41.390279151414397 ], [ 44.733014342333, 41.390244677703848 ], [ 44.733595378524981, 41.390066399015879 ], [ 44.734900341594567, 41.389800010355273 ], [ 44.736133112673187, 41.389695109137698 ], [ 44.735927188731523, 41.389503087104771 ], [ 44.735848017208731, 41.389412968849236 ], [ 44.735793043397514, 41.389257182029638 ], [ 44.735754062796275, 41.389077490564048 ], [ 44.735755650316399, 41.389069145950799 ], [ 44.735762120632401, 41.389035611941793 ], [ 44.735762241709459, 41.389005708734942 ], [ 44.736649745603607, 41.38776236451757 ], [ 44.736062995357948, 41.387365837045671 ], [ 44.735548238867466, 41.386885633614348 ], [ 44.73527891140953, 41.386645649457073 ], [ 44.735199665759701, 41.386567501670278 ], [ 44.734964372707616, 41.385782758316296 ], [ 44.734808432861556, 41.385057825038373 ], [ 44.734588399874745, 41.384416694700903 ], [ 44.734567367368129, 41.384380082442838 ], [ 44.734367264109899, 41.384032903749493 ], [ 44.734026578356527, 41.383756660959698 ], [ 44.733455160253989, 41.383539892632214 ], [ 44.733576746816453, 41.383197868234184 ], [ 44.73593514646619, 41.383667024988803 ], [ 44.736692742968252, 41.384132459990511 ], [ 44.737061410232585, 41.384318868136972 ], [ 44.737444463661994, 41.383870579383895 ], [ 44.737865572875627, 41.383377690084856 ], [ 44.73746021158103, 41.382109311866863 ], [ 44.737340453608276, 41.381289712841621 ], [ 44.737239145861508, 41.38093394414139 ], [ 44.737365051875379, 41.380269554964798 ], [ 44.737279012024082, 41.380181132428476 ], [ 44.73707890603103, 41.379975264496935 ], [ 44.736854490853091, 41.379634604479087 ], [ 44.736690490778749, 41.379587855351296 ], [ 44.736897438404249, 41.379155501184101 ], [ 44.736632201764728, 41.378737569051317 ], [ 44.736305478584711, 41.378381284160547 ], [ 44.736265404903548, 41.378118448669184 ], [ 44.736200275897502, 41.377173530064148 ], [ 44.736150696462268, 41.376454017080754 ], [ 44.736130799502007, 41.376166139645825 ], [ 44.736080488735752, 41.375435913848172 ], [ 44.736071460943954, 41.375304644654364 ], [ 44.737528699732465, 41.375277084089426 ], [ 44.737837302039416, 41.375107635057908 ], [ 44.737858508207168, 41.374922298058657 ], [ 44.737818055706192, 41.374767647431561 ], [ 44.737307029493266, 41.374287279219004 ], [ 44.737223706315234, 41.374208313571685 ], [ 44.736571057779116, 41.373590025063365 ], [ 44.73595925365764, 41.373334249865124 ], [ 44.735906053703879, 41.373311964487918 ], [ 44.735863379300703, 41.373294113386613 ], [ 44.73573240743854, 41.373239360604536 ], [ 44.735567201535346, 41.373170307749589 ], [ 44.734768915219988, 41.372658374205344 ], [ 44.733744337236168, 41.372315951712785 ], [ 44.732542432261205, 41.372125730887603 ], [ 44.731960155683296, 41.372033562881718 ], [ 44.729888019463402, 41.370665294798179 ], [ 44.727990077508068, 41.369411863869658 ], [ 44.727537401097329, 41.368847773649982 ], [ 44.727527683515355, 41.368835712822644 ], [ 44.727518769196649, 41.368824576279465 ], [ 44.727276002449592, 41.368522060366992 ], [ 44.727259986192813, 41.368502199279412 ], [ 44.727020965061868, 41.368204394583728 ], [ 44.725818770291788, 41.367921621250538 ], [ 44.725717128231693, 41.367767747290223 ], [ 44.725695503513812, 41.367735088059554 ], [ 44.725191734111249, 41.366972064241537 ], [ 44.724559507060938, 41.366391811247595 ], [ 44.724126787191814, 41.366038485516697 ], [ 44.723794753401073, 41.365584784366312 ], [ 44.723529547920471, 41.365106066401836 ], [ 44.723197996481559, 41.364526527702054 ], [ 44.722799034511723, 41.36409779392703 ], [ 44.722332707645428, 41.363794733162081 ], [ 44.721731807620515, 41.363690324275652 ], [ 44.721598473622905, 41.363667167395228 ], [ 44.720261337572353, 41.363011050070057 ], [ 44.719745829639301, 41.362554954258165 ], [ 44.719619254468022, 41.361904923663317 ], [ 44.719193651793766, 41.360604351110098 ], [ 44.718161418768894, 41.3595032085708 ], [ 44.717820106026743, 41.359139048190038 ], [ 44.717698613818698, 41.358549829299506 ], [ 44.717589300932907, 41.358019910533791 ], [ 44.717397788891716, 41.357091290729819 ], [ 44.717323587581767, 41.356778092144694 ], [ 44.717093944497158, 41.355808573246478 ], [ 44.717059017813447, 41.35566098684172 ], [ 44.716992579504101, 41.355143287961937 ], [ 44.716850222032768, 41.354034319004384 ], [ 44.716808765697877, 41.353711111892359 ], [ 44.716208738090643, 41.352864939570836 ], [ 44.714662505930306, 41.351878559565726 ], [ 44.714316977682962, 41.351658185403366 ], [ 44.713882392703084, 41.351383452715787 ], [ 44.713027121382403, 41.350842799525104 ], [ 44.711820331775343, 41.350742321064615 ], [ 44.711691006731591, 41.350765597273011 ], [ 44.710457508980802, 41.350987647450026 ], [ 44.710396435146237, 41.350998618260725 ], [ 44.709618079531502, 41.351516489833465 ], [ 44.709013306581724, 41.351774833685724 ], [ 44.708724922603082, 41.351853056430571 ], [ 44.708538570727633, 41.351903613108874 ], [ 44.707990242673453, 41.352008378579306 ], [ 44.707557257110693, 41.351755649858056 ], [ 44.706956488091741, 41.351678637435995 ], [ 44.705988547644338, 41.351575508028041 ], [ 44.705188174602, 41.35134700769796 ], [ 44.704908357231581, 41.351195321988079 ], [ 44.704721793185399, 41.351094182739978 ], [ 44.704289737365222, 41.350640122587464 ], [ 44.704219757250065, 41.35058504099004 ], [ 44.704201711364426, 41.350570830044084 ], [ 44.704181283087493, 41.350554766398687 ], [ 44.701870103464493, 41.348735197457508 ], [ 44.698862244794022, 41.346550706366372 ], [ 44.69745528779162, 41.345415832001279 ], [ 44.696692018395552, 41.344800084686227 ], [ 44.695106221743472, 41.343520722056653 ], [ 44.692361690193671, 41.341507182161145 ], [ 44.689065334948353, 41.339768757960378 ], [ 44.686132318952225, 41.338861469206599 ], [ 44.683014684772147, 41.338161089479378 ], [ 44.682283746498541, 41.337467283401502 ], [ 44.682289125403678, 41.336360387954812 ], [ 44.682571533530172, 41.334908361148337 ], [ 44.684599495035172, 41.333115144112099 ], [ 44.6861681826027, 41.33138995360774 ], [ 44.687002131841481, 41.329731879598619 ], [ 44.688110039162474, 41.328351258461254 ], [ 44.689950494578625, 41.327318497905878 ], [ 44.690597155526838, 41.326420908325289 ], [ 44.690694220955493, 41.32531425666911 ], [ 44.689783355971109, 41.323858996427269 ], [ 44.687590788773257, 41.321777598646797 ], [ 44.684767402689708, 41.319429425473132 ], [ 44.684730391969609, 41.319398652820531 ], [ 44.683751942683919, 41.318584778425887 ], [ 44.680616496182729, 41.31506662193808 ], [ 44.67996907314685, 41.310863258277216 ], [ 44.67824573866136, 41.306507086956842 ], [ 44.676517450952289, 41.304492481017057 ], [ 44.676244219749165, 41.304174009785385 ], [ 44.674783586063128, 41.303249120917997 ], [ 44.673836327609038, 41.302649317441009 ], [ 44.671020806054386, 41.302135295394763 ], [ 44.667257818865536, 41.303237656838839 ], [ 44.667082094420266, 41.303345196643413 ], [ 44.66705495373008, 41.303361827510571 ], [ 44.666820992740121, 41.303505049276851 ], [ 44.666678099372668, 41.303592506134954 ], [ 44.665899218593658, 41.304069279907893 ], [ 44.664296246026751, 41.305050513571722 ], [ 44.662283784155939, 41.304943470081049 ], [ 44.659460945673082, 41.305845881297344 ], [ 44.657171100723964, 41.307458180068913 ], [ 44.655281596093111, 41.309476439827165 ], [ 44.65486726750936, 41.311701458882098 ], [ 44.654851255139278, 41.314737239844987 ], [ 44.656021402497942, 41.321925524046726 ], [ 44.657139915506029, 41.326303095057099 ], [ 44.657599868410536, 41.328103032649366 ], [ 44.659163835861548, 41.329666952820766 ], [ 44.660137370792881, 41.330640411288229 ], [ 44.660925027309176, 41.334083314368755 ], [ 44.664403191458142, 41.336522162589041 ], [ 44.66793455455467, 41.33918584522889 ], [ 44.669331439969916, 41.340388249579597 ], [ 44.669679061495408, 41.341453505736148 ], [ 44.669690126004248, 41.341487271267212 ], [ 44.669791996128673, 41.341799409589719 ], [ 44.669788575586928, 41.341814037261571 ], [ 44.669756264992607, 41.341951942263854 ], [ 44.669751317192159, 41.341973141160651 ], [ 44.669728167652714, 41.342072069170172 ], [ 44.669313966926737, 41.343842330492627 ], [ 44.667810919328666, 41.345405563397918 ], [ 44.667151086218979, 41.346091843551648 ], [ 44.666228265280978, 41.346483754968823 ] ] ] ] } }
]
}
