{
"type": "FeatureCollection",
"name": "გურჯაანი",
"crs": { "type": "name", "properties": { "name": "urn:ogc:def:crs:OGC:1.3:CRS84" } },
"features": [
{ "type": "Feature", "properties": { "OBJECTID": 5, "NAME_GEO": "გურჯაანი", "NAME_ENG": "Gurjaani", "Location": "Kakheti", "MoreInfo": "https://www.sakpatenti.gov.ge/media/django-summernote/2025-11-18/62fb6aa0-4fbc-4542-9883-7661b1152948.pdf" }, "geometry": { "type": "MultiPolygon", "coordinates": [ [ [ [ 45.717287895052976, 41.893263976622634 ], [ 45.717791801240622, 41.892815717574138 ], [ 45.718872784416462, 41.8918424132589 ], [ 45.719348769079176, 41.89141735327658 ], [ 45.71985725255773, 41.890971259446466 ], [ 45.720092613999043, 41.890768616901092 ], [ 45.720319541424601, 41.890575990952691 ], [ 45.720647535059605, 41.890305077657395 ], [ 45.720997330272247, 41.890026666210694 ], [ 45.721372535657594, 41.889737871395333 ], [ 45.721780406790351, 41.889433100993294 ], [ 45.722142822005125, 41.889168472620483 ], [ 45.722549900593386, 41.888876270687028 ], [ 45.723920066254529, 41.887908248975293 ], [ 45.724430621892829, 41.887544131853694 ], [ 45.724932315644338, 41.887179116376231 ], [ 45.72537819050374, 41.88684559669052 ], [ 45.725614831763266, 41.886664014084566 ], [ 45.725840692680492, 41.886487133107927 ], [ 45.726057076871925, 41.886313935923773 ], [ 45.72626485637425, 41.886143719947007 ], [ 45.726464980655095, 41.885975703735362 ], [ 45.72665776491268, 41.885809615131471 ], [ 45.726843677114957, 41.885645049508533 ], [ 45.727023074144981, 41.885481692105749 ], [ 45.727292665311168, 41.885228432304245 ], [ 45.727569267191804, 41.884960338330814 ], [ 45.727855823104235, 41.884674567855974 ], [ 45.728158085487649, 41.884365388447492 ], [ 45.728399318539772, 41.884113855887328 ], [ 45.728663369978229, 41.883834711883047 ], [ 45.729715184037978, 41.882707135115176 ], [ 45.730174980376155, 41.882220752416721 ], [ 45.730561796916568, 41.881813540528739 ], [ 45.730987907874912, 41.881359632873462 ], [ 45.732498294574746, 41.879732369618019 ], [ 45.733110096078498, 41.879078642061728 ], [ 45.733439345777292, 41.878731146061192 ], [ 45.733749597421024, 41.878407368244524 ], [ 45.734046731271221, 41.878101169090861 ], [ 45.734333786382848, 41.8778094273368 ], [ 45.734721506370576, 41.877412667615474 ], [ 45.735432202805541, 41.876671899917945 ], [ 45.735716365968749, 41.876378243022906 ], [ 45.736011264731587, 41.876079063905458 ], [ 45.736280517946163, 41.875812934902811 ], [ 45.736440738060288, 41.875658459044509 ], [ 45.736596692443428, 41.875511219348141 ], [ 45.73674945418631, 41.87537020649247 ], [ 45.736899736456188, 41.875234762922766 ], [ 45.737048342089807, 41.875104170159361 ], [ 45.737195527735743, 41.874978211299457 ], [ 45.737341690821708, 41.874856546042672 ], [ 45.737487139345518, 41.874738917523345 ], [ 45.737592490859463, 41.87465636207363 ], [ 45.737701573303497, 41.874573615934914 ], [ 45.737931705101722, 41.87440696743721 ], [ 45.738179355926285, 41.874237647941477 ], [ 45.738447851923198, 41.874063377946364 ], [ 45.738739112369451, 41.873882780431863 ], [ 45.739066467548845, 41.873687483197244 ], [ 45.739415600549798, 41.873485114990977 ], [ 45.740404876055877, 41.872919599177266 ], [ 45.740707386909968, 41.872741903562513 ], [ 45.740975106911165, 41.872579935907211 ], [ 45.741278508614762, 41.872388879575368 ], [ 45.741419649050137, 41.872296545090641 ], [ 45.74155477827972, 41.872205670517765 ], [ 45.74168463287868, 41.872115756648483 ], [ 45.741809432775909, 41.87202664536197 ], [ 45.741929523397296, 41.871938089458581 ], [ 45.742045165248207, 41.871849897226674 ], [ 45.742312262545575, 41.871638055387294 ], [ 45.742578581797204, 41.871417655201022 ], [ 45.742844614618974, 41.87118828548514 ], [ 45.743110992099524, 41.870949405352611 ], [ 45.743378132896908, 41.870700653620027 ], [ 45.743647245912499, 41.870440920922853 ], [ 45.743919396346527, 41.870169178976248 ], [ 45.74419612665222, 41.869883889310024 ], [ 45.744451219770838, 41.86961333833159 ], [ 45.744713725879372, 41.86932790362534 ], [ 45.744986334117087, 41.869024668408912 ], [ 45.745274284442402, 41.868697809039304 ], [ 45.745521436548508, 41.868412789130751 ], [ 45.745794003656414, 41.868094751369732 ], [ 45.746723643238873, 41.866997896264657 ], [ 45.747085109345917, 41.866574509410434 ], [ 45.747289685075039, 41.866333727435872 ], [ 45.74749498484087, 41.866086651833754 ], [ 45.747701419752723, 41.865832790854022 ], [ 45.74790951359212, 41.865571499795081 ], [ 45.748119614348603, 41.865302353060855 ], [ 45.748332748919857, 41.86502404246626 ], [ 45.748549829848329, 41.864735375850593 ], [ 45.748772201352516, 41.864434571888715 ], [ 45.749166282493825, 41.86389008728306 ], [ 45.749596343715886, 41.863282090997885 ], [ 45.750017288813424, 41.862677049172405 ], [ 45.751106718353583, 41.861098896825453 ], [ 45.751429625820911, 41.860636809035135 ], [ 45.751722767860748, 41.860222726843354 ], [ 45.752057579810625, 41.85975786177471 ], [ 45.752375901799901, 41.859325394917839 ], [ 45.752683767409977, 41.858917134815748 ], [ 45.75298432472394, 41.858528923191187 ], [ 45.753164960566892, 41.858301874214625 ], [ 45.753352782211564, 41.858071789354007 ], [ 45.753548151772016, 41.857838222162535 ], [ 45.753751549132595, 41.857600599321195 ], [ 45.753963296138224, 41.857358535884984 ], [ 45.754184374486144, 41.857110899510033 ], [ 45.754415694870815, 41.856856669993576 ], [ 45.754658618940482, 41.856594349500817 ], [ 45.755111982418143, 41.856115291423215 ], [ 45.755623421824744, 41.85558728203619 ], [ 45.756141394419963, 41.855061306095912 ], [ 45.757516845274459, 41.853675306453233 ], [ 45.757921685756259, 41.853262101508214 ], [ 45.758281682131823, 41.852889557927114 ], [ 45.758684901864186, 41.852464402608767 ], [ 45.759055055570272, 41.852064545662934 ], [ 45.759399278699036, 41.851682277236762 ], [ 45.759721122289825, 41.851313640800761 ], [ 45.75991124887198, 41.851089821022136 ], [ 45.760094217090455, 41.850869544742388 ], [ 45.760270416618411, 41.850652342863448 ], [ 45.760440150315212, 41.850437842330706 ], [ 45.760603733917705, 41.850225639378039 ], [ 45.760761327663211, 41.850015525813724 ], [ 45.760913120158897, 41.849807248222142 ], [ 45.761059267964029, 41.84960059392877 ], [ 45.761200112176368, 41.849395065319676 ], [ 45.761335550856344, 41.849190797291705 ], [ 45.761465689364911, 41.8489876288441 ], [ 45.761590617689514, 41.848785423395292 ], [ 45.761710424482168, 41.848584033563235 ], [ 45.761825167652056, 41.848383360805478 ], [ 45.761934909828405, 41.848183298441306 ], [ 45.762039702883612, 41.847983747065868 ], [ 45.76206399564964, 41.847933780880602 ], [ 45.762086924624562, 41.847881163125017 ], [ 45.762128851762633, 41.847767596256112 ], [ 45.762165832384177, 41.847642129061569 ], [ 45.762198386534095, 41.847503007168704 ], [ 45.76222601235223, 41.847354428386431 ], [ 45.762251190456745, 41.847185260938822 ], [ 45.76227321776588, 41.847005888050013 ], [ 45.762328318405459, 41.846508173854467 ], [ 45.762348191575931, 41.84635934474754 ], [ 45.762368982649988, 41.846228990635836 ], [ 45.762397665040929, 41.846083342792987 ], [ 45.762430091747987, 41.845953273500442 ], [ 45.762466924121696, 41.845836149274469 ], [ 45.762508568791176, 41.845730710059804 ], [ 45.762537662183021, 41.845669421835098 ], [ 45.762568915462772, 41.845612307433875 ], [ 45.762602401734661, 41.845559233968864 ], [ 45.762638181282099, 41.845510104664911 ], [ 45.762676328821044, 41.845464820849486 ], [ 45.762716887168011, 41.845423336301181 ], [ 45.762759908700893, 41.845385598430106 ], [ 45.762805439893583, 41.845351564592846 ], [ 45.762853606286583, 41.845321155593261 ], [ 45.762904381739325, 41.84529440132426 ], [ 45.762957805736484, 41.845271279003072 ], [ 45.763013920236652, 41.84525177123431 ], [ 45.763072768457135, 41.845235865117381 ], [ 45.763134380399258, 41.845223550541277 ], [ 45.763198794560566, 41.8452148227423 ], [ 45.763266040986956, 41.845209675211279 ], [ 45.763333871772019, 41.845208189533693 ], [ 45.763536556467976, 41.845209456961754 ], [ 45.763635055521299, 41.845204674279437 ], [ 45.763731289194176, 41.845195568891178 ], [ 45.763825305592668, 41.845182135979336 ], [ 45.76391715881379, 41.845164367984118 ], [ 45.764006898126851, 41.845142256476791 ], [ 45.764094590782889, 41.8451157857033 ], [ 45.764180300366725, 41.845084935430229 ], [ 45.764264097647491, 41.845049681773311 ], [ 45.764345935991663, 41.845010054769538 ], [ 45.764426019123583, 41.844965967502297 ], [ 45.764504434397281, 41.844917372558278 ], [ 45.764581276243611, 41.844864209867119 ], [ 45.764656624747381, 41.844806428460501 ], [ 45.764730625551458, 41.844743919289648 ], [ 45.764803406242358, 41.84467657432625 ], [ 45.764875124088086, 41.844604249316667 ], [ 45.76493291686841, 41.844541488578933 ], [ 45.764990230044624, 41.844475181417224 ], [ 45.765047185991911, 41.844405186510606 ], [ 45.765103940218559, 41.844331312779588 ], [ 45.765160594804769, 41.844253434349447 ], [ 45.765217448492159, 41.84417114932684 ], [ 45.765332925111437, 41.843991640396766 ], [ 45.765432453621671, 41.843824592291554 ], [ 45.76553976551893, 41.843633724110283 ], [ 45.76564302700843, 41.843442333408234 ], [ 45.765909621932074, 41.842938682151136 ], [ 45.766062508025172, 41.842662286956084 ], [ 45.766146217942214, 41.84251929645886 ], [ 45.766227070294171, 41.842388005012864 ], [ 45.766306532780327, 41.842266037639902 ], [ 45.766385381455706, 41.842152210171498 ], [ 45.766479917451512, 41.842025293718962 ], [ 45.766575196618319, 41.841907793366595 ], [ 45.766671806595404, 41.841798987346436 ], [ 45.766770155109654, 41.841698419890186 ], [ 45.766870723136165, 41.841605616725353 ], [ 45.766973671733041, 41.841520446171927 ], [ 45.767079253791991, 41.841442700278463 ], [ 45.767187673534522, 41.841372230862532 ], [ 45.767313210681117, 41.84129800462788 ], [ 45.767444286346716, 41.841224740105289 ], [ 45.767581186479504, 41.841152277745323 ], [ 45.767724292836888, 41.841080412321872 ], [ 45.767873848392163, 41.841009016992452 ], [ 45.768030679370362, 41.840937687204523 ], [ 45.768195551234029, 41.840866074648503 ], [ 45.768369658586863, 41.840793659710243 ], [ 45.768668882514341, 41.840675448752812 ], [ 45.769008490872864, 41.840548389428292 ], [ 45.769333616914778, 41.840431301192538 ], [ 45.770083899992869, 41.840165886642623 ], [ 45.770433235056409, 41.840038948831634 ], [ 45.770728117977129, 41.839927253746289 ], [ 45.770993269486297, 41.839821588506403 ], [ 45.771348941071857, 41.83967770225798 ], [ 45.771748218712581, 41.839519860356347 ], [ 45.773009839507175, 41.839031605889609 ], [ 45.773429894326519, 41.838867502662687 ], [ 45.773798999727219, 41.838720581230895 ], [ 45.774133209230719, 41.838584375064073 ], [ 45.774565460795124, 41.838402242067545 ], [ 45.774963697418251, 41.838226811064104 ], [ 45.775152826723769, 41.838140393242412 ], [ 45.775335978665467, 41.838054527047028 ], [ 45.775513665847015, 41.837968971265106 ], [ 45.775686276281689, 41.837883540462862 ], [ 45.776050467659964, 41.837697933617669 ], [ 45.776411587284848, 41.837508271689572 ], [ 45.776769353859393, 41.837314701619576 ], [ 45.777123492137839, 41.837117372112381 ], [ 45.777473726947775, 41.836916437279335 ], [ 45.777819802306283, 41.83671204389934 ], [ 45.778161462292744, 41.836504343256948 ], [ 45.778498458220135, 41.836293486590243 ], [ 45.778830488890705, 41.836079664225124 ], [ 45.779157384635425, 41.835862987238691 ], [ 45.779478918445399, 41.8356436049271 ], [ 45.779794877759372, 41.835421665589557 ], [ 45.780105042819649, 41.835197319377116 ], [ 45.78040922507698, 41.834970707223434 ], [ 45.780707229989332, 41.834741971905345 ], [ 45.780998877417538, 41.834511251599416 ], [ 45.78112616041502, 41.834407505477294 ], [ 45.781254003041916, 41.834300294980551 ], [ 45.781382671136342, 41.83418939763127 ], [ 45.781512503147418, 41.834074521103517 ], [ 45.781643719549109, 41.833955476550635 ], [ 45.781776996969121, 41.833831655904298 ], [ 45.782052424655383, 41.833567171292259 ], [ 45.782293763173193, 41.833327033098357 ], [ 45.78255787038669, 41.83305707434868 ], [ 45.782813098372323, 41.832791164627182 ], [ 45.783457545486776, 41.832113743740493 ], [ 45.783812935818467, 41.831747359954235 ], [ 45.784002628408338, 41.831556667719639 ], [ 45.784182689439731, 41.831379708802963 ], [ 45.784356421394122, 41.831213239852879 ], [ 45.784525557619737, 41.83105560531137 ], [ 45.784705256832673, 41.830892933783701 ], [ 45.784896076142864, 41.830724802595022 ], [ 45.785099927614581, 41.83054952154658 ], [ 45.785320586461488, 41.830363840308159 ], [ 45.785743931983767, 41.830015946125755 ], [ 45.786522243354085, 41.829387767301078 ], [ 45.786824513504214, 41.82914184314393 ], [ 45.787129099603852, 41.828889733528122 ], [ 45.787399032312173, 41.828660783974669 ], [ 45.7876924927522, 41.828403657552798 ], [ 45.78796016142114, 41.828159218716998 ], [ 45.788086008985665, 41.82804022246934 ], [ 45.78820695582921, 41.827922970111885 ], [ 45.788323319764189, 41.827807155948328 ], [ 45.7884353363538, 41.82769254329704 ], [ 45.788638190219309, 41.82747973214304 ], [ 45.788838222158766, 41.827265324177972 ], [ 45.789035343039437, 41.827049414600516 ], [ 45.789229468525683, 41.826832096775476 ], [ 45.789420514295578, 41.826613464968553 ], [ 45.789608403176864, 41.826393607091859 ], [ 45.789793059226, 41.826172612850655 ], [ 45.789974410080852, 41.825950569223757 ], [ 45.790152362051508, 41.825727591258122 ], [ 45.790326871290922, 41.825503734212852 ], [ 45.790497872656999, 41.82527908411685 ], [ 45.790665304533263, 41.82505371976935 ], [ 45.79082910416755, 41.82482772538156 ], [ 45.790989218320227, 41.82460117519166 ], [ 45.791145593797602, 41.824374147040217 ], [ 45.791298177352267, 41.824146714264657 ], [ 45.791446782332343, 41.823919166385274 ], [ 45.791591509347924, 41.823691358614454 ], [ 45.79173231233576, 41.823463360637028 ], [ 45.791869152424816, 41.823235239385951 ], [ 45.792001987144218, 41.823007062719569 ], [ 45.792130781181861, 41.82277889304244 ], [ 45.792255499215422, 41.822550791858333 ], [ 45.792376109524547, 41.822322819745168 ], [ 45.792492567423203, 41.82209505988714 ], [ 45.792604857693561, 41.821867543925855 ], [ 45.792712952196254, 41.821640329711521 ], [ 45.792816826337884, 41.821413469665423 ], [ 45.792916454354945, 41.821187018918607 ], [ 45.793011815222634, 41.82096102626425 ], [ 45.793102886723638, 41.820735541404055 ], [ 45.793189652616526, 41.820510610395324 ], [ 45.79324545300107, 41.820357022986258 ], [ 45.793298594407268, 41.820199621494467 ], [ 45.793349180263824, 41.820038102578671 ], [ 45.793397333331946, 41.819872070893759 ], [ 45.793443138241599, 41.819701261056288 ], [ 45.793486811640129, 41.819524885273623 ], [ 45.793528532501078, 41.819342225365617 ], [ 45.793568544195359, 41.819152220446291 ], [ 45.793635205318012, 41.81879851912776 ], [ 45.793700122813718, 41.818404298045934 ], [ 45.793758893196483, 41.818006294169209 ], [ 45.79390753329357, 41.816942430716246 ], [ 45.793956176210109, 41.816624807197471 ], [ 45.794003881432559, 41.816340282224736 ], [ 45.794064318819387, 41.816017671063122 ], [ 45.794128161406107, 41.815717645331219 ], [ 45.794196645224524, 41.815434416778373 ], [ 45.794270485496646, 41.815165067634304 ], [ 45.794392881346489, 41.814761641556572 ], [ 45.794526760489582, 41.814351701391914 ], [ 45.79467239181929, 41.813934424713736 ], [ 45.794830147150428, 41.813508746093639 ], [ 45.795000265552858, 41.813073966694432 ], [ 45.795183573720728, 41.8126279380037 ], [ 45.795380864759117, 41.812168720690707 ], [ 45.795593379799044, 41.811693421185531 ], [ 45.795790296545434, 41.811267451844159 ], [ 45.796001491920343, 41.810823049714557 ], [ 45.79622920629857, 41.810355484089676 ], [ 45.796478035354397, 41.809855316227697 ], [ 45.796695843823564, 41.809424502375272 ], [ 45.796941416106435, 41.808944406223326 ], [ 45.797962732953927, 41.80696646392002 ], [ 45.798363773751355, 41.806176341495075 ], [ 45.798449635913563, 41.806008149301178 ], [ 45.798541730589555, 41.805833530540838 ], [ 45.79864087501155, 41.805650928532948 ], [ 45.798748629610174, 41.805457468222102 ], [ 45.79897591147828, 41.805061270278479 ], [ 45.799438403219938, 41.8042738931766 ], [ 45.799630528784753, 41.80394234040795 ], [ 45.799826691353452, 41.803593585780604 ], [ 45.799995782630781, 41.803279354455967 ], [ 45.800091549756615, 41.803093363745944 ], [ 45.80018040324908, 41.802913956501904 ], [ 45.800262973703283, 41.802739854774657 ], [ 45.800339659993746, 41.802570217258534 ], [ 45.800410875465793, 41.80240410887356 ], [ 45.800476735790902, 41.802241244206613 ], [ 45.800537424350871, 41.80208116894309 ], [ 45.800593070489754, 41.801923536325688 ], [ 45.800622182014223, 41.801834032018171 ], [ 45.800649524285092, 41.801742135196697 ], [ 45.800699138805633, 41.801550340931755 ], [ 45.800742430216125, 41.801346198149567 ], [ 45.800780230021033, 41.801125815491012 ], [ 45.800807693686444, 41.800930117072724 ], [ 45.80083339120484, 41.800711205809577 ], [ 45.800904377387575, 41.799973351692017 ], [ 45.800934552646872, 41.799696400321793 ], [ 45.800972047888585, 41.799421720766425 ], [ 45.800992745111344, 41.799296249266234 ], [ 45.801015061327654, 41.799176683092448 ], [ 45.80104322391675, 41.799044083713348 ], [ 45.801074013895125, 41.798917176366899 ], [ 45.801107619173159, 41.798795199559919 ], [ 45.801144177843547, 41.798677644338824 ], [ 45.801183874342655, 41.798563953689957 ], [ 45.801226777382297, 41.798453943390591 ], [ 45.801272995484865, 41.798347339771787 ], [ 45.801322622277773, 41.798243929614117 ], [ 45.801402638818537, 41.798093071716082 ], [ 45.801491223755107, 41.797940951556924 ], [ 45.801588553794133, 41.797787266153129 ], [ 45.801694879112645, 41.79763162013554 ], [ 45.801810357767124, 41.797473760183109 ], [ 45.801935558689969, 41.797312888789769 ], [ 45.802071033801781, 41.797148293228027 ], [ 45.802217661566509, 41.796978904514006 ], [ 45.80234890606976, 41.796833446273077 ], [ 45.802489778096941, 41.796682507484398 ], [ 45.802641722986934, 41.796524535133614 ], [ 45.802807688538422, 41.796356462446091 ], [ 45.803120063999756, 41.79604883646978 ], [ 45.803859626224749, 41.795333932470804 ], [ 45.804046263684292, 41.795149694559612 ], [ 45.804211774052554, 41.794982755168554 ], [ 45.80440990137631, 41.794783205569757 ], [ 45.804615496827765, 41.794581621800063 ], [ 45.804828993101538, 41.794377578364674 ], [ 45.805050962176637, 41.794170528095449 ], [ 45.805281772632739, 41.793960117991318 ], [ 45.805522630889314, 41.793745238897159 ], [ 45.805774647292282, 41.793524897607249 ], [ 45.806039524124373, 41.79329760587401 ], [ 45.806504562163454, 41.792907309472454 ], [ 45.807029200877253, 41.792477109863206 ], [ 45.80754246157089, 41.792063025497256 ], [ 45.80882591217236, 41.79103530285871 ], [ 45.809184347643935, 41.790745290240906 ], [ 45.809505134730443, 41.790482896642267 ], [ 45.809852865620314, 41.790194378641921 ], [ 45.810175453059124, 41.789921896251201 ], [ 45.81047863382296, 41.789660602228707 ], [ 45.810765359636882, 41.789407945859352 ], [ 45.811179264829981, 41.78904159471557 ], [ 45.811641457269729, 41.788637724042104 ], [ 45.813433320362989, 41.787091529219182 ], [ 45.813832159887248, 41.786744980396982 ], [ 45.814188241657511, 41.786432863074019 ], [ 45.81459370658785, 41.786073208222831 ], [ 45.814968686944184, 41.785735439698549 ], [ 45.815320532014347, 41.785412934207208 ], [ 45.815652907466166, 41.785102326176961 ], [ 45.816032153869962, 41.784739525198113 ], [ 45.816390287703499, 41.784387205710289 ], [ 45.816729685410266, 41.784043029937692 ], [ 45.817051885936621, 41.783705432510132 ], [ 45.81735854015443, 41.783372665295822 ], [ 45.817650141841092, 41.78304416647704 ], [ 45.817927460058876, 41.78271906963289 ], [ 45.818060945706911, 41.782557583681829 ], [ 45.81819106896198, 41.782396703366018 ], [ 45.819257244822218, 41.781076619483471 ], [ 45.819538732167679, 41.780721405866757 ], [ 45.819786787794186, 41.780401324681002 ], [ 45.820043969124896, 41.780059594550679 ], [ 45.820277528333435, 41.779737542365304 ], [ 45.820491423761339, 41.77942969982707 ], [ 45.820687605381025, 41.779133251067478 ], [ 45.820786780738061, 41.778976993201738 ], [ 45.820881367201771, 41.778823170179976 ], [ 45.82097150395456, 41.778671558548261 ], [ 45.821057297003136, 41.778521975620002 ], [ 45.821138859432615, 41.778374227848808 ], [ 45.821216247652835, 41.778228206757589 ], [ 45.821289529873852, 41.778083785770434 ], [ 45.821358758926991, 41.777940859136706 ], [ 45.82142404848301, 41.777799185566451 ], [ 45.821485364403934, 41.777658822054107 ], [ 45.821542744220764, 41.777519689977531 ], [ 45.821596214726931, 41.777381717996441 ], [ 45.821645805098271, 41.777244832951638 ], [ 45.821691532765584, 41.777108984284823 ], [ 45.821733417519376, 41.776974117817602 ], [ 45.821771471999469, 41.776840184826433 ], [ 45.821797865103555, 41.776737698211541 ], [ 45.821821906446672, 41.776633852156181 ], [ 45.821843607426388, 41.776528596141475 ], [ 45.821862980540097, 41.776421871534303 ], [ 45.821880034779362, 41.7763136278327 ], [ 45.821894784760794, 41.776203783870841 ], [ 45.821907239165895, 41.77609226482992 ], [ 45.821917408898727, 41.775978981464185 ], [ 45.821930914283314, 41.775747077483423 ], [ 45.821935391943384, 41.775506806708613 ], [ 45.821930866929513, 41.775257013373114 ], [ 45.821917310796998, 41.774995932322426 ], [ 45.82189987344632, 41.774777279984434 ], [ 45.821876425839228, 41.774548048776339 ], [ 45.821846729424372, 41.774305851765263 ], [ 45.821810210358755, 41.774045976126864 ], [ 45.821774898606186, 41.773817314309127 ], [ 45.821732899052812, 41.773562301030438 ], [ 45.821583660010155, 41.772705674648535 ], [ 45.821529244370616, 41.772382804534011 ], [ 45.821479028101955, 41.772061798502747 ], [ 45.82143867194582, 41.771772730726127 ], [ 45.821402611816438, 41.771467092794801 ], [ 45.82137645769788, 41.771180792127545 ], [ 45.821359781608656, 41.770909058125241 ], [ 45.821352434550178, 41.770649369921152 ], [ 45.821329292031493, 41.769206713540463 ], [ 45.82132382667843, 41.768642061624014 ], [ 45.821323833461072, 41.768331905374403 ], [ 45.821326462148605, 41.768042430984018 ], [ 45.821331766498311, 41.767768046571099 ], [ 45.821339801969444, 41.767505934374007 ], [ 45.821352013950488, 41.767226518819406 ], [ 45.821367766647192, 41.766957583617739 ], [ 45.821387149960778, 41.766697596948454 ], [ 45.821410243269938, 41.766445522446574 ], [ 45.821437157135321, 41.766200221745223 ], [ 45.821467942030857, 41.765961316190698 ], [ 45.821502668874679, 41.765728237837017 ], [ 45.821541405450745, 41.765500550261201 ], [ 45.821587196276056, 41.765265589559554 ], [ 45.821639715917101, 41.765029349461052 ], [ 45.821698988098802, 41.764791715398722 ], [ 45.821765047152475, 41.764552555615325 ], [ 45.821837923971053, 41.764311751887305 ], [ 45.821917670327849, 41.764069125493968 ], [ 45.822004344122909, 41.763824506676343 ], [ 45.822098013780483, 41.763577702180662 ], [ 45.82219859839519, 41.763328883700432 ], [ 45.82230633417683, 41.763077431651077 ], [ 45.822421334350786, 41.762823082199283 ], [ 45.822543742710295, 41.762565516348758 ], [ 45.822673679777985, 41.762304477415647 ], [ 45.822811393938942, 41.762039453802672 ], [ 45.822957132836123, 41.761769970843517 ], [ 45.823111220721913, 41.761495430825725 ], [ 45.823239481893474, 41.761273874318604 ], [ 45.823373475605045, 41.761048276597656 ], [ 45.823513493860894, 41.760818149174817 ], [ 45.82365992295906, 41.76058285246777 ], [ 45.823813009062953, 41.76034198387773 ], [ 45.823973585564474, 41.760094216082784 ], [ 45.824142427400623, 41.759838356377443 ], [ 45.82432073686887, 41.759572581200025 ], [ 45.82462852446799, 41.759122491581415 ], [ 45.824977719205172, 41.758621743286383 ], [ 45.825314681243789, 41.758144957370448 ], [ 45.826119636788405, 41.757012927056195 ], [ 45.826519210473798, 41.756444938727789 ], [ 45.826890130613926, 41.755907765294218 ], [ 45.827218737579607, 41.755419675999605 ], [ 45.827513821482292, 41.754967870283231 ], [ 45.827784561887974, 41.754538544878237 ], [ 45.827911991968378, 41.754330431801137 ], [ 45.828034462911013, 41.754126138135959 ], [ 45.828152218550038, 41.753925257729357 ], [ 45.828265447226272, 41.753727465888872 ], [ 45.82861464483743, 41.753113998622425 ], [ 45.829007943297604, 41.752430926088344 ], [ 45.830268248238873, 41.750264641978774 ], [ 45.830698475264853, 41.749521490356912 ], [ 45.831088727461356, 41.748840594055402 ], [ 45.831439313146241, 41.748220776760881 ], [ 45.831664452134305, 41.747817497470891 ], [ 45.83187857691712, 41.74742935799501 ], [ 45.832083228518187, 41.747053564988164 ], [ 45.832279402312501, 41.746688291887224 ], [ 45.832468178838766, 41.746331512449089 ], [ 45.832649877503009, 41.745982613724905 ], [ 45.832825006638089, 41.745640620213855 ], [ 45.832993945261464, 41.745304788827028 ], [ 45.833178196415346, 41.744925384856295 ], [ 45.833362349283917, 41.744526641538286 ], [ 45.833548259447227, 41.744104564331522 ], [ 45.833739371055536, 41.743651345315591 ], [ 45.83390542920187, 41.743243300264858 ], [ 45.834085571688867, 41.742788330913548 ], [ 45.834694624685341, 41.741208890863817 ], [ 45.83493658304215, 41.740592439922679 ], [ 45.835066936210396, 41.740268882005992 ], [ 45.835191495508305, 41.739966778302787 ], [ 45.835312559232456, 41.739680560231861 ], [ 45.835431342250537, 41.739407362863759 ], [ 45.835572707581463, 41.739092549273423 ], [ 45.835713311992066, 41.738790847969256 ], [ 45.835854064675353, 41.738500309538694 ], [ 45.835995592295639, 41.738219641426625 ], [ 45.836138620910532, 41.737947427856504 ], [ 45.836283399625842, 41.737683216662241 ], [ 45.836430305541775, 41.737426318761955 ], [ 45.836579642076714, 41.737176205932201 ], [ 45.836768253918081, 41.736873370097946 ], [ 45.83696702127606, 41.736566432949232 ], [ 45.837176364799952, 41.736254742866187 ], [ 45.83739685169855, 41.735937453504889 ], [ 45.837628842703488, 41.735614025355403 ], [ 45.837873565603445, 41.735282722757496 ], [ 45.838132171101464, 41.734941989837296 ], [ 45.8384064427486, 41.734589469871231 ], [ 45.838636598437667, 41.734299583285839 ], [ 45.838879972527636, 41.733998005044953 ], [ 45.839138978654859, 41.733681734326176 ], [ 45.83941835920745, 41.733344978216969 ], [ 45.839955826660336, 41.732706304547484 ], [ 45.841340543926997, 41.731076317385316 ], [ 45.84173635282297, 41.730603676634779 ], [ 45.842087971363775, 41.730177315573734 ], [ 45.842348404586673, 41.729855753426548 ], [ 45.842617459666307, 41.729517704121612 ], [ 45.842897909156356, 41.729159689477527 ], [ 45.843195127681248, 41.728774851682452 ], [ 45.843744331776506, 41.728052619611908 ], [ 45.845089401327336, 41.726265231820257 ], [ 45.845466230658978, 41.725771320533347 ], [ 45.845809128630883, 41.725328257199237 ], [ 45.846184105321754, 41.724852590880865 ], [ 45.846541268019166, 41.724409690471191 ], [ 45.846886814327974, 41.72399187884313 ], [ 45.847224051589478, 41.723595165942903 ], [ 45.847438898752024, 41.723348454629196 ], [ 45.847651887718982, 41.723108673981862 ], [ 45.84786347590245, 41.722875310841168 ], [ 45.848074028390648, 41.722647963511257 ], [ 45.848283944767168, 41.722426203017903 ], [ 45.848493430263666, 41.722209815284621 ], [ 45.848702737550994, 41.721998537245327 ], [ 45.848912082667638, 41.721792154740363 ], [ 45.849121972536217, 41.72159017584508 ], [ 45.84933227201531, 41.721392742965499 ], [ 45.849543145018941, 41.721199701769059 ], [ 45.849754734139864, 41.721010922398442 ], [ 45.849967193905691, 41.720826268602153 ], [ 45.850180624173568, 41.720645652269006 ], [ 45.850395141497415, 41.720468975255805 ], [ 45.850610849396013, 41.720296153926135 ], [ 45.850874707267266, 41.720082268548509 ], [ 45.851165742181095, 41.71983582092669 ], [ 45.851457983453081, 41.719580658363412 ], [ 45.852257439249733, 41.718872778783229 ], [ 45.852502694740586, 41.718660840715259 ], [ 45.852725314090598, 41.718473452038474 ], [ 45.852980376343289, 41.718266249000763 ], [ 45.853222389784825, 41.718078488409695 ], [ 45.853455807609095, 41.717906721821031 ], [ 45.853570027080778, 41.717826296615172 ], [ 45.853682911307729, 41.717749280455287 ], [ 45.853818448483992, 41.717660166999146 ], [ 45.853952606384993, 41.717575682420183 ], [ 45.854085639015501, 41.717495669014419 ], [ 45.854217751523187, 41.71742000186493 ], [ 45.854349163501581, 41.717348557747854 ], [ 45.854479989586274, 41.717281276367132 ], [ 45.854610369487304, 41.717218084629771 ], [ 45.854740421503578, 41.717158926714731 ], [ 45.854870426573349, 41.717103682541463 ], [ 45.855000307101776, 41.717052391417702 ], [ 45.855130151633034, 41.717005020259712 ], [ 45.855260037940305, 41.716961539666492 ], [ 45.855390048628315, 41.716921922001994 ], [ 45.855520238810101, 41.716886151543598 ], [ 45.855650669608686, 41.716854212523707 ], [ 45.855781393744678, 41.716826090137673 ], [ 45.855975443142363, 41.716790190322037 ], [ 45.856176826924923, 41.716758754340916 ], [ 45.856385366380238, 41.716731810508676 ], [ 45.856600843133201, 41.71670938743523 ], [ 45.856823067577096, 41.716691507211422 ], [ 45.857051710722182, 41.716678196570754 ], [ 45.857286456696649, 41.716669474044032 ], [ 45.85752692828094, 41.716665355018684 ], [ 45.857773565715448, 41.716665855086987 ], [ 45.858025044594903, 41.716670996708359 ], [ 45.858280810615554, 41.716680766877801 ], [ 45.858540192723382, 41.716695141758031 ], [ 45.858802624404895, 41.716714094033883 ], [ 45.859067051681087, 41.716737551401785 ], [ 45.859332504544852, 41.716765428329822 ], [ 45.859597822575303, 41.716797603790823 ], [ 45.859694530835064, 41.716811285188008 ], [ 45.859792941740565, 41.716827519856707 ], [ 45.859893258902687, 41.716846340495401 ], [ 45.859995753510603, 41.71686779911137 ], [ 45.860100594270492, 41.716891925059734 ], [ 45.860208341856243, 41.716918842936785 ], [ 45.860319499271064, 41.716948679569718 ], [ 45.860434833821287, 41.716981639065899 ], [ 45.860631131207796, 41.717041767853935 ], [ 45.860849077053835, 41.717113234255457 ], [ 45.861056965286743, 41.717184541426562 ], [ 45.861550949876417, 41.717357458662605 ], [ 45.861799969604554, 41.717441503612896 ], [ 45.862038855426739, 41.717516883659471 ], [ 45.862255106737493, 41.717578708199845 ], [ 45.862362964571652, 41.717606705862302 ], [ 45.862467442313879, 41.717631757386251 ], [ 45.862569058543833, 41.717653987688202 ], [ 45.862668174940325, 41.717673475123412 ], [ 45.862765192814791, 41.717690295046111 ], [ 45.862860261531516, 41.717704470658916 ], [ 45.862953594283994, 41.717716033691495 ], [ 45.863045354826269, 41.717725004535048 ], [ 45.863203265260331, 41.717736033679977 ], [ 45.863363179519808, 41.717742644933786 ], [ 45.863525144487937, 41.717744840637934 ], [ 45.863689213033226, 41.717742621287115 ], [ 45.863855432013139, 41.717735987420866 ], [ 45.864023874668774, 41.717724934876344 ], [ 45.864194609444141, 41.717709460426974 ], [ 45.864367716742237, 41.717689556252175 ], [ 45.86454312577397, 41.717665235483636 ], [ 45.864721092171933, 41.717636469166131 ], [ 45.864901723849485, 41.717603239362234 ], [ 45.865085153888714, 41.717565522540006 ], [ 45.865271490127284, 41.717523295356536 ], [ 45.865460942308005, 41.717476513885032 ], [ 45.865653704472322, 41.717425128911231 ], [ 45.865850017356962, 41.717369077356906 ], [ 45.866035873309038, 41.717312735893501 ], [ 45.866225308073851, 41.717252212225048 ], [ 45.866418631646994, 41.717187408522342 ], [ 45.866616258051771, 41.717118185637574 ], [ 45.866818444531042, 41.717044456942226 ], [ 45.867026047655536, 41.71696591691682 ], [ 45.867239835217696, 41.716882274215529 ], [ 45.867460970723762, 41.716793075074762 ], [ 45.867870240117362, 41.71662174216668 ], [ 45.868322882858713, 41.716424697441084 ], [ 45.868692849554733, 41.716259492421699 ], [ 45.869575437492941, 41.715859828111149 ], [ 45.869965695177292, 41.715685235967705 ], [ 45.870147686504147, 41.715603066137454 ], [ 45.870331624527722, 41.71551677768749 ], [ 45.870517909381093, 41.715426182933676 ], [ 45.870707060515848, 41.715331028434633 ], [ 45.870899406347021, 41.715231157667418 ], [ 45.871096015262424, 41.715126019394859 ], [ 45.871297845623388, 41.71501510553923 ], [ 45.87150634950293, 41.714897616047004 ], [ 45.871821278942498, 41.714715232193498 ], [ 45.872164519981773, 41.71451091222184 ], [ 45.872543131766228, 41.714280735571613 ], [ 45.873657189121154, 41.713596376764343 ], [ 45.874012197911213, 41.713383207885947 ], [ 45.874332887946522, 41.713195433065188 ], [ 45.875277160448007, 41.712652434275476 ], [ 45.876333721624825, 41.712048483931575 ], [ 45.879666846571432, 41.710153489401122 ], [ 45.880782362876204, 41.709517693355004 ], [ 45.881768571561793, 41.708952837046077 ], [ 45.88266480891032, 41.708436302314965 ], [ 45.883827331869163, 41.707760319918606 ], [ 45.884906583924824, 41.707125171568897 ], [ 45.885924330466977, 41.70651804688405 ], [ 45.88689139448195, 41.70593248070589 ], [ 45.887425675638156, 41.705604862115777 ], [ 45.88794717762184, 41.70528198199159 ], [ 45.888456876788275, 41.704963235794288 ], [ 45.888955550363839, 41.704648137595164 ], [ 45.889444026683393, 41.704336162322839 ], [ 45.889922743217923, 41.704027031105149 ], [ 45.89039222073508, 41.703720405869078 ], [ 45.890852895401231, 41.703416003228625 ], [ 45.891305742722544, 41.703113170821659 ], [ 45.891750510287515, 41.702812071024148 ], [ 45.892187513795321, 41.702512490714795 ], [ 45.892617027220219, 41.702214242309715 ], [ 45.893039337557532, 41.701917124607533 ], [ 45.89345463539874, 41.701621005604146 ], [ 45.893863126713143, 41.701325736058436 ], [ 45.894264997257281, 41.701031183095004 ], [ 45.894870075274092, 41.700586865835959 ], [ 45.895547872529058, 41.700093611036195 ], [ 45.897990497139588, 41.698331006251678 ], [ 45.898976704445218, 41.697614921776953 ], [ 45.899498244856183, 41.697232738791961 ], [ 45.899984264921287, 41.696873602249973 ], [ 45.900443732166622, 41.69653088342924 ], [ 45.900881201442907, 41.696201182821987 ], [ 45.901398161344233, 41.695806628918817 ], [ 45.901891053443336, 41.69542470115816 ], [ 45.90236313828072, 41.695052872098763 ], [ 45.902816538125073, 41.694689468934364 ], [ 45.903253567119989, 41.694332626358168 ], [ 45.903674912193516, 41.693981768110604 ], [ 45.904081666557325, 41.693635985062166 ], [ 45.904474648771874, 41.693294581888516 ], [ 45.904893873221368, 41.692921552439465 ], [ 45.905297904380078, 41.692552440298414 ], [ 45.905687399839984, 41.692186641476262 ], [ 45.90606287822142, 41.691823670156175 ], [ 45.906424886309829, 41.691462994351305 ], [ 45.906773705161577, 41.69110432915069 ], [ 45.907109672668568, 41.690747330641003 ], [ 45.907433060129925, 41.690391705865693 ], [ 45.90774446157544, 41.690036784619593 ], [ 45.907895594761563, 41.689859662846018 ], [ 45.908043713674566, 41.6896827295161 ], [ 45.908188844380973, 41.689505956513727 ], [ 45.908331005788391, 41.689329319381777 ], [ 45.908470215602534, 41.689152793672264 ], [ 45.908606495158423, 41.688976356709652 ], [ 45.908739869205007, 41.688799972280513 ], [ 45.908870344886736, 41.688623634033519 ], [ 45.908997937530046, 41.68844731933968 ], [ 45.909122658920026, 41.688271010101289 ], [ 45.909244525621986, 41.68809468638112 ], [ 45.909363549433081, 41.687918330981518 ], [ 45.909479739734614, 41.687741925822941 ], [ 45.909593110751565, 41.687565455489455 ], [ 45.909814235903468, 41.687219761862501 ], [ 45.910329882333563, 41.686422861840619 ], [ 45.910561384686659, 41.686061986942363 ], [ 45.910802495856828, 41.685679139320342 ], [ 45.911013927110481, 41.685334196556795 ], [ 45.91123538584641, 41.684959564169844 ], [ 45.911434308351538, 41.684606979142302 ], [ 45.911526503148167, 41.684436860803274 ], [ 45.911614142542895, 41.684270323689368 ], [ 45.911697437153244, 41.684106963526034 ], [ 45.911776547253744, 41.683946470110172 ], [ 45.911857938209046, 41.683774967258351 ], [ 45.911934678465066, 41.683606244791207 ], [ 45.912006882280544, 41.683440052316577 ], [ 45.912074636927827, 41.683276185591659 ], [ 45.9121380319012, 41.683114427745309 ], [ 45.912197111225289, 41.682954660443293 ], [ 45.91225192941738, 41.682796742749858 ], [ 45.912302525680524, 41.682640555467117 ], [ 45.912348981567654, 41.682485830444435 ], [ 45.912391271623115, 41.682332634540984 ], [ 45.912429421062463, 41.682180879292311 ], [ 45.912463448044797, 41.682030487097904 ], [ 45.912493370664691, 41.681881375853791 ], [ 45.912519201416394, 41.6817334923225 ], [ 45.912540947873545, 41.681586775198845 ], [ 45.912558621327719, 41.681441171254015 ], [ 45.912579971498815, 41.681289208863618 ], [ 45.912614433255357, 41.681110205906691 ], [ 45.912655474996605, 41.680928376513059 ], [ 45.91277513238191, 41.680429626246294 ], [ 45.912807171236174, 41.680282431885502 ], [ 45.912832502750227, 41.680151597127718 ], [ 45.912855152436322, 41.680010980405058 ], [ 45.912870351265354, 41.679882649911939 ], [ 45.912878347045869, 41.679764498739004 ], [ 45.91287919977821, 41.679655498708762 ], [ 45.912876164615753, 41.679592401500322 ], [ 45.912870401161705, 41.679532377546998 ], [ 45.912861900738335, 41.679475322435756 ], [ 45.912850651419717, 41.679421156998856 ], [ 45.912836635221872, 41.679369798513697 ], [ 45.912819838400466, 41.679321209258873 ], [ 45.912800244680689, 41.679275342525933 ], [ 45.912777840304301, 41.679232159692546 ], [ 45.912752573686554, 41.679191581004119 ], [ 45.912724456061383, 41.679153636092842 ], [ 45.912693469054361, 41.679118299882894 ], [ 45.912659595606343, 41.679085555394103 ], [ 45.912622818632059, 41.679055383844826 ], [ 45.912583122361475, 41.679027774549127 ], [ 45.912540492225219, 41.67900271681124 ], [ 45.912494911263366, 41.678980200854866 ], [ 45.912435247819111, 41.678956543809441 ], [ 45.912367455947212, 41.67893580919705 ], [ 45.91229082482446, 41.678917772065795 ], [ 45.912203895840094, 41.678902087296954 ], [ 45.912121316468109, 41.678890428313665 ], [ 45.912026315607505, 41.678879627140709 ], [ 45.911666167445325, 41.67884749503375 ], [ 45.911518797040259, 41.678831638889584 ], [ 45.911442422162615, 41.678821263248508 ], [ 45.911372670123306, 41.678809902807721 ], [ 45.911308286133817, 41.678797352261107 ], [ 45.911248654515148, 41.678783487698809 ], [ 45.911166429781886, 41.678761345526262 ], [ 45.911083839243837, 41.678736518494155 ], [ 45.911000707923691, 41.678708951244325 ], [ 45.91091681136308, 41.678678572597647 ], [ 45.910832004694861, 41.678645332360375 ], [ 45.910745841027662, 41.678609062037481 ], [ 45.910657921549394, 41.678569594552968 ], [ 45.910567653821658, 41.678526663484782 ], [ 45.910412952693939, 41.678448027289157 ], [ 45.910243471080065, 41.678355853278553 ], [ 45.9100804744185, 41.678263025090679 ], [ 45.909672257816545, 41.678025612307167 ], [ 45.909449199320981, 41.677901558331364 ], [ 45.909331205102689, 41.677839710233108 ], [ 45.909219160620296, 41.677784100955847 ], [ 45.909111057457302, 41.677733734013366 ], [ 45.909005835062054, 41.677688120616857 ], [ 45.908799013101984, 41.677605613423864 ], [ 45.90856397124211, 41.677518881281401 ], [ 45.908338207191584, 41.677440088891629 ], [ 45.907812264910518, 41.677261325091671 ], [ 45.907562670853586, 41.677172897225773 ], [ 45.907343899619732, 41.677090130487144 ], [ 45.907148821529532, 41.677010087388986 ], [ 45.906932076185115, 41.676912977267534 ], [ 45.906716551783816, 41.676808140767342 ], [ 45.906501800810041, 41.67669535895061 ], [ 45.906287252100775, 41.676574333688507 ], [ 45.906072535412584, 41.676444872447647 ], [ 45.905856537559899, 41.676306319280741 ], [ 45.905638280358161, 41.67615804869277 ], [ 45.905416330264018, 41.675999088394462 ], [ 45.905229179283047, 41.675858998941173 ], [ 45.905036735117037, 41.675709595243504 ], [ 45.90483705342205, 41.675549373093553 ], [ 45.904626417674891, 41.675375355154664 ], [ 45.904439525342603, 41.675217361752644 ], [ 45.904233333433048, 41.67504001332901 ], [ 45.903522924492208, 41.674418958686552 ], [ 45.903242703279879, 41.674176638929595 ], [ 45.902953816849866, 41.673932624777215 ], [ 45.902689869658111, 41.673716960944013 ], [ 45.902538523120626, 41.673597113763336 ], [ 45.902391073922345, 41.673483347962353 ], [ 45.902246574801893, 41.673374936017822 ], [ 45.902104388313852, 41.67327139836555 ], [ 45.90196379844167, 41.673172220026373 ], [ 45.901824568653545, 41.67307724073558 ], [ 45.901686338705353, 41.67298621563085 ], [ 45.901548828452938, 41.672898957765597 ], [ 45.90139926315647, 41.672807469098871 ], [ 45.901244480721473, 41.672715963502299 ], [ 45.901084158966377, 41.672624250729932 ], [ 45.900917872859196, 41.672532087297164 ], [ 45.900745348713706, 41.672439314096763 ], [ 45.900565693248026, 41.672345447215953 ], [ 45.900378088442629, 41.67225005798916 ], [ 45.900181282117231, 41.672152509478714 ], [ 45.899835250666534, 41.671986173119777 ], [ 45.899445783881973, 41.671804963639879 ], [ 45.899064706878811, 41.67163170527698 ], [ 45.898110928357234, 41.671202707783117 ], [ 45.897604663365797, 41.670969833207522 ], [ 45.897344313497804, 41.670846589854762 ], [ 45.897102666438414, 41.670729248156952 ], [ 45.896875378925678, 41.670615697546744 ], [ 45.89666021653931, 41.670504817951439 ], [ 45.896420131665892, 41.670376509136908 ], [ 45.896192624088748, 41.670249687883555 ], [ 45.895976295423743, 41.670123573447839 ], [ 45.895770217923221, 41.66999762459433 ], [ 45.895573399120103, 41.669871223121561 ], [ 45.895385522461297, 41.669744154473314 ], [ 45.895206110125308, 41.669616095459183 ], [ 45.895034805358364, 41.669486790394537 ], [ 45.894967618752951, 41.669432399374486 ], [ 45.894901305663232, 41.669374285200448 ], [ 45.894835743288048, 41.66931234074525 ], [ 45.894770778287437, 41.669246422190184 ], [ 45.894706309631673, 41.669176433046438 ], [ 45.89464204961449, 41.669102068413522 ], [ 45.894577746802604, 41.669023040221376 ], [ 45.89451304677651, 41.66893890988235 ], [ 45.894396219368261, 41.668775761832578 ], [ 45.894272267326613, 41.668588523870888 ], [ 45.894151495043765, 41.668395336185377 ], [ 45.893838026137523, 41.667880064025105 ], [ 45.893742583906906, 41.667730181183856 ], [ 45.893654723463662, 41.667598828979415 ], [ 45.893550889460712, 41.66745357239737 ], [ 45.893449784443703, 41.667323732606249 ], [ 45.893349395485814, 41.667206732127816 ], [ 45.893248645897089, 41.667101330053455 ], [ 45.893184574802646, 41.667040446675514 ], [ 45.893119852816277, 41.666983651220455 ], [ 45.893054332791444, 41.666930814228344 ], [ 45.892987894479077, 41.666881840256679 ], [ 45.892920406808415, 41.666836633046032 ], [ 45.89285179708267, 41.666795148124088 ], [ 45.89278197806771, 41.666757332124213 ], [ 45.892710873513323, 41.666723144204092 ], [ 45.892638298537214, 41.666692505634437 ], [ 45.892564297954884, 41.666665443986453 ], [ 45.892488810189789, 41.66664193721796 ], [ 45.892411782159741, 41.666621969525529 ], [ 45.892333152362163, 41.666605524270224 ], [ 45.892252881062738, 41.666592595452364 ], [ 45.892170920069439, 41.666583173534875 ], [ 45.8920872296843, 41.666577255219487 ], [ 45.89200276302811, 41.666573925193049 ], [ 45.891917723898622, 41.666568281129052 ], [ 45.891833723167856, 41.666559543124379 ], [ 45.891750717521795, 41.666547705212366 ], [ 45.891668660042967, 41.666532761454228 ], [ 45.891587508593162, 41.666514704072441 ], [ 45.891507201754642, 41.666493520935433 ], [ 45.891427680449624, 41.666469195389702 ], [ 45.891348881972171, 41.666441709008325 ], [ 45.891270854723778, 41.666411086637119 ], [ 45.891193400745223, 41.666377257756132 ], [ 45.891116436676462, 41.666340186984492 ], [ 45.891039864570978, 41.66629982644433 ], [ 45.890963605811493, 41.666256136214024 ], [ 45.890887507894917, 41.666209031909084 ], [ 45.890811435146375, 41.666158429914965 ], [ 45.890735216613912, 41.66610421446466 ], [ 45.890613332982092, 41.666010300222858 ], [ 45.8904895495685, 41.665906110898248 ], [ 45.890362546813421, 41.665790547936886 ], [ 45.890229808072498, 41.665661326813392 ], [ 45.890115877509778, 41.665544538235437 ], [ 45.889990736303858, 41.665411322799542 ], [ 45.889576806038832, 41.664955127402088 ], [ 45.889419269365099, 41.664785015119968 ], [ 45.889260132196519, 41.664620476862829 ], [ 45.889112842531418, 41.664477124122371 ], [ 45.889032704631617, 41.664403365482563 ], [ 45.888953980864159, 41.664334073261188 ], [ 45.888876235923448, 41.664268864424677 ], [ 45.888799164814571, 41.664207485533154 ], [ 45.88872242752953, 41.664149669905925 ], [ 45.888645902737807, 41.664095330212639 ], [ 45.888569410940264, 41.664044341742645 ], [ 45.888492812681541, 41.663996609198605 ], [ 45.888282303890364, 41.663873654203911 ], [ 45.888058637990987, 41.663750139364296 ], [ 45.887819906277798, 41.663625003903014 ], [ 45.887562577262329, 41.663496395222552 ], [ 45.887299357448391, 41.663370133646389 ], [ 45.8870050015801, 41.663233643747709 ], [ 45.886697849686243, 41.663094766760516 ], [ 45.885844149980251, 41.662713403625744 ], [ 45.885584171700742, 41.662594616897223 ], [ 45.885352605269929, 41.662486219244563 ], [ 45.885088991663025, 41.662358739644873 ], [ 45.884846163249932, 41.662236340630557 ], [ 45.884619324280045, 41.662116602117088 ], [ 45.884406099599353, 41.661998264372848 ], [ 45.88424328447347, 41.661906984761707 ], [ 45.883796827989727, 41.661661166014817 ], [ 45.883663421213598, 41.661585333537488 ], [ 45.88354544212114, 41.661515936751705 ], [ 45.883414868167506, 41.661435535434485 ], [ 45.883296161780294, 41.661358055627723 ], [ 45.88318706505698, 41.661282020445448 ], [ 45.883086473134213, 41.661206652987538 ], [ 45.883003706863342, 41.661139185503309 ], [ 45.882921456859378, 41.661066062953786 ], [ 45.882838932925388, 41.660986589758494 ], [ 45.882754713529764, 41.660899398752321 ], [ 45.882678946403622, 41.660816159024684 ], [ 45.882597287859916, 41.660722171309096 ], [ 45.882462379494783, 41.660559689175237 ], [ 45.876342807620304, 41.662768181049053 ], [ 45.87297492450444, 41.665517391608773 ], [ 45.860978567326171, 41.668161241774563 ], [ 45.854236135310785, 41.673318264815066 ], [ 45.849048312157798, 41.675910061599424 ], [ 45.840686009063973, 41.678865336154253 ], [ 45.836191548638695, 41.682472818467168 ], [ 45.830550330101197, 41.685237301227289 ], [ 45.82534100976585, 41.686296171336458 ], [ 45.823376195953713, 41.687311982697487 ], [ 45.823447021025203, 41.687454984573812 ], [ 45.823483042589189, 41.687534706368275 ], [ 45.823514647402313, 41.68761048949245 ], [ 45.82354226316653, 41.687683366695936 ], [ 45.823566108701456, 41.687753914666224 ], [ 45.823586726471611, 41.687807668699811 ], [ 45.823646101254006, 41.687937480609804 ], [ 45.823658587741519, 41.687970687478241 ], [ 45.823667270537435, 41.688000360219654 ], [ 45.823673410691164, 41.688035775163947 ], [ 45.823673701615768, 41.68806800210286 ], [ 45.82366814754436, 41.688097656187672 ], [ 45.823656682539166, 41.688125032420665 ], [ 45.823631241479866, 41.688160970940906 ], [ 45.823572126369577, 41.688225729247556 ], [ 45.823522809044277, 41.688280215028797 ], [ 45.823470015908185, 41.688334271739201 ], [ 45.823413633125206, 41.688388019082709 ], [ 45.823353501591811, 41.688441607710942 ], [ 45.823289525171312, 41.688495131980076 ], [ 45.823221350795919, 41.688548891645453 ], [ 45.823148650156242, 41.688603149354897 ], [ 45.823070899511734, 41.688658296153982 ], [ 45.822935160266034, 41.688749025282817 ], [ 45.82277897367679, 41.688847190950028 ], [ 45.822627249637719, 41.688938580883523 ], [ 45.82226628231961, 41.689151769688166 ], [ 45.822090782244985, 41.689258892305546 ], [ 45.821932721584005, 41.689360879305397 ], [ 45.821794479273251, 41.689456848170842 ], [ 45.821441585052895, 41.68971169999174 ], [ 45.82123540966186, 41.689867243572159 ], [ 45.821135122245529, 41.689945316315431 ], [ 45.82107698109067, 41.689993154735795 ], [ 45.820972157583086, 41.690087616542179 ], [ 45.820878605467797, 41.690181152880058 ], [ 45.820797198059914, 41.690272886558027 ], [ 45.820728405687163, 41.690362283727886 ], [ 45.820693532180947, 41.690415853593358 ], [ 45.820663036238983, 41.690471881734865 ], [ 45.820636855675581, 41.690530485691454 ], [ 45.820614918018336, 41.690591824507457 ], [ 45.820597176451059, 41.690655995795659 ], [ 45.820583527194387, 41.690723342566656 ], [ 45.82057390458705, 41.690794181437909 ], [ 45.82056824042872, 41.690869007384102 ], [ 45.820567055547038, 41.690990029107105 ], [ 45.820574622107458, 41.691125873382703 ], [ 45.82058954034683, 41.691270498369349 ], [ 45.820626822432736, 41.691557182192561 ], [ 45.820640481617701, 41.691676002863183 ], [ 45.820650550660723, 41.691799204973805 ], [ 45.820654082244353, 41.691908008268143 ], [ 45.820656419381045, 41.692003104163277 ], [ 45.820662913255276, 41.692108702309376 ], [ 45.820701990515303, 41.692509406918568 ], [ 45.820713204235297, 41.692676974929292 ], [ 45.82071508474948, 41.692767430040227 ], [ 45.820713202777341, 41.692851553047888 ], [ 45.820707516910574, 41.692931003345379 ], [ 45.820697963250495, 41.693006616341499 ], [ 45.820682613797331, 41.693094332056418 ], [ 45.820663717697805, 41.693183152139106 ], [ 45.820641299894667, 41.69327296021882 ], [ 45.820615392357006, 41.693363625463135 ], [ 45.820586029560204, 41.693455025127683 ], [ 45.820553263465818, 41.693546994009978 ], [ 45.820517152101061, 41.693639371367411 ], [ 45.820477762923339, 41.693731981978651 ], [ 45.820435094510479, 41.693824809637803 ], [ 45.820389305654167, 41.693917490223903 ], [ 45.820340499439197, 41.694009814934702 ], [ 45.820288792020591, 41.694101563165503 ], [ 45.820234302083946, 41.694192524201284 ], [ 45.820177183746978, 41.694282438436119 ], [ 45.820117592514052, 41.694371060665588 ], [ 45.820055700565504, 41.69445813385731 ], [ 45.81999682854903, 41.694534622909991 ], [ 45.819932341316878, 41.694610591757922 ], [ 45.819862099152346, 41.694686206217284 ], [ 45.819785904052722, 41.694761679355537 ], [ 45.819703633945466, 41.694837147137179 ], [ 45.819614836317982, 41.694913032504644 ], [ 45.819519079664978, 41.69498970961007 ], [ 45.819415671571726, 41.695067731901986 ], [ 45.819327650522233, 41.695131000752284 ], [ 45.819233470886495, 41.695196108541374 ], [ 45.819021642525556, 41.695335252300175 ], [ 45.818814774650214, 41.695464778634282 ], [ 45.81832327215551, 41.695765810952473 ], [ 45.818087272867103, 41.695915682249044 ], [ 45.817978978356663, 41.695987501553738 ], [ 45.817878903674227, 41.696056289932557 ], [ 45.817785582340406, 41.696123061226913 ], [ 45.81769822237203, 41.696188380425724 ], [ 45.817487282276502, 41.696351588135173 ], [ 45.817258848728848, 41.696531731500265 ], [ 45.816167317840673, 41.69741112337023 ], [ 45.815900035808212, 41.697622785328605 ], [ 45.815657890844854, 41.697810558123692 ], [ 45.815441791133566, 41.697972280988324 ], [ 45.815197181401409, 41.698147995463422 ], [ 45.81494608738209, 41.698323102388997 ], [ 45.814267815334908, 41.698789553418415 ], [ 45.814066453151135, 41.698931396110993 ], [ 45.813888036324649, 41.699060374222164 ], [ 45.813688014823043, 41.699210123936446 ], [ 45.813505581012876, 41.699353008832986 ], [ 45.813337181538088, 41.699491814801206 ], [ 45.813181068120024, 41.699627992697543 ], [ 45.812946565320139, 41.699839770658379 ], [ 45.812775393151256, 41.699997472352472 ], [ 45.812623507851221, 41.700141673668945 ], [ 45.81248802158629, 41.70027533049484 ], [ 45.812360782900356, 41.700406785181983 ], [ 45.812244866602946, 41.700533207631679 ], [ 45.812138916508616, 41.700656078311326 ], [ 45.812042198311225, 41.700776252701367 ], [ 45.811975045409561, 41.700865396944238 ], [ 45.811909527561433, 41.700957464986736 ], [ 45.811845549111958, 41.701052591712092 ], [ 45.811782994417747, 41.701150947271827 ], [ 45.81172178330921, 41.701252655630753 ], [ 45.81166171196967, 41.701358043384289 ], [ 45.811602609946227, 41.701467414374143 ], [ 45.811544243452261, 41.701581197185938 ], [ 45.811488532378362, 41.701695323297415 ], [ 45.811432912541633, 41.701814714246332 ], [ 45.811320044441892, 41.702073439213109 ], [ 45.811203291169214, 41.702361724637974 ], [ 45.811049579219578, 41.702761248204133 ], [ 45.811032333237577, 41.702810392483691 ], [ 45.81101585192927, 41.702865394940034 ], [ 45.810958601049592, 41.703095591720654 ], [ 45.810928828502647, 41.703194831409071 ], [ 45.810908712911072, 41.703247858131114 ], [ 45.810886601279805, 41.7032962242859 ], [ 45.810862046725177, 41.703340903983459 ], [ 45.810834783605621, 41.703382373767077 ], [ 45.810799619541001, 41.703427888503732 ], [ 45.81075665635062, 41.703477135824507 ], [ 45.810615194994476, 41.703622234539509 ], [ 45.810506561607333, 41.7037396679357 ], [ 45.810462511979658, 41.703784266173642 ], [ 45.810412586904576, 41.703827963694778 ], [ 45.81036380765461, 41.703862319130195 ], [ 45.810308707449167, 41.703891880540773 ], [ 45.810245804728545, 41.703917252827623 ], [ 45.81017456865645, 41.703938659491975 ], [ 45.810093847381779, 41.703956449104055 ], [ 45.810014872357193, 41.703969253570044 ], [ 45.809924085653364, 41.703980195713434 ], [ 45.809570661463319, 41.704010896131415 ], [ 45.809497952069798, 41.704017589867263 ], [ 45.809421619163423, 41.70402248245464 ], [ 45.809340862961569, 41.704025628157098 ], [ 45.809254094156422, 41.704027091299039 ], [ 45.809093561264035, 41.704026000560198 ], [ 45.80871156980804, 41.704017399145627 ], [ 45.808521339790666, 41.70401828377566 ], [ 45.808205082449938, 41.704027391645901 ], [ 45.80790085893441, 41.704038455036176 ], [ 45.807606766249492, 41.704051541458263 ], [ 45.807321575553047, 41.704066709161729 ], [ 45.807043924793902, 41.704084032629197 ], [ 45.80677342853334, 41.704103543443843 ], [ 45.806509451493454, 41.704125285745718 ], [ 45.806251517011347, 41.704149300753635 ], [ 45.805998215860683, 41.704175735299252 ], [ 45.805750248040752, 41.704204534065688 ], [ 45.805507317091184, 41.704235731590856 ], [ 45.8052691830027, 41.704269359311766 ], [ 45.805035589008241, 41.704305454184428 ], [ 45.804806398341569, 41.704344037910523 ], [ 45.804581445472067, 41.704385138696466 ], [ 45.804360594869536, 41.704428780934066 ], [ 45.804247083728839, 41.704449797095563 ], [ 45.803977337426922, 41.70449371323744 ], [ 45.803849915561145, 41.704519012796688 ], [ 45.803778027230472, 41.704536814547033 ], [ 45.803713074041234, 41.704556170999446 ], [ 45.803653777115798, 41.704577464901163 ], [ 45.803599522706712, 41.704600923927224 ], [ 45.803557186888028, 41.704622293720384 ], [ 45.803514343145174, 41.704646504263657 ], [ 45.803470638168697, 41.704673753479206 ], [ 45.803425425502112, 41.704704442195059 ], [ 45.803333802944955, 41.704773062388199 ], [ 45.803189707813303, 41.704889763108874 ], [ 45.803140453356932, 41.704931119964847 ], [ 45.80309100552882, 41.704975680149616 ], [ 45.802988940343916, 41.705076790241307 ], [ 45.802897605933836, 41.705175895060428 ], [ 45.802693306753326, 41.705407281640682 ], [ 45.802593249031084, 41.705513540181791 ], [ 45.802405736143101, 41.705701120411973 ], [ 45.802197982583351, 41.705904160783341 ], [ 45.801965476363264, 41.706127243023779 ], [ 45.80165054382789, 41.706425704090613 ], [ 45.801546795627303, 41.706519994597038 ], [ 45.801427446082194, 41.70662137516252 ], [ 45.801291474829746, 41.706731121042559 ], [ 45.800886438338807, 41.707050006598109 ], [ 45.800763086258208, 41.707152517724154 ], [ 45.800656863806722, 41.707246278835569 ], [ 45.800540561711664, 41.707357992616529 ], [ 45.80048861493988, 41.70741223992168 ], [ 45.800440417046566, 41.707465810782622 ], [ 45.800395703757594, 41.707519007879498 ], [ 45.80035440410979, 41.707571923582222 ], [ 45.800316402160917, 41.707624706417207 ], [ 45.800281615218232, 41.707677472253486 ], [ 45.800244143762164, 41.707739312436644 ], [ 45.800207532438655, 41.707804317990977 ], [ 45.80013607668549, 41.707945299025496 ], [ 45.800065528109627, 41.708103534758663 ], [ 45.79998824359749, 41.708296116988002 ], [ 45.799950737081851, 41.708401039712435 ], [ 45.799914322969798, 41.708519142002572 ], [ 45.79981319219587, 41.708902158064092 ], [ 45.799774801597685, 41.709036367806725 ], [ 45.799737591899465, 41.709162971891253 ], [ 45.799649446835971, 41.709477611554163 ], [ 45.79959882984673, 41.709642173504051 ], [ 45.799567582986199, 41.709732817826946 ], [ 45.799535783014292, 41.709816372958613 ], [ 45.799502809452548, 41.709894468082645 ], [ 45.799468314155924, 41.709967914450942 ], [ 45.799430010994911, 41.710041668318063 ], [ 45.79938834467891, 41.710115145633694 ], [ 45.799343305760097, 41.710188360871186 ], [ 45.799294883644485, 41.710261333015026 ], [ 45.799243067682298, 41.710334076546239 ], [ 45.799187842538728, 41.710406615885923 ], [ 45.799129189228559, 41.710478971877322 ], [ 45.799067090035265, 41.710551170758777 ], [ 45.79900155915881, 41.710623195312685 ], [ 45.798932536193234, 41.710695118910024 ], [ 45.798859990267246, 41.710766973283711 ], [ 45.798783883353494, 41.710838794719507 ], [ 45.798704183378184, 41.710910614957875 ], [ 45.798620829710707, 41.710982489355565 ], [ 45.798533764045743, 41.711054466947729 ], [ 45.798442913799072, 41.71112660857731 ], [ 45.79825549731946, 41.711267323114392 ], [ 45.798052666788685, 41.7114095404824 ], [ 45.797833300717549, 41.711554049294953 ], [ 45.797595321960472, 41.71170222123267 ], [ 45.797343294830981, 41.711851551181766 ], [ 45.797064638117376, 41.71200979039093 ], [ 45.796753866518337, 41.712180248048845 ], [ 45.796349752516008, 41.712396512069326 ], [ 45.796263521182119, 41.712444604542725 ], [ 45.796057699064512, 41.712565584341974 ], [ 45.795951473342384, 41.712622446517855 ], [ 45.795889597073298, 41.712651488594574 ], [ 45.795830650809556, 41.712675611428416 ], [ 45.795773492346449, 41.712695281391106 ], [ 45.795717535122996, 41.712710696197917 ], [ 45.795658216060275, 41.712722729602284 ], [ 45.7955945648023, 41.712731357693457 ], [ 45.795525903368585, 41.712736676128785 ], [ 45.795450841136358, 41.712738795404164 ], [ 45.795330756691669, 41.71273652999065 ], [ 45.79502770239975, 41.712719670939599 ], [ 45.794890681941169, 41.712716418878998 ], [ 45.794767278286955, 41.712715685413194 ], [ 45.794638295014543, 41.712712445015825 ], [ 45.79450268965892, 41.712706674251898 ], [ 45.794358593253186, 41.712698294146158 ], [ 45.794039589859594, 41.712673580534904 ], [ 45.793370296056651, 41.712610730943226 ], [ 45.79308253425004, 41.712586727594093 ], [ 45.792926253678196, 41.712576156410016 ], [ 45.792781019731294, 41.712568487423681 ], [ 45.792643931149961, 41.712563569556238 ], [ 45.792513532821211, 41.712561354326823 ], [ 45.792356730206158, 41.712562389711636 ], [ 45.792207363331677, 41.712567714102903 ], [ 45.792064348386496, 41.712577366524798 ], [ 45.791926982738183, 41.712591395977753 ], [ 45.791794502941762, 41.712609891507832 ], [ 45.791666683513327, 41.712632896117668 ], [ 45.791543163391353, 41.712660473557627 ], [ 45.791423671662422, 41.712692686955144 ], [ 45.791142633206846, 41.712772578853709 ], [ 45.791063926367407, 41.712797169451633 ], [ 45.790995080974042, 41.712820953538852 ], [ 45.790925934678924, 41.712847946154888 ], [ 45.79086406041661, 41.712875785779644 ], [ 45.790808488706972, 41.712904912334373 ], [ 45.790758749003757, 41.712935575858623 ], [ 45.790712126598066, 41.712968525509311 ], [ 45.790666765272775, 41.713003939791435 ], [ 45.790623104391649, 41.713041476118882 ], [ 45.790581576946657, 41.71308076222676 ], [ 45.79054260355921, 41.713121397113397 ], [ 45.790506552175891, 41.713162997253249 ], [ 45.790473761776539, 41.713205169412539 ], [ 45.790444522326702, 41.713247542311677 ], [ 45.790410340761731, 41.71330735255961 ], [ 45.790379795531976, 41.713375609787541 ], [ 45.790352079267883, 41.713453526491641 ], [ 45.790321107257952, 41.713558195709581 ], [ 45.790302706028456, 41.713635542138853 ], [ 45.790288526325647, 41.713722394360872 ], [ 45.79027854079181, 41.713813083547549 ], [ 45.790263997635662, 41.71398861866173 ], [ 45.790238504274882, 41.714274044434859 ], [ 45.790225937955825, 41.714457690265625 ], [ 45.790220331166744, 41.714625979003145 ], [ 45.790222312035112, 41.714778074081728 ], [ 45.790232661693885, 41.714926316948684 ], [ 45.790241073654379, 41.714996744408296 ], [ 45.790251679798281, 41.715065038326522 ], [ 45.790264519159535, 41.71513144072307 ], [ 45.790279614472347, 41.715196040610394 ], [ 45.790296994899975, 41.71525896118316 ], [ 45.790316685701669, 41.715320301343851 ], [ 45.790336141224998, 41.71536616276051 ], [ 45.790385690176429, 41.715459281456724 ], [ 45.790404170298778, 41.715498914913454 ], [ 45.790417723508313, 41.715540752047232 ], [ 45.790422191207426, 41.71557837874709 ], [ 45.79041719992496, 41.715623699453403 ], [ 45.790401936007285, 41.715674474312522 ], [ 45.790378073663021, 41.715728714764808 ], [ 45.790329758700288, 41.715822092246462 ], [ 45.79030245862937, 41.715871660968936 ], [ 45.790271009540803, 41.715920997916037 ], [ 45.790235398478899, 41.715970125690994 ], [ 45.790195604128868, 41.716019071457595 ], [ 45.790151613490814, 41.716067854215623 ], [ 45.790103381496074, 41.716116524709477 ], [ 45.790050863009554, 41.716165128279194 ], [ 45.789993993850906, 41.716213725707163 ], [ 45.789933256443952, 41.716261955191399 ], [ 45.789868042938032, 41.71631034331088 ], [ 45.789798200851429, 41.716359004594416 ], [ 45.789723477480223, 41.716408115506411 ], [ 45.789643926715783, 41.71645766035509 ], [ 45.789558609850616, 41.716508242745448 ], [ 45.78936619097712, 41.716615141338551 ], [ 45.789229129503219, 41.716684259587673 ], [ 45.789062620714688, 41.716760213552092 ], [ 45.788970898012472, 41.716798709746755 ], [ 45.788876862474524, 41.716834666456393 ], [ 45.788866977093321, 41.716838094838081 ], [ 45.78760526327266, 41.720265149337749 ], [ 45.785579254528926, 41.721811021154366 ], [ 45.779694925620241, 41.723723547296316 ], [ 45.77313270959263, 41.725980780091973 ], [ 45.763228301839511, 41.733877225172044 ], [ 45.760569765711899, 41.739682408524615 ], [ 45.758831885662097, 41.746502780339547 ], [ 45.757512231320007, 41.750256370671764 ], [ 45.755039937218235, 41.752655749337777 ], [ 45.752326236796542, 41.75386510302863 ], [ 45.749839743736075, 41.755072909912606 ], [ 45.743959167701, 41.757664464106419 ], [ 45.740819763595759, 41.761429625614014 ], [ 45.739696783711807, 41.762628412997998 ], [ 45.739040164531325, 41.764845518336415 ], [ 45.738385452948684, 41.767232828310703 ], [ 45.737042763367434, 41.769113885277037 ], [ 45.731844430821752, 41.771870658448307 ], [ 45.72754555472217, 41.773770396925428 ], [ 45.722348347418368, 41.776696953524848 ], [ 45.718278159660692, 41.778765128506741 ], [ 45.71582034964031, 41.782695554771202 ], [ 45.71334337486428, 41.784923835463644 ], [ 45.709054329803564, 41.787844144619555 ], [ 45.703870039055012, 41.792131548360182 ], [ 45.699343377697133, 41.794201845400273 ], [ 45.691518498202839, 41.799773046453573 ], [ 45.691558851813113, 41.799817685851806 ], [ 45.691651245732295, 41.799926200547809 ], [ 45.691728137188463, 41.800025061242032 ], [ 45.691768526454958, 41.800081940737321 ], [ 45.691804778918595, 41.800137277028163 ], [ 45.691837129547089, 41.800191429880414 ], [ 45.691865721730203, 41.80024463801756 ], [ 45.69189069196662, 41.80029717082752 ], [ 45.691912076072349, 41.800349113662641 ], [ 45.691929928431826, 41.800400599499561 ], [ 45.6919442826485, 41.800451731716976 ], [ 45.69195346020372, 41.80051040417279 ], [ 45.691958356722004, 41.800622384574751 ], [ 45.691962630234777, 41.800666609766587 ], [ 45.69197216173751, 41.800710961806772 ], [ 45.691987295051355, 41.80074935715939 ], [ 45.692005282453927, 41.800778584299366 ], [ 45.692052380599918, 41.800841154366296 ], [ 45.692068192852084, 41.800868023982112 ], [ 45.692089630971694, 41.800918466803196 ], [ 45.692103863044537, 41.800965496185064 ], [ 45.69211064186355, 41.80100828948796 ], [ 45.692109923999681, 41.801046503811861 ], [ 45.692104602254851, 41.801069985355568 ], [ 45.692094421887624, 41.801093877163517 ], [ 45.692079282044162, 41.801118427531989 ], [ 45.692058889379886, 41.801144118294332 ], [ 45.692018014975453, 41.80118565939884 ], [ 45.691915148535138, 41.801275852717609 ], [ 45.691873959471415, 41.801316022112317 ], [ 45.691804071403794, 41.801389566486861 ], [ 45.691731428395279, 41.801462490619308 ], [ 45.69165601374236, 41.801534809016147 ], [ 45.691577808402009, 41.801606542502434 ], [ 45.691496794476706, 41.801677706492001 ], [ 45.691412944526846, 41.801748324562034 ], [ 45.691326232316378, 41.801818420282217 ], [ 45.691236627988488, 41.801888016343007 ], [ 45.691144148290192, 41.801957103630016 ], [ 45.691048707247482, 41.802025747503215 ], [ 45.690950261840207, 41.802093977936813 ], [ 45.69084876309735, 41.802161831245243 ], [ 45.690636393974863, 41.802296542829986 ], [ 45.690411023523268, 41.802430246829609 ], [ 45.690177319650573, 41.802560460740835 ], [ 45.689929503207196, 41.802690669767884 ], [ 45.68966632924662, 41.80282153069161 ], [ 45.689385667559058, 41.802954104594221 ], [ 45.689089578551695, 41.803087577373375 ], [ 45.688768188734386, 41.803226544888261 ], [ 45.688414466180689, 41.803374109613706 ], [ 45.687996332550405, 41.803543662095144 ], [ 45.687761188240927, 41.8036397480464 ], [ 45.687652643045951, 41.803682514151546 ], [ 45.687542250577799, 41.803722752164461 ], [ 45.687441226360768, 41.803755505114772 ], [ 45.687322208542241, 41.803789316768381 ], [ 45.687196494934902, 41.803820961663419 ], [ 45.687064092724924, 41.80385043613223 ], [ 45.68692497190073, 41.803877747536674 ], [ 45.686849895510001, 41.803890422430214 ], [ 45.686772861556122, 41.803901162586371 ], [ 45.686693701777436, 41.803909992425005 ], [ 45.686612194940103, 41.803916935781324 ], [ 45.686528200390953, 41.803922009703363 ], [ 45.686441255020704, 41.803925245775133 ], [ 45.686350935288523, 41.803926660931573 ], [ 45.686256588864921, 41.803926265366627 ], [ 45.686096251333105, 41.803921901842877 ], [ 45.685916621672007, 41.803912754437512 ], [ 45.685341623598717, 41.803871098713465 ], [ 45.6851432101681, 41.803858755728086 ], [ 45.684960877884386, 41.803851260401927 ], [ 45.684796111223434, 41.803849090334957 ], [ 45.684570319672495, 41.803848650966344 ], [ 45.684333294707685, 41.803846080390926 ], [ 45.68408273811302, 41.803841356197729 ], [ 45.683814278144361, 41.80383439623948 ], [ 45.683283378591597, 41.803816411643403 ], [ 45.682251009316495, 41.803775029092613 ], [ 45.681824505299737, 41.803759312498912 ], [ 45.681382369460209, 41.80374610900089 ], [ 45.680986545472599, 41.803738267587313 ], [ 45.680757774262709, 41.803735940632478 ], [ 45.680538424539293, 41.803735505600336 ], [ 45.680327024040018, 41.803736959555323 ], [ 45.680122613420991, 41.803740310022633 ], [ 45.679924132362068, 41.803745577726701 ], [ 45.67973126199167, 41.803752776294012 ], [ 45.679543495700386, 41.803761924061575 ], [ 45.679360450869446, 41.803773039529645 ], [ 45.679144415532967, 41.803789182860442 ], [ 45.678934345914875, 41.803808284421095 ], [ 45.678729833095936, 41.803830380886687 ], [ 45.678530554814216, 41.803855507516005 ], [ 45.678336168459424, 41.803883710493274 ], [ 45.678146500934197, 41.803915015183804 ], [ 45.677961341931628, 41.803949457078431 ], [ 45.677780518431511, 41.803987068743901 ], [ 45.677603636521404, 41.804027939891277 ], [ 45.677430810344248, 41.80407205185179 ], [ 45.677261916252057, 41.804119438698208 ], [ 45.677096849780774, 41.804170127183617 ], [ 45.676935501746854, 41.804224153094786 ], [ 45.676777802556863, 41.804281539374607 ], [ 45.676623673054657, 41.804342315326359 ], [ 45.676473047297058, 41.804406507472677 ], [ 45.676255080547961, 41.804501858959277 ], [ 45.676141717438874, 41.804553816989461 ], [ 45.676036036344478, 41.804606655608168 ], [ 45.675944953728852, 41.804657805900227 ], [ 45.675884019628178, 41.8046955322828 ], [ 45.67582345372314, 41.804735426229918 ], [ 45.675703634524645, 41.804821582294132 ], [ 45.675585939361014, 41.804915956249445 ], [ 45.675470982985885, 41.80501805631301 ], [ 45.675339735239987, 41.805136316752339 ], [ 45.675278695805694, 41.805197104706835 ], [ 45.675251347045588, 41.805228663539118 ], [ 45.675228575050937, 41.805258956112326 ], [ 45.675209994018324, 41.805288498991146 ], [ 45.675195437046732, 41.80531756156428 ], [ 45.675174404449827, 41.805377775643343 ], [ 45.675160979891089, 41.805444070596828 ], [ 45.675155570507641, 41.80551451925907 ], [ 45.675158440790348, 41.805585875790037 ], [ 45.675165229254127, 41.80562591030364 ], [ 45.675177801519141, 41.805667158277579 ], [ 45.675196281305972, 41.80571005131403 ], [ 45.67522103146252, 41.805755438429571 ], [ 45.675271421165426, 41.805831048798296 ], [ 45.675393368102853, 41.805990915934096 ], [ 45.675442122504087, 41.806060823661788 ], [ 45.675549999133615, 41.806223464617965 ], [ 45.675725183645085, 41.806476198289367 ], [ 45.675781765429001, 41.806554066056158 ], [ 45.675844917078777, 41.806634153170464 ], [ 45.675915179148859, 41.806717147269943 ], [ 45.675993602491666, 41.806804295917935 ], [ 45.676075082952721, 41.806890450170116 ], [ 45.676168134716761, 41.806985062183315 ], [ 45.676536975566833, 41.807346173892903 ], [ 45.676688844264419, 41.807499885494472 ], [ 45.676767970284736, 41.807584176974579 ], [ 45.676838849580321, 41.807663493842142 ], [ 45.676902887923887, 41.807739411241791 ], [ 45.676960760704759, 41.807812735825905 ], [ 45.677025731318466, 41.807902506575957 ], [ 45.677082275043986, 41.807989979760542 ], [ 45.677130800598498, 41.808075788870063 ], [ 45.67717154355816, 41.808160358552328 ], [ 45.677204719569339, 41.80824416400938 ], [ 45.677230371104542, 41.808327354511938 ], [ 45.677248569234912, 41.80841016562681 ], [ 45.67725935560096, 41.80849278175355 ], [ 45.677265511575648, 41.808579591769366 ], [ 45.677268023143647, 41.808655741090035 ], [ 45.677267030006369, 41.808725693611748 ], [ 45.677262493015789, 41.80879064838345 ], [ 45.677258472580803, 41.808891615989154 ], [ 45.677254079040466, 41.80893075974825 ], [ 45.677243033880075, 41.808969080763035 ], [ 45.677234889082527, 41.808985137641116 ], [ 45.677224876128392, 41.808999389741913 ], [ 45.677211521546717, 41.809013443575289 ], [ 45.677194861125017, 41.809027039530434 ], [ 45.677174756406892, 41.809040291008387 ], [ 45.677150896575661, 41.809053406097505 ], [ 45.677098128724509, 41.809077090044639 ], [ 45.676987251959048, 41.80911994446339 ], [ 45.676911113780868, 41.809147455279671 ], [ 45.676822524543674, 41.809172741748917 ], [ 45.676738345401809, 41.809192688099472 ], [ 45.676510747330504, 41.809241905787133 ], [ 45.676319643960113, 41.809283987261324 ], [ 45.676104539256549, 41.809325552183687 ], [ 45.675898025559903, 41.809361660214634 ], [ 45.675405474244343, 41.809443629779857 ], [ 45.675159599541452, 41.809488162383076 ], [ 45.673678282723465, 41.809767204995978 ], [ 45.673063888879476, 41.809886346149682 ], [ 45.672734972817921, 41.8099528631666 ], [ 45.672428571145524, 41.81001718757183 ], [ 45.672138827862192, 41.810080549926717 ], [ 45.671862787043466, 41.810143599930228 ], [ 45.671571156840983, 41.810213484776561 ], [ 45.671291419805101, 41.810284112703236 ], [ 45.67102199699206, 41.810355881217824 ], [ 45.670761824757854, 41.810429076718265 ], [ 45.67050974120604, 41.810504031198427 ], [ 45.670265356369008, 41.810580868580054 ], [ 45.670028091848245, 41.810659768821104 ], [ 45.669797507381226, 41.810740882245845 ], [ 45.66968750414722, 41.81077807449779 ], [ 45.669428798694653, 41.810858789993226 ], [ 45.669311467637698, 41.810899987623287 ], [ 45.669244900507302, 41.810926975535601 ], [ 45.669185423954602, 41.81095450574955 ], [ 45.669131856631004, 41.810983125571354 ], [ 45.669083640685372, 41.811013139088921 ], [ 45.66904595401882, 41.81104002351141 ], [ 45.669008327892875, 41.811069836611324 ], [ 45.668970456594423, 41.811102817951124 ], [ 45.668931787688635, 41.811139446311664 ], [ 45.668855000736762, 41.811219839551732 ], [ 45.668734939892246, 41.81135622925035 ], [ 45.668690690698263, 41.811409655449808 ], [ 45.668650062464259, 41.811465595094795 ], [ 45.668612989910876, 41.811524137737266 ], [ 45.668579399603864, 41.811585399096231 ], [ 45.668549239432039, 41.811649461440737 ], [ 45.668522397377558, 41.811716550597637 ], [ 45.668498790155837, 41.811786876914496 ], [ 45.668478316157433, 41.811860740914064 ], [ 45.668460789622948, 41.811938918271792 ], [ 45.668446193498703, 41.812021620750095 ], [ 45.668434395740043, 41.812109579577381 ], [ 45.668425208481239, 41.812204178405693 ], [ 45.668414477435057, 41.812400649680285 ], [ 45.668406322737347, 41.812793284197319 ], [ 45.668399835342036, 41.812956045879069 ], [ 45.668386024995165, 41.81312396878316 ], [ 45.668376308301518, 41.81319962377296 ], [ 45.668364558914398, 41.813271070859145 ], [ 45.668346724754265, 41.813355953801072 ], [ 45.668325346718611, 41.813435915276244 ], [ 45.668300268285542, 41.813511534435996 ], [ 45.668271366868254, 41.813583180373122 ], [ 45.66823846839398, 41.813651249500154 ], [ 45.66820150663596, 41.81371585748721 ], [ 45.668160376342023, 41.813777187782613 ], [ 45.668114985007129, 41.813835376023441 ], [ 45.66805365429849, 41.813905609092252 ], [ 45.667987294142854, 41.813976155092227 ], [ 45.667935778063892, 41.814027285950431 ], [ 45.667839646233361, 41.814118020089616 ], [ 45.667735467007773, 41.814208309151191 ], [ 45.667720903697507, 41.814220932300415 ], [ 45.667703824833715, 41.814234554523345 ], [ 45.667581651560376, 41.814331998632184 ], [ 45.667458799895449, 41.814422930967119 ], [ 45.667421798809272, 41.814449310078054 ], [ 45.667281311559016, 41.814546106396904 ], [ 45.667140550991682, 41.814636909143999 ], [ 45.667098658990717, 41.814663045448569 ], [ 45.666942409779615, 41.814757546061465 ], [ 45.666807751663981, 41.814834576558518 ], [ 45.666742513427558, 41.814871895205606 ], [ 45.666571747648312, 41.814962067096168 ], [ 45.666435885293531, 41.815028123844272 ], [ 45.666301152876521, 41.815089386715051 ], [ 45.666167583981434, 41.815145840206043 ], [ 45.66603521342406, 41.815197471509947 ], [ 45.665915642890603, 41.815239983738493 ], [ 45.665843935249306, 41.815263755187175 ], [ 45.665771609229658, 41.815287112255483 ], [ 45.665724553471172, 41.815301614964675 ], [ 45.665593757373323, 41.815340137014097 ], [ 45.665588530693071, 41.815341632720532 ], [ 45.66541815027977, 41.815387657893659 ], [ 45.665259404305843, 41.815426636895538 ], [ 45.665176612579721, 41.815444852722095 ], [ 45.665132432786265, 41.815454572989218 ], [ 45.665046675582005, 41.8154724420151 ], [ 45.664939820536226, 41.815493545889666 ], [ 45.664897868572041, 41.815501569782583 ], [ 45.664716601795377, 41.815533841260901 ], [ 45.664529101909153, 41.815563214968961 ], [ 45.664467974035034, 41.815572071991483 ], [ 45.664367467344846, 41.815585608851016 ], [ 45.664257961235535, 41.815600356851455 ], [ 45.664035109022521, 41.815625860367071 ], [ 45.664001507257517, 41.81562940607278 ], [ 45.663741087399728, 41.815654287632725 ], [ 45.663568011671458, 41.815668254804443 ], [ 45.663519918754751, 41.815671701240888 ], [ 45.66334811569147, 41.815683231571811 ], [ 45.66314608465553, 41.815694489417723 ], [ 45.662860921085155, 41.815708064972178 ], [ 45.662751158746048, 41.815712261443799 ], [ 45.661593523854272, 41.817235016647061 ], [ 45.658877074155264, 41.818612392349223 ], [ 45.656248275873381, 41.820894756805053 ], [ 45.656134063664489, 41.820993913038201 ], [ 45.656174469762576, 41.821030856331674 ], [ 45.656174338580023, 41.821031098465532 ], [ 45.656191513284156, 41.821046851566223 ], [ 45.656316289808672, 41.821167211007911 ], [ 45.656432414801664, 41.821285867013557 ], [ 45.656542619060382, 41.821405407890673 ], [ 45.656647696398792, 41.821527163037565 ], [ 45.656740030846251, 41.821641707978458 ], [ 45.656827620844048, 41.821759140557944 ], [ 45.656905352944612, 41.821872552029518 ], [ 45.656976345413852, 41.82198674055789 ], [ 45.657037415838687, 41.822096297713465 ], [ 45.657091210838246, 41.822206290955179 ], [ 45.657135243722131, 41.822311170969321 ], [ 45.657171652747138, 41.82241657014599 ], [ 45.657172419588704, 41.822418789557496 ], [ 45.657184157397801, 41.822462597618546 ], [ 45.657226461261011, 41.822704394764827 ], [ 45.657227168103631, 41.822711226041704 ], [ 45.657228474735589, 41.8228095592833 ], [ 45.657225806135578, 41.822853454269421 ], [ 45.657220881152128, 41.822894774488951 ], [ 45.657204726890335, 41.822974172492849 ], [ 45.657180431726466, 41.823053127096344 ], [ 45.657148086127485, 41.823127888212873 ], [ 45.657140070581825, 41.82314382310588 ], [ 45.65711141265129, 41.823196276491828 ], [ 45.657092876395872, 41.823227859773048 ], [ 45.657045625726255, 41.82329990588471 ], [ 45.656980931093877, 41.823384958607782 ], [ 45.656904616010507, 41.823473749855239 ], [ 45.656823878748504, 41.823558382642936 ], [ 45.656735168248154, 41.823644627256222 ], [ 45.656621775187098, 41.823746336302705 ], [ 45.656428173524084, 41.823908057120171 ], [ 45.656195697204318, 41.82408911499472 ], [ 45.655777369808384, 41.824402897036563 ], [ 45.655716832160309, 41.824447646545984 ], [ 45.655569665491413, 41.824558574032594 ], [ 45.655443826041861, 41.824657181618733 ], [ 45.655332050955231, 41.824749186045125 ], [ 45.655164381981102, 41.824891530677405 ], [ 45.655072961853314, 41.824974013765271 ], [ 45.654958725114774, 41.825084404991692 ], [ 45.654929247821187, 41.825114142644971 ], [ 45.654840082914902, 41.825208956610794 ], [ 45.654750519151754, 41.825315115139325 ], [ 45.654724165996726, 41.82534823142381 ], [ 45.654711072888951, 41.825365241683507 ], [ 45.65466233319124, 41.825432317181026 ], [ 45.654623687773935, 41.825491447807565 ], [ 45.654586207784618, 41.825554228570766 ], [ 45.654549668227972, 41.825621032737786 ], [ 45.654513678962289, 41.825692571373587 ], [ 45.654473917104994, 41.825783874564777 ], [ 45.654461916128547, 41.825813544941603 ], [ 45.654390272946557, 41.826013841812205 ], [ 45.654354925796291, 41.826129319479058 ], [ 45.654272345033398, 41.82642655742216 ], [ 45.654245193171235, 41.826524288056127 ], [ 45.654201056034424, 41.826673713104562 ], [ 45.654151620991634, 41.826821796557482 ], [ 45.654086470037839, 41.826984235468522 ], [ 45.654065505556133, 41.827030923088998 ], [ 45.654036436692103, 41.827090267376477 ], [ 45.653985988747451, 41.827180780976718 ], [ 45.653976252489819, 41.827197088413719 ], [ 45.653927334472357, 41.827273002140878 ], [ 45.653887018245449, 41.827328463608296 ], [ 45.653844560826499, 41.827381436941565 ], [ 45.653799874189573, 41.827432028920569 ], [ 45.653738211595794, 41.827496701572578 ], [ 45.653664598804113, 41.827571256987724 ], [ 45.653582170604778, 41.827648145758268 ], [ 45.653489631705554, 41.827728600169209 ], [ 45.653463754540638, 41.82774982977687 ], [ 45.653383125374191, 41.827815980081752 ], [ 45.653303501337263, 41.82787831740756 ], [ 45.653222965291825, 41.827938497314143 ], [ 45.653141657104328, 41.827996418127377 ], [ 45.653059695104858, 41.828051991806262 ], [ 45.652967009633429, 41.828111863219995 ], [ 45.652941199041969, 41.828128536654432 ], [ 45.652835138364956, 41.828193069391105 ], [ 45.652734767752698, 41.828249687780428 ], [ 45.652638080131702, 41.828299491271672 ], [ 45.65249615446502, 41.82836652061966 ], [ 45.652439764269985, 41.828390282225271 ], [ 45.652387009048361, 41.828410192534847 ], [ 45.652329776945514, 41.828429321229713 ], [ 45.652269940334207, 41.828447173100841 ], [ 45.652207688907133, 41.828463691224442 ], [ 45.652143279690449, 41.82847880838716 ], [ 45.652075142952313, 41.828492345253125 ], [ 45.652043029721646, 41.828497815490152 ], [ 45.651993335590824, 41.828505752519874 ], [ 45.651974856736111, 41.828508377532579 ], [ 45.65192194139312, 41.828515022315493 ], [ 45.651802118958763, 41.828527273454227 ], [ 45.651660343337277, 41.828534902397571 ], [ 45.651494726242206, 41.828536952436416 ], [ 45.651352683797235, 41.82853323385455 ], [ 45.651238527120775, 41.828526827866149 ], [ 45.65109559312701, 41.828515102408268 ], [ 45.650844991727666, 41.828490977371622 ], [ 45.65067406853187, 41.828472303558144 ], [ 45.650485758693442, 41.828446849406355 ], [ 45.650294610844163, 41.828417371430568 ], [ 45.649902401632538, 41.828353336697901 ], [ 45.649773489197884, 41.828333518644044 ], [ 45.649477524694653, 41.828291197551039 ], [ 45.649204852950156, 41.828258305742388 ], [ 45.649200136661591, 41.828257777575409 ], [ 45.649033107341459, 41.828241439110151 ], [ 45.648902805044713, 41.828231690409986 ], [ 45.648874046421021, 41.82822998214715 ], [ 45.648749943590275, 41.828223457839144 ], [ 45.648741910583709, 41.82822314113335 ], [ 45.648597718434992, 41.828219681675378 ], [ 45.648478921560198, 41.828220562286909 ], [ 45.648417928273048, 41.828222330606359 ], [ 45.648341614560813, 41.828225511182175 ], [ 45.648308528786501, 41.828227347088259 ], [ 45.648190404714683, 41.828236669348989 ], [ 45.648066250143081, 41.828251754785121 ], [ 45.647944197186433, 41.828271287534783 ], [ 45.647836565351284, 41.828293857899375 ], [ 45.647819134257787, 41.828297815656278 ], [ 45.647804021106396, 41.828301514450132 ], [ 45.64759268948989, 41.828355547650141 ], [ 45.647337406181791, 41.828421015607624 ], [ 45.647119324512126, 41.828479400270268 ], [ 45.646920617084326, 41.828535480427298 ], [ 45.646736794383145, 41.828590553228118 ], [ 45.646561870969592, 41.828646491639844 ], [ 45.64639681042226, 41.828703073214868 ], [ 45.646240199057537, 41.828760784214289 ], [ 45.646091176649435, 41.828819942950439 ], [ 45.645893231709103, 41.828898280228451 ], [ 45.645843969369849, 41.828921486925701 ], [ 45.645791742047521, 41.828950435040113 ], [ 45.645752671501292, 41.828976911534994 ], [ 45.645711898044567, 41.829008653099791 ], [ 45.645600981568272, 41.82910770457876 ], [ 45.645536807878429, 41.82917848819217 ], [ 45.645417164957252, 41.829319511021033 ], [ 45.645285563632868, 41.829477716663092 ], [ 45.645226041360154, 41.829554145595203 ], [ 45.645170448277511, 41.829629119432532 ], [ 45.645097442559411, 41.829736224877045 ], [ 45.645037592370294, 41.829829577660398 ], [ 45.644986328246553, 41.829916317089726 ], [ 45.644942579254405, 41.829998323519881 ], [ 45.644907587077228, 41.830072722200207 ], [ 45.644875164842936, 41.830149892265695 ], [ 45.644841426186964, 41.830238453495603 ], [ 45.644794065770988, 41.830371037506161 ], [ 45.644737129901941, 41.830543216305024 ], [ 45.644684314212739, 41.830727221383974 ], [ 45.644634727578989, 41.830926057036471 ], [ 45.644586290398145, 41.831148025758935 ], [ 45.644556745379234, 41.831300449981448 ], [ 45.644531020713806, 41.831451361217646 ], [ 45.6445166414832, 41.831549441141206 ], [ 45.64449108019874, 41.831748351750093 ], [ 45.644469100201619, 41.831994429235088 ], [ 45.644456410568935, 41.832243078280726 ], [ 45.64445312752207, 41.832487385466834 ], [ 45.644453194204019, 41.832500155929935 ], [ 45.644458197393568, 41.832711623511123 ], [ 45.644458996790675, 41.832733927234131 ], [ 45.644468983437918, 41.832874436868899 ], [ 45.644478659439919, 41.832958284243183 ], [ 45.644493333075097, 41.83305002241039 ], [ 45.64451364992901, 41.833154097137616 ], [ 45.644515543218837, 41.833162989801224 ], [ 45.644580849279848, 41.833486278758897 ], [ 45.64460898337213, 41.833656451508972 ], [ 45.644622633625431, 41.833797873657979 ], [ 45.644628330451567, 41.833897763848881 ], [ 45.64463090957706, 41.834028650647376 ], [ 45.644628634305697, 41.834124760360346 ], [ 45.644620910271698, 41.834211117395064 ], [ 45.644607308420767, 41.83428937331572 ], [ 45.644589992176137, 41.834360651745165 ], [ 45.644572569102714, 41.834414325052926 ], [ 45.644548800186023, 41.834468587890264 ], [ 45.644515674692613, 41.834531498475769 ], [ 45.64447080823556, 41.834603203481407 ], [ 45.64446890066484, 41.834605976589849 ], [ 45.644388963568723, 41.834716960919621 ], [ 45.644307657633426, 41.834826702717862 ], [ 45.644229982842006, 41.834925664491131 ], [ 45.644153608408438, 41.835016808165854 ], [ 45.644077509516428, 41.835101341007224 ], [ 45.644004194494691, 41.835177783535492 ], [ 45.64393609596668, 41.835244551321402 ], [ 45.643831021297821, 41.835338513601094 ], [ 45.643814600123171, 41.83535248612332 ], [ 45.643683570995883, 41.835459427623569 ], [ 45.643589873080963, 41.83553028997094 ], [ 45.643502728766322, 41.83559245902903 ], [ 45.643195951026328, 41.835798053987148 ], [ 45.642981489457043, 41.835931600675039 ], [ 45.642694982499656, 41.836105731526033 ], [ 45.642410935248797, 41.836278367173982 ], [ 45.642245593406244, 41.836382856316064 ], [ 45.642100168067572, 41.83647868186592 ], [ 45.641929696632999, 41.836599050402555 ], [ 45.64187839646064, 41.836636486800408 ], [ 45.641797750651769, 41.836696883519508 ], [ 45.641797545083065, 41.836697042288236 ], [ 45.641667694158137, 41.83680257342133 ], [ 45.641549945032068, 41.83690742884874 ], [ 45.6415054732499, 41.836950648072502 ], [ 45.641460914207499, 41.836997195801267 ], [ 45.641369564410233, 41.837102376464195 ], [ 45.64128056935747, 41.837215563614741 ], [ 45.641179828001327, 41.837351246952203 ], [ 45.641113726541001, 41.837440274963647 ], [ 45.641043554542932, 41.837531890808073 ], [ 45.640967363755379, 41.837624938061047 ], [ 45.64087679886071, 41.837721559227298 ], [ 45.640822397775167, 41.837776333542706 ], [ 45.640782235687567, 41.837812811120578 ], [ 45.640768364904162, 41.837825408938947 ], [ 45.640715875755923, 41.83786697298396 ], [ 45.640629211242015, 41.837925192164008 ], [ 45.640525041070745, 41.837985530041657 ], [ 45.640416172092173, 41.838037996809206 ], [ 45.640317864667999, 41.838082027314854 ], [ 45.640225140268093, 41.838119843407377 ], [ 45.640145777180287, 41.838148557383349 ], [ 45.640116593260586, 41.838158256494317 ], [ 45.640051944829011, 41.838178548046606 ], [ 45.640050363213554, 41.838179009905218 ], [ 45.639968232869158, 41.838200414800923 ], [ 45.639915643342782, 41.838209620094318 ], [ 45.639877866058569, 41.838214384426202 ], [ 45.63988511145191, 41.838256056628865 ], [ 45.639849664366331, 41.838222218981535 ], [ 45.639810450101216, 41.83822781992739 ], [ 45.639734087085721, 41.838233938512005 ], [ 45.639648461816506, 41.838236281613291 ], [ 45.63955324953956, 41.838235133834196 ], [ 45.639412134915304, 41.838230038020242 ], [ 45.63932963037076, 41.838225492177756 ], [ 45.639243722983522, 41.838218125351716 ], [ 45.639153535218618, 41.838207864057992 ], [ 45.639057350096074, 41.838194516986555 ], [ 45.638877549985899, 41.838164625501911 ], [ 45.638454699131692, 41.838086422093717 ], [ 45.638073533926395, 41.838017175257015 ], [ 45.637696423112338, 41.8379416926118 ], [ 45.637528499351646, 41.837902892840368 ], [ 45.637210011858834, 41.837820219059985 ], [ 45.637079396765486, 41.837788245101692 ], [ 45.636983760720831, 41.837767855284724 ], [ 45.634517910168334, 41.840537696444301 ], [ 45.630465903784582, 41.845155939914484 ], [ 45.628453740107666, 41.846301681935529 ], [ 45.628461546270209, 41.846317492177221 ], [ 45.628496347079611, 41.846398675928086 ], [ 45.628525427510766, 41.846478880402643 ], [ 45.628548535761091, 41.846557364819006 ], [ 45.628565610193853, 41.84663386471685 ], [ 45.628576568807311, 41.846708004061504 ], [ 45.62858137029265, 41.846779502967905 ], [ 45.628579351538967, 41.846864423375649 ], [ 45.628569239265566, 41.846952304493371 ], [ 45.628551108856705, 41.847042483002312 ], [ 45.628525125617422, 41.847134129364008 ], [ 45.628491470321677, 41.847226517532683 ], [ 45.628450584524145, 41.847318366113193 ], [ 45.628402985673453, 41.847408516688276 ], [ 45.628349344259121, 41.847495692914066 ], [ 45.628313328782873, 41.847547338855016 ], [ 45.628273352948028, 41.847599395543931 ], [ 45.628229476195244, 41.847651783391314 ], [ 45.628181778292756, 41.847704407384533 ], [ 45.62813032356172, 41.847757194211603 ], [ 45.62807527055687, 41.847809975473048 ], [ 45.628016774423017, 41.847862603503849 ], [ 45.62795504888787, 41.847914885284354 ], [ 45.62786204234375, 41.847986156941097 ], [ 45.627752956303823, 41.848059990588474 ], [ 45.627627004577889, 41.848137421760718 ], [ 45.627440361551784, 41.848245369906415 ], [ 45.627343144062088, 41.848299154835388 ], [ 45.627232286744245, 41.848356774529456 ], [ 45.626845703251348, 41.848546500358232 ], [ 45.6261852739106, 41.848875612122193 ], [ 45.625785324600045, 41.849069133374719 ], [ 45.625591880669432, 41.849159295518461 ], [ 45.625408438778258, 41.849242096519859 ], [ 45.625232048608268, 41.849318867487106 ], [ 45.625061111196402, 41.849390299873562 ], [ 45.624856237447133, 41.849470238062928 ], [ 45.624390731147052, 41.849642042519314 ], [ 45.624187849388306, 41.849722719856629 ], [ 45.62392970262119, 41.849832712618451 ], [ 45.623694802985746, 41.849936845705244 ], [ 45.623476684301721, 41.850037987914405 ], [ 45.623272628105113, 41.85013741144919 ], [ 45.623079517575903, 41.850236679768422 ], [ 45.622897331661122, 41.850335852486602 ], [ 45.622725117756119, 41.85043544911133 ], [ 45.622562257778689, 41.850535827907407 ], [ 45.622472887209767, 41.850594721685439 ], [ 45.62237652843725, 41.850662080965392 ], [ 45.622010351480291, 41.850933392681178 ], [ 45.621850056287258, 41.851046087840416 ], [ 45.621761008892264, 41.851102170077091 ], [ 45.621565371746463, 41.851215122806686 ], [ 45.621483048993646, 41.851265427472569 ], [ 45.621401457066362, 41.851321802339754 ], [ 45.621366688149621, 41.851349197417562 ], [ 45.621335312280458, 41.851376544406456 ], [ 45.621266862034261, 41.851442530437971 ], [ 45.621204358669246, 41.851508970632956 ], [ 45.621148574884309, 41.851575043901605 ], [ 45.621099937027928, 41.851640239061467 ], [ 45.621058855068362, 41.851703970261411 ], [ 45.621025372556097, 41.851766129191937 ], [ 45.620999614930753, 41.851826480102943 ], [ 45.620981651702934, 41.851884858699272 ], [ 45.620972231676738, 41.851938594910933 ], [ 45.620969457288233, 41.851995886218667 ], [ 45.62097329942516, 41.852057208341435 ], [ 45.620983814216871, 41.852123504891935 ], [ 45.620999095329232, 41.852188366999727 ], [ 45.621020555336706, 41.852261080283768 ], [ 45.621107223618417, 41.852509734544 ], [ 45.621158516415136, 41.852667702835348 ], [ 45.621190979310533, 41.852753623649413 ], [ 45.62120929925409, 41.852794231878541 ], [ 45.621228448692591, 41.852831171635131 ], [ 45.621248734481469, 41.852865030306361 ], [ 45.621270332927672, 41.852896100561033 ], [ 45.621293614528291, 41.852924699236361 ], [ 45.621319960116537, 41.852952470715898 ], [ 45.621349425683711, 41.852979474139794 ], [ 45.621382090257342, 41.853005783834867 ], [ 45.621418003674826, 41.853031445463628 ], [ 45.621457358879368, 41.853056602989142 ], [ 45.62150034014676, 41.853081376102367 ], [ 45.62154725397076, 41.853105940575318 ], [ 45.621623195939407, 41.853141671320586 ], [ 45.621710901828955, 41.853178640725289 ], [ 45.621810656130805, 41.853217238118987 ], [ 45.622105629015088, 41.853326607720717 ], [ 45.622194811115719, 41.853362822991635 ], [ 45.622271259920133, 41.853397082445376 ], [ 45.622573598081786, 41.853538554540933 ], [ 45.622857801810241, 41.853667601073575 ], [ 45.623129564065799, 41.853786805076687 ], [ 45.623391725371086, 41.853897407675653 ], [ 45.623706135536715, 41.854024572335895 ], [ 45.624012753836254, 41.854143082364054 ], [ 45.624183503088105, 41.854205762612018 ], [ 45.62436370342877, 41.854268538939024 ], [ 45.6245552576056, 41.854332078267689 ], [ 45.624761978880535, 41.85439764687515 ], [ 45.625144088141582, 41.854512982599587 ], [ 45.626035920961392, 41.85477310867725 ], [ 45.626259641681081, 41.854840794897207 ], [ 45.626460986270637, 41.854903921880606 ], [ 45.626648069225233, 41.854962317574689 ], [ 45.626846188038009, 41.855021346257416 ], [ 45.627057433070853, 41.85508163594411 ], [ 45.627285994081106, 41.855144382303941 ], [ 45.627711165741772, 41.855256237200443 ], [ 45.628724612514006, 41.855515229059684 ], [ 45.628987069191744, 41.855584556903999 ], [ 45.629222468790054, 41.855648818328241 ], [ 45.629457369121795, 41.855715560685681 ], [ 45.629676146547098, 41.855780680559086 ], [ 45.629882114125692, 41.855845166834825 ], [ 45.630077053106902, 41.855909579041857 ], [ 45.630327140372614, 41.855997956276916 ], [ 45.630561607868771, 41.856087843603717 ], [ 45.630782118368778, 41.856179880477718 ], [ 45.630887476778412, 41.856226844350992 ], [ 45.630989724300186, 41.856274507035479 ], [ 45.631089104251551, 41.856322986993391 ], [ 45.631185544038331, 41.856372253107203 ], [ 45.631279118729374, 41.856422343701041 ], [ 45.631369893729556, 41.856473294449714 ], [ 45.631457932034593, 41.85652514104077 ], [ 45.631543278463568, 41.85657790845319 ], [ 45.631625976684056, 41.856631627076027 ], [ 45.63170606789231, 41.856686321006833 ], [ 45.631819499625067, 41.856769013849991 ], [ 45.631931038117621, 41.856856883315324 ], [ 45.632040927432833, 41.856950120811184 ], [ 45.632149478586165, 41.857048987629675 ], [ 45.632256885985953, 41.85715364842968 ], [ 45.63236375529803, 41.857264678117907 ], [ 45.632470605083839, 41.857382614249623 ], [ 45.632578205136646, 41.857508302829309 ], [ 45.63266502750384, 41.857614634796406 ], [ 45.632753685667943, 41.857727507249201 ], [ 45.632845111811775, 41.857848105749504 ], [ 45.632941106406186, 41.857978799071539 ], [ 45.633114656471562, 41.858223356974591 ], [ 45.633525028771828, 41.858815166482493 ], [ 45.633636574312874, 41.858971616708146 ], [ 45.633739155575057, 41.85911148878025 ], [ 45.633847834950032, 41.859254543440024 ], [ 45.633952828603192, 41.859387038917738 ], [ 45.634055811554099, 41.859511088886158 ], [ 45.634157714020425, 41.859627805962276 ], [ 45.634425310905442, 41.859919767795517 ], [ 45.634731614810335, 41.860241515009989 ], [ 45.635027429202076, 41.860544298770492 ], [ 45.635722095069838, 41.861246898807273 ], [ 45.636054061471754, 41.861589131380974 ], [ 45.636346892754702, 41.861900751260102 ], [ 45.636479919401012, 41.862046680322202 ], [ 45.636605803943553, 41.862187967968929 ], [ 45.636832201880338, 41.862451783605493 ], [ 45.637076902489461, 41.862749939341967 ], [ 45.637303935806919, 41.863035359658682 ], [ 45.637826553407798, 41.863702055179466 ], [ 45.638083076141569, 41.864021762106866 ], [ 45.638319584359706, 41.864305618155441 ], [ 45.638542140461539, 41.864560278212295 ], [ 45.638678871200668, 41.864716059126813 ], [ 45.638828071069184, 41.86489277621682 ], [ 45.639343938411137, 41.865526566895191 ], [ 45.639552778233814, 41.865776711411236 ], [ 45.639665434941101, 41.865906662122335 ], [ 45.639772906407487, 41.866026497227701 ], [ 45.639877157956199, 41.866138406157837 ], [ 45.639979222297342, 41.86624348920428 ], [ 45.640104893064219, 41.866366448815114 ], [ 45.640229491060552, 41.866481110882361 ], [ 45.640353850466219, 41.866588240841637 ], [ 45.64047853760259, 41.866688325506644 ], [ 45.640604208202667, 41.866781875508195 ], [ 45.640731072125575, 41.866869034682395 ], [ 45.640859462958382, 41.866950029036538 ], [ 45.640989642599465, 41.867025024630799 ], [ 45.641154917251001, 41.867112947984531 ], [ 45.641325778631405, 41.867198226123591 ], [ 45.641501535252104, 41.867280513421278 ], [ 45.64168149220832, 41.867359484989201 ], [ 45.641864917289112, 41.867434821555442 ], [ 45.642051164381861, 41.867506259213293 ], [ 45.642239562118192, 41.867573539605345 ], [ 45.642429471970964, 41.867636435718637 ], [ 45.642619795130265, 41.867694602428521 ], [ 45.642810426565809, 41.867748024108749 ], [ 45.643000809204089, 41.867796547158399 ], [ 45.643190438004851, 41.86784004020582 ], [ 45.643378774314229, 41.867878384680601 ], [ 45.643565435333926, 41.867911503474367 ], [ 45.643750006964247, 41.867939322358758 ], [ 45.643932118680496, 41.867961786678563 ], [ 45.644069394549007, 41.867974407327949 ], [ 45.644214089114307, 41.867983027705051 ], [ 45.644367749317198, 41.867987745382763 ], [ 45.644533477724281, 41.867988658200289 ], [ 45.644677229756489, 41.867986691272208 ], [ 45.644838128999552, 41.867982246485781 ], [ 45.645531686632751, 41.867955381016777 ], [ 45.645696168488257, 41.86795181016798 ], [ 45.645844915078563, 41.867951045829223 ], [ 45.646161857448142, 41.86795140035489 ], [ 45.646512220765352, 41.867949814946563 ], [ 45.647991074574563, 41.867934556829667 ], [ 45.648645511348732, 41.867931703687553 ], [ 45.649002505172852, 41.867933306677692 ], [ 45.649334993753584, 41.867937561814486 ], [ 45.649649577635103, 41.86794455356543 ], [ 45.649949553259162, 41.867954360695599 ], [ 45.650288594837676, 41.867969690390218 ], [ 45.650613514349594, 41.867989189080433 ], [ 45.650926390514833, 41.868012983809059 ], [ 45.651228596926281, 41.868041180371343 ], [ 45.651521636558932, 41.868073928844808 ], [ 45.651805981249545, 41.868111292371324 ], [ 45.652082357426139, 41.868153367767015 ], [ 45.652351317872167, 41.868200239315343 ], [ 45.652773753695733, 41.868281116864097 ], [ 45.65317366073964, 41.868362678510515 ], [ 45.6535551359717, 41.868445761325624 ], [ 45.653920265013923, 41.868530821971902 ], [ 45.654271434780092, 41.868618437853733 ], [ 45.654608838760602, 41.868708678249298 ], [ 45.654933294943042, 41.868801761083262 ], [ 45.655245344758484, 41.868897843697304 ], [ 45.655546994141986, 41.868997597458481 ], [ 45.655836888296797, 41.869100631183713 ], [ 45.656115298138467, 41.869207043389636 ], [ 45.656382428071538, 41.869316909549262 ], [ 45.656511840068418, 41.869373170321062 ], [ 45.656638489885871, 41.869430320399637 ], [ 45.656762394464785, 41.86948836690258 ], [ 45.656883567121866, 41.869547316067397 ], [ 45.65700202479772, 41.86960717501124 ], [ 45.657117773569958, 41.869667949111793 ], [ 45.657230827959815, 41.86972964459887 ], [ 45.657341195231083, 41.869792265041582 ], [ 45.657438869504979, 41.869850100669268 ], [ 45.657537002726329, 41.869910842783895 ], [ 45.65763580589924, 41.869974619873943 ], [ 45.65773555198956, 41.870041609609679 ], [ 45.657836410825041, 41.870111919998067 ], [ 45.657938937038629, 41.870185933349873 ], [ 45.658151203733986, 41.870346676572211 ], [ 45.658321584507604, 41.870482134219095 ], [ 45.658507171571912, 41.870634904665721 ], [ 45.658697250641005, 41.870795419213749 ], [ 45.659219169086427, 41.871241538931834 ], [ 45.659380494279795, 41.871376338124414 ], [ 45.659526722056498, 41.871495534837287 ], [ 45.659722697005435, 41.871655159952745 ], [ 45.659937693375255, 41.871834462470922 ], [ 45.660684529860781, 41.872471426647003 ], [ 45.660983714463171, 41.872722606161638 ], [ 45.66114441827925, 41.872854384625533 ], [ 45.661296501669142, 41.87297645813387 ], [ 45.66144281393769, 41.87309110884668 ], [ 45.661584835947238, 41.873199496437714 ], [ 45.661954789451229, 41.873476809616555 ], [ 45.662237876519981, 41.873685721413082 ], [ 45.662496556135288, 41.873872319352849 ], [ 45.662736976890429, 41.874040871570017 ], [ 45.662973175626021, 41.874200965947885 ], [ 45.663200849540338, 41.874349408331739 ], [ 45.663422638553548, 41.87448792093457 ], [ 45.663640099871337, 41.874617470229033 ], [ 45.663841068021178, 41.874730967960048 ], [ 45.664055269965331, 41.874845612838691 ], [ 45.66428494047895, 41.874962609583129 ], [ 45.664534581641227, 41.875084254001415 ], [ 45.664749802260118, 41.875185558017222 ], [ 45.664990729117243, 41.87529609335742 ], [ 45.665857121568173, 41.875683892981414 ], [ 45.66620361659178, 41.875841815344224 ], [ 45.666451454732801, 41.875954064732902 ], [ 45.666728752168702, 41.876074805293136 ], [ 45.667017279813784, 41.876196797647758 ], [ 45.667814903145057, 41.876529313512087 ], [ 45.668056924531911, 41.876632863854446 ], [ 45.668272366350848, 41.876727644424037 ], [ 45.668517382938056, 41.876839533764709 ], [ 45.668742867441431, 41.876947496772829 ], [ 45.668953281800334, 41.877053673706911 ], [ 45.669150837060918, 41.877159190225477 ], [ 45.669429083241923, 41.877315692776897 ], [ 45.669706423816962, 41.87747847766336 ], [ 45.669982572702352, 41.877647378132771 ], [ 45.670257215818033, 41.877822201479482 ], [ 45.670530064515212, 41.878002767461844 ], [ 45.6708007219991, 41.878188811808734 ], [ 45.671068814455936, 41.878380079125193 ], [ 45.671333935166054, 41.87857627998622 ], [ 45.671439758444812, 41.878657376323588 ], [ 45.671545906936906, 41.878741422185314 ], [ 45.67176016039118, 41.878919143933636 ], [ 45.671978958022223, 41.879111306291136 ], [ 45.672206619328342, 41.879321695619637 ], [ 45.67240047092038, 41.879508102825845 ], [ 45.672612770931011, 41.879718352499033 ], [ 45.673299590548737, 41.880417401231625 ], [ 45.673553356725321, 41.880671798653367 ], [ 45.673805599951265, 41.88091675361504 ], [ 45.674039321428552, 41.88113412806139 ], [ 45.674169612030369, 41.881254055990809 ], [ 45.674312991684381, 41.881389324729163 ], [ 45.674939743903678, 41.881992299360114 ], [ 45.67510139580417, 41.882142672158189 ], [ 45.675250301222945, 41.882276621046685 ], [ 45.675437657196802, 41.882437476529226 ], [ 45.675618041240782, 41.882583068391391 ], [ 45.675795057345134, 41.882716299961473 ], [ 45.675882904504171, 41.882778733179606 ], [ 45.675970582264327, 41.882838571571916 ], [ 45.676114383982892, 41.882931205526063 ], [ 45.67626924984701, 41.88302424519815 ], [ 45.676436815088913, 41.883118685167496 ], [ 45.676620429832283, 41.883216413276173 ], [ 45.676782229091522, 41.883298764481587 ], [ 45.676964841576961, 41.883388679154365 ], [ 45.677562461917425, 41.883674026472704 ], [ 45.677774193771917, 41.883776736000776 ], [ 45.67797346282746, 41.883876620331037 ], [ 45.678151000468375, 41.883969580335467 ], [ 45.678522879751256, 41.884171643056249 ], [ 45.678933585761357, 41.884399641518414 ], [ 45.680315624467156, 41.885182281972163 ], [ 45.680845754496673, 41.885478786678746 ], [ 45.681091612947782, 41.885616369105882 ], [ 45.681364062179419, 41.885771930181363 ], [ 45.68223069617008, 41.886275894772687 ], [ 45.682533434826055, 41.886450378271874 ], [ 45.682817037180676, 41.886610845821629 ], [ 45.683076323343585, 41.886753991366405 ], [ 45.683405702892244, 41.8869295777262 ], [ 45.683717445921815, 41.887088032775083 ], [ 45.684017824846364, 41.887232541020879 ], [ 45.684164782806199, 41.887300060323987 ], [ 45.684310043855213, 41.887364633526374 ], [ 45.684594033984744, 41.887485774366866 ], [ 45.684891280241274, 41.887606791308329 ], [ 45.685203369859849, 41.887728334973524 ], [ 45.685532885900351, 41.887851411189438 ], [ 45.685878389468833, 41.887975585266545 ], [ 45.686250374866979, 41.888104722201454 ], [ 45.686656917281191, 41.888241660121857 ], [ 45.687127538093577, 41.888396350136141 ], [ 45.687319860977347, 41.888457578304291 ], [ 45.687521132940383, 41.888518929104357 ], [ 45.68773299386234, 41.888580904252926 ], [ 45.687958391727342, 41.888644367793553 ], [ 45.688194405455171, 41.888708595894684 ], [ 45.688456120695946, 41.888777784373914 ], [ 45.689501235356495, 41.889045969249374 ], [ 45.689950680639598, 41.889164569378515 ], [ 45.690194552417047, 41.889231589581598 ], [ 45.690421107458683, 41.889296183377255 ], [ 45.690634854410995, 41.889359638741126 ], [ 45.690838050915133, 41.889422628479068 ], [ 45.691005350123078, 41.889474518663299 ], [ 45.691193271688462, 41.889530587013112 ], [ 45.691855984101331, 41.889721081219264 ], [ 45.692116608814125, 41.889797928157989 ], [ 45.692379571734513, 41.889879717730828 ], [ 45.692612127344525, 41.889957522668325 ], [ 45.692746842890429, 41.890005731212227 ], [ 45.692874502025447, 41.890054027207135 ], [ 45.692995974975275, 41.890102740476891 ], [ 45.69311182226145, 41.890152096429865 ], [ 45.693222649433615, 41.890202359829296 ], [ 45.693328635816222, 41.890253616972615 ], [ 45.693430063761006, 41.890306006673882 ], [ 45.693527144176024, 41.890359637553956 ], [ 45.693644977396566, 41.890430475622225 ], [ 45.69376372277474, 41.890508834112339 ], [ 45.693884619839523, 41.890595523345795 ], [ 45.694010010789327, 41.890692217929001 ], [ 45.694117695419962, 41.890780068474939 ], [ 45.69423533046605, 41.890880117873373 ], [ 45.69462515321252, 41.891224739003974 ], [ 45.69477498846485, 41.891354114535218 ], [ 45.694928452312766, 41.891480124597265 ], [ 45.695071333486538, 41.891589484651441 ], [ 45.69515847733507, 41.891656678121997 ], [ 45.695251036759615, 41.891734156887658 ], [ 45.695350044529427, 41.89182277842994 ], [ 45.695457552954551, 41.891924375788527 ], [ 45.695657676533912, 41.892123902797834 ], [ 45.69615187633876, 41.892633151398435 ], [ 45.696285198630953, 41.892765190148324 ], [ 45.696405365518494, 41.892879275179581 ], [ 45.69652632598531, 41.892987920588084 ], [ 45.696639610518787, 41.893082694282363 ], [ 45.696746873425539, 41.893164976892798 ], [ 45.6968489970603, 41.893235438589656 ], [ 45.696914568175671, 41.893276085381743 ], [ 45.696978302658366, 41.893311778755994 ], [ 45.697040326612985, 41.893342588202849 ], [ 45.697100735776125, 41.893368561780576 ], [ 45.697159635479451, 41.89338974298542 ], [ 45.697217074089679, 41.893406146837663 ], [ 45.697273114468182, 41.893417790971355 ], [ 45.697327807354725, 41.893424686789274 ], [ 45.697381273342707, 41.893426839865775 ], [ 45.697433472505615, 41.893424237835603 ], [ 45.697484443394217, 41.893416879565677 ], [ 45.697534213672185, 41.893404760386204 ], [ 45.697582818206598, 41.893387872881497 ], [ 45.697630273764815, 41.893366207944446 ], [ 45.697676604356687, 41.893339757324398 ], [ 45.697721827916709, 41.893308508304301 ], [ 45.697760084760922, 41.893277003474125 ], [ 45.697856336144355, 41.893187507433645 ], [ 45.697901676846477, 41.893149652070854 ], [ 45.697945370437296, 41.893119066151321 ], [ 45.6979905794323, 41.893092262851027 ], [ 45.698037326592384, 41.893069228519686 ], [ 45.698085638295012, 41.893049949485032 ], [ 45.698135538566241, 41.893034417492913 ], [ 45.698187064632819, 41.893022618804778 ], [ 45.69824025378086, 41.893014545085691 ], [ 45.698295146942513, 41.893010190680378 ], [ 45.698351704271396, 41.893009548623269 ], [ 45.698410064305989, 41.893012609963272 ], [ 45.698470289765098, 41.893019377018142 ], [ 45.698532455490557, 41.893029858336391 ], [ 45.698596625476654, 41.893044062532326 ], [ 45.698662925398267, 41.89306201675884 ], [ 45.698731474943699, 41.89308375180763 ], [ 45.69880242897397, 41.893109318070742 ], [ 45.698920079664958, 41.893157769082144 ], [ 45.699045218864427, 41.893216397962235 ], [ 45.699179181777879, 41.893285820725147 ], [ 45.699324663419134, 41.893367430485441 ], [ 45.699451755858014, 41.893442818514757 ], [ 45.699594534227344, 41.893530822083072 ], [ 45.700057812130751, 41.893826088318171 ], [ 45.700221088591924, 41.893928431893499 ], [ 45.700374187386771, 41.894021024442914 ], [ 45.700511724611253, 41.894100098898818 ], [ 45.700636889335406, 41.894167599334068 ], [ 45.700754026195412, 41.894225973434338 ], [ 45.700864633260693, 41.894275969549916 ], [ 45.700969558410897, 41.894317963510275 ], [ 45.701482539790057, 41.894506639866037 ], [ 45.702687942697111, 41.894943828409374 ], [ 45.703275240574122, 41.895161761538077 ], [ 45.704654297424568, 41.895677549386463 ], [ 45.705022643691301, 41.895817945616798 ], [ 45.705350868335714, 41.89594580201959 ], [ 45.705696553399726, 41.896084262814597 ], [ 45.70601774394013, 41.896217347519134 ], [ 45.706320183708087, 41.896347439324423 ], [ 45.706606826845707, 41.8964758135713 ], [ 45.706741471649835, 41.89654077301585 ], [ 45.70687982297946, 41.896614195649569 ], [ 45.707023115254664, 41.896696728649403 ], [ 45.707173625762046, 41.89678968196506 ], [ 45.707316877106955, 41.896883184172978 ], [ 45.707474210477734, 41.896990332941478 ], [ 45.708051824622487, 41.897399918051626 ], [ 45.708291143765443, 41.897564124998297 ], [ 45.708421590379785, 41.897649180798901 ], [ 45.7085442124122, 41.897725311301599 ], [ 45.70866144595508, 41.897794023639392 ], [ 45.7087745358725, 41.897856045096496 ], [ 45.708912627672255, 41.897925480469524 ], [ 45.709046976844732, 41.897985786122867 ], [ 45.709178569496515, 41.8980374018143 ], [ 45.709308060600378, 41.898080583803072 ], [ 45.709372290548281, 41.898099097618342 ], [ 45.709436189217868, 41.898115560805458 ], [ 45.709499806146205, 41.898129983866959 ], [ 45.709563189684935, 41.898142379114049 ], [ 45.709626386940542, 41.898152755262792 ], [ 45.709689429308732, 41.898161117523507 ], [ 45.709752354192617, 41.898167469268003 ], [ 45.709815194193496, 41.89817181569903 ], [ 45.709924831737048, 41.898175363006601 ], [ 45.710038704301979, 41.898174551775519 ], [ 45.710156891435027, 41.898169382401925 ], [ 45.710279507579607, 41.898159849661297 ], [ 45.710406621409739, 41.898145952213909 ], [ 45.71053847011212, 41.898127665159677 ], [ 45.710675266721978, 41.898104960143606 ], [ 45.710817332503488, 41.898077784721522 ], [ 45.710960881991532, 41.898047005342974 ], [ 45.71111034853373, 41.89801180735823 ], [ 45.711266449947296, 41.897972024176568 ], [ 45.711430500119477, 41.897927320685689 ], [ 45.711599457065233, 41.897878641596485 ], [ 45.711781555870942, 41.897823717479639 ], [ 45.712233880610007, 41.897680231906818 ], [ 45.712364181608237, 41.8976361714288 ], [ 45.712493132520223, 41.897588557909828 ], [ 45.712620796956053, 41.8975373675421 ], [ 45.712747244513068, 41.897482572877564 ], [ 45.712872536360457, 41.897424147420885 ], [ 45.712996767239453, 41.897362048255758 ], [ 45.713120023442904, 41.897296231617247 ], [ 45.713242400826644, 41.897226646475197 ], [ 45.713363820424561, 41.897153348264041 ], [ 45.713484586475587, 41.897076162166762 ], [ 45.713604827049707, 41.896995007229336 ], [ 45.713724690487638, 41.896909782556271 ], [ 45.713844297594321, 41.896820404535532 ], [ 45.713963883921878, 41.896726701475622 ], [ 45.71408366214682, 41.896628504528245 ], [ 45.714203896254574, 41.896525597690051 ], [ 45.714371539118211, 41.896374995061784 ], [ 45.71454169736122, 41.896213926898298 ], [ 45.714715679569558, 41.896041160124504 ], [ 45.71489572479917, 41.895854475929376 ], [ 45.71508802544691, 41.895647277003349 ], [ 45.715296870997832, 41.895414760281689 ], [ 45.71551570730702, 41.895165070788806 ], [ 45.716132959997495, 41.894452407606231 ], [ 45.716327017466604, 41.894233572392295 ], [ 45.71650325690522, 41.894039870593211 ], [ 45.716710417258852, 41.893820030671584 ], [ 45.716907921217093, 41.893619765596924 ], [ 45.717099733537772, 41.893435066072485 ], [ 45.717287895052976, 41.893263976622634 ] ] ] ] } }
]
}
