{
"type": "FeatureCollection",
"name": "მანავი",
"crs": { "type": "name", "properties": { "name": "urn:ogc:def:crs:OGC:1.3:CRS84" } },
"features": [
{ "type": "Feature", "properties": { "OBJECTID": 7, "NAME_GEO": "მანავი", "NAME_ENG": "Manavi", "Location": "Kakheti", "MoreInfo": "https://www.sakpatenti.gov.ge/media/django-summernote/2025-11-18/642cca3e-9950-42f6-8b9b-a23d9790a4cc.pdf" }, "geometry": { "type": "MultiPolygon", "coordinates": [ [ [ [ 45.570415372890473, 41.683687692149668 ], [ 45.570245299808278, 41.68351599858083 ], [ 45.57002423465449, 41.683292826221141 ], [ 45.569885319017729, 41.68315039389865 ], [ 45.569754428102733, 41.683011542481694 ], [ 45.569642536159137, 41.682886858609542 ], [ 45.569534576465159, 41.682758274873756 ], [ 45.569442252814696, 41.682638175724719 ], [ 45.569364040859213, 41.682524572775847 ], [ 45.569299213759379, 41.682416395108042 ], [ 45.569269994008231, 41.682360750673546 ], [ 45.569244372649173, 41.682306313375818 ], [ 45.569222308068127, 41.682252997855812 ], [ 45.569203774437213, 41.682200737590911 ], [ 45.569188744680027, 41.682149460659993 ], [ 45.569177209996354, 41.682099123873947 ], [ 45.569169157942369, 41.682049679557728 ], [ 45.569164582153228, 41.682001088112351 ], [ 45.569163479448108, 41.681953262184976 ], [ 45.569165857178746, 41.681906218852831 ], [ 45.569171715067711, 41.681859927492923 ], [ 45.569181056466014, 41.681814360166101 ], [ 45.569193888345048, 41.681769490716356 ], [ 45.569210217724034, 41.681725298391434 ], [ 45.569230050412983, 41.681681761543999 ], [ 45.569253395858162, 41.681638862111242 ], [ 45.569305784758399, 41.681554223944808 ], [ 45.569365192582133, 41.681466035503796 ], [ 45.569430230519309, 41.681376358181588 ], [ 45.569499618871525, 41.681286953796914 ], [ 45.569549257245413, 41.681227009545964 ], [ 45.569556471200507, 41.681164086104509 ], [ 45.569569307010156, 41.680944488420892 ], [ 45.569577893603359, 41.680738435073003 ], [ 45.569582373554653, 41.680542469325438 ], [ 45.569582781668061, 41.680354811200552 ], [ 45.569579103720599, 41.680173435068646 ], [ 45.569571308766761, 41.679998097891058 ], [ 45.56955936380664, 41.679828051339356 ], [ 45.569543233034878, 41.679662774077897 ], [ 45.569531724067922, 41.679536844927 ], [ 45.569506529055182, 41.679174177398167 ], [ 45.56949411592349, 41.679063142383761 ], [ 45.569478526389922, 41.678965073542869 ], [ 45.569454535107027, 41.678858134682166 ], [ 45.569424297071357, 41.678761220164859 ], [ 45.569406651052184, 41.678715919808226 ], [ 45.569387260996187, 41.678672576329113 ], [ 45.569366076695509, 41.678631081889939 ], [ 45.569343057775676, 41.678591353824245 ], [ 45.569306621350016, 41.678536372005517 ], [ 45.569265058315573, 41.678481374134797 ], [ 45.569218348007908, 41.678426331486051 ], [ 45.5691664601041, 41.678371209976099 ], [ 45.569109376382535, 41.678315985368883 ], [ 45.569047024147139, 41.678260586860333 ], [ 45.5689793355793, 41.678204951727736 ], [ 45.568906201792068, 41.678148992230831 ], [ 45.56882874812721, 41.678093480104145 ], [ 45.568745677750194, 41.678037403050979 ], [ 45.568656724781555, 41.677980581331454 ], [ 45.568561413195198, 41.677922710143932 ], [ 45.568460269212828, 41.677864059785527 ], [ 45.568350936472818, 41.677803220569558 ], [ 45.56809520130836, 41.677668104490998 ], [ 45.567995883696639, 41.677619905565138 ], [ 45.567891513024009, 41.677574982191707 ], [ 45.56778186256507, 41.677533237299372 ], [ 45.567666626121863, 41.677494553491513 ], [ 45.567545608393992, 41.677458855155244 ], [ 45.567418151601238, 41.67742593745534 ], [ 45.567283644027832, 41.677395642162224 ], [ 45.567141133450825, 41.677367753275583 ], [ 45.567020250737421, 41.677346965912086 ], [ 45.566892382877583, 41.677327388305095 ], [ 45.56675619689527, 41.677308814436529 ], [ 45.566609050103153, 41.677290881708217 ], [ 45.566332517235026, 41.677261453830774 ], [ 45.56564901030454, 41.677195629820176 ], [ 45.565462172634746, 41.677175183418434 ], [ 45.565295036876364, 41.677154581262933 ], [ 45.565118416297103, 41.677129609308665 ], [ 45.564954762810942, 41.67710272868328 ], [ 45.564801320016613, 41.677073485518086 ], [ 45.564656655813401, 41.67704160226473 ], [ 45.564397609404374, 41.67697688036953 ], [ 45.564111136352579, 41.676898649417581 ], [ 45.563840712198335, 41.676820398463299 ], [ 45.563210733848109, 41.676633313611838 ], [ 45.562902815933306, 41.676545659690881 ], [ 45.562621051109808, 41.676471133606206 ], [ 45.562362461555182, 41.676409402446595 ], [ 45.5619696289722, 41.676322741536794 ], [ 45.56163265460259, 41.67625177686935 ], [ 45.561322665021365, 41.676190437742626 ], [ 45.561032572008642, 41.676137365574192 ], [ 45.5607526151597, 41.676090884172766 ], [ 45.560484391946034, 41.676051377632334 ], [ 45.560225596252437, 41.676018506899162 ], [ 45.559974816019846, 41.675992095171679 ], [ 45.559809894031616, 41.675978103487836 ], [ 45.559637093951324, 41.675966394504378 ], [ 45.559454691936516, 41.675956848675831 ], [ 45.559259322538878, 41.675949287778934 ], [ 45.558877837292314, 41.675940312391603 ], [ 45.558067066308745, 41.675929880298689 ], [ 45.557708582355041, 41.675924572334644 ], [ 45.557350204706545, 41.67592127492906 ], [ 45.556992009029663, 41.675919989517681 ], [ 45.556634069781722, 41.675920716642366 ], [ 45.556276463807272, 41.675923455032908 ], [ 45.555919263161094, 41.675928205244652 ], [ 45.555562542285266, 41.675934966020819 ], [ 45.555206372010261, 41.67594373522239 ], [ 45.554894226909532, 41.675953383337898 ], [ 45.554571041648565, 41.675965493284259 ], [ 45.554234727608097, 41.675980139891621 ], [ 45.55388181882622, 41.675997474855059 ], [ 45.553120890702672, 41.676040311425936 ], [ 45.552156182556551, 41.67610141763155 ], [ 45.551815564917796, 41.676125471370007 ], [ 45.551459975706017, 41.676154081485997 ], [ 45.551085695423652, 41.676187543094848 ], [ 45.550685367397108, 41.676226511854324 ], [ 45.549948338117559, 41.676304574897081 ], [ 45.548204363827352, 41.676499310025108 ], [ 45.547747290711044, 41.676547295933695 ], [ 45.547334083454828, 41.676587878940239 ], [ 45.54691281253244, 41.676625703020953 ], [ 45.54651570801871, 41.676657358755961 ], [ 45.546136590587786, 41.67668333692405 ], [ 45.54577210316031, 41.676703865312419 ], [ 45.545169294616066, 41.676736556084592 ], [ 45.543778336018576, 41.676818926165545 ], [ 45.543126627531194, 41.676852691452623 ], [ 45.542741110426604, 41.676868987986758 ], [ 45.542381633685523, 41.676880854934069 ], [ 45.542041096628353, 41.676888525084983 ], [ 45.541715954599461, 41.676892072960804 ], [ 45.54136321119811, 41.676891153593537 ], [ 45.541024075471384, 41.676884989088236 ], [ 45.540696542029835, 41.676873541261777 ], [ 45.540379268577766, 41.676856762481698 ], [ 45.540070777917791, 41.676834564298687 ], [ 45.539770593989758, 41.676806902182086 ], [ 45.539477989451434, 41.676773709355288 ], [ 45.539192408783371, 41.676734921829443 ], [ 45.538720369040583, 41.676665412528756 ], [ 45.538431810024434, 41.67662059508875 ], [ 45.538165889863585, 41.676575542117327 ], [ 45.537927321972553, 41.676530585691275 ], [ 45.537695412064146, 41.676481382283825 ], [ 45.537480400341465, 41.676429598103901 ], [ 45.537279424126595, 41.676374543171846 ], [ 45.537090966149137, 41.676315795912195 ], [ 45.536943048326954, 41.676264264614971 ], [ 45.536794551889159, 41.6762078440564 ], [ 45.536645353937132, 41.676146487070064 ], [ 45.536495300196322, 41.676080129521921 ], [ 45.536344276187748, 41.676008725105454 ], [ 45.53619200937753, 41.675932146286129 ], [ 45.536038256119362, 41.675850271698152 ], [ 45.535882689429265, 41.675762926320019 ], [ 45.535727174967917, 41.675671252559248 ], [ 45.535569020084452, 41.675573755169367 ], [ 45.535407619867144, 41.6754700631611 ], [ 45.535242034696729, 41.675359572014045 ], [ 45.535072470447396, 41.675242470801699 ], [ 45.534895540756025, 41.675116466738054 ], [ 45.534708542457011, 41.67497964934163 ], [ 45.534503894867406, 41.674826476600423 ], [ 45.534329106701485, 41.674690551144515 ], [ 45.534152982049314, 41.674545894710327 ], [ 45.533974567849157, 41.674391724495379 ], [ 45.533792344468921, 41.674226730702863 ], [ 45.53360724426512, 41.674051929493203 ], [ 45.533413030672016, 41.673861590634033 ], [ 45.533205264422769, 41.673651431063178 ], [ 45.532966416230856, 41.673403731190319 ], [ 45.53284636771609, 41.673280122646894 ], [ 45.532555702282941, 41.672987634545962 ], [ 45.532425312230984, 41.672854012498419 ], [ 45.532291547564419, 41.672711420408334 ], [ 45.532177239528608, 41.672582165909773 ], [ 45.532062211939241, 41.672441190034391 ], [ 45.532011061235849, 41.672373412119178 ], [ 45.531963822650802, 41.672307008576773 ], [ 45.531920272464866, 41.672241656190486 ], [ 45.53188034495809, 41.672177253488066 ], [ 45.531843943890202, 41.672113639690849 ], [ 45.53181099735874, 41.672050691737212 ], [ 45.531756410793058, 41.671933933471905 ], [ 45.53170689643963, 41.671812803967384 ], [ 45.53166258910241, 41.671687628664785 ], [ 45.531623619176528, 41.671558781663705 ], [ 45.531590098871298, 41.67142661733169 ], [ 45.531562157209414, 41.67129163587353 ], [ 45.531539895410752, 41.67115431690555 ], [ 45.531523399520559, 41.671015194156354 ], [ 45.531512714274371, 41.67087445296859 ], [ 45.531507937678512, 41.670733059356678 ], [ 45.531509090430148, 41.670591635619054 ], [ 45.531516166998756, 41.67045082849387 ], [ 45.531529136576474, 41.670311278530271 ], [ 45.531547937406067, 41.67017366064691 ], [ 45.531572479941055, 41.670038630074423 ], [ 45.531602648077452, 41.669906825952673 ], [ 45.531632393503997, 41.66980294051001 ], [ 45.531669316627017, 41.66969776265686 ], [ 45.531713483106678, 41.669591101131083 ], [ 45.531764996573457, 41.669482707748436 ], [ 45.531823922912913, 41.669372419164851 ], [ 45.531890519810972, 41.669259731577839 ], [ 45.531965053786685, 41.669144193383289 ], [ 45.532047958878039, 41.669025127921437 ], [ 45.532127605431491, 41.668917681386318 ], [ 45.532214740371373, 41.668806006393304 ], [ 45.532310243202986, 41.668688965753255 ], [ 45.532415966696483, 41.668564288268044 ], [ 45.532589967148297, 41.668366673324293 ], [ 45.533017746113423, 41.667895077606524 ], [ 45.533205276304088, 41.667683077607485 ], [ 45.533401420603077, 41.667458573232473 ], [ 45.533578675395148, 41.667260541741172 ], [ 45.533746282161751, 41.667078664955895 ], [ 45.53390736181418, 41.666909590374594 ], [ 45.53406590828336, 41.666749215627334 ], [ 45.534221659193591, 41.666597904932779 ], [ 45.53437573598346, 41.666454571330725 ], [ 45.534528865851378, 41.66631853681114 ], [ 45.534616630562404, 41.666244994186989 ], [ 45.53471170667838, 41.666170271771861 ], [ 45.53481508350572, 41.666093588528142 ], [ 45.534928782199543, 41.666013440741054 ], [ 45.535144531408449, 41.665869479480087 ], [ 45.535665918144318, 41.665534117731923 ], [ 45.535799978580606, 41.665444107729144 ], [ 45.535918313017788, 41.665361098293531 ], [ 45.536036005580037, 41.665273872780752 ], [ 45.536142816465869, 41.665189280255923 ], [ 45.536240423543774, 41.665105987969774 ], [ 45.536329696327854, 41.665023249699395 ], [ 45.536447833654591, 41.664914642318571 ], [ 45.536711546694207, 41.664686988581373 ], [ 45.536822833412039, 41.664587463182968 ], [ 45.536929914565917, 41.664483901402775 ], [ 45.536974962116886, 41.664436315151498 ], [ 45.537015062213364, 41.664390783110257 ], [ 45.537057059590666, 41.664338394954711 ], [ 45.537092676765063, 41.664288090227842 ], [ 45.537122116759576, 41.664239580658794 ], [ 45.537145492132929, 41.664192677476905 ], [ 45.53716289609703, 41.66414717668868 ], [ 45.53717434136145, 41.664103016088106 ], [ 45.537179854786345, 41.664060101877098 ], [ 45.53717944417032, 41.664018359260723 ], [ 45.537172542781853, 41.663972032616847 ], [ 45.53715925676012, 41.66392348492419 ], [ 45.537139619696433, 41.663872853832906 ], [ 45.537113701508524, 41.663820311950182 ], [ 45.537081559826646, 41.663765998613265 ], [ 45.537043369018292, 41.663710224649485 ], [ 45.536999328494275, 41.663653279151319 ], [ 45.536949721192435, 41.663595529182651 ], [ 45.536893821991484, 41.663536295381419 ], [ 45.536833023284942, 41.663477196124902 ], [ 45.536767933010289, 41.663418826641056 ], [ 45.536699345043388, 41.663361898383314 ], [ 45.536627994897671, 41.663307038412043 ], [ 45.536555127827, 41.663255218184858 ], [ 45.536481912255375, 41.663207270811057 ], [ 45.536409609024602, 41.663164021765773 ], [ 45.536355615757323, 41.663135476974915 ], [ 45.536297935768076, 41.663109195744227 ], [ 45.536236444863178, 41.66308512100192 ], [ 45.536170973109492, 41.663063184179514 ], [ 45.536101414471112, 41.663043345232637 ], [ 45.536027389611313, 41.663025487028605 ], [ 45.535948542268393, 41.663009522949928 ], [ 45.535864306942166, 41.662995337629525 ], [ 45.535735600996851, 41.662978192623285 ], [ 45.535590687661525, 41.662963758490207 ], [ 45.535420059351786, 41.662951106686691 ], [ 45.535055569136802, 41.662929722304852 ], [ 45.53489906897056, 41.662918963013169 ], [ 45.534736955069704, 41.66290418451392 ], [ 45.534595821632763, 41.662886495270435 ], [ 45.533554009233406, 41.662737993040686 ], [ 45.53251036748815, 41.662596346077414 ], [ 45.531465255617796, 41.662461603110742 ], [ 45.530419019587193, 41.662333808441396 ], [ 45.5293720113456, 41.662213004553628 ], [ 45.528324549161852, 41.662099228695034 ], [ 45.527276957283327, 41.661992515395184 ], [ 45.52622954792745, 41.661892897449107 ], [ 45.525182743858672, 41.661800413463055 ], [ 45.52413672621514, 41.661715077940521 ], [ 45.52309178792158, 41.661636915691354 ], [ 45.522048209853352, 41.661565947087212 ], [ 45.521006277681273, 41.661502191587346 ], [ 45.519966247011794, 41.661445664293794 ], [ 45.518928375860213, 41.661396381207496 ], [ 45.517892914984579, 41.661354352066311 ], [ 45.516860891261373, 41.661319611049073 ], [ 45.515831754021526, 41.661292132798089 ], [ 45.515318340703118, 41.66128111870907 ], [ 45.514805733564621, 41.661271921764211 ], [ 45.51429396020157, 41.661264543652322 ], [ 45.513783048188195, 41.661258983360604 ], [ 45.513273029924591, 41.661255242557402 ], [ 45.512763925785926, 41.661253321163706 ], [ 45.512255762145784, 41.661253218173513 ], [ 45.511748562990029, 41.661254934393241 ], [ 45.511242355900762, 41.661258469713047 ], [ 45.510737162454937, 41.661263824050195 ], [ 45.510233010235034, 41.661270997295667 ], [ 45.509729919610145, 41.661279988472131 ], [ 45.509227954195509, 41.661290797311757 ], [ 45.508727098328379, 41.661303422997904 ], [ 45.508227374787822, 41.661317865444424 ], [ 45.507728805144914, 41.66133412367013 ], [ 45.507231413373198, 41.661352196683502 ], [ 45.506735218649162, 41.661372084415369 ], [ 45.506240243752806, 41.661393786780934 ], [ 45.505746509041039, 41.661417301004228 ], [ 45.505254038495508, 41.661442626995871 ], [ 45.504762848884525, 41.661469763797747 ], [ 45.504272959378902, 41.661498710441506 ], [ 45.503784391544862, 41.661529465047828 ], [ 45.503297162158646, 41.661562027560123 ], [ 45.502811291585971, 41.661596396104905 ], [ 45.502326797790765, 41.661632568819456 ], [ 45.501843699952303, 41.661670545637485 ], [ 45.501363948574429, 41.661710160443199 ], [ 45.500885615771132, 41.661751562191668 ], [ 45.50040872070214, 41.661794748115007 ], [ 45.499933277737178, 41.661839717267917 ], [ 45.499459304842539, 41.661886467788918 ], [ 45.49898681758966, 41.661934998727872 ], [ 45.498515833945547, 41.661985308223741 ], [ 45.498046367066252, 41.662037393535861 ], [ 45.497578436134468, 41.662091254599751 ], [ 45.497112054300025, 41.662146887774433 ], [ 45.496647235941921, 41.662204293016607 ], [ 45.496183995425689, 41.662263468481783 ], [ 45.495722347110259, 41.662324411424962 ], [ 45.495262306563014, 41.662387119996815 ], [ 45.494803886956362, 41.662451593259149 ], [ 45.494347100248199, 41.662517828477824 ], [ 45.493891984800442, 41.662585820103097 ], [ 45.493438528591113, 41.662655570908562 ], [ 45.492986747175678, 41.66272707724427 ], [ 45.492536652520478, 41.662800337277211 ], [ 45.492088257800212, 41.662875350070081 ], [ 45.491641574975112, 41.6629521128894 ], [ 45.491196616012694, 41.663030623902515 ], [ 45.490753392873991, 41.663110880376202 ], [ 45.490311919922704, 41.66319287956707 ], [ 45.489872205537857, 41.66327662145958 ], [ 45.489434261674887, 41.663362102420031 ], [ 45.488998099102176, 41.663449320621417 ], [ 45.488563729789632, 41.663538274231648 ], [ 45.48813116449962, 41.66362896052312 ], [ 45.487700411599512, 41.663721377679266 ], [ 45.487271484254777, 41.663815522962402 ], [ 45.486844516741797, 41.663911366100571 ], [ 45.486419392716037, 41.664008932827933 ], [ 45.485996122935198, 41.664108219516571 ], [ 45.485574715775471, 41.664209225250794 ], [ 45.485155180801065, 41.664311947308491 ], [ 45.484737527576591, 41.66441638296763 ], [ 45.48432176567384, 41.664522530406906 ], [ 45.483907903463894, 41.664630387810071 ], [ 45.483495951707049, 41.664739951549471 ], [ 45.483085917580794, 41.664851220714681 ], [ 45.482677809443992, 41.664964191688178 ], [ 45.482271635669427, 41.66507886265385 ], [ 45.481867405838102, 41.665195232691246 ], [ 45.481465125901167, 41.665313297292279 ], [ 45.481064805440489, 41.665433055536539 ], [ 45.480666450414788, 41.665554503816608 ], [ 45.480270082398334, 41.665677638459847 ], [ 45.479875695359219, 41.665802458611196 ], [ 45.479483298874321, 41.665928962449556 ], [ 45.479092897716257, 41.666057148173905 ], [ 45.478704501449414, 41.666187012161785 ], [ 45.478318114853941, 41.666318553512845 ], [ 45.47793374630055, 41.666451769510282 ], [ 45.47755140295925, 41.666586657442281 ], [ 45.477171092000461, 41.666723214597077 ], [ 45.476792818199357, 41.666861439173488 ], [ 45.476416588733855, 41.667001329360353 ], [ 45.476042409567825, 41.667142881550056 ], [ 45.475670287880078, 41.667286093931402 ], [ 45.475300228447416, 41.667430964703073 ], [ 45.474932238442861, 41.667577491153068 ], [ 45.474566322644058, 41.667725671480021 ], [ 45.474389993683751, 41.66779500599052 ], [ 45.474188102224275, 41.667869291544029 ], [ 45.473992848605505, 41.667937877563602 ], [ 45.473528936880562, 41.668097350123681 ], [ 45.473302941649003, 41.668177865494073 ], [ 45.473099644090276, 41.668254694940849 ], [ 45.472920043103258, 41.668327912836602 ], [ 45.472807258053891, 41.668377372162531 ], [ 45.472701676224858, 41.668426761220616 ], [ 45.472602550603597, 41.66847642897698 ], [ 45.472509408455103, 41.668526614279919 ], [ 45.472421749696828, 41.668577594818288 ], [ 45.472339434441189, 41.668629459449633 ], [ 45.472262237901802, 41.668682350521301 ], [ 45.472189995135267, 41.668736380409889 ], [ 45.472109757864338, 41.668802740556906 ], [ 45.472032730355714, 41.668873727049437 ], [ 45.471958746758219, 41.668949494597179 ], [ 45.471887596001437, 41.669030256641157 ], [ 45.471819146904728, 41.669116145229367 ], [ 45.471753007703704, 41.66920763394922 ], [ 45.471688853709367, 41.66930516999092 ], [ 45.471626217962211, 41.669409458732233 ], [ 45.471577291373173, 41.669497512544233 ], [ 45.471528532851295, 41.669591166291568 ], [ 45.471479423484311, 41.669691414690973 ], [ 45.47142897602189, 41.669800263180107 ], [ 45.471340917149014, 41.670002269231759 ], [ 45.47114523740872, 41.670470564271916 ], [ 45.471048711304668, 41.670687409839488 ], [ 45.470959963168397, 41.670868683936966 ], [ 45.470916010442608, 41.670951309173574 ], [ 45.470871806248006, 41.671029609288652 ], [ 45.470677607770526, 41.671369341053584 ], [ 45.470466593130695, 41.671750571489021 ], [ 45.470269265903404, 41.672115246217963 ], [ 45.469806305504406, 41.672979920679524 ], [ 45.469572465306101, 41.673408848147183 ], [ 45.469348253166551, 41.673807829368506 ], [ 45.469138367767854, 41.674166894132789 ], [ 45.469000232231615, 41.674394482077126 ], [ 45.46886398706463, 41.674611694012164 ], [ 45.468728656106087, 41.674820084956956 ], [ 45.468593584766019, 41.67502066188095 ], [ 45.46845801701577, 41.675214527639525 ], [ 45.468321714993444, 41.675402010160077 ], [ 45.46818429926833, 41.675583630698391 ], [ 45.468045469965631, 41.67575978228286 ], [ 45.467872801573634, 41.67596928439017 ], [ 45.467686272829219, 41.676185765522689 ], [ 45.467483910686056, 41.676411529558095 ], [ 45.467261653302074, 41.676651110907642 ], [ 45.467079797964111, 41.676842213329842 ], [ 45.466876560329794, 41.67705197594502 ], [ 45.466039663048981, 41.677900191845303 ], [ 45.465679568770256, 41.678271693540985 ], [ 45.46484752279347, 41.679152465179456 ], [ 45.46453700749236, 41.679477712802779 ], [ 45.464194717298028, 41.679827832318473 ], [ 45.463881050974479, 41.680137818364706 ], [ 45.463350648454785, 41.680648757543239 ], [ 45.462924037491916, 41.681051694104951 ], [ 45.462531311458008, 41.681412641046663 ], [ 45.462344517739247, 41.681580164235577 ], [ 45.462162301091233, 41.68174068007626 ], [ 45.461978889014972, 41.681899147703952 ], [ 45.461798554439653, 41.682051753437307 ], [ 45.46162066682372, 41.682199026741117 ], [ 45.461444763991246, 41.682341352285881 ], [ 45.461270329889921, 41.682479142877469 ], [ 45.461097145909868, 41.682612569634742 ], [ 45.460924920519368, 41.682741856208935 ], [ 45.460753414732075, 41.682867181903937 ], [ 45.460014098721338, 41.68340616329283 ], [ 45.459673673140969, 41.683648991258323 ], [ 45.459494333308797, 41.683772965599523 ], [ 45.459324687880603, 41.683886953439135 ], [ 45.459161654125801, 41.683993024365321 ], [ 45.459003640206241, 41.684092208874866 ], [ 45.458835168193325, 41.684193682197787 ], [ 45.458670114974446, 41.684288517784623 ], [ 45.458507610637582, 41.684377215413789 ], [ 45.458347051970065, 41.684460100857919 ], [ 45.458187766178689, 41.684537516376452 ], [ 45.458029516161339, 41.684609569203921 ], [ 45.457871953423087, 41.684676416556492 ], [ 45.457714806075749, 41.684738174811216 ], [ 45.457606756117286, 41.684777334838422 ], [ 45.457492191717542, 41.684815721763464 ], [ 45.4573699944943, 41.684853713813489 ], [ 45.457237989608764, 41.684891988846417 ], [ 45.456979008433905, 41.684961143424658 ], [ 45.456485995148817, 41.685084194538931 ], [ 45.456287869232256, 41.685135331161561 ], [ 45.456085405081303, 41.685191362919944 ], [ 45.455906290307439, 41.685245822729257 ], [ 45.45534739059427, 41.685426775929443 ], [ 45.454911670602357, 41.685573461267751 ], [ 45.454711181512131, 41.685643634787063 ], [ 45.454521472053123, 41.685712036857076 ], [ 45.454340619825309, 41.685779360573491 ], [ 45.454167493548553, 41.685846028379395 ], [ 45.453996498940157, 41.685914295275936 ], [ 45.453832024615842, 41.685982516354656 ], [ 45.453673503891459, 41.686050925363638 ], [ 45.453520530693446, 41.686119699568962 ], [ 45.453372665459675, 41.686189038883555 ], [ 45.453229734553318, 41.68625902597671 ], [ 45.453091503297301, 41.686329777983957 ], [ 45.452957788515398, 41.686401388417586 ], [ 45.452757754790113, 41.686514044252888 ], [ 45.452557225333848, 41.686633047212169 ], [ 45.452356208445472, 41.686758390054187 ], [ 45.452154712455247, 41.686890070041052 ], [ 45.451952746863348, 41.687028079926883 ], [ 45.451750302032949, 41.687172425150926 ], [ 45.451547370723681, 41.687323110242239 ], [ 45.451343934962459, 41.687480151481267 ], [ 45.451099404814748, 41.687676131143895 ], [ 45.450874273250072, 41.687864195277733 ], [ 45.450665570618561, 41.688046825396263 ], [ 45.450471832932458, 41.688225312644413 ], [ 45.450291460735663, 41.688401171157636 ], [ 45.450124335124151, 41.688574562692217 ], [ 45.449969926537214, 41.688746037913333 ], [ 45.449827892884883, 41.688915979212616 ], [ 45.449680066750965, 41.689106475637644 ], [ 45.449539825042258, 41.68930032887932 ], [ 45.449407728367405, 41.689496761259463 ], [ 45.449284273934133, 41.689695034079378 ], [ 45.449169944230754, 41.689894363662653 ], [ 45.449065082402306, 41.690094144317548 ], [ 45.448970025318765, 41.690293730744578 ], [ 45.44888505379469, 41.690492537308927 ], [ 45.448830409508979, 41.690637249288777 ], [ 45.448779994044671, 41.69078962509888 ], [ 45.448733382398643, 41.690950929202096 ], [ 45.448689895147282, 41.691123512411416 ], [ 45.448651216293918, 41.691298446601827 ], [ 45.448613018776435, 41.691493049546473 ], [ 45.448576178829867, 41.691699917573544 ], [ 45.448514461673177, 41.692066856329667 ], [ 45.448459305380837, 41.69241030498177 ], [ 45.44841481020223, 41.692727822828616 ], [ 45.448379863641009, 41.693027381023363 ], [ 45.448354070907342, 41.69331250019858 ], [ 45.448337122984952, 41.693587288813553 ], [ 45.448329077424027, 41.693851883557222 ], [ 45.448329896677357, 41.694107610426805 ], [ 45.448339583367378, 41.694355351209666 ], [ 45.448350901533246, 41.694527043939438 ], [ 45.448364805688456, 41.694695936169509 ], [ 45.448381302228945, 41.694862081016176 ], [ 45.448400396267033, 41.695025519891324 ], [ 45.448422090529867, 41.695186296918088 ], [ 45.448446391173967, 41.695344430986147 ], [ 45.448473298378012, 41.695499945511813 ], [ 45.448502818297413, 41.695652859384403 ], [ 45.448534960936293, 41.695803226605705 ], [ 45.448569721314321, 41.695951020171826 ], [ 45.448607104327195, 41.696096250869992 ], [ 45.448647110044298, 41.69623892680395 ], [ 45.448689742158479, 41.696379058765253 ], [ 45.448735001895862, 41.696516648547792 ], [ 45.448782890513321, 41.696651702448705 ], [ 45.448833409242084, 41.696784223162197 ], [ 45.448893288144234, 41.696930639490823 ], [ 45.448957515978528, 41.697077660285601 ], [ 45.449026054876711, 41.697225192913841 ], [ 45.449098856097827, 41.697373136678586 ], [ 45.449175875744821, 41.697521396267874 ], [ 45.449257049333205, 41.697669853932062 ], [ 45.449342317203282, 41.697818394604582 ], [ 45.449431608828107, 41.697966896055377 ], [ 45.449524902333607, 41.698115319630048 ], [ 45.449622065210264, 41.698263444262309 ], [ 45.449723006408689, 41.698411135192046 ], [ 45.449827628793479, 41.698558246874285 ], [ 45.449935831665805, 41.698704640083072 ], [ 45.4500474949078, 41.698850148647225 ], [ 45.450162494837649, 41.6989946127146 ], [ 45.450280699314533, 41.699137866161507 ], [ 45.450427394912303, 41.6993074851136 ], [ 45.450584850919441, 41.699479808851891 ], [ 45.450753669371949, 41.699655498794243 ], [ 45.450934805589959, 41.69983555002991 ], [ 45.451128181614514, 41.700019965508204 ], [ 45.451337095120131, 41.700211963965657 ], [ 45.451564424136848, 41.700414207317095 ], [ 45.451817484548101, 41.700633210352024 ], [ 45.45194368698607, 41.700738891681041 ], [ 45.452078408623727, 41.700847323452948 ], [ 45.452223018987759, 41.700959613526614 ], [ 45.452380255266213, 41.701077887575082 ], [ 45.452680521922041, 41.701296042623866 ], [ 45.453437134304451, 41.701833159106023 ], [ 45.453646243716868, 41.70198640395887 ], [ 45.453831326091056, 41.702126649686925 ], [ 45.454428931282919, 41.702582712759288 ], [ 45.45469137012045, 41.702787359092518 ], [ 45.454826385846097, 41.702896007105416 ], [ 45.454950539008927, 41.70299881722385 ], [ 45.455066167670402, 41.703097729361943 ], [ 45.455174442296936, 41.703193748605806 ], [ 45.4554317065192, 41.703429666556708 ], [ 45.455669255141331, 41.703654492390221 ], [ 45.455890595663867, 41.703871551248113 ], [ 45.456097405363678, 41.704082493874786 ], [ 45.456291547553782, 41.704289266591168 ], [ 45.456473125331357, 41.704492023974716 ], [ 45.456642744289653, 41.704691441913724 ], [ 45.456800794585668, 41.704887982776377 ], [ 45.456948616908981, 41.705083437295357 ], [ 45.457085247569687, 41.705276669044743 ], [ 45.45721086979183, 41.705467938541688 ], [ 45.457325613462167, 41.705657441660435 ], [ 45.457429606234342, 41.705845397698866 ], [ 45.457522897962605, 41.706031901963236 ], [ 45.4576055507465, 41.706217081232595 ], [ 45.457642902152315, 41.706309205693294 ], [ 45.457677610878051, 41.70640103622523 ], [ 45.457726174191954, 41.706540751831227 ], [ 45.457771474538589, 41.706684216554279 ], [ 45.457813472541545, 41.7068313035548 ], [ 45.457852127460903, 41.706981863480664 ], [ 45.457887401105758, 41.707135767685728 ], [ 45.457919242541855, 41.707292785794166 ], [ 45.45794760575582, 41.70745270362314 ], [ 45.457972444387259, 41.70761525835259 ], [ 45.45799533458473, 41.707802010288901 ], [ 45.458012078199026, 41.707993538854744 ], [ 45.458022694704852, 41.708190054740776 ], [ 45.45802719928453, 41.708391841611132 ], [ 45.458025602731901, 41.70859907325994 ], [ 45.458017908114336, 41.708812359454292 ], [ 45.458004096419181, 41.709032247899387 ], [ 45.457984114602937, 41.709259572860404 ], [ 45.457945255676897, 41.709703616096469 ], [ 45.457931085863343, 41.709824999878364 ], [ 45.45791484179712, 41.709932733569097 ], [ 45.457892963693908, 41.710044520377778 ], [ 45.457866952455205, 41.710147430047016 ], [ 45.457836362432595, 41.710243200916985 ], [ 45.457800908956216, 41.710332711409002 ], [ 45.457754752500087, 41.710428833393635 ], [ 45.457700303762465, 41.710525562137313 ], [ 45.457637580491728, 41.710622863330627 ], [ 45.457566611190224, 41.710720693612522 ], [ 45.457487420805286, 41.710819016840055 ], [ 45.457400056962712, 41.710917774260622 ], [ 45.457304569692582, 41.71101690711042 ], [ 45.457201023398405, 41.711116349361212 ], [ 45.457089273420578, 41.711216217758121 ], [ 45.45696960864187, 41.711316233710129 ], [ 45.456842149733134, 41.711416298535546 ], [ 45.456707050844798, 41.711516288198766 ], [ 45.456564420732832, 41.711616118474829 ], [ 45.456414587080218, 41.711715556552164 ], [ 45.456257853737618, 41.711814398536717 ], [ 45.456094668255624, 41.711912362503618 ], [ 45.456023718150412, 41.71195272201517 ], [ 45.455950552915347, 41.711991941867979 ], [ 45.455875142613991, 41.712030038389337 ], [ 45.455797450110566, 41.712067029736318 ], [ 45.455717444260408, 41.712102931339864 ], [ 45.455635073535298, 41.712137765917198 ], [ 45.455463033732308, 41.712204322149027 ], [ 45.45528108383553, 41.712266805650195 ], [ 45.455088371362784, 41.712325525990735 ], [ 45.454884093850843, 41.712380726782293 ], [ 45.454667005942554, 41.712432747053484 ], [ 45.454472349500321, 41.712474520912153 ], [ 45.454265768678617, 41.712514649147231 ], [ 45.454045186755501, 41.712553539814522 ], [ 45.453806382480266, 41.71259193997804 ], [ 45.453597017778542, 41.712623136669109 ], [ 45.453362547659466, 41.712656062309129 ], [ 45.452355555318078, 41.71279056405028 ], [ 45.452116603107605, 41.712825105350909 ], [ 45.451903085917294, 41.712858342788444 ], [ 45.45166077510369, 41.712895874992476 ], [ 45.451412631569866, 41.712930838258906 ], [ 45.451158113747248, 41.712963311236379 ], [ 45.450896510640455, 41.71299338223961 ], [ 45.45062737672324, 41.713021112414125 ], [ 45.45034922132713, 41.713046658867917 ], [ 45.45006069301072, 41.713070148423952 ], [ 45.449759720578029, 41.713091750337306 ], [ 45.449248992748274, 41.713122679759358 ], [ 45.448677771811596, 41.713150655508777 ], [ 45.448133697382808, 41.713172966088017 ], [ 45.446854963760416, 41.713220695041144 ], [ 45.44622784583958, 41.713247912198995 ], [ 45.445652574496087, 41.713278769106488 ], [ 45.445386730493823, 41.7132956540365 ], [ 45.445131747049501, 41.713313734757769 ], [ 45.444285451965648, 41.713378837149932 ], [ 45.443401986809114, 41.71345027631483 ], [ 45.442472330853754, 41.713528776071939 ], [ 45.4414788614746, 41.713615820719134 ], [ 45.440112083087222, 41.713740327166292 ], [ 45.439720063741269, 41.713634461595554 ], [ 45.436038421007822, 41.713444221197356 ], [ 45.430447844046363, 41.713158894983543 ], [ 45.424176461445384, 41.712977945811488 ], [ 45.419140478205513, 41.714119903775945 ], [ 45.415194793446247, 41.715257705953867 ], [ 45.411522244903807, 41.716496529713226 ], [ 45.407296646896718, 41.718936571862507 ], [ 45.407265372383122, 41.718927898998672 ], [ 45.407096910812363, 41.718877886016465 ], [ 45.406930883108174, 41.718825263822765 ], [ 45.406767631380788, 41.718770139302059 ], [ 45.406607466470057, 41.718712617649842 ], [ 45.406450918602189, 41.718652897861503 ], [ 45.406298005906514, 41.718590994298978 ], [ 45.406148975477279, 41.718527008784143 ], [ 45.406004050306322, 41.718461034217867 ], [ 45.405863455872193, 41.718393177003549 ], [ 45.405727354957548, 41.718323514943926 ], [ 45.405595918825902, 41.718252136620556 ], [ 45.405469297043226, 41.718179121684663 ], [ 45.405401144152094, 41.718137396328117 ], [ 45.405333154597812, 41.718093335718166 ], [ 45.405197034167692, 41.717997791234886 ], [ 45.405059476027986, 41.717891475579087 ], [ 45.404917712702108, 41.717772257512294 ], [ 45.404798811998653, 41.717665562349097 ], [ 45.404669309590183, 41.717543698632021 ], [ 45.404260296373565, 41.717141646883931 ], [ 45.404113509752165, 41.717000518625404 ], [ 45.403971153993062, 41.716869801203352 ], [ 45.403838187404169, 41.716754987746569 ], [ 45.403622137876262, 41.716577859515063 ], [ 45.403393893064283, 41.716396581782597 ], [ 45.40315170127689, 41.716209757317017 ], [ 45.402892435290923, 41.716014973185914 ], [ 45.402607480743505, 41.715805854512524 ], [ 45.402289839116577, 41.715577364520485 ], [ 45.401950516969023, 41.715336908797497 ], [ 45.400984081366452, 41.714656977511702 ], [ 45.400685862528334, 41.714444116416715 ], [ 45.40042046853992, 41.714251686242953 ], [ 45.400117058732583, 41.714026932563719 ], [ 45.399837878778456, 41.713814310990514 ], [ 45.399577343437045, 41.713609565455343 ], [ 45.39933269578875, 41.713410518744148 ], [ 45.399108459030877, 41.71322066171161 ], [ 45.398863762360818, 41.713005628365885 ], [ 45.398632391947331, 41.712796946902898 ], [ 45.398075255393536, 41.712288341650648 ], [ 45.397783705984082, 41.712028135541246 ], [ 45.397634723643534, 41.711898875108325 ], [ 45.39749287489628, 41.711778780645041 ], [ 45.397355775573679, 41.711665837428633 ], [ 45.397222141325834, 41.711558990681468 ], [ 45.396776228301029, 41.711208187942887 ], [ 45.396493615856443, 41.710993043479952 ], [ 45.396356908633692, 41.710893082332326 ], [ 45.396226278044914, 41.710800737186524 ], [ 45.396099709063563, 41.710714582880634 ], [ 45.395976089956122, 41.71063386936499 ], [ 45.395739656106606, 41.71048647831536 ], [ 45.395501568461334, 41.710345219094677 ], [ 45.395262305897063, 41.710210373769655 ], [ 45.395022279666158, 41.710082175104404 ], [ 45.394781937084765, 41.70996085754394 ], [ 45.394541542124777, 41.709846552584885 ], [ 45.394301399704631, 41.709739405096173 ], [ 45.394061777311855, 41.709639533056389 ], [ 45.393915444789251, 41.709581876803803 ], [ 45.393767033827913, 41.709525728969417 ], [ 45.393616723953613, 41.709471160086437 ], [ 45.393464701875061, 41.709418236160708 ], [ 45.393311154293997, 41.709367022298345 ], [ 45.393156273926152, 41.709317584486492 ], [ 45.393000253441869, 41.709269981507809 ], [ 45.39284328672867, 41.709224274843898 ], [ 45.392685585697031, 41.7091805250151 ], [ 45.392527327327322, 41.709138780952969 ], [ 45.392368707847062, 41.709099094226509 ], [ 45.392209916243431, 41.709061511926869 ], [ 45.392051149916547, 41.709026081117607 ], [ 45.391892588186671, 41.708992840818603 ], [ 45.391734417596147, 41.708961831827537 ], [ 45.39157681622909, 41.708933087766269 ], [ 45.391386218287302, 41.708902290565 ], [ 45.391190329448577, 41.708875880402836 ], [ 45.390988757505987, 41.708853804544646 ], [ 45.390780981601459, 41.708836004384182 ], [ 45.390566669722986, 41.708822443186449 ], [ 45.39034473955423, 41.708813042626616 ], [ 45.390114202749835, 41.708807760079537 ], [ 45.389873557749361, 41.70880656005572 ], [ 45.389665202841236, 41.708808649323579 ], [ 45.389446825731305, 41.708813548167015 ], [ 45.389216183742633, 41.708821305557343 ], [ 45.388968817087253, 41.708832068920408 ], [ 45.388511182563022, 41.708856845395808 ], [ 45.387433090296241, 41.708922891708745 ], [ 45.387153402513015, 41.708937717846901 ], [ 45.386901845103246, 41.70894892231955 ], [ 45.386457767197278, 41.708969417942953 ], [ 45.386005179225869, 41.708996014825082 ], [ 45.385543104158593, 41.70902877018591 ], [ 45.385070263440404, 41.709067772862014 ], [ 45.384585849500645, 41.709113079465688 ], [ 45.384087204731763, 41.709164926612736 ], [ 45.383571928797153, 41.709223561718595 ], [ 45.383036357818234, 41.70928940119056 ], [ 45.382617037206323, 41.709344053459965 ], [ 45.382180344075032, 41.709403530335592 ], [ 45.381722278771356, 41.709468374522544 ], [ 45.381235378005748, 41.709539640936981 ], [ 45.3802537535704, 41.709688816384201 ], [ 45.378329448186001, 41.70998994212983 ], [ 45.377528331324797, 41.710113289917615 ], [ 45.376690339710386, 41.710237776205041 ], [ 45.375937874403633, 41.710343698516283 ], [ 45.374364027185081, 41.710559071101564 ], [ 45.37293537546563, 41.710756453836879 ], [ 45.371599141157155, 41.710943144727558 ], [ 45.37033423594437, 41.71112210173419 ], [ 45.369115642556828, 41.711296892417415 ], [ 45.367943347367614, 41.711467548918158 ], [ 45.366809620943314, 41.711635199794387 ], [ 45.365709341255275, 41.711800603772126 ], [ 45.364622647370155, 41.711966808882842 ], [ 45.363562627364225, 41.712131878111464 ], [ 45.36252642187948, 41.712296258060732 ], [ 45.361511847707632, 41.712460295810452 ], [ 45.360516539093709, 41.712624376752728 ], [ 45.359539388892181, 41.712788684993924 ], [ 45.358578999326447, 41.712953457741804 ], [ 45.357634224800741, 41.713118890832874 ], [ 45.356397852587442, 41.713338768074777 ], [ 45.355238260960633, 41.713547379007807 ], [ 45.354135469338893, 41.713748323718583 ], [ 45.353079003183538, 41.713943514005607 ], [ 45.352056981642143, 41.714135160958008 ], [ 45.351067764888541, 41.714323591157061 ], [ 45.350106826077365, 41.714509666809484 ], [ 45.349170974896204, 41.714694008098853 ], [ 45.348249417500952, 41.714878783931589 ], [ 45.347348447762506, 41.715062776783022 ], [ 45.34646617703136, 41.715246374732402 ], [ 45.345601121300149, 41.715429885311799 ], [ 45.344751686111202, 41.715613649657989 ], [ 45.343917061097969, 41.715797846180863 ], [ 45.343096261769517, 41.715982691610513 ], [ 45.342288469338968, 41.716168370625205 ], [ 45.342002308844592, 41.716231853468308 ], [ 45.341698227401785, 41.7162935190143 ], [ 45.341373000708728, 41.71635402611092 ], [ 45.341020133925376, 41.716414588193622 ], [ 45.340710918012981, 41.716464286025655 ], [ 45.340363771111321, 41.716517344237467 ], [ 45.339224030599794, 41.71668337797751 ], [ 45.338813385174703, 41.716744755941932 ], [ 45.338420421731335, 41.716806644211751 ], [ 45.33806814572565, 41.716866014658976 ], [ 45.337727123789136, 41.716928164768348 ], [ 45.337409538570419, 41.716991253848626 ], [ 45.337110830284892, 41.717056192577161 ], [ 45.336828516935334, 41.71712352429828 ], [ 45.336641223904699, 41.717171896290679 ], [ 45.336460432456086, 41.717221760332315 ], [ 45.336285746447857, 41.7172732256982 ], [ 45.336116859803887, 41.717326383382336 ], [ 45.335953448485149, 41.717381337939166 ], [ 45.335795354085228, 41.717438142996734 ], [ 45.335642383419575, 41.717496868495807 ], [ 45.335494378123364, 41.71755757616738 ], [ 45.335350984358413, 41.717620420183749 ], [ 45.335212307716979, 41.717685362424319 ], [ 45.335078241474896, 41.717752454557697 ], [ 45.334948693296482, 41.717821741003874 ], [ 45.334823569686165, 41.717893274291569 ], [ 45.334702810715399, 41.717967088836687 ], [ 45.334586351675433, 41.718043224472517 ], [ 45.334474135056823, 41.718121718308481 ], [ 45.334235284024892, 41.718296492459267 ], [ 45.33402726962202, 41.718453052406758 ], [ 45.333837293157131, 41.71860103886398 ], [ 45.333662749576249, 41.718742523009851 ], [ 45.33349991036556, 41.718880631289089 ], [ 45.33334985584775, 41.719014558986579 ], [ 45.333211936339644, 41.719144887192456 ], [ 45.333085814573586, 41.719271936679974 ], [ 45.332969721512683, 41.719397670755718 ], [ 45.332865345128894, 41.719520460582075 ], [ 45.332772573199357, 41.719640442523179 ], [ 45.332691337722068, 41.719757703272222 ], [ 45.33262157316053, 41.719872342121427 ], [ 45.33256326889007, 41.719984383441705 ], [ 45.332538407237386, 41.720039442777264 ], [ 45.332516403546862, 41.720093867844341 ], [ 45.332497256638113, 41.720147661350175 ], [ 45.332480964128365, 41.720200826005161 ], [ 45.332467118272817, 41.720256355145672 ], [ 45.332456574513991, 41.720312743914988 ], [ 45.332449325795437, 41.720370021157059 ], [ 45.332445368690834, 41.720428220208653 ], [ 45.332444702145999, 41.720487368094389 ], [ 45.332447324002302, 41.720547510756667 ], [ 45.332453236891709, 41.720608690520947 ], [ 45.332462443483621, 41.720670956917985 ], [ 45.332474932731394, 41.720734264042697 ], [ 45.332490727102275, 41.720798770353767 ], [ 45.332509842598014, 41.720864546058756 ], [ 45.332532304894286, 41.720931672145497 ], [ 45.332558134793587, 41.72100021700561 ], [ 45.332587382309811, 41.721070318300484 ], [ 45.332620098585693, 41.721142099276562 ], [ 45.332656357820845, 41.721215724545665 ], [ 45.332721172559218, 41.721336400320347 ], [ 45.332795644264301, 41.721463196327583 ], [ 45.332880557836639, 41.721597463139055 ], [ 45.332977615240416, 41.721741896124378 ], [ 45.333065735018096, 41.721867366186636 ], [ 45.333167313543079, 41.722007576888167 ], [ 45.333626193604722, 41.722626027701395 ], [ 45.333736691899958, 41.722781135823354 ], [ 45.333832391502426, 41.722921281922432 ], [ 45.333918472244669, 41.723054247518689 ], [ 45.333994471116412, 41.723179559306573 ], [ 45.334061420016837, 41.723298925653104 ], [ 45.334119851610467, 41.723413298876032 ], [ 45.334174610265684, 41.723521140001502 ], [ 45.334240607840684, 41.72364147095918 ], [ 45.33446183082939, 41.724019263543902 ], [ 45.33453348236106, 41.724145105513159 ], [ 45.334592851506784, 41.724255645936026 ], [ 45.33464287792448, 41.724356475075034 ], [ 45.334700690688926, 41.724488600942315 ], [ 45.334724415972182, 41.724551212129477 ], [ 45.334744866292084, 41.724611980994894 ], [ 45.334762150384684, 41.724671243187814 ], [ 45.334776290414119, 41.724729101325927 ], [ 45.334787325676402, 41.724785715621991 ], [ 45.334795280853676, 41.72484121030282 ], [ 45.334800619195711, 41.724910710514237 ], [ 45.334800549202164, 41.724981528906248 ], [ 45.334795069222139, 41.725053814100541 ], [ 45.334784164603228, 41.725127757989782 ], [ 45.334767828771454, 41.725203487591422 ], [ 45.334745986751109, 41.725281386823191 ], [ 45.334718542952579, 41.725361806335819 ], [ 45.334685318487885, 41.725445263652738 ], [ 45.334652903352257, 41.725517880380316 ], [ 45.334615993591974, 41.725593686083108 ], [ 45.334574221627761, 41.725673443826011 ], [ 45.334526823133423, 41.725758616777291 ], [ 45.334430165044203, 41.725921634468584 ], [ 45.334166679114858, 41.726348549416358 ], [ 45.33409370587318, 41.726474554489215 ], [ 45.334032493142338, 41.726588166712602 ], [ 45.333970480540657, 41.726715921441013 ], [ 45.333920323375892, 41.726835895594434 ], [ 45.333881101350322, 41.726950297696618 ], [ 45.333852438062664, 41.727060262843942 ], [ 45.333830115358126, 41.727169434052556 ], [ 45.333810114529449, 41.727280736790483 ], [ 45.333792422710765, 41.727394238649303 ], [ 45.333777028308752, 41.727510020727308 ], [ 45.333763920858168, 41.72762814970806 ], [ 45.333753084232036, 41.727748759844502 ], [ 45.333744509466541, 41.727871975460808 ], [ 45.333738182961298, 41.727997954220712 ], [ 45.333732250184397, 41.728257630194392 ], [ 45.333735147732092, 41.728531039721567 ], [ 45.333746891317595, 41.728820964139224 ], [ 45.333767733165573, 41.729133829258373 ], [ 45.333786331491623, 41.729428330041635 ], [ 45.333821896279396, 41.730185802819285 ], [ 45.333836181600169, 41.730397056476875 ], [ 45.333853077160512, 41.730586888222788 ], [ 45.333879231601415, 41.73080763866075 ], [ 45.333911304572474, 41.731011214311813 ], [ 45.33394986288701, 41.731201183028602 ], [ 45.333971689976003, 41.731291622661452 ], [ 45.333995270254974, 41.731379274908122 ], [ 45.334023558586992, 41.731473519250052 ], [ 45.334054107124501, 41.731564660381238 ], [ 45.334086958666454, 41.731652835083068 ], [ 45.334122154641207, 41.731738147715284 ], [ 45.334159741333288, 41.731820711630355 ], [ 45.334199747899127, 41.731900583485825 ], [ 45.334242205951078, 41.731977829839643 ], [ 45.334287147054482, 41.732052508242596 ], [ 45.334334651207563, 41.732124740955349 ], [ 45.334384703802208, 41.732194492889676 ], [ 45.334437329076195, 41.73226180000011 ], [ 45.334492552460048, 41.732326696436019 ], [ 45.334550404179588, 41.732389213630533 ], [ 45.334610902379907, 41.732449372243138 ], [ 45.334674070029443, 41.732507195621267 ], [ 45.334739928875031, 41.732562703512713 ], [ 45.334775610390913, 41.732589346960658 ], [ 45.334816505785923, 41.732615764439963 ], [ 45.334862995127807, 41.732642204333366 ], [ 45.334915859929467, 41.732669112908397 ], [ 45.335027685606605, 41.732719365226984 ], [ 45.335252029761321, 41.73281078658632 ], [ 45.335340752109204, 41.732848807747935 ], [ 45.335427419461638, 41.732890275540278 ], [ 45.335497998535679, 41.73292998342275 ], [ 45.335535283860658, 41.7329546277847 ], [ 45.335567845782599, 41.732979467871154 ], [ 45.335595912471462, 41.733004678657601 ], [ 45.33561961923796, 41.733030383149 ], [ 45.335639089481155, 41.733056726001408 ], [ 45.335654347493794, 41.733083754883523 ], [ 45.335665438159964, 41.733111546225956 ], [ 45.335672383432787, 41.73314016031317 ], [ 45.33567531654235, 41.73316747288964 ], [ 45.335675562302463, 41.733198970795307 ], [ 45.33566624001292, 41.73333600456354 ], [ 45.335668723415118, 41.733439303891799 ], [ 45.335676762735105, 41.733543625503025 ], [ 45.335690354069307, 41.733648907258605 ], [ 45.335709488690682, 41.733755084331108 ], [ 45.335734156674818, 41.733862092796478 ], [ 45.335764339605241, 41.733969854343421 ], [ 45.335800016665438, 41.73407829156757 ], [ 45.335841159814755, 41.7341873252835 ], [ 45.335887762900803, 41.734296923077814 ], [ 45.335939767492803, 41.734406942802977 ], [ 45.335997132256708, 41.734517292700396 ], [ 45.33605980379113, 41.73462787293969 ], [ 45.336127731131846, 41.734738589987749 ], [ 45.33620084397576, 41.734849331452615 ], [ 45.336279070825753, 41.734959986746617 ], [ 45.336362330549683, 41.7350704426078 ], [ 45.336450912341839, 41.73518103864555 ], [ 45.336544381483236, 41.735291190661414 ], [ 45.336642630317463, 41.735400772859975 ], [ 45.336745542750137, 41.735509655867453 ], [ 45.336852999086943, 41.735617712121893 ], [ 45.336964860316407, 41.735724799706603 ], [ 45.337080981445304, 41.73583078302741 ], [ 45.337201211441965, 41.735935522004425 ], [ 45.337325431923482, 41.736038911589688 ], [ 45.337453433940347, 41.736140774944779 ], [ 45.337585039993535, 41.73624097116771 ], [ 45.337720065370839, 41.736339360278805 ], [ 45.337858321759164, 41.736435804111061 ], [ 45.337999610015245, 41.736530163629155 ], [ 45.33814372740423, 41.736622303411963 ], [ 45.338290466397211, 41.736712091656081 ], [ 45.338439118926928, 41.736799113410022 ], [ 45.338589955290324, 41.736883548011328 ], [ 45.338742763196677, 41.736965274481925 ], [ 45.338897327990125, 41.737044179958239 ], [ 45.33905343140465, 41.7371201515883 ], [ 45.339210864858167, 41.737193089102632 ], [ 45.339369416168232, 41.737262894044868 ], [ 45.339528876786183, 41.737329473353277 ], [ 45.339688970730009, 41.737392717053183 ], [ 45.339849566621723, 41.737452572388996 ], [ 45.34001046442912, 41.737508966092705 ], [ 45.340171471366915, 41.73756183118094 ], [ 45.34033239105036, 41.737611102483434 ], [ 45.340493051220115, 41.73765672917088 ], [ 45.340653277206101, 41.737698659521335 ], [ 45.340812899190375, 41.737736849905801 ], [ 45.340971090074497, 41.737771126242798 ], [ 45.341128367628997, 41.737801622107142 ], [ 45.341284582558878, 41.737828309123472 ], [ 45.341439597618113, 41.737851163384981 ], [ 45.341593268364612, 41.73787016460971 ], [ 45.341688239082629, 41.737879607165333 ], [ 45.341845398143818, 41.737861566946826 ], [ 45.342040547223057, 41.737841798468573 ], [ 45.342233855748212, 41.737824873265936 ], [ 45.342425273264134, 41.737810796002165 ], [ 45.342614754115836, 41.737799569524874 ], [ 45.342802251445335, 41.737791196685606 ], [ 45.342987729212162, 41.737785679403054 ], [ 45.343171148960685, 41.737783017801789 ], [ 45.343250683382415, 41.73778310359512 ], [ 45.343352472244355, 41.737783213807994 ], [ 45.343587666922147, 41.737786296446068 ], [ 45.343818668805078, 41.737791269120692 ], [ 45.344045565711539, 41.73779813429632 ], [ 45.344268394948323, 41.737806893686873 ], [ 45.344487203432138, 41.737817547175368 ], [ 45.344701967139514, 41.737830096658229 ], [ 45.344912683672526, 41.737844540363881 ], [ 45.345119341021892, 41.737860878350631 ], [ 45.345321975298063, 41.737879114134657 ], [ 45.345520517937743, 41.737899241638445 ], [ 45.345714949714278, 41.737921260941036 ], [ 45.345905253781162, 41.737945167610427 ], [ 45.346091410910191, 41.737970961724997 ], [ 45.346273404253274, 41.73799863885214 ], [ 45.346451215773506, 41.738028197264576 ], [ 45.346624827423511, 41.738059633433288 ], [ 45.346794216349835, 41.738092944744103 ], [ 45.34695937532625, 41.73812812763471 ], [ 45.347120289915424, 41.738165179464744 ], [ 45.347276945679205, 41.738204097593552 ], [ 45.347429330578876, 41.738244878472095 ], [ 45.347577430169835, 41.73828751855816 ], [ 45.347721236024178, 41.738332015191688 ], [ 45.347860734898241, 41.738378364825998 ], [ 45.347995913537808, 41.738426562112622 ], [ 45.348126767125052, 41.738476605279985 ], [ 45.348253286021496, 41.738528490769184 ], [ 45.348375463002654, 41.738582216814983 ], [ 45.348493289616407, 41.738637777151858 ], [ 45.348606758641544, 41.738695170914362 ], [ 45.348715862836606, 41.738754393633783 ], [ 45.34882059857182, 41.738815441730715 ], [ 45.348913683939756, 41.738874470598375 ], [ 45.349005108226386, 41.738938070113498 ], [ 45.349095064590735, 41.739006375699638 ], [ 45.349183798175581, 41.739079573061211 ], [ 45.349271467175534, 41.739157780613162 ], [ 45.349358533164619, 41.739241399569892 ], [ 45.349445393873367, 41.739330810622235 ], [ 45.349532624945319, 41.73942660288234 ], [ 45.349605726523237, 41.739511408021514 ], [ 45.34968018046014, 41.739601841110741 ], [ 45.349721956549232, 41.739654756535003 ], [ 45.349793484642809, 41.739747130467208 ], [ 45.349836836854088, 41.739804135658687 ], [ 45.349861789727761, 41.739838343249161 ], [ 45.349985842059411, 41.740008402417189 ], [ 45.350367276465867, 41.740546058346915 ], [ 45.350482004993012, 41.740701014432013 ], [ 45.350588174299794, 41.740838126514191 ], [ 45.350710952213475, 41.74098764816425 ], [ 45.350830973176393, 41.741123481967627 ], [ 45.350950427273801, 41.741248099085865 ], [ 45.351070491204496, 41.741362715481564 ], [ 45.351222570168353, 41.741503338141655 ], [ 45.351570909618474, 41.741830896152095 ], [ 45.351724793275864, 41.741972576345539 ], [ 45.351908751842537, 41.742135429878722 ], [ 45.352075487645898, 41.742274353704246 ], [ 45.352165265825519, 41.74234491365366 ], [ 45.352252232714918, 41.742410021173789 ], [ 45.352336860445, 41.74247002970143 ], [ 45.352419460475019, 41.742525159860087 ], [ 45.352500380375382, 41.742575637565864 ], [ 45.35257972749239, 41.742621523740951 ], [ 45.352657669506542, 41.742662916051017 ], [ 45.35273433665116, 41.742699881652115 ], [ 45.352814860376725, 41.742733704508467 ], [ 45.352896683637709, 41.742762146106422 ], [ 45.352979847388134, 41.74278522162944 ], [ 45.353064396179526, 41.7428029444484 ], [ 45.353150372123068, 41.742815321636506 ], [ 45.353237836595916, 41.742822364711095 ], [ 45.353326846119622, 41.742824077097815 ], [ 45.353417469231417, 41.742820460383733 ], [ 45.353509665078718, 41.742811525499157 ], [ 45.353603622404741, 41.742797263753118 ], [ 45.353699431307255, 41.742777661353372 ], [ 45.353797193869525, 41.742752697264699 ], [ 45.35389700135007, 41.742722350484762 ], [ 45.353999011006565, 41.74268657368701 ], [ 45.354103375259719, 41.742645315055583 ], [ 45.354210275282199, 41.742598502869747 ], [ 45.354308290746076, 41.74255181075295 ], [ 45.354408688395623, 41.742500509501262 ], [ 45.354511673265684, 41.742444492192526 ], [ 45.354617509118377, 41.742383615694237 ], [ 45.354726379375705, 41.742317780354512 ], [ 45.354838797048565, 41.742246681042637 ], [ 45.354955233090273, 41.742170019961144 ], [ 45.355076372885492, 41.742087348229795 ], [ 45.355305330204018, 41.741924206369148 ], [ 45.355560921828832, 41.74173378573483 ], [ 45.355824141028528, 41.741531545268259 ], [ 45.356567976631389, 41.740951978180142 ], [ 45.356798537852917, 41.740776925517103 ], [ 45.357006412852733, 41.740623519277051 ], [ 45.357243473600462, 41.740455311597778 ], [ 45.357413584081975, 41.740340758665866 ], [ 45.357465801686494, 41.740305594809804 ], [ 45.357677472208664, 41.74017162897816 ], [ 45.357779970373279, 41.740110137550211 ], [ 45.357880532281555, 41.740052130586207 ], [ 45.358001696835899, 41.739985482825951 ], [ 45.358120470315086, 41.739923798072169 ], [ 45.358237076981958, 41.739866958541512 ], [ 45.358237863896328, 41.739866602110816 ], [ 45.358335862679091, 41.73982207369172 ], [ 45.358351697984766, 41.739814879009373 ], [ 45.358464522872524, 41.739767471522043 ], [ 45.3585756488757, 41.739724698852541 ], [ 45.358685194824467, 41.739686515599708 ], [ 45.358793257961793, 41.739652887237597 ], [ 45.358892161878359, 41.739625907568815 ], [ 45.358900068858148, 41.739623750901615 ], [ 45.359005560334744, 41.739599132024978 ], [ 45.359109804488448, 41.739579015974698 ], [ 45.359212860192315, 41.73956338905959 ], [ 45.359288432277197, 41.739555125694132 ], [ 45.359314793569226, 41.73955224387047 ], [ 45.359415645497847, 41.739545574878228 ], [ 45.359514856860642, 41.739543392842094 ], [ 45.359515461681653, 41.739543379240551 ], [ 45.359614285438617, 41.739545657725316 ], [ 45.359689421141169, 41.739550580892796 ], [ 45.359698745737056, 41.73955119210521 ], [ 45.359701592078537, 41.739551378648109 ], [ 45.359790962788843, 41.739560623807954 ], [ 45.359865743284963, 41.739571062092629 ], [ 45.359882594925189, 41.739573414198759 ], [ 45.359960706112254, 41.739586996261188 ], [ 45.359976743642534, 41.739589784143284 ], [ 45.360073572637205, 41.739609756540645 ], [ 45.36017361283514, 41.739633433301002 ], [ 45.360277344722675, 41.73966092819969 ], [ 45.36038550177468, 41.7396924343793 ], [ 45.360571067240471, 41.739752198605331 ], [ 45.360778501581706, 41.739825634133744 ], [ 45.360978644651055, 41.739900917922775 ], [ 45.361472647210064, 41.740091758353081 ], [ 45.361732786099822, 41.740187074712296 ], [ 45.361865016483357, 41.740232197133935 ], [ 45.361989108186144, 41.740271801200024 ], [ 45.362107163453203, 41.740306557642768 ], [ 45.362220290446409, 41.740336789042921 ], [ 45.362341467004711, 41.740365397997223 ], [ 45.362458404521888, 41.740388873563816 ], [ 45.362571729027877, 41.74040734258125 ], [ 45.362681871399616, 41.740420872153919 ], [ 45.362789302120163, 41.740429514847904 ], [ 45.362894185947013, 41.740433275554707 ], [ 45.362996759813619, 41.740432162539918 ], [ 45.363097210090679, 41.74042617432012 ], [ 45.363223630593268, 41.740412328130404 ], [ 45.363355526475928, 41.740391446189705 ], [ 45.363494303510784, 41.740363313267046 ], [ 45.363642735289645, 41.740327372930771 ], [ 45.363771761289726, 41.740292181078559 ], [ 45.363915470748772, 41.740249739635878 ], [ 45.364389877197155, 41.740099730529941 ], [ 45.36456519762838, 41.740046336323012 ], [ 45.364736752547742, 41.739998268864696 ], [ 45.36473691227993, 41.739998231428736 ], [ 45.364892589628184, 41.739959798544064 ], [ 45.364938668521468, 41.739949285985723 ], [ 45.365437057263215, 41.739835578583111 ], [ 45.36577060874513, 41.739761702448028 ], [ 45.366080489850674, 41.739696646610774 ], [ 45.366361983996825, 41.739641845813445 ], [ 45.366640390881535, 41.739592795274959 ], [ 45.366903858114981, 41.739552054840125 ], [ 45.367156064888491, 41.739519057120347 ], [ 45.367399038578874, 41.739493542609182 ], [ 45.36760607484787, 41.73947782874987 ], [ 45.367823385982717, 41.739467620966678 ], [ 45.368053277921582, 41.739462804631174 ], [ 45.368300348788409, 41.739463277561271 ], [ 45.368514881092125, 41.739467458043187 ], [ 45.368754465454941, 41.739475203786249 ], [ 45.369530956353771, 41.739509441814825 ], [ 45.369807366580154, 41.73951995728963 ], [ 45.370070147692928, 41.739526634854599 ], [ 45.370307621343088, 41.739528625945717 ], [ 45.370570057541357, 41.739530935056742 ], [ 45.370864775666327, 41.739538662507073 ], [ 45.371147310057694, 41.739549438713993 ], [ 45.371823333829937, 41.739578912943657 ], [ 45.372163122991594, 41.739590462419009 ], [ 45.372483151531306, 41.739595983476732 ], [ 45.372770852282727, 41.73959441548984 ], [ 45.37295120396908, 41.739589377168841 ], [ 45.373123326806329, 41.739581088519294 ], [ 45.373288439829757, 41.739569487972787 ], [ 45.373447332794314, 41.739554520751852 ], [ 45.373600867400157, 41.739536095811467 ], [ 45.373749300759933, 41.739514175407834 ], [ 45.373893040165541, 41.739488696987422 ], [ 45.37403239314952, 41.739459607325841 ], [ 45.374283535854424, 41.739401866755244 ], [ 45.374504355115512, 41.739348458688163 ], [ 45.374708166453253, 41.739296160387276 ], [ 45.374897672721055, 41.739244251567172 ], [ 45.375076840600698, 41.739191588964985 ], [ 45.375244520836048, 41.739138444792424 ], [ 45.375401406057364, 41.739084599766876 ], [ 45.375547851531962, 41.739029931176084 ], [ 45.37568589665652, 41.738973583026699 ], [ 45.375813668079459, 41.738916214487602 ], [ 45.375931294163507, 41.738857768428609 ], [ 45.376038852875105, 41.738798206795991 ], [ 45.376136423325903, 41.738737481621669 ], [ 45.376224019916947, 41.738675583876763 ], [ 45.376301671412349, 41.738612492773626 ], [ 45.376369394578035, 41.738548192064727 ], [ 45.376400993160146, 41.738513615851751 ], [ 45.376430320048073, 41.738477593333016 ], [ 45.376457390760912, 41.738440104643885 ], [ 45.37648221961544, 41.738401129923481 ], [ 45.376504819726172, 41.73836064931475 ], [ 45.376525208949602, 41.738318631235714 ], [ 45.376543402747899, 41.738275045913596 ], [ 45.376559414146861, 41.73822985817916 ], [ 45.376573239742285, 41.738183102271286 ], [ 45.376584918542598, 41.738134661871804 ], [ 45.376601887401307, 41.738032507658943 ], [ 45.37661040676155, 41.737922884561776 ], [ 45.376610545286958, 41.737804982622151 ], [ 45.376604731809287, 41.737705294445263 ], [ 45.376593640798909, 41.7375988826808 ], [ 45.376577159824031, 41.737484611004454 ], [ 45.376554959221082, 41.737360180091081 ], [ 45.376505320430759, 41.73712806151336 ], [ 45.376374716817992, 41.736576672787244 ], [ 45.376345100440105, 41.736436699201271 ], [ 45.376321831363114, 41.736311399835522 ], [ 45.376303301890928, 41.73619070105925 ], [ 45.376290415311253, 41.736078556718752 ], [ 45.376282992743526, 41.735973374953872 ], [ 45.376280974999567, 41.735874291282066 ], [ 45.376279872010151, 41.735804194739728 ], [ 45.376275564286168, 41.735724405383884 ], [ 45.376246920148574, 41.7353829234874 ], [ 45.376243743486135, 41.735308188786853 ], [ 45.376243578580926, 41.735241402863707 ], [ 45.376248424263736, 41.735157066485648 ], [ 45.37625934048215, 41.735081444376746 ], [ 45.376276551682373, 41.735013025316263 ], [ 45.376300247267928, 41.734951092619951 ], [ 45.376319007998234, 41.73491412294068 ], [ 45.376341014100873, 41.734877955066025 ], [ 45.376366270328468, 41.734842579971527 ], [ 45.376394783838798, 41.734807988624539 ], [ 45.376426560582111, 41.734774171095417 ], [ 45.376461616107541, 41.734741113819879 ], [ 45.376499959957322, 41.734708804153833 ], [ 45.376541611288346, 41.734677228520638 ], [ 45.376586546121516, 41.734646399605147 ], [ 45.376634825521435, 41.734616273068809 ], [ 45.376686475823355, 41.734586829005501 ], [ 45.37674153539249, 41.734558048370111 ], [ 45.376800032995533, 41.734529915751388 ], [ 45.376862032165313, 41.734502397609603 ], [ 45.376996805089377, 41.734449091260146 ], [ 45.377131055070059, 41.734402835396253 ], [ 45.377278314209718, 41.734357967885011 ], [ 45.377439746785797, 41.7343141281724 ], [ 45.377617873946903, 41.73427062697958 ], [ 45.377770885629694, 41.734236315124974 ], [ 45.377941724294864, 41.734200431246549 ], [ 45.378578313553398, 41.734075663075693 ], [ 45.378820157066201, 41.734025174064463 ], [ 45.378992760270776, 41.733990185313509 ], [ 45.379170638044371, 41.733960428215063 ], [ 45.379354178427199, 41.733935835711954 ], [ 45.379543900522513, 41.73391633941025 ], [ 45.379740126355273, 41.733901892279079 ], [ 45.379943950872573, 41.733892401494742 ], [ 45.380156370698323, 41.733887821386418 ], [ 45.380378922422651, 41.733888115295059 ], [ 45.380563806333441, 41.733891810301245 ], [ 45.38075792428549, 41.733898598962639 ], [ 45.380963328134811, 41.733908550089026 ], [ 45.381184105075178, 41.733921859025287 ], [ 45.381590965440274, 41.733951520840023 ], [ 45.382545374607005, 41.734029114654767 ], [ 45.382789029337744, 41.734046670432527 ], [ 45.383008906939388, 41.734060463437437 ], [ 45.383224399757047, 41.734071517186031 ], [ 45.383427042088236, 41.734079184422292 ], [ 45.383619772189604, 41.734083573397385 ], [ 45.383804207574862, 41.734084720191014 ], [ 45.384022531017223, 41.73408281713651 ], [ 45.384250270565779, 41.734078212486679 ], [ 45.384489467748487, 41.734070865127606 ], [ 45.384743915663016, 41.734060661408279 ], [ 45.385265080086327, 41.734034013385639 ], [ 45.386300272726523, 41.733971783021723 ], [ 45.386734025451666, 41.733947919826775 ], [ 45.38718786943938, 41.733927972022052 ], [ 45.387594054366602, 41.733916629116308 ], [ 45.387832825941302, 41.73391365546739 ], [ 45.388061888479569, 41.733913836860417 ], [ 45.388282874999973, 41.733917177743066 ], [ 45.388496852219838, 41.733923693470224 ], [ 45.388704996456994, 41.733933428739967 ], [ 45.388907663806336, 41.73394640579707 ], [ 45.389105419691056, 41.733962663287571 ], [ 45.389298692421946, 41.733982234913277 ], [ 45.389437766459984, 41.734000465918974 ], [ 45.389583671657654, 41.73402503528397 ], [ 45.389737783855324, 41.734056167995689 ], [ 45.389902766224424, 41.734094399010871 ], [ 45.390054804166894, 41.734133233068142 ], [ 45.390223878144269, 41.734179475925117 ], [ 45.390821011914745, 41.734353071604495 ], [ 45.391056990774267, 41.734418754377003 ], [ 45.39118227025449, 41.734451268576628 ], [ 45.391298821422097, 41.734479488072516 ], [ 45.391408888966943, 41.734503955576741 ], [ 45.391513621567547, 41.734524923895393 ], [ 45.391637318781463, 41.734546314764977 ], [ 45.391755284040279, 41.734562792776835 ], [ 45.391868351345721, 41.734574474898388 ], [ 45.391977063319082, 41.734581415136908 ], [ 45.392082017744038, 41.734583642089099 ], [ 45.392183398546265, 41.734581150633986 ], [ 45.392281490654156, 41.734573934404075 ], [ 45.392376513987841, 41.734561974642723 ], [ 45.392467943941583, 41.7345454190637 ], [ 45.392559580734243, 41.734523738588258 ], [ 45.392651626071576, 41.734496885689893 ], [ 45.392744340414431, 41.734464785619437 ], [ 45.392837892994784, 41.734427390059217 ], [ 45.392932792454971, 41.734384504516655 ], [ 45.393029492077311, 41.734335927481112 ], [ 45.393128659556204, 41.734281321600932 ], [ 45.393212072524292, 41.734231928792582 ], [ 45.393298409658854, 41.734177783696843 ], [ 45.393388562182878, 41.734118330222287 ], [ 45.393484241520866, 41.734052441120099 ], [ 45.393663859075588, 41.733922896119338 ], [ 45.394126355104213, 41.7335792143869 ], [ 45.394262545045898, 41.733482437365687 ], [ 45.3943867214684, 41.733398354536867 ], [ 45.394526179359957, 41.733309901120343 ], [ 45.394659366679697, 41.733232355907312 ], [ 45.394788640376262, 41.733164350755729 ], [ 45.394915238720287, 41.733105242822617 ], [ 45.395107492826661, 41.733023090518785 ], [ 45.395303838249092, 41.732942679294361 ], [ 45.39550378081438, 41.732864210786133 ], [ 45.395706783128318, 41.732787896690603 ], [ 45.395912323334514, 41.732713932441527 ], [ 45.39611977396806, 41.732642546265758 ], [ 45.396328524287881, 41.732573947421919 ], [ 45.396537938313323, 41.732508346160984 ], [ 45.396716009507465, 41.732454947417736 ], [ 45.396897142637506, 41.732402656499588 ], [ 45.397081071228833, 41.732351549071574 ], [ 45.397267533607433, 41.732301698982191 ], [ 45.397456256066008, 41.732253178321663 ], [ 45.397646996100903, 41.732206049166102 ], [ 45.398033526422886, 41.732116212893722 ], [ 45.398424944101258, 41.73203268853937 ], [ 45.398819670084293, 41.73195580849027 ], [ 45.399215978655661, 41.731885907465866 ], [ 45.399612330098762, 41.731823256512982 ], [ 45.400005477247092, 41.731768319089618 ], [ 45.400395958172659, 41.73172097175847 ], [ 45.400589819766488, 41.731700190517536 ], [ 45.400782588304729, 41.731681356486504 ], [ 45.400974136423805, 41.731664481824517 ], [ 45.401164343974578, 41.731649578666264 ], [ 45.401353017455712, 41.731636658502786 ], [ 45.401540130449533, 41.731625724136066 ], [ 45.401725580797937, 41.731616780434393 ], [ 45.401909272354658, 41.731609832245653 ], [ 45.40209110776518, 41.731604883521747 ], [ 45.402271008901941, 41.731601936346408 ], [ 45.402448896423429, 41.73160099100658 ], [ 45.402624692195801, 41.731602048686064 ], [ 45.402794961598083, 41.731605029562097 ], [ 45.402963088292019, 41.731609935303887 ], [ 45.403129015756789, 41.731616762516317 ], [ 45.403292685083194, 41.731625510514938 ], [ 45.403454042148667, 41.731636174995906 ], [ 45.403613040055902, 41.731648753431486 ], [ 45.403769631895777, 41.731663241492804 ], [ 45.403923773169161, 41.731679635743241 ], [ 45.404075397704865, 41.731697928318965 ], [ 45.404224493478893, 41.731718117470791 ], [ 45.404371021985618, 41.731740197039123 ], [ 45.404514949545387, 41.731764163549464 ], [ 45.404656241253051, 41.731790009928822 ], [ 45.404794869428592, 41.731817730880174 ], [ 45.404930806397125, 41.73184732200712 ], [ 45.405064022061389, 41.731878776219581 ], [ 45.405194374307101, 41.731912056198489 ], [ 45.405321961880134, 41.731947184122916 ], [ 45.40544676430639, 41.731984153769275 ], [ 45.405568761111248, 41.732022958913937 ], [ 45.405687929409005, 41.732063592440959 ], [ 45.405804252342435, 41.732106049915124 ], [ 45.405917714239159, 41.732150324194663 ], [ 45.406028297021372, 41.732196408146315 ], [ 45.406135977789731, 41.732244292852187 ], [ 45.406240751714492, 41.732293974734631 ], [ 45.406342604329069, 41.732345447547779 ], [ 45.406441523571146, 41.732398705037063 ], [ 45.406537497377812, 41.732453740947761 ], [ 45.406630514888036, 41.732510549020674 ], [ 45.406720566436924, 41.732569122091498 ], [ 45.406807641168015, 41.732629454801334 ], [ 45.406979364703069, 41.732756617300325 ], [ 45.407152509737273, 41.732893414760653 ], [ 45.407324511937077, 41.733037819768597 ], [ 45.407493098675545, 41.733187924586112 ], [ 45.407655836716536, 41.733341530229538 ], [ 45.407811404876028, 41.733497359707634 ], [ 45.407958312222306, 41.733653918667116 ], [ 45.408095412201334, 41.73380998174953 ], [ 45.40821997078762, 41.73396220537461 ], [ 45.408333356864802, 41.734112009635943 ], [ 45.408434989500634, 41.734258628329641 ], [ 45.408524449917827, 41.734401457701672 ], [ 45.408601345476029, 41.73453984436388 ], [ 45.408635033636592, 41.734607282011524 ], [ 45.408665516626442, 41.73467348447074 ], [ 45.408692772487029, 41.734738404084815 ], [ 45.40871678774576, 41.734802003975048 ], [ 45.408737545334382, 41.734864249076736 ], [ 45.408755037816029, 41.734925106092042 ], [ 45.408768200051689, 41.734988791412782 ], [ 45.408774517831809, 41.735054011563953 ], [ 45.408773992475659, 41.735120788158916 ], [ 45.408766624104757, 41.735189143714713 ], [ 45.40875241163139, 41.735259099850843 ], [ 45.408731348034408, 41.73533069081649 ], [ 45.40870342386949, 41.735403948166173 ], [ 45.408668624932581, 41.735478911576386 ], [ 45.408626982175875, 41.735555535895514 ], [ 45.408578432690994, 41.735633955544891 ], [ 45.408522940728133, 41.735714226486586 ], [ 45.408460459799258, 41.73579641823008 ], [ 45.408390949329956, 41.735880584950472 ], [ 45.408314316228484, 41.735966843156774 ], [ 45.408230463747522, 41.73605530216377 ], [ 45.408139260453325, 41.736146101131105 ], [ 45.408057915658517, 41.736223305792748 ], [ 45.407971275617811, 41.736302352224932 ], [ 45.407781456820764, 41.736466556326548 ], [ 45.407568197692832, 41.736640114217991 ], [ 45.407327962690808, 41.736825907048527 ], [ 45.40710758104413, 41.736989954455957 ], [ 45.406856455828368, 41.737171769529859 ], [ 45.40606268028516, 41.737732043812407 ], [ 45.405814017832263, 41.737909618174157 ], [ 45.405592973722392, 41.738071637504483 ], [ 45.405405138523719, 41.738214585701151 ], [ 45.405234605284434, 41.738351097378242 ], [ 45.40508899172309, 41.738475711802437 ], [ 45.404965911822352, 41.738590476675029 ], [ 45.404912430807961, 41.738644530928788 ], [ 45.404864158309664, 41.73869652850923 ], [ 45.404817895769021, 41.738750337511767 ], [ 45.40477747842862, 41.738801978623037 ], [ 45.404742839524317, 41.73885154125422 ], [ 45.404713924219756, 41.738899099461584 ], [ 45.404690690916397, 41.738944729055206 ], [ 45.404673118259716, 41.738988474248352 ], [ 45.40466118492801, 41.739030384657525 ], [ 45.404654879179276, 41.739070503559695 ], [ 45.404654197908826, 41.739108909328117 ], [ 45.404659151870447, 41.739145589315186 ], [ 45.404669742473807, 41.739180575039889 ], [ 45.404685979505899, 41.739213891685992 ], [ 45.404707876360504, 41.739245564423683 ], [ 45.404735445182837, 41.739275611221068 ], [ 45.404768704135648, 41.739304050924922 ], [ 45.40480767136394, 41.739330899679082 ], [ 45.404854632906407, 41.739357296921597 ], [ 45.40490779649911, 41.739381833049777 ], [ 45.404967282761426, 41.73940456527508 ], [ 45.405033260453614, 41.739425556942898 ], [ 45.405105854941688, 41.739444855337446 ], [ 45.405185419206809, 41.739462560080483 ], [ 45.405272308499185, 41.739478749166636 ], [ 45.405367051383216, 41.739493523394941 ], [ 45.405459695170691, 41.739505710020488 ], [ 45.405560041469272, 41.739516936254731 ], [ 45.405788709304687, 41.739537028898312 ], [ 45.406043872110423, 41.739553818250677 ], [ 45.40661056100835, 41.739584418042568 ], [ 45.406862951143644, 41.739599885946241 ], [ 45.407122950863659, 41.739619851476355 ], [ 45.407351726874055, 41.73964265535011 ], [ 45.407479802018266, 41.739658324757833 ], [ 45.407600473914052, 41.739675479426708 ], [ 45.407714440694427, 41.739694219583292 ], [ 45.407822140558928, 41.739714617550042 ], [ 45.407924044318626, 41.739736768048559 ], [ 45.408020276038656, 41.739760702178401 ], [ 45.408111041699868, 41.739786473264488 ], [ 45.408196491885398, 41.739814122217261 ], [ 45.408263287784969, 41.739838560622651 ], [ 45.408330859280021, 41.739866017197677 ], [ 45.408399337796453, 41.739896544615384 ], [ 45.4084688885752, 41.739930217945918 ], [ 45.408539617750151, 41.739967083646533 ], [ 45.408611872778515, 41.740007315216225 ], [ 45.408685960232582, 41.740051086298344 ], [ 45.408762348469693, 41.740098670838918 ], [ 45.408894170555605, 41.740185940394134 ], [ 45.409039115799487, 41.740288011202914 ], [ 45.409177728122259, 41.740389809847997 ], [ 45.409506961337392, 41.740636334430711 ], [ 45.409674963792568, 41.740757544195112 ], [ 45.409761071798279, 41.740816664765333 ], [ 45.409841802248891, 41.740869594991615 ], [ 45.409918621175422, 41.74091729521114 ], [ 45.409992309705537, 41.740960248124658 ], [ 45.410075933996637, 41.741005239854921 ], [ 45.410156736688933, 41.741044498701562 ], [ 45.410235246130462, 41.741078281286661 ], [ 45.410311822849209, 41.741106740348144 ], [ 45.410386866986173, 41.741130016772225 ], [ 45.41046051824452, 41.741148145190394 ], [ 45.410532981359601, 41.741161174412724 ], [ 45.410604417654341, 41.741169134488949 ], [ 45.410671037042206, 41.741172489319453 ], [ 45.410738433104974, 41.741172413252414 ], [ 45.410806629889223, 41.741168907101212 ], [ 45.410875657436954, 41.741161968955545 ], [ 45.410945543390469, 41.741151597814401 ], [ 45.411016327377354, 41.741137786328821 ], [ 45.411088050227463, 41.741120527145384 ], [ 45.411160756360744, 41.741099810195607 ], [ 45.411234402586693, 41.741075653646291 ], [ 45.411309136539401, 41.741048014634003 ], [ 45.41138502539453, 41.741016868597043 ], [ 45.411462142305446, 41.740982185547857 ], [ 45.411540552024114, 41.740943938230842 ], [ 45.411620378015108, 41.740902065853817 ], [ 45.411701737740572, 41.740856509447063 ], [ 45.411784778564737, 41.740807184713574 ], [ 45.4119235654398, 41.740718853217295 ], [ 45.412068245115755, 41.7406196820532 ], [ 45.412220138222317, 41.740508774762965 ], [ 45.412381842151596, 41.740384237720889 ], [ 45.412527427495277, 41.740267461147702 ], [ 45.412688576941676, 41.740134268985067 ], [ 45.413225930560493, 41.739677660992932 ], [ 45.413424907921708, 41.739511492035319 ], [ 45.413625159072389, 41.739350771012582 ], [ 45.413802750165367, 41.739216615577291 ], [ 45.413968202690363, 41.739093460675157 ], [ 45.414148049315635, 41.738954210293571 ], [ 45.414327317846023, 41.738811391317142 ], [ 45.414805520637309, 41.738425263948521 ], [ 45.414951046057659, 41.738310445324586 ], [ 45.415083386730863, 41.738208598363407 ], [ 45.415287744559507, 41.7380496997202 ], [ 45.415784839646442, 41.737652340214993 ], [ 45.415923605531297, 41.737545320595459 ], [ 45.416050441455596, 41.73745110699825 ], [ 45.41620320674199, 41.73734339594666 ], [ 45.416349212816947, 41.737247343593296 ], [ 45.416491310925132, 41.737161077871704 ], [ 45.416630979342692, 41.737083712546834 ], [ 45.416751086838516, 41.737022493788672 ], [ 45.416877992915715, 41.73696178796061 ], [ 45.417011371485948, 41.736901752045576 ], [ 45.417150846034566, 41.7368425549192 ], [ 45.417296049600282, 41.736784354614706 ], [ 45.417446489213702, 41.736727348354464 ], [ 45.417601679048722, 41.736671721627474 ], [ 45.417761084016078, 41.736617665508071 ], [ 45.417924406598964, 41.736565289145545 ], [ 45.418090791228366, 41.736514873954256 ], [ 45.418259610224581, 41.736466609552423 ], [ 45.418430214238292, 41.736420681137197 ], [ 45.418601943061049, 41.736377267644087 ], [ 45.418774122000059, 41.736336539058215 ], [ 45.418946079909354, 41.736298655448074 ], [ 45.41911715275576, 41.736263760647468 ], [ 45.419285205096813, 41.736232255160125 ], [ 45.419451142313839, 41.736203932134877 ], [ 45.41961437344434, 41.736178891015214 ], [ 45.419774349520154, 41.736157216683061 ], [ 45.419930505876941, 41.736138984172754 ], [ 45.420082402756421, 41.736124244646398 ], [ 45.420229588322201, 41.736113041205805 ], [ 45.420371656355172, 41.736105405078412 ], [ 45.420507924010764, 41.736101360399083 ], [ 45.420638393653363, 41.736100897272017 ], [ 45.420762764666264, 41.736104014115632 ], [ 45.420880774892559, 41.736110706505698 ], [ 45.420992163293299, 41.736120957404097 ], [ 45.421096751798515, 41.736134749468484 ], [ 45.421194359883685, 41.736152058159384 ], [ 45.421284835863709, 41.736172856128768 ], [ 45.421351985795511, 41.736193880074161 ], [ 45.421414868272493, 41.736221009300728 ], [ 45.421473507415897, 41.736254252733978 ], [ 45.421527932201663, 41.736293626486642 ], [ 45.421578164388585, 41.736339146697489 ], [ 45.421624237840497, 41.736390842070151 ], [ 45.421666179204124, 41.736448741334264 ], [ 45.421704016403055, 41.736512884923435 ], [ 45.421737734664561, 41.736583220654801 ], [ 45.421767416679863, 41.736659889639036 ], [ 45.421793089358111, 41.736742962035187 ], [ 45.421814780926717, 41.736832526011227 ], [ 45.421832511110928, 41.73692865715595 ], [ 45.421846312224673, 41.737031517479203 ], [ 45.421856206936184, 41.737141265422942 ], [ 45.421862213461004, 41.737258114388084 ], [ 45.421864237503392, 41.737358103258451 ], [ 45.421863725659726, 41.737463093145912 ], [ 45.421855082149875, 41.73768898122416 ], [ 45.421836211744164, 41.737937964891032 ], [ 45.421806768021249, 41.738214646212235 ], [ 45.421774650434948, 41.738464075686117 ], [ 45.421733723828069, 41.738747139175771 ], [ 45.421586627506379, 41.739673817171528 ], [ 45.42153803689996, 41.739994825625907 ], [ 45.4214973310132, 41.740296309363465 ], [ 45.421468257781498, 41.740557930244634 ], [ 45.421456768792659, 41.740688790747619 ], [ 45.421448367043169, 41.740811590324775 ], [ 45.421443005277325, 41.740927007381245 ], [ 45.421440663673415, 41.741035502250675 ], [ 45.42144133577137, 41.741137555933655 ], [ 45.421445028681575, 41.74123333413403 ], [ 45.421451749966231, 41.741323071907985 ], [ 45.421461514018638, 41.741406945740593 ], [ 45.421475019734167, 41.741488659467308 ], [ 45.421491904432415, 41.741564243210611 ], [ 45.421512192920062, 41.74163381126769 ], [ 45.421535911033935, 41.741697451811241 ], [ 45.421563094224027, 41.741755252077624 ], [ 45.421593764433297, 41.741807257019268 ], [ 45.421627950859836, 41.741853517866531 ], [ 45.421665685022717, 41.741894073231087 ], [ 45.421707037081397, 41.741928985901374 ], [ 45.421752002102544, 41.741958237877618 ], [ 45.421800609076946, 41.741981849765438 ], [ 45.421852888143157, 41.741999834059506 ], [ 45.421908871843044, 41.742012203245253 ], [ 45.421968586644724, 41.742018960822932 ], [ 45.422032062622172, 41.742020110279114 ], [ 45.422099326227809, 41.742015653311825 ], [ 45.422146395279071, 41.742009345694569 ], [ 45.422195410137874, 41.742000096413058 ], [ 45.422246505321951, 41.74198787975071 ], [ 45.422299858547234, 41.741972655420611 ], [ 45.422355586267308, 41.741954394168978 ], [ 45.422414050923372, 41.74193298297255 ], [ 45.422540715777501, 41.741880138578175 ], [ 45.42265146965827, 41.74182837847313 ], [ 45.422777844599779, 41.741764948902194 ], [ 45.423237003710057, 41.741520532169027 ], [ 45.423427329190915, 41.741422926856764 ], [ 45.423525285944898, 41.7413753995394 ], [ 45.423617728256453, 41.74133276257858 ], [ 45.423706092532989, 41.741294354077283 ], [ 45.423791112723215, 41.741259858793526 ], [ 45.423878340086851, 41.741227264798354 ], [ 45.423962891282301, 41.741198650917362 ], [ 45.424045119116499, 41.741173898762838 ], [ 45.424125264850979, 41.741152935392911 ], [ 45.424203595053257, 41.741135695877816 ], [ 45.424280196229098, 41.741122165490602 ], [ 45.424355199319564, 41.741112320332817 ], [ 45.424428705277613, 41.741106148325535 ], [ 45.424633777536144, 41.741096324158441 ], [ 45.424799603802299, 41.741094333139657 ], [ 45.424874066974397, 41.741096188892094 ], [ 45.424942962841975, 41.741099983686674 ], [ 45.425006642711352, 41.741105738751493 ], [ 45.42506528949157, 41.741113470532042 ], [ 45.425107500795448, 41.741121100963021 ], [ 45.425148464670379, 41.741130686019595 ], [ 45.425188201587162, 41.741142229230157 ], [ 45.425226733248621, 41.741155738621956 ], [ 45.425264082548154, 41.741171220416412 ], [ 45.425300278433454, 41.741188687117393 ], [ 45.425335348649448, 41.741208151233096 ], [ 45.425369319762162, 41.741229628878891 ], [ 45.425402173604233, 41.741253100307475 ], [ 45.425433998352268, 41.741278623739127 ], [ 45.425464829055386, 41.741306225165296 ], [ 45.42549470565023, 41.741335942268478 ], [ 45.42555175508263, 41.741401877842598 ], [ 45.425605578058303, 41.741476925156917 ], [ 45.42564607089561, 41.741542976049459 ], [ 45.425685234613475, 41.741615716880254 ], [ 45.42572349891504, 41.741695930571915 ], [ 45.425761636967692, 41.741785236429045 ], [ 45.425826159988212, 41.741956176222999 ], [ 45.425972512394686, 41.742378408223217 ], [ 45.426014473405004, 41.742487945846563 ], [ 45.426055134881636, 41.742584258724627 ], [ 45.426099827578625, 41.742678549868117 ], [ 45.426145779132327, 41.742763498721473 ], [ 45.426193684680712, 41.742840382606161 ], [ 45.42624395622201, 41.742909853903058 ], [ 45.426320531534905, 41.743011065683064 ], [ 45.426404866457432, 41.743128987303436 ], [ 45.426708367054431, 41.743575675466907 ], [ 45.426836052921118, 41.743756760670173 ], [ 45.42690498033037, 41.743849296048445 ], [ 45.426970803032646, 41.743933353783682 ], [ 45.4270346768783, 41.744010405840086 ], [ 45.427097199482247, 41.744081166059637 ], [ 45.427173048993254, 41.744160463112088 ], [ 45.427248148477247, 41.744231634047232 ], [ 45.427322954187382, 41.744295113110894 ], [ 45.427397774482628, 41.744351157658997 ], [ 45.427472960971429, 41.744400017680121 ], [ 45.427548625875083, 41.744441753103331 ], [ 45.427624942982867, 41.744476458755706 ], [ 45.427702049790135, 41.744504197173633 ], [ 45.427757669351728, 41.744519915475621 ], [ 45.427815802160154, 41.744533042975178 ], [ 45.427876446989316, 41.744543576970969 ], [ 45.427939596617236, 41.744551517485917 ], [ 45.428005247423258, 41.744556863628695 ], [ 45.428073393380856, 41.74455961451676 ], [ 45.428144028474861, 41.744559771068815 ], [ 45.428217147874186, 41.744557331496907 ], [ 45.428292746771078, 41.744552297615577 ], [ 45.42837081433202, 41.744544669460339 ], [ 45.428451344533478, 41.744534447048643 ], [ 45.428534327749389, 41.744521631311883 ], [ 45.428619755561748, 41.744506224077547 ], [ 45.428707617152668, 41.744488228082666 ], [ 45.428797905293685, 41.744467643348621 ], [ 45.428890607969116, 41.744444473517341 ], [ 45.429082953175964, 41.744390466141333 ], [ 45.429284798014699, 41.744326181045842 ], [ 45.429496052348647, 41.744251646439338 ], [ 45.429716656050665, 41.744166883210717 ], [ 45.429946083710249, 41.744072115745738 ], [ 45.4301850165497, 41.743967082938632 ], [ 45.430433805815653, 41.743851639301262 ], [ 45.430695291643481, 41.743724470804423 ], [ 45.430814435510676, 41.74366354546703 ], [ 45.43093498932199, 41.743598402124285 ], [ 45.431056503699089, 41.743529286548331 ], [ 45.431178507740391, 41.743456462608016 ], [ 45.431300534276623, 41.743380212174202 ], [ 45.43142210662436, 41.743300832467533 ], [ 45.431542755374821, 41.743218628789627 ], [ 45.431662019608822, 41.74313391631987 ], [ 45.431779299687555, 41.743047126951787 ], [ 45.431894327593177, 41.742958466158619 ], [ 45.432006697741684, 41.742868248917027 ], [ 45.432116029724092, 41.742776777500566 ], [ 45.432221942066285, 41.742684374003588 ], [ 45.432324138278844, 41.742591299854531 ], [ 45.432422315941508, 41.742497828214127 ], [ 45.432516208600752, 41.742404214994949 ], [ 45.43260402747795, 41.742312358421323 ], [ 45.432687271012107, 41.742220815340403 ], [ 45.432765752973879, 41.74212978822132 ], [ 45.432839317073565, 41.742039460505588 ], [ 45.432907804690302, 41.74195002645169 ], [ 45.432971114541587, 41.741861622456796 ], [ 45.433029140613876, 41.74177439664448 ], [ 45.433081793627466, 41.741688481762885 ], [ 45.433128933360479, 41.741604125141009 ], [ 45.433170580148719, 41.741521306893517 ], [ 45.433206684198026, 41.741440129894471 ], [ 45.433237204047202, 41.741360684375913 ], [ 45.433262105468145, 41.741283063243962 ], [ 45.433281367284891, 41.741207333234307 ], [ 45.43329497433961, 41.741133561959877 ], [ 45.433302913842383, 41.741061811619559 ], [ 45.433304540299957, 41.741013412431954 ], [ 45.433302453955889, 41.740964780451947 ], [ 45.43329665104136, 41.740915890473737 ], [ 45.43328713017462, 41.740866714580193 ], [ 45.433273885169825, 41.740817225772524 ], [ 45.433256908559983, 41.740767385347297 ], [ 45.433236185693161, 41.740717159131293 ], [ 45.433211700654525, 41.740666503948631 ], [ 45.433183475299366, 41.740615449437797 ], [ 45.433151448691696, 41.740563874230567 ], [ 45.433115587996909, 41.740511722603799 ], [ 45.433075849509351, 41.740458931669309 ], [ 45.433032193186044, 41.740405446630966 ], [ 45.432984540206057, 41.740351168703761 ], [ 45.432932808184013, 41.740296005420504 ], [ 45.432876891729478, 41.740239840981822 ], [ 45.432774395910279, 41.740143975962795 ], [ 45.432659119352628, 41.740044176059392 ], [ 45.432529873051507, 41.739939406295328 ], [ 45.43238424962825, 41.739827708542876 ], [ 45.432245500524587, 41.739725674525644 ], [ 45.432086431394637, 41.739612264290436 ], [ 45.431482239157219, 41.73919367316838 ], [ 45.431234253438461, 41.739018047049235 ], [ 45.431105210459968, 41.738923603279844 ], [ 45.430987241333277, 41.738834595014737 ], [ 45.430878200596993, 41.738749400958369 ], [ 45.430777035248653, 41.738667195534781 ], [ 45.430663815892473, 41.738570618516015 ], [ 45.430560127099312, 41.738476735708957 ], [ 45.430465329989715, 41.738384966776898 ], [ 45.430379028717446, 41.738294927722912 ], [ 45.430300823527844, 41.738206188625526 ], [ 45.430230611266872, 41.738118614781861 ], [ 45.430168220948644, 41.738031997883226 ], [ 45.430113539623058, 41.737946176238296 ], [ 45.430020731368458, 41.73778512895769 ], [ 45.429931862421206, 41.737620553207101 ], [ 45.429847055744823, 41.737452677314536 ], [ 45.429766433192668, 41.737281744023349 ], [ 45.429690110595836, 41.737107995198635 ], [ 45.429618212475475, 41.736931714105317 ], [ 45.429550852508541, 41.7367531813466 ], [ 45.429488144458581, 41.736572691035683 ], [ 45.429430160613201, 41.73639044917141 ], [ 45.429377038351127, 41.736206865969095 ], [ 45.429328869973816, 41.736022264443733 ], [ 45.42928574181574, 41.735836974837859 ], [ 45.429247730577302, 41.735651325628098 ], [ 45.429214907058565, 41.735465662425966 ], [ 45.429187331199778, 41.735280325478733 ], [ 45.429165054534749, 41.735095656865909 ], [ 45.429133403875277, 41.734779187876768 ], [ 45.42911442166313, 41.734531906992657 ], [ 45.42910464119737, 41.734308507269056 ], [ 45.429104098887024, 41.734104358047283 ], [ 45.429107400051542, 41.734005229361891 ], [ 45.429113145987856, 41.733909556559816 ], [ 45.429121356363417, 41.733817044135925 ], [ 45.429132047808451, 41.733727482163324 ], [ 45.429145252459378, 41.733640641742113 ], [ 45.429160985369741, 41.733556437248374 ], [ 45.429179267389799, 41.733474750610789 ], [ 45.429200120728595, 41.733395487171258 ], [ 45.429230483857125, 41.733295570147 ], [ 45.429265339488005, 41.733194059194389 ], [ 45.429304606249296, 41.733091197803816 ], [ 45.429348182442318, 41.732987246654723 ], [ 45.429395961517585, 41.732882460139393 ], [ 45.429447816689461, 41.732777123349472 ], [ 45.429503609107648, 41.7326715151165 ], [ 45.429563189125808, 41.732565917915217 ], [ 45.429626396289812, 41.732460616061985 ], [ 45.429693060540501, 41.732355895710576 ], [ 45.42976300215981, 41.732252036746054 ], [ 45.429836034193784, 41.732149315477876 ], [ 45.429911961286393, 41.732048010048509 ], [ 45.42999059151748, 41.731948372467507 ], [ 45.430071729344519, 41.731850652056117 ], [ 45.430155176744883, 41.731755086436138 ], [ 45.430239963125118, 41.73166272225437 ], [ 45.430326636022549, 41.731572902644153 ], [ 45.430415007955837, 41.731485821955431 ], [ 45.430504897343901, 41.731401657403083 ], [ 45.430596113000874, 41.731320588039907 ], [ 45.430688499532238, 41.731242750451912 ], [ 45.430781891944356, 41.731168283963733 ], [ 45.430876133565853, 41.731097313457923 ], [ 45.430970952773414, 41.731030035404494 ], [ 45.431066327986663, 41.730966457088748 ], [ 45.43116212275055, 41.730906669092043 ], [ 45.431258211360444, 41.730850751147322 ], [ 45.431354459671965, 41.730798779416872 ], [ 45.431450768254088, 41.730750806514635 ], [ 45.431547029277887, 41.730706887788592 ], [ 45.431643144449659, 41.73066706594139 ], [ 45.431748308763503, 41.73062812963439 ], [ 45.431860534068925, 41.730591252729482 ], [ 45.431979555229908, 41.730556524471901 ], [ 45.432105057827606, 41.730524036093563 ], [ 45.432236740599556, 41.730493867968633 ], [ 45.432374166550112, 41.730466120797885 ], [ 45.432516905816186, 41.730440882646555 ], [ 45.432664472007659, 41.730418239091939 ], [ 45.432816725891186, 41.730398224866754 ], [ 45.43297273289744, 41.730380972274794 ], [ 45.433131889904622, 41.730366551127126 ], [ 45.433293546809651, 41.730355017904458 ], [ 45.433457058266242, 41.730346420966612 ], [ 45.433621700702474, 41.730340798163688 ], [ 45.433786769694613, 41.730338173767038 ], [ 45.433951547508521, 41.730338559492338 ], [ 45.434114569474652, 41.730341931150953 ], [ 45.434275911231616, 41.730348268648953 ], [ 45.434434900479438, 41.730357545712522 ], [ 45.43459089971293, 41.730369725131418 ], [ 45.434743259304469, 41.730384755333198 ], [ 45.43489145105832, 41.730402583388276 ], [ 45.435034940679678, 41.730423143782581 ], [ 45.43517324796008, 41.730446368097226 ], [ 45.435305572302887, 41.730472107164388 ], [ 45.435431906392864, 41.73050034481976 ], [ 45.435551891380804, 41.730531001379646 ], [ 45.435665218914686, 41.730563996969465 ], [ 45.435771580566801, 41.730599240906479 ], [ 45.43587077385623, 41.730636662822285 ], [ 45.435962587822104, 41.730676183372935 ], [ 45.436046848817597, 41.730717729377126 ], [ 45.436098319796209, 41.730746783577402 ], [ 45.436147474715753, 41.730778288359609 ], [ 45.436194341349051, 41.730812260734666 ], [ 45.436238946290551, 41.730848721320598 ], [ 45.436281316128166, 41.730887689834582 ], [ 45.436321483528396, 41.730929195878304 ], [ 45.436359477556302, 41.730973269967627 ], [ 45.436395330926416, 41.731019948909406 ], [ 45.436429027800173, 41.731069202141683 ], [ 45.436460655523064, 41.731121143724231 ], [ 45.436490248139044, 41.731175829373093 ], [ 45.436517842181971, 41.731233327404695 ], [ 45.436543466910067, 41.731293697155785 ], [ 45.436567173584137, 41.731357051021128 ], [ 45.436589001416486, 41.73142349783825 ], [ 45.436608998261626, 41.731493179737811 ], [ 45.436638205635553, 41.731616111499633 ], [ 45.436662768616898, 41.731749412714187 ], [ 45.436682949112758, 41.731894473078441 ], [ 45.436699131066284, 41.732054012167175 ], [ 45.43671002090597, 41.732203394286323 ], [ 45.436718819780339, 41.732372485486771 ], [ 45.436739769464275, 41.733010919815001 ], [ 45.436752446262261, 41.733276896873846 ], [ 45.436762264755792, 41.733417358836043 ], [ 45.436774056663467, 41.733547544347381 ], [ 45.436788036362195, 41.733669809739752 ], [ 45.436804341673557, 41.733785328108397 ], [ 45.436827377897458, 41.733917442505955 ], [ 45.436854188101989, 41.734042002741276 ], [ 45.436884937369697, 41.734159767479383 ], [ 45.436919752854315, 41.734271221714337 ], [ 45.436958807646313, 41.73437688629307 ], [ 45.437002168885755, 41.73447690777121 ], [ 45.43704994039539, 41.734571522634852 ], [ 45.437102207532789, 41.734660904390203 ], [ 45.43728966834405, 41.734956678161289 ], [ 45.437445689416244, 41.735195952061936 ], [ 45.43759317303364, 41.735413839479136 ], [ 45.437734133865284, 41.735613101541794 ], [ 45.437873749268434, 41.735800753055145 ], [ 45.43800999390109, 41.735973751957665 ], [ 45.43814360268226, 41.736133027690485 ], [ 45.438274953737128, 41.736279028273636 ], [ 45.43840696240995, 41.736414661778511 ], [ 45.438537120782449, 41.73653701138398 ], [ 45.438601558121519, 41.736593254066946 ], [ 45.438665583674876, 41.736646222420454 ], [ 45.438729209530166, 41.736695927207634 ], [ 45.438792445345769, 41.736742375597984 ], [ 45.438855318903428, 41.736785587301647 ], [ 45.438917819296876, 41.736825551552492 ], [ 45.438979953773824, 41.736862274628479 ], [ 45.439041725950112, 41.736895759218548 ], [ 45.439103144257857, 41.73692600889396 ], [ 45.439164211092283, 41.73695302364618 ], [ 45.439224930075738, 41.736976807064778 ], [ 45.439285303603718, 41.736997359141249 ], [ 45.439356699195088, 41.737017328618961 ], [ 45.439429879347252, 41.737032882276132 ], [ 45.439504883777964, 41.737044027163115 ], [ 45.439581758222999, 41.737050771207755 ], [ 45.439660545987813, 41.737053118744193 ], [ 45.439741310807328, 41.737051072226656 ], [ 45.439824113979995, 41.737044629614971 ], [ 45.4399090288099, 41.737033786120591 ], [ 45.439995991662947, 41.737018559095837 ], [ 45.440085230797798, 41.736998918839312 ], [ 45.440176847056222, 41.736974843342438 ], [ 45.440270967659863, 41.736946299686686 ], [ 45.440367690993654, 41.736913258666164 ], [ 45.440467222210792, 41.736875653736405 ], [ 45.440569750787034, 41.736833412107167 ], [ 45.440675521331961, 41.736786434655379 ], [ 45.440848914879595, 41.736702763259146 ], [ 45.441032555223096, 41.73660634152062 ], [ 45.441228458881561, 41.736496122233177 ], [ 45.441440623085136, 41.736369858930459 ], [ 45.441626946112699, 41.736254376918012 ], [ 45.441836079074243, 41.736121017066786 ], [ 45.442545526025796, 41.73565704116541 ], [ 45.442815656240832, 41.735482974092278 ], [ 45.443082496209932, 41.735316436354182 ], [ 45.443322869097088, 41.735173156342761 ], [ 45.443448497420633, 41.735101486139222 ], [ 45.443569583367271, 41.735034843055757 ], [ 45.443686760700189, 41.734972878788881 ], [ 45.443800464386158, 41.734915364692945 ], [ 45.443911167810015, 41.734862063865435 ], [ 45.444019034038739, 41.734812903628637 ], [ 45.444124301637494, 41.734767774083103 ], [ 45.444227154073332, 41.734726597066143 ], [ 45.44441210365077, 41.734652092515333 ], [ 45.444841676138552, 41.734470524300839 ], [ 45.444951269826809, 41.734426540959717 ], [ 45.445051026741929, 41.734388606021 ], [ 45.445174419359212, 41.734345254457303 ], [ 45.445290753762421, 41.734308765567008 ], [ 45.445402336193126, 41.734278419775578 ], [ 45.445510336946136, 41.734253904518276 ], [ 45.445620045210966, 41.734233401485213 ], [ 45.445733488949685, 41.734215775121676 ], [ 45.445850527637745, 41.734201047578821 ], [ 45.445970991893176, 41.734189241119985 ], [ 45.446094732726998, 41.734180370724118 ], [ 45.446221498974694, 41.73417445627075 ], [ 45.446351047833879, 41.734171509501529 ], [ 45.446483094373868, 41.734171536017691 ], [ 45.446617903294133, 41.734174555497951 ], [ 45.446754541485724, 41.734180567057003 ], [ 45.446892604803203, 41.734189551543835 ], [ 45.447031612057266, 41.734201477499205 ], [ 45.447171145794186, 41.734216314118825 ], [ 45.44731050809002, 41.734233988458328 ], [ 45.447449058693188, 41.734254421047318 ], [ 45.447586066960625, 41.734277503047174 ], [ 45.447680024023086, 41.734295368203682 ], [ 45.447775241552492, 41.734315515262381 ], [ 45.447871578667325, 41.734337915045963 ], [ 45.447968886037536, 41.734362533906982 ], [ 45.448067017908912, 41.734389333680859 ], [ 45.448165798403096, 41.734418267314105 ], [ 45.448364604011367, 41.734482328122951 ], [ 45.448563997776638, 41.734554302590048 ], [ 45.448762263200145, 41.734633582233947 ], [ 45.44895779173055, 41.734719521234339 ], [ 45.449148926142136, 41.734811393809274 ], [ 45.449334002636867, 41.734908396752495 ], [ 45.449511475185552, 41.735009719201386 ], [ 45.449679845521693, 41.735114505079395 ], [ 45.449760190125538, 41.735167932105576 ], [ 45.449837759734464, 41.735221909461018 ], [ 45.44991234767874, 41.735276288443515 ], [ 45.449983880212081, 41.73533101350391 ], [ 45.45005222796609, 41.735385985176336 ], [ 45.450117274836309, 41.735441109347285 ], [ 45.450178905894724, 41.735496288295707 ], [ 45.45023702917269, 41.735551440423343 ], [ 45.450291557491937, 41.735606481410819 ], [ 45.45034241091993, 41.735661331413844 ], [ 45.450399853700176, 41.735729368009231 ], [ 45.450453495806464, 41.735800893494087 ], [ 45.450503329919457, 41.735875893491077 ], [ 45.450549343914858, 41.735954354541924 ], [ 45.45059152926823, 41.736036262273316 ], [ 45.450629876207238, 41.736121596011365 ], [ 45.450664376160724, 41.736210335077196 ], [ 45.450695019347435, 41.736302457895583 ], [ 45.450721804597393, 41.736397970778981 ], [ 45.450744715849879, 41.736496814346381 ], [ 45.450763742054235, 41.736598958019357 ], [ 45.450778879323082, 41.736704363985289 ], [ 45.450790121400594, 41.736812999844744 ], [ 45.450797461891135, 41.736924813382899 ], [ 45.450800898011614, 41.737039753271063 ], [ 45.450800428123614, 41.73715776006933 ], [ 45.450795989276223, 41.737279980621764 ], [ 45.450787570431189, 41.737405183707445 ], [ 45.450775175775988, 41.737533283741911 ], [ 45.450758815383686, 41.737664177103142 ], [ 45.450738500636049, 41.737797775475556 ], [ 45.450714254416475, 41.737933915739582 ], [ 45.450686104480873, 41.738072443763187 ], [ 45.450654087965646, 41.738213171150413 ], [ 45.450618093373102, 41.738356494645238 ], [ 45.450578315506753, 41.738501556909696 ], [ 45.45053483404493, 41.738648062196219 ], [ 45.450487764138494, 41.738795628150285 ], [ 45.450437184442031, 41.73894398424769 ], [ 45.450383337623464, 41.739092409869606 ], [ 45.45032645011748, 41.739240270028013 ], [ 45.450266852657847, 41.739386710455179 ], [ 45.450222209075832, 41.739486679851119 ], [ 45.450172193537512, 41.739585974029893 ], [ 45.450116778706921, 41.739684642630401 ], [ 45.45005593488068, 41.739782740704207 ], [ 45.449989632330187, 41.739880319699317 ], [ 45.449917821027888, 41.739977451858586 ], [ 45.449840449724476, 41.740074206726575 ], [ 45.449757456410055, 41.740170662896141 ], [ 45.449668910362583, 41.740266756134005 ], [ 45.449574597996723, 41.740362730453249 ], [ 45.449474421386796, 41.740458688002342 ], [ 45.449368251477523, 41.740554750865805 ], [ 45.449255984302567, 41.740651017610297 ], [ 45.449137399885451, 41.740747679126436 ], [ 45.449012281747777, 41.74084491097728 ], [ 45.448880352365684, 41.740942930394674 ], [ 45.448770928918371, 41.741021200286653 ], [ 45.448656817023213, 41.741100272893917 ], [ 45.448413451806061, 41.741261566272563 ], [ 45.448147678056422, 41.741428530899277 ], [ 45.447854189935327, 41.741604504592601 ], [ 45.44759326186054, 41.741755475953966 ], [ 45.447297547715728, 41.741922181437673 ], [ 45.446312386407939, 41.742464480258 ], [ 45.445955340221978, 41.742663579226587 ], [ 45.445614479740627, 41.742858907913579 ], [ 45.445313172765125, 41.743038145241457 ], [ 45.44516371576875, 41.743130098100565 ], [ 45.445021448698412, 41.743219922475781 ], [ 45.444885656727315, 41.743308068811501 ], [ 45.44475585500853, 41.743394854253836 ], [ 45.444631519251203, 41.743480632126492 ], [ 45.444512467567009, 41.743565531050862 ], [ 45.444398437899565, 41.743649739403352 ], [ 45.444289230440134, 41.743733403885543 ], [ 45.444182867875774, 41.743811614311333 ], [ 45.443938531719574, 41.74397944822708 ], [ 45.443844765622813, 41.744049192590452 ], [ 45.443789600045683, 41.744094671447819 ], [ 45.443742165341845, 41.744138263171202 ], [ 45.443701506662251, 41.744180847842379 ], [ 45.443667195414776, 41.744222882879619 ], [ 45.443630070029371, 41.744278216856266 ], [ 45.443598299590192, 41.744337502251128 ], [ 45.443571881725816, 41.744400742680455 ], [ 45.44355081171733, 41.744467949875151 ], [ 45.443535088393652, 41.744539126544687 ], [ 45.44352470116911, 41.744614305157256 ], [ 45.443519646669628, 41.744693517251811 ], [ 45.443519920469157, 41.744776815987464 ], [ 45.443525430741893, 41.744863263185096 ], [ 45.443536158161599, 41.744953892025585 ], [ 45.443552120668215, 41.745048859160498 ], [ 45.443573367305568, 41.745148471538066 ], [ 45.443599712472725, 41.745252144414174 ], [ 45.443631580589319, 41.745361776631277 ], [ 45.443669302548962, 41.745478608076446 ], [ 45.443714908609742, 41.745608937630486 ], [ 45.443746364930462, 41.745688054657528 ], [ 45.443784193181422, 41.74576874131013 ], [ 45.44382832261757, 41.745850850139789 ], [ 45.443878663096257, 41.745934211254408 ], [ 45.44393512458624, 41.746018670973257 ], [ 45.443997558825238, 41.746104002882831 ], [ 45.444065808015395, 41.746189993215729 ], [ 45.444139684123101, 41.746276404001897 ], [ 45.444219206384041, 41.746363230652577 ], [ 45.444303919009322, 41.746449951609691 ], [ 45.444393542213795, 41.746536279718704 ], [ 45.444487755162825, 41.746621905466554 ], [ 45.444586235927112, 41.74670653555755 ], [ 45.444688573133909, 41.746789813092825 ], [ 45.444794353143251, 41.746871401899618 ], [ 45.444903130984606, 41.746950957821262 ], [ 45.445015200117609, 41.747028654449238 ], [ 45.445129339647558, 41.747103601204543 ], [ 45.445245039711736, 41.747175464094511 ], [ 45.445361784528487, 41.7472439235626 ], [ 45.445479043935038, 41.747308668216469 ], [ 45.445596324124956, 41.747369427056626 ], [ 45.445713125355503, 41.747425940817678 ], [ 45.445828970924744, 41.747477978068751 ], [ 45.445943122557523, 41.747525223729951 ], [ 45.446055440412799, 41.747567635115558 ], [ 45.446165522897871, 41.747605059770258 ], [ 45.446273004693261, 41.747637373021007 ], [ 45.446377508558257, 41.747664465554237 ], [ 45.446478765788129, 41.747686269968888 ], [ 45.446576495689428, 41.747702724315346 ], [ 45.446670451395114, 41.747713788129985 ], [ 45.446733725616525, 41.747717928562274 ], [ 45.446797694795741, 41.747718913795708 ], [ 45.446862390199726, 41.747716744608248 ], [ 45.446927853907056, 41.747711419934248 ], [ 45.446994119564664, 41.747702936939469 ], [ 45.4470612412401, 41.747691289107166 ], [ 45.447129269379985, 41.747676468133221 ], [ 45.447198261615554, 41.74765846118185 ], [ 45.447268169965469, 41.747637288253529 ], [ 45.44733917569409, 41.747612900903604 ], [ 45.447411357973529, 41.747585270899918 ], [ 45.447484813971911, 41.747554363635039 ], [ 45.447559621619796, 41.747520145476948 ], [ 45.447635935587854, 41.747482549168318 ], [ 45.447713896088274, 41.747441503904874 ], [ 45.447793686459946, 41.747396914394876 ], [ 45.447924065477181, 41.747318907886317 ], [ 45.448060686444592, 41.747231062824461 ], [ 45.448205031671563, 41.747132434871602 ], [ 45.448360002650354, 41.747021042837829 ], [ 45.448496013808395, 41.746919544070067 ], [ 45.448647891551452, 41.746803135091476 ], [ 45.449166135282425, 41.746396236051005 ], [ 45.449366396053556, 41.746241299423566 ], [ 45.449567079448201, 41.746090878719222 ], [ 45.449748889390818, 41.745960647850929 ], [ 45.44994146059836, 41.745830803288179 ], [ 45.450033510869034, 41.7457722014979 ], [ 45.450123268025202, 41.745717471734359 ], [ 45.450211126133645, 41.74566637917674 ], [ 45.450297214584651, 41.745618849464712 ], [ 45.450381734693558, 41.745574774629496 ], [ 45.450464835058717, 41.745534075730809 ], [ 45.450620784743215, 41.745461416951166 ], [ 45.450779560363337, 41.745389786284662 ], [ 45.450941241040006, 41.745319147380933 ], [ 45.451105914299696, 41.745249462054609 ], [ 45.451273662882933, 41.745180695741141 ], [ 45.451444610306318, 41.745112797502408 ], [ 45.451618874091267, 41.745045719124938 ], [ 45.451796595779818, 41.74497940779635 ], [ 45.452162465513489, 41.744849049986023 ], [ 45.452544242007825, 41.744720987304078 ], [ 45.452943783731442, 41.744594591681249 ], [ 45.453363968211228, 41.744468953577019 ], [ 45.453714440726188, 41.744369084548666 ], [ 45.454083314779993, 41.744268113127077 ], [ 45.454474475751994, 41.744164970844508 ], [ 45.454895678231836, 41.74405761009757 ], [ 45.45526326216951, 41.743966394615583 ], [ 45.45567413441664, 41.743866461317609 ], [ 45.457506459977409, 41.743427880836251 ], [ 45.457975589750014, 41.743312348525528 ], [ 45.458398044964923, 41.74320535003897 ], [ 45.458814726411468, 41.743096200556138 ], [ 45.459205317092263, 41.742989855046595 ], [ 45.459575587050537, 41.742884739686033 ], [ 45.459928683333729, 41.742779959384123 ], [ 45.460064916379828, 41.742739965865098 ], [ 45.46021140157066, 41.742699614074908 ], [ 45.460369695620074, 41.742658472605065 ], [ 45.460542973556521, 41.742615714444526 ], [ 45.460867251960465, 41.742540062034557 ], [ 45.4616251716335, 41.742369842614977 ], [ 45.461974997264974, 41.742286627510481 ], [ 45.462265123981268, 41.742211174210013 ], [ 45.462395628837534, 41.742174388562496 ], [ 45.462518044766917, 41.742137781241311 ], [ 45.462681159735524, 41.742085087268663 ], [ 45.46283071898366, 41.742031794657279 ], [ 45.462967792525205, 41.741977519952407 ], [ 45.463093043558658, 41.741922002023735 ], [ 45.463207144511685, 41.741864925654816 ], [ 45.463310272656798, 41.741806188384473 ], [ 45.463402713065349, 41.741745626965766 ], [ 45.463484664455791, 41.74168311092145 ], [ 45.463539823461865, 41.741633921638922 ], [ 45.463589243646979, 41.741582410951047 ], [ 45.463632951269076, 41.741528549936639 ], [ 45.463670973750865, 41.74147230426474 ], [ 45.463703333731772, 41.741413643225606 ], [ 45.463730058545963, 41.741352519877026 ], [ 45.463751168319781, 41.741288888205695 ], [ 45.463766680704268, 41.741222692299679 ], [ 45.463776599614256, 41.74115397267709 ], [ 45.463780962375793, 41.741082566161111 ], [ 45.463779772057215, 41.74100839527933 ], [ 45.463773028010444, 41.74093136726156 ], [ 45.463760726065431, 41.740851401060119 ], [ 45.463742844725282, 41.740768347242955 ], [ 45.463719354122432, 41.740682062715877 ], [ 45.463690203669181, 41.740592365737186 ], [ 45.463661329507559, 41.740514317342864 ], [ 45.463628367603462, 41.740433566207969 ], [ 45.463591245762423, 41.740349936982803 ], [ 45.463549862548327, 41.740263201293494 ], [ 45.463504149527459, 41.740173204490254 ], [ 45.463453882191523, 41.740079493518266 ], [ 45.463338662260369, 41.739879056097386 ], [ 45.463221566654383, 41.73968877435059 ], [ 45.463083043056166, 41.739474221990307 ], [ 45.462936205005875, 41.739254032117415 ], [ 45.462515900482167, 41.738632761473141 ], [ 45.462389785279541, 41.738441426186277 ], [ 45.462279600026648, 41.73826940082165 ], [ 45.462160105533798, 41.738075277973188 ], [ 45.462054464038836, 41.737894262185968 ], [ 45.461960788210114, 41.737723114947798 ], [ 45.461878205344298, 41.737560224833452 ], [ 45.46183321566901, 41.737464849005455 ], [ 45.461791989159835, 41.737371864717389 ], [ 45.461754448818979, 41.737281102049714 ], [ 45.461720541977691, 41.737192429714874 ], [ 45.461690214688538, 41.737105705621602 ], [ 45.461663442381273, 41.737020859616607 ], [ 45.461640200376856, 41.736937806234657 ], [ 45.461620467701316, 41.73685647350591 ], [ 45.461604209489785, 41.736776696743284 ], [ 45.461591442924124, 41.736698526318783 ], [ 45.461582160414579, 41.736621911824706 ], [ 45.46157635562605, 41.736546810053561 ], [ 45.461574025818464, 41.736473175981743 ], [ 45.461575169583796, 41.736400982593985 ], [ 45.461579789076744, 41.736330196555564 ], [ 45.461587885295117, 41.73626079084093 ], [ 45.461621220071486, 41.736033895457325 ], [ 45.461650249913845, 41.735851872458326 ], [ 45.461679537061222, 41.735686154775678 ], [ 45.461709784780012, 41.735533186303499 ], [ 45.461742469035293, 41.735386151780908 ], [ 45.461777255231517, 41.735247192626147 ], [ 45.46181444847997, 41.73511508895767 ], [ 45.461854245892596, 41.73498915634616 ], [ 45.461898026186439, 41.734865627902671 ], [ 45.461944871587953, 41.734747656177554 ], [ 45.461994907337974, 41.734634931721999 ], [ 45.462048228091234, 41.734527239783738 ], [ 45.462104951239425, 41.734424350206538 ], [ 45.462165126738974, 41.73432618712544 ], [ 45.462228821110223, 41.734232636778856 ], [ 45.462296091487218, 41.734143617867794 ], [ 45.462361183764692, 41.734065464781295 ], [ 45.462432036985497, 41.733987319096684 ], [ 45.462508726281214, 41.733909096735353 ], [ 45.462591357877919, 41.733830690074043 ], [ 45.46268000337556, 41.733752025854535 ], [ 45.462774884961583, 41.733672902310794 ], [ 45.46287621298422, 41.733593143843223 ], [ 45.46298430307899, 41.733512501469029 ], [ 45.463095874262081, 41.733433230247712 ], [ 45.463214717711487, 41.733352460550982 ], [ 45.463341536986441, 41.733269712145443 ], [ 45.463477611458281, 41.733184148493251 ], [ 45.463620341347571, 41.73309727251975 ], [ 45.463777189207185, 41.733004425355709 ], [ 45.464178603993112, 41.73277419556505 ], [ 45.464411669684964, 41.732644932137788 ], [ 45.464646017148944, 41.732520798875214 ], [ 45.464881052279324, 41.732402108916752 ], [ 45.465116286323742, 41.732289110129351 ], [ 45.465351182492874, 41.732182057784243 ], [ 45.46558545796433, 41.732081074624922 ], [ 45.465818768798293, 41.73198631156685 ], [ 45.466050830905218, 41.731897881455829 ], [ 45.4662809439629, 41.731816036636914 ], [ 45.466509325004999, 41.731740682567505 ], [ 45.466735766574729, 41.731671886752963 ], [ 45.466960092380404, 41.731609703062951 ], [ 45.467182112897696, 41.731554184521485 ], [ 45.467401711752281, 41.731505356835157 ], [ 45.467618758173046, 41.731463250273407 ], [ 45.467833138169269, 41.731427887832488 ], [ 45.467999406587865, 41.731404957937848 ], [ 45.468170155770196, 41.731385429525687 ], [ 45.468345510689268, 41.731369288556095 ], [ 45.468525626378884, 41.731356520865276 ], [ 45.468710619423909, 41.731347116047516 ], [ 45.468900771098241, 41.731341057619439 ], [ 45.469096337499053, 41.731338339105754 ], [ 45.469297662492721, 41.731338952769406 ], [ 45.469503019042364, 41.731342845289376 ], [ 45.469714961116885, 41.731350015211085 ], [ 45.469934138217162, 41.731360484160817 ], [ 45.470161541522124, 41.73137429938182 ], [ 45.470397226243875, 41.731391441684316 ], [ 45.470644352724044, 41.73141212054729 ], [ 45.470905606436659, 41.731436556372763 ], [ 45.471187160084781, 41.73146532362265 ], [ 45.471517524551615, 41.731498760915073 ], [ 45.471683617426358, 41.731518064995065 ], [ 45.471840558193186, 41.731541074989565 ], [ 45.471976030919215, 41.731567039895779 ], [ 45.472047957889828, 41.731584471221765 ], [ 45.472117630543636, 41.731604721065267 ], [ 45.472185087450015, 41.731627800981038 ], [ 45.472250365975462, 41.731653722528527 ], [ 45.472313498689644, 41.731682499088116 ], [ 45.472374535061284, 41.731714152977581 ], [ 45.472433518540107, 41.731748705638473 ], [ 45.472490496228886, 41.731786184802097 ], [ 45.472545441487803, 41.731826564460462 ], [ 45.472598488446785, 41.731869934135325 ], [ 45.47264969154088, 41.731916337739868 ], [ 45.472699113714164, 41.731965831762025 ], [ 45.472746804631335, 41.732018465538445 ], [ 45.472792853972955, 41.732074334176993 ], [ 45.472837338180049, 41.732133531038315 ], [ 45.472880350745342, 41.732196179136075 ], [ 45.472948799165586, 41.732308242407257 ], [ 45.473014032801665, 41.732431165162474 ], [ 45.473076729493883, 41.732566210106711 ], [ 45.473138063281283, 41.732715893483174 ], [ 45.473189865420863, 41.732856224420999 ], [ 45.473244045923238, 41.733015678317081 ], [ 45.473429747041742, 41.733608957247093 ], [ 45.473510363549096, 41.733851048949795 ], [ 45.473556447770235, 41.733977860253802 ], [ 45.473602253399612, 41.734094713588767 ], [ 45.47364861978798, 41.734203742868885 ], [ 45.473696002051632, 41.734306010851093 ], [ 45.473755342293948, 41.734422073345897 ], [ 45.473817194875409, 41.734530301023632 ], [ 45.473881949554368, 41.734631370504154 ], [ 45.473949880025579, 41.7347257093896 ], [ 45.47402132748811, 41.734813767520279 ], [ 45.474096407088929, 41.734895669612833 ], [ 45.474175305481985, 41.73497161664806 ], [ 45.474258171627454, 41.735041753017022 ], [ 45.474336881128167, 41.735106685998531 ], [ 45.474545914685031, 41.73528677811963 ], [ 45.474609578781092, 41.735337944524012 ], [ 45.474668126049508, 41.735381558002921 ], [ 45.474736713308779, 41.735427490718884 ], [ 45.474802989102024, 41.735465864322016 ], [ 45.474868152583689, 41.735497371006332 ], [ 45.47493282878429, 41.735522303621693 ], [ 45.474982077935586, 41.735537252609639 ], [ 45.475034318320851, 41.735549996894839 ], [ 45.475089577626342, 41.735560540862238 ], [ 45.475147899216253, 41.73556889513668 ], [ 45.475209304750067, 41.735575062326028 ], [ 45.475273888107651, 41.735579054646912 ], [ 45.475341734704557, 41.735580878045582 ], [ 45.475412980432687, 41.735580534656137 ], [ 45.47548569118203, 41.735578122546201 ], [ 45.475562027928589, 41.735573653485581 ], [ 45.475727169497127, 41.735558437020842 ], [ 45.475909464421349, 41.735535042031472 ], [ 45.476146898437676, 41.735498587740615 ], [ 45.476249160217755, 41.735478717725499 ], [ 45.47634932156776, 41.735452066814091 ], [ 45.476447588882941, 41.735418580113681 ], [ 45.476544212823789, 41.735378171923244 ], [ 45.476639366090581, 41.73533078388531 ], [ 45.476733513611663, 41.735276197905321 ], [ 45.476827061279629, 41.735214180820066 ], [ 45.476920577466068, 41.735144356479275 ], [ 45.477001636361315, 41.735077557002306 ], [ 45.477083847860122, 41.735004038827988 ], [ 45.477168023092119, 41.734923081624132 ], [ 45.477255660482506, 41.734833245240395 ], [ 45.477334909117822, 41.734747798545172 ], [ 45.477421575893224, 41.734650690170426 ], [ 45.477732223646214, 41.734289661996328 ], [ 45.477861292458634, 41.734143765937894 ], [ 45.477998638369769, 41.733997526357989 ], [ 45.478063437707597, 41.733932727572061 ], [ 45.478126732020755, 41.733872387196342 ], [ 45.478203228013868, 41.733803601777531 ], [ 45.478278867001137, 41.733740234913022 ], [ 45.478354153321838, 41.733681865677241 ], [ 45.478429424160986, 41.733628234164755 ], [ 45.478505071925937, 41.733579068530069 ], [ 45.478581223560489, 41.733534297088156 ], [ 45.478658077825912, 41.733493803719867 ], [ 45.478735789240318, 41.733457505815927 ], [ 45.478921387495056, 41.733378748460431 ], [ 45.479110539644338, 41.733303372545336 ], [ 45.479301811814594, 41.733231949677048 ], [ 45.4794940264795, 41.733164917997954 ], [ 45.479685860731259, 41.733102729775773 ], [ 45.479876679976577, 41.733045581314293 ], [ 45.480065687608629, 41.732993711030872 ], [ 45.480252242876389, 41.732947294547891 ], [ 45.480434645978292, 41.73290671007495 ], [ 45.480613596502081, 41.732871756550601 ], [ 45.480788676644778, 41.732842514100554 ], [ 45.480959551394854, 41.732819039087779 ], [ 45.48112586281993, 41.732801378064991 ], [ 45.481287418710636, 41.732789548970487 ], [ 45.481443995579241, 41.732783568072691 ], [ 45.4815954095412, 41.732783441566824 ], [ 45.481702507787226, 41.732786933233747 ], [ 45.481811814450154, 41.732793415789644 ], [ 45.481923203231872, 41.732802881651509 ], [ 45.482036538175066, 41.732815317873033 ], [ 45.482151685734344, 41.732830712398915 ], [ 45.482268472590626, 41.73284904073131 ], [ 45.482386729025464, 41.73287027745728 ], [ 45.482506273235614, 41.732894389108786 ], [ 45.48262705470335, 41.732921371390439 ], [ 45.482748727786714, 41.732951150091182 ], [ 45.482871074474247, 41.732983673883354 ], [ 45.482993865844414, 41.733018879776921 ], [ 45.483116878993705, 41.7330567056582 ], [ 45.483239846372911, 41.733097068886053 ], [ 45.483362513658207, 41.73313988676481 ], [ 45.483484609602698, 41.733185064961887 ], [ 45.483606593800133, 41.733232796097084 ], [ 45.483727442550617, 41.733282703481983 ], [ 45.483846867585932, 41.733334668540138 ], [ 45.483964582993302, 41.733388566381414 ], [ 45.484080305222093, 41.733444266702669 ], [ 45.48419374343721, 41.733501630225362 ], [ 45.484304620021163, 41.73356051671567 ], [ 45.484412660927539, 41.733620781422047 ], [ 45.484517563046232, 41.733682252695168 ], [ 45.484619114994459, 41.73374480443573 ], [ 45.484717071536586, 41.733808286368649 ], [ 45.484811205498318, 41.733872551745975 ], [ 45.484901292047248, 41.73393744570393 ], [ 45.484987142557465, 41.734002831240332 ], [ 45.485068569576697, 41.73406856774529 ], [ 45.485145406119514, 41.734134518125373 ], [ 45.485203017925585, 41.734188684647989 ], [ 45.485257504126466, 41.734246304132675 ], [ 45.485308962900042, 41.734307479750164 ], [ 45.485357504665274, 41.734372343441599 ], [ 45.485403209522211, 41.734440993049013 ], [ 45.485446263458165, 41.734513695299285 ], [ 45.485486816279149, 41.734590702660299 ], [ 45.485525064373086, 41.734672385395093 ], [ 45.485559973602562, 41.73475602954877 ], [ 45.48559320657062, 41.734845090407212 ], [ 45.485625072477575, 41.734940387206876 ], [ 45.485656090398777, 41.735043462463281 ], [ 45.485712472471207, 41.735257761200366 ], [ 45.485814239578467, 41.735693688159373 ], [ 45.485860049020097, 41.735876702290945 ], [ 45.485914215027186, 41.736065147436058 ], [ 45.485942044976682, 41.736150046347049 ], [ 45.485970838374101, 41.736230180951793 ], [ 45.48600850070661, 41.736324552401236 ], [ 45.486048366279775, 41.736413357170214 ], [ 45.486090710268492, 41.73649720657162 ], [ 45.486135729213117, 41.736576489776503 ], [ 45.486183671579099, 41.736651624558121 ], [ 45.486234624822536, 41.736722726733802 ], [ 45.486288723866799, 41.736789987578739 ], [ 45.486346081596508, 41.73685354621999 ], [ 45.486467719556657, 41.736978008553471 ], [ 45.486592074558601, 41.737099769745761 ], [ 45.486717683155888, 41.737217401165054 ], [ 45.486843599454026, 41.737330016018582 ], [ 45.486968709737504, 41.737436640860707 ], [ 45.487092775693114, 41.737537093861739 ], [ 45.487215326600108, 41.737630992420591 ], [ 45.487336018921852, 41.737718075894577 ], [ 45.487453691086536, 41.737797566505556 ], [ 45.48756902281454, 41.737869985588844 ], [ 45.487681821927666, 41.737935210571003 ], [ 45.487791937426096, 41.737993157434573 ], [ 45.487899209899972, 41.738043743098935 ], [ 45.488003562092807, 41.738086934574348 ], [ 45.488104899860005, 41.738122691737217 ], [ 45.488203147205454, 41.738150988798182 ], [ 45.488292739291857, 41.738170476740315 ], [ 45.488385486726905, 41.738184224523877 ], [ 45.488481366612689, 41.738192228635803 ], [ 45.488580350037047, 41.73819448558843 ], [ 45.488682412930345, 41.738190996376851 ], [ 45.488787516777499, 41.738181760255991 ], [ 45.488895625501037, 41.738166780973842 ], [ 45.489006695827342, 41.738146065011009 ], [ 45.48912075049639, 41.738119602354317 ], [ 45.489237671805768, 41.738087416914297 ], [ 45.489357400913313, 41.738049524244737 ], [ 45.489479869396604, 41.738005945344426 ], [ 45.489605018452195, 41.737956701171314 ], [ 45.489732748527189, 41.737901830871088 ], [ 45.489862961277332, 41.737841374485278 ], [ 45.489995547631104, 41.737775384711306 ], [ 45.490133461883168, 41.737702239380582 ], [ 45.490273567268488, 41.737623456934486 ], [ 45.49041568891068, 41.737539134486589 ], [ 45.490559608877149, 41.737449399958884 ], [ 45.490705158360839, 41.737354357646339 ], [ 45.490851973523093, 41.737254240577812 ], [ 45.490999725339556, 41.7371492735288 ], [ 45.491147998738697, 41.737039750998619 ], [ 45.491297942323889, 41.736924755660411 ], [ 45.491447329441407, 41.736805926404962 ], [ 45.49159547397732, 41.736683808393671 ], [ 45.491741480850571, 41.73655913863508 ], [ 45.491884734614814, 41.736432422364778 ], [ 45.492023527088428, 41.736305154871154 ], [ 45.492156415710973, 41.736178652873988 ], [ 45.492281562031742, 41.736054668033951 ], [ 45.492351987401051, 41.735980079791467 ], [ 45.49241840194518, 41.735902933579048 ], [ 45.492480840239587, 41.735823189624391 ], [ 45.492539338014623, 41.735740801844756 ], [ 45.492593925023392, 41.735655728686105 ], [ 45.492644645270254, 41.735567905114458 ], [ 45.492691534363523, 41.735477268833534 ], [ 45.492734629032014, 41.735383746733305 ], [ 45.492773912941004, 41.735287402837955 ], [ 45.492809491351643, 41.735188005218717 ], [ 45.492841400739749, 41.735085447439289 ], [ 45.492869682233213, 41.734979602326739 ], [ 45.492894367499304, 41.734870363464601 ], [ 45.492915504248401, 41.734757520786118 ], [ 45.492933131856979, 41.734640875068372 ], [ 45.492947286884132, 41.734520173057852 ], [ 45.492956195095431, 41.734419712571892 ], [ 45.492962886829574, 41.734316227118335 ], [ 45.492969678537747, 41.734099226314591 ], [ 45.492967744493185, 41.733866894211744 ], [ 45.492957052860795, 41.733614740029694 ], [ 45.492941551741282, 41.733388254939982 ], [ 45.49291929787217, 41.733133949011133 ], [ 45.4928258000594, 41.732244106760767 ], [ 45.492793154652631, 41.731894964148111 ], [ 45.49277929889012, 41.731713079333559 ], [ 45.492769036756009, 41.731543399868279 ], [ 45.492762185100752, 41.731382891163278 ], [ 45.492758681500788, 41.731229997069057 ], [ 45.49275882038819, 41.731057638422449 ], [ 45.492763589265678, 41.730892922215446 ], [ 45.492773020198477, 41.730734856634136 ], [ 45.492787151428757, 41.730582785800522 ], [ 45.492806059208142, 41.730435992424852 ], [ 45.492829783869979, 41.730294251155932 ], [ 45.492858381673571, 41.730157217680372 ], [ 45.492891909498923, 41.730024628744985 ], [ 45.492952905950929, 41.72978556756447 ], [ 45.493057549649201, 41.729328061913236 ], [ 45.493102157306495, 41.729143363675455 ], [ 45.493152888305168, 41.728955033610973 ], [ 45.493204578927475, 41.72878829471658 ], [ 45.493237991125596, 41.728692801706856 ], [ 45.493272851831868, 41.728602148264073 ], [ 45.493309393304145, 41.728515731718709 ], [ 45.493347780878111, 41.728433160453243 ], [ 45.493388219344617, 41.728354013857839 ], [ 45.493430777479354, 41.728278166437022 ], [ 45.493475569194921, 41.728205420444894 ], [ 45.493522683547639, 41.728135629582127 ], [ 45.493638103123651, 41.727979814316662 ], [ 45.493763573308634, 41.727824713238178 ], [ 45.493897550389612, 41.727672233438142 ], [ 45.494038654003134, 41.727523941744906 ], [ 45.494185249787883, 41.727381518672736 ], [ 45.494336498469963, 41.727245743319294 ], [ 45.494491348032717, 41.72711755872929 ], [ 45.49456985001256, 41.72705654033151 ], [ 45.494648934681564, 41.726997677462521 ], [ 45.494727628576058, 41.726941652543815 ], [ 45.494806717036582, 41.726887865026548 ], [ 45.494886118714852, 41.726836367501264 ], [ 45.494965764251631, 41.72678720800355 ], [ 45.495045574655983, 41.726740432809194 ], [ 45.495125496075069, 41.726696073674717 ], [ 45.495205469860977, 41.726654164178768 ], [ 45.495285440924647, 41.726614731579907 ], [ 45.495365307446953, 41.726577824054537 ], [ 45.4954450742189, 41.726543437979402 ], [ 45.495524695708184, 41.726511592465926 ], [ 45.495604132373344, 41.726482303897711 ], [ 45.49568333984309, 41.726455585977178 ], [ 45.49576228816683, 41.726431451443865 ], [ 45.495840943759411, 41.726409909450368 ], [ 45.495919275440308, 41.726390969138883 ], [ 45.496040129757318, 41.726366072596434 ], [ 45.496167760950939, 41.726344384703012 ], [ 45.496301419768159, 41.726326033870201 ], [ 45.496440227043202, 41.726311140066336 ], [ 45.496583325074859, 41.726299799751978 ], [ 45.496729566399452, 41.726292108842706 ], [ 45.49687783692162, 41.726288124384858 ], [ 45.49702695863207, 41.726287878487049 ], [ 45.497175741270262, 41.726291373593739 ], [ 45.497322985930261, 41.726298582469582 ], [ 45.497467521121443, 41.726309447142668 ], [ 45.497608244889328, 41.726323884125947 ], [ 45.497744026136616, 41.726341773134735 ], [ 45.497874022374432, 41.726363000745017 ], [ 45.497997377669385, 41.726387425672229 ], [ 45.498113361101176, 41.726414903390321 ], [ 45.498193529908185, 41.726437442780387 ], [ 45.498272750039249, 41.72646339359828 ], [ 45.49835103598906, 41.726492762988769 ], [ 45.498428410654178, 41.726525556258615 ], [ 45.498504886124223, 41.72656178056274 ], [ 45.49858049256482, 41.726601448381899 ], [ 45.49865524932077, 41.726644572243636 ], [ 45.498729186578281, 41.726691167330522 ], [ 45.498802277736843, 41.726741213043262 ], [ 45.498874611006052, 41.726794764844186 ], [ 45.49894622147162, 41.726851849603456 ], [ 45.499017149070298, 41.726912499574233 ], [ 45.499087428887918, 41.726976741626508 ], [ 45.499157123914216, 41.727044634934231 ], [ 45.499226291085954, 41.727116233293351 ], [ 45.499295003123557, 41.727191610246535 ], [ 45.499359062439282, 41.727265770707895 ], [ 45.499422868760441, 41.727343417963105 ], [ 45.499486510709332, 41.727424660612584 ], [ 45.499550102436665, 41.727509643173825 ], [ 45.49967758596344, 41.727691424139749 ], [ 45.499807014211434, 41.727891171881026 ], [ 45.499926063184702, 41.728087496008406 ], [ 45.500053087054603, 41.728308482646781 ], [ 45.500160458394539, 41.728502411016699 ], [ 45.500474115841158, 41.729078395742057 ], [ 45.500526435400211, 41.729176185321897 ], [ 45.504179661269774, 41.729184817002228 ], [ 45.507551442675663, 41.728510030047822 ], [ 45.511229312902188, 41.728496137196458 ], [ 45.514362013846849, 41.72705687451959 ], [ 45.517371835829188, 41.726376414251718 ], [ 45.519908603725824, 41.726053107021798 ], [ 45.519912538254573, 41.726046610444662 ], [ 45.519987987721443, 41.725908690769913 ], [ 45.520051622079144, 41.725776783583925 ], [ 45.520103811990516, 41.725650175671504 ], [ 45.520144973201404, 41.725527931134813 ], [ 45.520161478259823, 41.725468268437936 ], [ 45.520175284212122, 41.725409514158684 ], [ 45.520186402696616, 41.72535161960721 ], [ 45.520194841817158, 41.725294545116562 ], [ 45.520200610501817, 41.725238204179234 ], [ 45.520203702862709, 41.725182611233564 ], [ 45.520204122273881, 41.725127736541197 ], [ 45.520201868516928, 41.7250735521813 ], [ 45.520196940156495, 41.725020028436951 ], [ 45.520189333439731, 41.724967146409966 ], [ 45.520179048191338, 41.724914883582976 ], [ 45.520166078253673, 41.724863221068325 ], [ 45.520146939097877, 41.724802138073684 ], [ 45.52012332307838, 41.724740217867229 ], [ 45.520095177400741, 41.724677322877106 ], [ 45.520062422465905, 41.724613271517619 ], [ 45.520025008089206, 41.724547951423681 ], [ 45.519982731706989, 41.724480990615042 ], [ 45.51993538509538, 41.724412060370121 ], [ 45.519882623965657, 41.724340656944179 ], [ 45.51978637917545, 41.724220406761461 ], [ 45.519670994120474, 41.724086999978105 ], [ 45.519555488569665, 41.723960066993442 ], [ 45.51927094236698, 41.723654367383126 ], [ 45.519130662598265, 41.723497353344449 ], [ 45.51906479109568, 41.723419674092291 ], [ 45.519005288292405, 41.723346190347662 ], [ 45.518951213021211, 41.723275737254681 ], [ 45.518902088925621, 41.723207688279423 ], [ 45.518857100834445, 41.723140846467921 ], [ 45.518816568076282, 41.723075603091182 ], [ 45.518780311574957, 41.723011668935122 ], [ 45.518748214272257, 41.722948841873396 ], [ 45.518720167323991, 41.72288689452224 ], [ 45.518696135150336, 41.722825739676793 ], [ 45.518676068665144, 41.722765255065148 ], [ 45.518659937026214, 41.72270534445304 ], [ 45.518640847458222, 41.722618173806616 ], [ 45.518624479075037, 41.722528812966779 ], [ 45.518610860915757, 41.722437435639769 ], [ 45.518600022149009, 41.722344231743897 ], [ 45.518591985873648, 41.72224938401898 ], [ 45.518586773319292, 41.722153141865348 ], [ 45.518584398400371, 41.722055742106292 ], [ 45.518584866832668, 41.721957448623051 ], [ 45.518588186417482, 41.721858336138958 ], [ 45.518594350254133, 41.72175889376841 ], [ 45.518603339152058, 41.721659427837714 ], [ 45.518615123224322, 41.721560260033257 ], [ 45.518629667695983, 41.721461702155501 ], [ 45.518646918897986, 41.721364108423288 ], [ 45.518666818237577, 41.721267818666227 ], [ 45.518689295122833, 41.721173175470092 ], [ 45.518715838739233, 41.721077741104679 ], [ 45.518747240120845, 41.720981812832129 ], [ 45.518783493386479, 41.720885409589854 ], [ 45.518824591467087, 41.720788552121441 ], [ 45.518870526076846, 41.720691259373929 ], [ 45.518921285374006, 41.720593556614766 ], [ 45.518976856314595, 41.72049546911628 ], [ 45.519037223450283, 41.720397022161045 ], [ 45.519102390364559, 41.720298215725315 ], [ 45.519172320245382, 41.720199109413905 ], [ 45.519246988085236, 41.720099735756534 ], [ 45.519326367696323, 41.720000129989899 ], [ 45.519410434086041, 41.719900326444076 ], [ 45.519499147930304, 41.719800371222576 ], [ 45.519592468688806, 41.719700308632632 ], [ 45.51969035104932, 41.719600187506103 ], [ 45.519793423737021, 41.719499410521003 ], [ 45.519901005984849, 41.719398686897371 ], [ 45.520013028547922, 41.719298079084709 ], [ 45.520129413839769, 41.719197658577023 ], [ 45.520250090220401, 41.719097488734953 ], [ 45.520374938240984, 41.718997667362203 ], [ 45.520503848006079, 41.718898284112967 ], [ 45.520636682096047, 41.718799444078208 ], [ 45.520773562467433, 41.71870106652878 ], [ 45.520914057691925, 41.718603470454717 ], [ 45.521057975312281, 41.718506792722245 ], [ 45.521205080937406, 41.718411187501808 ], [ 45.521355174873754, 41.71831678809113 ], [ 45.52150789949895, 41.718223821278244 ], [ 45.521662919846293, 41.718132490331676 ], [ 45.521819832708708, 41.718043033058343 ], [ 45.521917750867658, 41.717991012097343 ], [ 45.522021934870878, 41.717941253986716 ], [ 45.522132595494377, 41.71789365957472 ], [ 45.522250017849075, 41.71784810505082 ], [ 45.522374378016764, 41.717804512133128 ], [ 45.522506307683031, 41.71776265184949 ], [ 45.522646396777922, 41.717722335044435 ], [ 45.522795572405677, 41.717683294463939 ], [ 45.522923864886927, 41.717652394736703 ], [ 45.523059980341564, 41.717621865476794 ], [ 45.523205284312887, 41.717591396900787 ], [ 45.523362517857542, 41.717560412647508 ], [ 45.523658738210152, 41.717506016925455 ], [ 45.524373849027214, 41.717381029016281 ], [ 45.524563311877635, 41.717345811340635 ], [ 45.524731581844854, 41.717312541080823 ], [ 45.524907900594997, 41.71727489960773 ], [ 45.525069546801411, 41.717237112340996 ], [ 45.525219330574572, 41.717198519791175 ], [ 45.525358703479945, 41.717158746078553 ], [ 45.525505217317892, 41.717111924835976 ], [ 45.525640872739146, 41.717062849968407 ], [ 45.525766459647606, 41.71701123597893 ], [ 45.525882494414589, 41.716956866169156 ], [ 45.525989511096896, 41.716899481421919 ], [ 45.526087679536381, 41.716838974701382 ], [ 45.526177247360351, 41.716775195378844 ], [ 45.526258395055429, 41.716708014747404 ], [ 45.526296703756451, 41.716672038003082 ], [ 45.52633317354244, 41.716634343914002 ], [ 45.526367822298312, 41.716594914385837 ], [ 45.526400669089249, 41.716553728616631 ], [ 45.52643172938167, 41.716510766721449 ], [ 45.526461026954017, 41.716465996167315 ], [ 45.526488581993306, 41.716419386239039 ], [ 45.526514417046833, 41.716370900806197 ], [ 45.526538517992527, 41.71632057686363 ], [ 45.526560947551047, 41.716268292529499 ], [ 45.526600892847789, 41.716157616152991 ], [ 45.526634445761452, 41.716038339382152 ], [ 45.526661849415326, 41.715909611741054 ], [ 45.526679419389637, 41.715799715208689 ], [ 45.526693404618477, 41.715682170084605 ], [ 45.526703959772057, 41.715555747096204 ], [ 45.526711292988168, 41.715417962040263 ], [ 45.526716927050849, 41.715159231506746 ], [ 45.526717771122044, 41.714538796188904 ], [ 45.52672178024558, 41.714378613144227 ], [ 45.526728881821541, 41.714236031953881 ], [ 45.526740526125231, 41.714093600170685 ], [ 45.526756463225283, 41.713962523738388 ], [ 45.526776943367693, 41.713840769513055 ], [ 45.526802153709895, 41.713727263892366 ], [ 45.526831275428989, 41.71362433985697 ], [ 45.526865153697159, 41.713527889005817 ], [ 45.526903929518951, 41.713437515277974 ], [ 45.52694771963553, 41.71335294251692 ], [ 45.526996682801972, 41.713273887167048 ], [ 45.527050892677096, 41.713200243501333 ], [ 45.527110456284426, 41.713131869610613 ], [ 45.527175464092892, 41.713068656986806 ], [ 45.527245011995127, 41.713011029498702 ], [ 45.527321651865428, 41.712956321943913 ], [ 45.527405513988668, 41.712904444540399 ], [ 45.527496769365214, 41.71285528840253 ], [ 45.527595548392185, 41.7128087772547 ], [ 45.527702200658503, 41.712764738337789 ], [ 45.52781706879108, 41.712723029545842 ], [ 45.52794065614961, 41.712683466598826 ], [ 45.528075514911066, 41.712645336990093 ], [ 45.528220993432164, 41.712608921093285 ], [ 45.528378400447309, 41.712573886794431 ], [ 45.528550210097812, 41.712539682240291 ], [ 45.52872315851581, 41.712508483255192 ], [ 45.528918090353528, 41.712476126299428 ], [ 45.529687454811686, 41.712358960134189 ], [ 45.53001250958809, 41.712305539189778 ], [ 45.530185371633465, 41.712273939389156 ], [ 45.530343946490248, 41.712242136855053 ], [ 45.530491293187623, 41.712209516753127 ], [ 45.53062891875495, 41.712175741608057 ], [ 45.530788989362293, 41.71213147566813 ], [ 45.530937041534862, 41.712084581825913 ], [ 45.531074090764776, 41.712034736584293 ], [ 45.531200766241213, 41.711981709195129 ], [ 45.531317724316679, 41.711925210232899 ], [ 45.531425140848441, 41.711865136233264 ], [ 45.531475364832311, 41.711833707954604 ], [ 45.531523299438931, 41.711801330088726 ], [ 45.531568970972906, 41.711767985403341 ], [ 45.531612400953215, 41.711733659390291 ], [ 45.53166310278958, 41.711689494614106 ], [ 45.531711807668941, 41.711642087500621 ], [ 45.531758620541183, 41.711591337588132 ], [ 45.531803670062267, 41.711537103773054 ], [ 45.531847040844312, 41.711479297396473 ], [ 45.531888974352398, 41.711417609300469 ], [ 45.531929670106578, 41.711351745833014 ], [ 45.531969413990758, 41.711281245410191 ], [ 45.53203217223507, 41.711156668919905 ], [ 45.53209603883495, 41.71101318140586 ], [ 45.532153351680797, 41.710872177730337 ], [ 45.532288678156206, 41.710524465043612 ], [ 45.53236374089871, 41.710346789580178 ], [ 45.532404594851883, 41.710259156893933 ], [ 45.532445349957946, 41.710178641142654 ], [ 45.532486695820843, 41.710103886268122 ], [ 45.532529019728109, 41.710034191525907 ], [ 45.532577222297093, 41.709962561823744 ], [ 45.532627322312273, 41.709895975376647 ], [ 45.532679589705559, 41.70983407695293 ], [ 45.53273421970944, 41.70977663596414 ], [ 45.532791453134223, 41.70972340990086 ], [ 45.532851383106106, 41.709674321767352 ], [ 45.53291414694953, 41.709629261036241 ], [ 45.532979859374876, 41.709588144305869 ], [ 45.533136281469723, 41.709501593862235 ], [ 45.533298372750522, 41.709420825561402 ], [ 45.533380564711734, 41.709383101649593 ], [ 45.533463150077651, 41.709347321381806 ], [ 45.533545852184112, 41.709313604935183 ], [ 45.533628441028853, 41.709282046150499 ], [ 45.533710343742733, 41.709252848546456 ], [ 45.533791736413349, 41.709225937448544 ], [ 45.533872452424205, 41.709201367674439 ], [ 45.533952349101611, 41.709179182221753 ], [ 45.534031276545377, 41.709159422320688 ], [ 45.534109142378284, 41.709142108218181 ], [ 45.534185847048519, 41.709127264698267 ], [ 45.534261300545388, 41.709114907493792 ], [ 45.534341884494147, 41.709104910558288 ], [ 45.534427192863824, 41.709098173775047 ], [ 45.53451813615527, 41.709094620841917 ], [ 45.534616551626925, 41.709094176545783 ], [ 45.534798251483096, 41.70909993328673 ], [ 45.535216846399514, 41.709123199792757 ], [ 45.535318116969016, 41.709126412883926 ], [ 45.535409414426447, 41.709127155773984 ], [ 45.535879520345382, 41.709128536747365 ], [ 45.536076128473496, 41.709126717247578 ], [ 45.536277050367097, 41.709119518969061 ], [ 45.536367930022607, 41.709113669865161 ], [ 45.53645395356483, 41.709106231992251 ], [ 45.536522271547355, 41.709098508330285 ], [ 45.536590325499006, 41.709088812409476 ], [ 45.536658140617391, 41.709077139609086 ], [ 45.536725750506356, 41.709063484368279 ], [ 45.536793182767418, 41.709047842055 ], [ 45.536860478178681, 41.709030202571242 ], [ 45.536927673919806, 41.70901055673643 ], [ 45.536994815546628, 41.70898889082725 ], [ 45.537061875512848, 41.708965217582403 ], [ 45.537128977276552, 41.708939495893134 ], [ 45.537263541019314, 41.708881817813641 ], [ 45.537399014558495, 41.708815638943435 ], [ 45.537536122131371, 41.708740609118735 ], [ 45.537662623584382, 41.708664501967569 ], [ 45.537792171435754, 41.708580129934596 ], [ 45.53792598269834, 41.708486706398567 ], [ 45.538066318336, 41.708382656228082 ], [ 45.538196419747564, 41.708281486542546 ], [ 45.538339262664635, 41.708166295144885 ], [ 45.538856846975911, 41.70773421894588 ], [ 45.53907083169323, 41.707560347848379 ], [ 45.539187244446175, 41.707469567861445 ], [ 45.539297137249918, 41.707387116577543 ], [ 45.539402637560649, 41.70731139968413 ], [ 45.539504838705206, 41.707241636550904 ], [ 45.539628835636698, 41.707162178437628 ], [ 45.539750143562593, 41.707090349208265 ], [ 45.53986961173954, 41.707025647690919 ], [ 45.539987808584733, 41.706967767681903 ], [ 45.540105379470688, 41.706916407116957 ], [ 45.540222529314043, 41.706871487573935 ], [ 45.540339581657804, 41.706832886838015 ], [ 45.540456789454481, 41.706800521755518 ], [ 45.54058020510211, 41.706773157807007 ], [ 45.540710427143246, 41.706750931766038 ], [ 45.54084769445074, 41.706733802854117 ], [ 45.540992334849456, 41.706721730772287 ], [ 45.541144550049019, 41.706714685720179 ], [ 45.541305063317836, 41.706712626431056 ], [ 45.541474551294691, 41.706715540674807 ], [ 45.541654073111118, 41.706723447738703 ], [ 45.54180849643231, 41.706733603933543 ], [ 45.541971716890011, 41.706747185258266 ], [ 45.54214531737194, 41.706764319314004 ], [ 45.542332491772953, 41.706785320639923 ], [ 45.542682952707693, 41.706829707672746 ], [ 45.543498607647273, 41.706940925635969 ], [ 45.543705264377792, 41.70696676485926 ], [ 45.543888667063911, 41.706987501372893 ], [ 45.544077315551164, 41.707005849299335 ], [ 45.544250325164739, 41.707019189187363 ], [ 45.544410690681374, 41.707027749210873 ], [ 45.544559988516042, 41.707031609321334 ], [ 45.544715550238237, 41.707030391978499 ], [ 45.544859872102506, 41.707023309164171 ], [ 45.544993813127029, 41.707010319017122 ], [ 45.545057073515132, 41.707001591063054 ], [ 45.545117944931377, 41.706991363918924 ], [ 45.545176547366815, 41.706979613600829 ], [ 45.545232854391557, 41.706966342039024 ], [ 45.545286906784639, 41.706951539135616 ], [ 45.545338742929069, 41.706935195704538 ], [ 45.545388395175721, 41.706917299886072 ], [ 45.545435891090818, 41.706897842545096 ], [ 45.545481254619936, 41.706876812762076 ], [ 45.545524508522163, 41.706854201424449 ], [ 45.545573057701972, 41.706824985258244 ], [ 45.545618694591134, 41.70679279705125 ], [ 45.545661445500443, 41.706757621369931 ], [ 45.545701335493824, 41.706719437382127 ], [ 45.545738387216765, 41.706678222465541 ], [ 45.545772628062231, 41.706633946769351 ], [ 45.545804086587637, 41.706586575933486 ], [ 45.545832787699602, 41.706536070210667 ], [ 45.545858719724251, 41.706482470190217 ], [ 45.545881957265173, 41.706425643115431 ], [ 45.54590252623472, 41.706365525815137 ], [ 45.545920454804985, 41.706302037993851 ], [ 45.545935761647698, 41.706235112911557 ], [ 45.545948481675254, 41.706164614396371 ], [ 45.545958639029244, 41.706090411731637 ], [ 45.54596625627665, 41.706012330073229 ], [ 45.545973154798624, 41.705880837124887 ], [ 45.545973849307927, 41.705738031929499 ], [ 45.545968353227529, 41.705582370608447 ], [ 45.545956560674135, 41.705410708389195 ], [ 45.545942286336604, 41.705257675596044 ], [ 45.545923089743809, 41.705084275943499 ], [ 45.545848323816898, 41.704492441407616 ], [ 45.545822186028673, 41.704269370885157 ], [ 45.545800964094994, 41.704051682152588 ], [ 45.545787583159338, 41.703858958938667 ], [ 45.545781283098293, 41.703664715017993 ], [ 45.545783929587131, 41.703487898746239 ], [ 45.545788617423938, 41.703405089646679 ], [ 45.545795565492135, 41.703325770865732 ], [ 45.545804789109738, 41.703249764890799 ], [ 45.545816303945728, 41.703176935639995 ], [ 45.545829930334563, 41.703108067582711 ], [ 45.545845825069492, 41.703042089030973 ], [ 45.545864005502921, 41.702978920639048 ], [ 45.545884491536107, 41.702918500162603 ], [ 45.545907305436373, 41.702860760842249 ], [ 45.545932461325172, 41.702805667481947 ], [ 45.54595997927273, 41.70275317765158 ], [ 45.545989878216432, 41.702703257032589 ], [ 45.546022202058403, 41.702655838762205 ], [ 45.546056944902098, 41.702610936377027 ], [ 45.546094125800558, 41.702568529068138 ], [ 45.546133762605464, 41.70252859603206 ], [ 45.546175873184232, 41.702491118266501 ], [ 45.546220473062043, 41.702456083985773 ], [ 45.546267577741695, 41.702423478701995 ], [ 45.546317203966481, 41.70239329242473 ], [ 45.546374036466453, 41.702363087176721 ], [ 45.546435140768487, 41.702334771091188 ], [ 45.546500616220086, 41.702308295951326 ], [ 45.546570599380168, 41.702283607958385 ], [ 45.546645189658015, 41.702260666099392 ], [ 45.546724653166791, 41.70223938713486 ], [ 45.546809246504232, 41.702219699578478 ], [ 45.546899337931485, 41.702201518801168 ], [ 45.546996892066929, 41.702184507580796 ], [ 45.547101315332604, 41.702168825447551 ], [ 45.547213547585997, 41.702154329198272 ], [ 45.547335353644996, 41.702140789730997 ], [ 45.547594711485679, 41.70211726253617 ], [ 45.548135213578355, 41.702076927148681 ], [ 45.548364507074275, 41.702057635333027 ], [ 45.548599889521789, 41.702032874612257 ], [ 45.548705319563744, 41.702019341611944 ], [ 45.548804376004824, 41.702004817548669 ], [ 45.548920439163219, 41.701985092538798 ], [ 45.549028837299673, 41.701963460301897 ], [ 45.549130309495254, 41.701939771413187 ], [ 45.549225325958815, 41.701913917360152 ], [ 45.549314377038876, 41.701885755304346 ], [ 45.549397600506531, 41.701855233260531 ], [ 45.54947521561985, 41.70182227093062 ], [ 45.549547379249979, 41.701786800923315 ], [ 45.549602690422297, 41.701756299615418 ], [ 45.549656729992286, 41.701723966916717 ], [ 45.549709527864721, 41.70168978647321 ], [ 45.549761112727317, 41.701653740135121 ], [ 45.549811512050738, 41.701615807957083 ], [ 45.549860762858863, 41.701575962742162 ], [ 45.549908899764297, 41.701534176404202 ], [ 45.549955963327378, 41.701490413622849 ], [ 45.550001926188251, 41.701444707856496 ], [ 45.550046902798272, 41.701396950473601 ], [ 45.550134097342912, 41.7012950664367 ], [ 45.550217975382068, 41.701184264979801 ], [ 45.550299133533272, 41.701063760536734 ], [ 45.55036302437513, 41.700958906584013 ], [ 45.550426167475614, 41.70084616236197 ], [ 45.550489229390614, 41.700724347451818 ], [ 45.550553433936514, 41.700591108742408 ], [ 45.550667053891345, 41.70033551778856 ], [ 45.550864469315201, 41.699862698269612 ], [ 45.550943270753002, 41.699679033407648 ], [ 45.551026534278428, 41.699495666843269 ], [ 45.551106021184069, 41.69933355344471 ], [ 45.551198743392632, 41.699161732613298 ], [ 45.551245572898843, 41.699081999687202 ], [ 45.551293002859907, 41.699005885612543 ], [ 45.551341259795954, 41.698933035323236 ], [ 45.551390424469844, 41.698863335842205 ], [ 45.551440615623441, 41.698796618165943 ], [ 45.551491930712409, 41.698732753924823 ], [ 45.551966117632354, 41.698155015091963 ], [ 45.552197189642911, 41.697880934232941 ], [ 45.552318248112904, 41.697742599786025 ], [ 45.552433699884674, 41.697614959262779 ], [ 45.552545529655994, 41.697495818917837 ], [ 45.552654766501831, 41.69738408845847 ], [ 45.552771495933357, 41.697270091697952 ], [ 45.552886820702057, 41.697163184754622 ], [ 45.553001303634126, 41.697062847016745 ], [ 45.553115332436917, 41.696968738855027 ], [ 45.553229352333723, 41.696880501446827 ], [ 45.553343515063901, 41.696798027778051 ], [ 45.553458048773969, 41.696721151919895 ], [ 45.553573133925461, 41.696649753207765 ], [ 45.553637341375286, 41.696613204756865 ], [ 45.553704226829346, 41.696578398850157 ], [ 45.553773820200377, 41.696545320026772 ], [ 45.553846156200578, 41.696513951901764 ], [ 45.553921267154465, 41.696484279902862 ], [ 45.553999204560327, 41.696456283060023 ], [ 45.554080018745864, 41.696429944011378 ], [ 45.554163767226186, 41.696405242657974 ], [ 45.5542503924299, 41.696382191880978 ], [ 45.554340088551861, 41.696360733992485 ], [ 45.554432943143148, 41.696340847846578 ], [ 45.554529062982581, 41.696322512204112 ], [ 45.55462853683116, 41.696305706812879 ], [ 45.554731543501603, 41.696290401978338 ], [ 45.554838253425729, 41.696276571648305 ], [ 45.554948886282681, 41.696264186829652 ], [ 45.55513550133093, 41.696247245695155 ], [ 45.555334429828164, 41.696233825077343 ], [ 45.555547677557662, 41.696223786414592 ], [ 45.555779308433891, 41.696216933434528 ], [ 45.55598427102121, 41.696213588472034 ], [ 45.55621425554228, 41.696212053164118 ], [ 45.556970105037685, 41.696213660682425 ], [ 45.557241284651916, 41.696212932454777 ], [ 45.557502661038662, 41.696209512987174 ], [ 45.55773467615996, 41.696203071230535 ], [ 45.557968320202619, 41.696192107641089 ], [ 45.558182535536226, 41.696176873105756 ], [ 45.558380797887338, 41.69615711846243 ], [ 45.558564938294097, 41.696132655652917 ], [ 45.558655168127657, 41.696118084934014 ], [ 45.558742132007893, 41.696102181660862 ], [ 45.558825953513526, 41.696084922722186 ], [ 45.558906734615974, 41.696066287813316 ], [ 45.558984579643472, 41.696046251213389 ], [ 45.559059547352859, 41.696024798231122 ], [ 45.559131706060342, 41.696001907823451 ], [ 45.559201112111992, 41.695977564409397 ], [ 45.559267879278714, 41.695951722404821 ], [ 45.559331983579533, 41.695924388235959 ], [ 45.559393464521584, 41.695895544601484 ], [ 45.55945235802276, 41.695865176018664 ], [ 45.559508697566514, 41.695833263413526 ], [ 45.559562505875832, 41.695799794069217 ], [ 45.559613808061748, 41.695764753455656 ], [ 45.559662625614862, 41.695728125258753 ], [ 45.559745829267221, 41.695657710577009 ], [ 45.55982421433842, 41.695581133233524 ], [ 45.559897948857511, 41.69549823029152 ], [ 45.559967232792872, 41.695408780111499 ], [ 45.560032200621649, 41.69531263072664 ], [ 45.560093190685606, 41.695209303118816 ], [ 45.560150480179409, 41.69509833477953 ], [ 45.560204434282369, 41.694979015975925 ], [ 45.56024790593294, 41.694870560366923 ], [ 45.560289642437688, 41.694754524719322 ], [ 45.560330067547589, 41.694629748655728 ], [ 45.560369917498861, 41.694493968706141 ], [ 45.560440028786495, 41.694224955887861 ], [ 45.560564029780146, 41.693699495754757 ], [ 45.560617485739193, 41.6934842796719 ], [ 45.560678014637944, 41.693264498478833 ], [ 45.560739109425057, 41.693070624309378 ], [ 45.560777815466992, 41.692961350456137 ], [ 45.560817969458284, 41.692857889910442 ], [ 45.560859829983798, 41.692759575784386 ], [ 45.560903581956474, 41.692665975733746 ], [ 45.56094944967618, 41.692576626597479 ], [ 45.560997513673207, 41.692491391972908 ], [ 45.561047893435578, 41.692410055103757 ], [ 45.561100689717748, 41.692332456069472 ], [ 45.561183917138152, 41.692220107636274 ], [ 45.561273500930312, 41.692107588487488 ], [ 45.561369621712096, 41.691994668044885 ], [ 45.561472530446707, 41.691881052335184 ], [ 45.561582390042084, 41.69176654779212 ], [ 45.561699743401071, 41.691650577089156 ], [ 45.56182510637575, 41.691532631482339 ], [ 45.561959273873128, 41.691411957667547 ], [ 45.562079275861869, 41.691308025123654 ], [ 45.562207183427915, 41.691200659903174 ], [ 45.562344270577427, 41.691088792006823 ], [ 45.562493038123606, 41.690970377159069 ], [ 45.56278252255337, 41.690746198951643 ], [ 45.563542652153281, 41.690168168564767 ], [ 45.563761258814509, 41.689997156665363 ], [ 45.563954193728478, 41.689841577898711 ], [ 45.564165160569885, 41.689664379704851 ], [ 45.564356026406273, 41.689495431260312 ], [ 45.564530346020724, 41.689331583433606 ], [ 45.564689859542483, 41.689171186655429 ], [ 45.564768231153742, 41.689086526563855 ], [ 45.564847023227443, 41.688995558476584 ], [ 45.564926955523582, 41.688897459207816 ], [ 45.565009326246567, 41.688790635320395 ], [ 45.565085772975337, 41.688686865987513 ], [ 45.565168646046466, 41.688570225369567 ], [ 45.565467878092591, 41.688133863319273 ], [ 45.565593203514652, 41.687956255158106 ], [ 45.565728735159801, 41.687775679213452 ], [ 45.565793081259102, 41.687695303673934 ], [ 45.565856261539196, 41.687620127335897 ], [ 45.565934728140199, 41.687532159453539 ], [ 45.566012924785078, 41.687450568077139 ], [ 45.566091415908332, 41.687374765865883 ], [ 45.566170585198812, 41.687304382538478 ], [ 45.566250881107287, 41.687239033982728 ], [ 45.566332452886471, 41.687178610474966 ], [ 45.566415530972229, 41.687122942443935 ], [ 45.566500299342138, 41.687071906482984 ], [ 45.566585695041482, 41.687027607385801 ], [ 45.566678302451109, 41.686987810447064 ], [ 45.566778310732687, 41.686952436354645 ], [ 45.566885978605015, 41.68692139013924 ], [ 45.567001472578596, 41.686894612411692 ], [ 45.567125380139771, 41.686871954334165 ], [ 45.567258265125062, 41.686853310415486 ], [ 45.567401022839462, 41.68683855550907 ], [ 45.567524150048882, 41.686829402510256 ], [ 45.567655498932055, 41.68682262087426 ], [ 45.567796397825099, 41.686818138258353 ], [ 45.56794952553205, 41.68681586843158 ], [ 45.568238675859547, 41.686816745850017 ], [ 45.568937262484305, 41.686827026397914 ], [ 45.56912101876447, 41.686827076732861 ], [ 45.569283846368648, 41.686824611178224 ], [ 45.569452477530319, 41.68681858945321 ], [ 45.569606459895397, 41.68680900751832 ], [ 45.569748412650611, 41.686795699327014 ], [ 45.569879691203397, 41.686778532103396 ], [ 45.570013804545816, 41.686754865551848 ], [ 45.57007672127483, 41.686741146398617 ], [ 45.570136997578302, 41.68672614508764 ], [ 45.570194725774094, 41.686709838647253 ], [ 45.570249951391816, 41.686692212444022 ], [ 45.570302730751273, 41.686673249088585 ], [ 45.570353109366543, 41.686652932145584 ], [ 45.570367302385449, 41.686646521604487 ], [ 45.570401180590615, 41.686631219722173 ], [ 45.570446921649278, 41.686608118239228 ], [ 45.570490362445213, 41.686583612238984 ], [ 45.570531530478263, 41.686557686275478 ], [ 45.570570449643903, 41.686530324920369 ], [ 45.570607139055525, 41.686501515471079 ], [ 45.570641616609358, 41.686471243429516 ], [ 45.570673895411637, 41.686439496122603 ], [ 45.570679384106334, 41.686433497155015 ], [ 45.570705572509553, 41.686404929867273 ], [ 45.57072517713631, 41.686383537005206 ], [ 45.570775564396584, 41.68632345434883 ], [ 45.570824841985704, 41.686259506826737 ], [ 45.570872771114274, 41.68619200366949 ], [ 45.570919133333618, 41.686121244099162 ], [ 45.570932302415088, 41.686099473347006 ], [ 45.570946716971754, 41.68606105937441 ], [ 45.570972507270255, 41.686014404123839 ], [ 45.57101041318414, 41.685940316967013 ], [ 45.571047131443791, 41.685862785975111 ], [ 45.571082285222431, 41.685782543498227 ], [ 45.571115757944952, 41.685699858528864 ], [ 45.571147404910306, 41.685615080362595 ], [ 45.571177123940906, 41.685528475218455 ], [ 45.571204684079746, 41.685440692757645 ], [ 45.571229900665799, 41.68535231846095 ], [ 45.571252556951308, 41.685264113607367 ], [ 45.571262885699994, 41.685214139456832 ], [ 45.571269782163178, 41.68516355276887 ], [ 45.571273249754086, 41.685112331009378 ], [ 45.571273289467186, 41.685060449854447 ], [ 45.57126990109564, 41.6850078849859 ], [ 45.571263084337239, 41.684954601277163 ], [ 45.57125283529345, 41.68490056451995 ], [ 45.571239144018669, 41.684845736032209 ], [ 45.571222030072825, 41.684790152644538 ], [ 45.571210274658384, 41.684757887251862 ], [ 45.571202728355296, 41.68473717597675 ], [ 45.571201457498638, 41.684733687533893 ], [ 45.571177409007078, 41.684676286741585 ], [ 45.571149857594065, 41.684617884647665 ], [ 45.57111877756104, 41.684558427334665 ], [ 45.571084116323114, 41.68449780967773 ], [ 45.571045817731566, 41.684435931072898 ], [ 45.571003802603066, 41.684372667611754 ], [ 45.570928049855127, 41.684267459887131 ], [ 45.570841788072052, 41.684157426957604 ], [ 45.570744158069225, 41.684041463389704 ], [ 45.570633315397977, 41.683917373370782 ], [ 45.570560097468757, 41.683838917443666 ], [ 45.570531846281142, 41.683808646978648 ], [ 45.570415372890473, 41.683687692149668 ] ] ] ] } }
]
}
