{
"type": "FeatureCollection",
"name": "ნაფარეული",
"crs": { "type": "name", "properties": { "name": "urn:ogc:def:crs:OGC:1.3:CRS84" } },
"features": [
{ "type": "Feature", "properties": { "OBJECTID": 9, "NAME_GEO": "ნაფარეული", "NAME_ENG": "Napareuli", "Location": "Kakheti", "MoreInfo": "https://www.sakpatenti.gov.ge/media/django-summernote/2025-11-18/b97191be-324c-4d3c-b70a-53ebbb8d7806.pdf" }, "geometry": { "type": "MultiPolygon", "coordinates": [ [ [ [ 45.43343330657472, 42.105544369224603 ], [ 45.440639800150421, 42.108193297782037 ], [ 45.443317671269398, 42.108945159554828 ], [ 45.443511782726993, 42.108924074666078 ], [ 45.443745138074057, 42.108895287574214 ], [ 45.443814835505485, 42.108886689746605 ], [ 45.444087824809365, 42.108847544330764 ], [ 45.444255509299701, 42.108822394963141 ], [ 45.444453582515493, 42.108790058474383 ], [ 45.444642298792587, 42.108756191676278 ], [ 45.444822937409647, 42.108720563593565 ], [ 45.444893859638803, 42.108705202809283 ], [ 45.44496986021381, 42.108688742413158 ], [ 45.44501189796474, 42.108679311737603 ], [ 45.445163370741341, 42.108643329688363 ], [ 45.445328229748981, 42.108600342495855 ], [ 45.445479658487947, 42.10855725949984 ], [ 45.445629646090566, 42.108510667576354 ], [ 45.445743314312367, 42.108472254817819 ], [ 45.445815146300028, 42.108446118193115 ], [ 45.445860694559272, 42.108429545848189 ], [ 45.445982971546236, 42.108382111846829 ], [ 45.446112427457365, 42.108329069397449 ], [ 45.446354277395301, 42.108224055550217 ], [ 45.446960140085714, 42.107950898850213 ], [ 45.447134560923473, 42.107876414918998 ], [ 45.447293168139829, 42.107812591177918 ], [ 45.447470932457755, 42.107746699383362 ], [ 45.447640236372123, 42.107690504259544 ], [ 45.447804166723515, 42.107642985073319 ], [ 45.447885623154768, 42.107622997936666 ], [ 45.447964354377447, 42.107603678853245 ], [ 45.44802960324882, 42.107590383646574 ], [ 45.448103466656512, 42.10757766720301 ], [ 45.448366076028172, 42.107540046314107 ], [ 45.448420355552706, 42.107531188002262 ], [ 45.448468197007017, 42.107523380663217 ], [ 45.448569982454835, 42.107502191382501 ], [ 45.448657632408313, 42.107477924829951 ], [ 45.448724664889191, 42.10745466289967 ], [ 45.44879106033757, 42.107427860276282 ], [ 45.448856917621235, 42.107397474243712 ], [ 45.448922368155515, 42.107363446647327 ], [ 45.448987495122729, 42.10732574023573 ], [ 45.448998664161095, 42.107318610242849 ], [ 45.449052552705922, 42.107284211712503 ], [ 45.449117762456744, 42.107238721510896 ], [ 45.449183444516983, 42.107189046818277 ], [ 45.449243821686885, 42.107140068341621 ], [ 45.449305368693892, 42.107087027837331 ], [ 45.449368652949381, 42.107029435831386 ], [ 45.44943478610174, 42.106966284646028 ], [ 45.449554210530458, 42.106846104632893 ], [ 45.449834596643832, 42.106553720341005 ], [ 45.449878608185784, 42.106507456284341 ], [ 45.449921404462977, 42.106459186730945 ], [ 45.450003744701782, 42.106356174769253 ], [ 45.450082503443262, 42.106243593908474 ], [ 45.450159268437154, 42.106119181805589 ], [ 45.450220549208986, 42.106009102057655 ], [ 45.450284721452569, 42.105884298856296 ], [ 45.450478639600419, 42.105477248565705 ], [ 45.450548926371525, 42.105335263870543 ], [ 45.45061912489944, 42.105203918822689 ], [ 45.450687803089082, 42.105087293576219 ], [ 45.450755370614623, 42.104984138228183 ], [ 45.450825003111568, 42.104889097664831 ], [ 45.450897573854249, 42.1048009813981 ], [ 45.45097363453403, 42.104719130682597 ], [ 45.451002363051003, 42.104691878567081 ], [ 45.451035155672116, 42.104664166451002 ], [ 45.451114387011884, 42.104606174838203 ], [ 45.451205925730477, 42.10454769346061 ], [ 45.451393519349345, 42.104436442639006 ], [ 45.451468451343381, 42.10439016259933 ], [ 45.451541540343293, 42.104340687960821 ], [ 45.451600141508138, 42.104294994470038 ], [ 45.451630872137287, 42.104267193027169 ], [ 45.451657172088993, 42.104239838623876 ], [ 45.451661587956323, 42.104234411954359 ], [ 45.45167923224021, 42.104212729667495 ], [ 45.451697164106427, 42.104185729723746 ], [ 45.451711060933725, 42.104158684416781 ], [ 45.451720940497538, 42.104131541440523 ], [ 45.451726830069546, 42.10410422323298 ], [ 45.451728744929632, 42.104076666689281 ], [ 45.451725279170418, 42.104039765493198 ], [ 45.451714892224004, 42.10399747324653 ], [ 45.451700479221415, 42.103955884040658 ], [ 45.45165996959858, 42.103852526668554 ], [ 45.451644411592135, 42.103800920456003 ], [ 45.451643830703546, 42.103798995356541 ], [ 45.451629631219042, 42.103724255165289 ], [ 45.451621421079437, 42.103649542736434 ], [ 45.451619196437299, 42.103574830166323 ], [ 45.451622957022273, 42.103500082331145 ], [ 45.451632702615122, 42.103425271311103 ], [ 45.451648440125069, 42.103350351144485 ], [ 45.451670176480363, 42.103275278570486 ], [ 45.451697927049281, 42.103200006691516 ], [ 45.451731663091692, 42.103124578847456 ], [ 45.451771443942945, 42.103048838086778 ], [ 45.451817304192637, 42.102972719420329 ], [ 45.451869289211977, 42.102896143405204 ], [ 45.451927440864779, 42.102819047723493 ], [ 45.451991851360454, 42.102741306812618 ], [ 45.45206261419321, 42.102662805911429 ], [ 45.452139860129066, 42.102583399488665 ], [ 45.452207256759273, 42.10251833681496 ], [ 45.452279122306635, 42.102452463016853 ], [ 45.45235559011811, 42.102385654171563 ], [ 45.452436842867328, 42.102317750134986 ], [ 45.452522999545366, 42.102248649555108 ], [ 45.452614459304677, 42.102178022110088 ], [ 45.4528150237769, 42.102030871082576 ], [ 45.453003821344829, 42.10189955901366 ], [ 45.453219818561429, 42.101755151866818 ], [ 45.453434530455866, 42.101615502108238 ], [ 45.45396505771496, 42.10127484650404 ], [ 45.454237465767456, 42.101095155631299 ], [ 45.454375533274025, 42.101000707466341 ], [ 45.45450039253992, 42.100912330479012 ], [ 45.45456226670531, 42.100866754884869 ], [ 45.454614430973464, 42.100828331943397 ], [ 45.454718846841573, 42.100747824508645 ], [ 45.454905739166172, 42.100603820402952 ], [ 45.455101245308761, 42.100460534770313 ], [ 45.455318424187425, 42.100309542427304 ], [ 45.455519914370697, 42.100174804700238 ], [ 45.455740270572079, 42.10003409605001 ], [ 45.455905958843665, 42.099932531090545 ], [ 45.45597922436918, 42.099887619179384 ], [ 45.456214786186166, 42.099748756763894 ], [ 45.456488180195286, 42.099593329960371 ], [ 45.456755817276544, 42.099446795000247 ], [ 45.457193833952637, 42.099214267723639 ], [ 45.457512108209038, 42.099048249059557 ], [ 45.457870474541799, 42.098866988192775 ], [ 45.458214679568101, 42.098696600436703 ], [ 45.459036067860318, 42.098294049473608 ], [ 45.459446299362725, 42.098089449339497 ], [ 45.459830858715108, 42.097891822554949 ], [ 45.460174715282939, 42.097707977311515 ], [ 45.46052306240599, 42.097516934844641 ], [ 45.460752659126619, 42.097387060172331 ], [ 45.461039651363755, 42.097217797866627 ], [ 45.461302933727126, 42.097055728164605 ], [ 45.461582807022346, 42.096874564922054 ], [ 45.46189900930414, 42.096660509891471 ], [ 45.462136046370183, 42.096493572323638 ], [ 45.462515720486103, 42.096218242812697 ], [ 45.462764578511056, 42.096034975266889 ], [ 45.463038202583526, 42.095827950810452 ], [ 45.46391725152592, 42.095146092204928 ], [ 45.464235554045402, 42.094902413367684 ], [ 45.464545969053169, 42.094671233251013 ], [ 45.464831976435221, 42.094466034903604 ], [ 45.465278993603782, 42.09415354180107 ], [ 45.465437872636969, 42.094045896820241 ], [ 45.465583689646444, 42.093950102213768 ], [ 45.465893345645931, 42.093754313402918 ], [ 45.466033437213241, 42.093669153812371 ], [ 45.466167652393764, 42.093590062176666 ], [ 45.466317469078589, 42.093504397095607 ], [ 45.466460675880349, 42.093424867788272 ], [ 45.4665990998501, 42.093350460825832 ], [ 45.466733770895914, 42.093280625343006 ], [ 45.466949051332236, 42.093173818819238 ], [ 45.467153760991025, 42.093077866313799 ], [ 45.467369911257393, 42.092982502706299 ], [ 45.467572688331742, 42.092898870996123 ], [ 45.467707887724757, 42.092846251722975 ], [ 45.467834506629615, 42.092799117999476 ], [ 45.467955283773499, 42.092756452661078 ], [ 45.468071523009428, 42.092717799182928 ], [ 45.468217444426791, 42.092673321573862 ], [ 45.468380413334295, 42.092628359001097 ], [ 45.468560634874102, 42.092582530480492 ], [ 45.468836304576442, 42.092515973304003 ], [ 45.469060956831335, 42.09246535294443 ], [ 45.46931255827073, 42.092415179436848 ], [ 45.469565804190914, 42.092369314559036 ], [ 45.470236825552014, 42.092253483166296 ], [ 45.470435180314141, 42.092216465000156 ], [ 45.470612434797566, 42.09218069396173 ], [ 45.470998641943559, 42.092099896491 ], [ 45.471118557863051, 42.092072857618376 ], [ 45.471225523478843, 42.092046861612729 ], [ 45.471431342655265, 42.091993182387938 ], [ 45.471605253769582, 42.091944199319215 ], [ 45.471762201734258, 42.091895693717603 ], [ 45.471905719911611, 42.091846525311233 ], [ 45.472037777352121, 42.091797078733997 ], [ 45.472163666324704, 42.091746477534485 ], [ 45.47228357974322, 42.091694645284456 ], [ 45.47239763452388, 42.091641530184333 ], [ 45.472537890062341, 42.091570484138416 ], [ 45.472684665330803, 42.09148983266148 ], [ 45.472820789233417, 42.091409133016271 ], [ 45.47297005636397, 42.091314379347999 ], [ 45.473099261280147, 42.091227112432875 ], [ 45.473233194029248, 42.091130767144598 ], [ 45.473374545378718, 42.091023444605881 ], [ 45.473531854718125, 42.09089866810843 ], [ 45.473691494998747, 42.090764823040963 ], [ 45.473941761402912, 42.090544178092578 ], [ 45.474076758521008, 42.090422577710697 ], [ 45.474223996014558, 42.090284955370862 ], [ 45.474685164510426, 42.08983892587122 ], [ 45.474847248991097, 42.089684746811592 ], [ 45.475001265933393, 42.089543153264721 ], [ 45.475144737667861, 42.089417029495081 ], [ 45.475383768087966, 42.089211949675096 ], [ 45.475529643890738, 42.089089947639529 ], [ 45.47566837227842, 42.088979011602326 ], [ 45.475797800666442, 42.088881514719958 ], [ 45.475963709519782, 42.088763905294194 ], [ 45.476126445943315, 42.088654997355789 ], [ 45.476311385579564, 42.088539977088637 ], [ 45.476572688082904, 42.088387165192117 ], [ 45.476827332354965, 42.088243629134723 ], [ 45.477121642783992, 42.088084486860588 ], [ 45.477400878707719, 42.087939055886899 ], [ 45.47773502276803, 42.087770946067522 ], [ 45.478052219421009, 42.087616884856416 ], [ 45.478627867015597, 42.087345177622247 ], [ 45.479640438206836, 42.086869036485425 ], [ 45.480730778047004, 42.086364019941854 ], [ 45.481924887345222, 42.085818006416297 ], [ 45.483327370478271, 42.08518314193109 ], [ 45.484084093466933, 42.084841316038293 ], [ 45.484526118272036, 42.084645248827492 ], [ 45.48516350672584, 42.084369560764223 ], [ 45.48543725805208, 42.084253851214164 ], [ 45.485694485414534, 42.084147186824879 ], [ 45.486108300157866, 42.083979126031842 ], [ 45.486486334653335, 42.083829306789632 ], [ 45.486842253969627, 42.083692321619949 ], [ 45.487181567686108, 42.083566060533073 ], [ 45.487473947758332, 42.083460404749175 ], [ 45.48774677294341, 42.083364220611671 ], [ 45.488006135105749, 42.083275362224526 ], [ 45.488254973154241, 42.083192828261318 ], [ 45.488543725359136, 42.083100139236535 ], [ 45.488818958513086, 42.0830147050671 ], [ 45.489083898042402, 42.082935524090949 ], [ 45.489340406570257, 42.082862043543727 ], [ 45.489616604858881, 42.082786202475489 ], [ 45.489882107468567, 42.082716347089658 ], [ 45.490139047755285, 42.082651915349729 ], [ 45.490388754415505, 42.082592577401392 ], [ 45.490653708167279, 42.082532985485749 ], [ 45.490911401928081, 42.08247819385911 ], [ 45.49116284486518, 42.082427987499074 ], [ 45.491408738427943, 42.082382228345629 ], [ 45.491749552129967, 42.082324064404176 ], [ 45.492075735550891, 42.082274293200349 ], [ 45.492329850390448, 42.082239630660929 ], [ 45.492578246989332, 42.082209126088394 ], [ 45.492821430314237, 42.082182719709742 ], [ 45.493059771263219, 42.082160369435329 ], [ 45.49338182412076, 42.082135582797861 ], [ 45.493691794573863, 42.082117765130938 ], [ 45.493891799094605, 42.082110202804998 ], [ 45.494067367388155, 42.08210645781768 ], [ 45.494112370666969, 42.082105497605617 ], [ 45.494353460067238, 42.082103379431111 ], [ 45.494724978351769, 42.082102906043652 ], [ 45.495050999893209, 42.08210834505509 ], [ 45.495414773973046, 42.082118073885518 ], [ 45.496336388939483, 42.082151339788645 ], [ 45.496653832607208, 42.082162796166379 ], [ 45.497128369404464, 42.082177146841481 ], [ 45.497522790749869, 42.082183497484685 ], [ 45.49782303674651, 42.082186645533767 ], [ 45.498172803611446, 42.082187989090023 ], [ 45.498511723675435, 42.082187241455685 ], [ 45.498841263445769, 42.082184401756138 ], [ 45.499162454105402, 42.082179459282386 ], [ 45.499295934681456, 42.082176455863312 ], [ 45.500265834891707, 42.082143541707218 ], [ 45.500379821750158, 42.082138320842411 ], [ 45.500540168395169, 42.082128766386099 ], [ 45.500718086617248, 42.082115173078357 ], [ 45.500943689583465, 42.082094322864187 ], [ 45.50110586215937, 42.082059326183874 ], [ 45.501594458049681, 42.081996667055556 ], [ 45.501757453477126, 42.081978104526833 ], [ 45.501903004960546, 42.081963670985616 ], [ 45.502040490483893, 42.081952545509509 ], [ 45.502167838897968, 42.081945019094007 ], [ 45.502286809761948, 42.081940990403922 ], [ 45.502398355573149, 42.081940430077168 ], [ 45.502472491350559, 42.081942100439541 ], [ 45.502543526142986, 42.081945474854166 ], [ 45.502611615970793, 42.081950559848615 ], [ 45.502676875777048, 42.081957365732492 ], [ 45.502739431413758, 42.081965906369653 ], [ 45.502799340979969, 42.081976189615865 ], [ 45.502856677131867, 42.081988229567244 ], [ 45.502911499205268, 42.082002037676091 ], [ 45.502963934451827, 42.082017652116228 ], [ 45.503013942913931, 42.082035064960174 ], [ 45.503061562200358, 42.082054292257965 ], [ 45.503106825040881, 42.082075344676859 ], [ 45.503149762998703, 42.082098238292929 ], [ 45.503190396720278, 42.082122984726695 ], [ 45.503228748067819, 42.082149596493821 ], [ 45.503264835283368, 42.082178087026328 ], [ 45.503302084143733, 42.082212969771213 ], [ 45.503337376230071, 42.082253282099877 ], [ 45.503371103091652, 42.08229946001255 ], [ 45.50340395650278, 42.0823524470593 ], [ 45.503430131140803, 42.082400520626692 ], [ 45.503457552118853, 42.082456061414462 ], [ 45.503572416960147, 42.082708006074611 ], [ 45.503603962837623, 42.082768670535337 ], [ 45.503634981280435, 42.082821340428957 ], [ 45.503666434827913, 42.082867717362994 ], [ 45.503699037064088, 42.082908904203514 ], [ 45.50373321171535, 42.082945431373894 ], [ 45.503769218473423, 42.082977573331817 ], [ 45.503819893437637, 42.083015228608303 ], [ 45.503875588778534, 42.083050028373925 ], [ 45.503936427225746, 42.08308205043911 ], [ 45.504002586027148, 42.083111386784203 ], [ 45.504074170835139, 42.083138096378889 ], [ 45.504151579469088, 42.08316233778109 ], [ 45.504235196149786, 42.083184231779256 ], [ 45.504325633941555, 42.08320394138525 ], [ 45.5043530103449, 42.083208981797149 ], [ 45.504402536105211, 42.0832181011655 ], [ 45.504484895448115, 42.083231131806713 ], [ 45.504670393077042, 42.083254471636835 ], [ 45.504851597772912, 42.083272047879312 ], [ 45.505283143008576, 42.083308404611046 ], [ 45.505490653244706, 42.083330245680116 ], [ 45.505585422763829, 42.083342686780348 ], [ 45.505673091232303, 42.083356148906852 ], [ 45.505754923633617, 42.08337082464395 ], [ 45.505831604086538, 42.083386840682323 ], [ 45.506259071824012, 42.08347937894964 ], [ 45.507301109487464, 42.083692379701738 ], [ 45.507774718563326, 42.083793816605436 ], [ 45.508031303318035, 42.083852503972714 ], [ 45.508268576925929, 42.083910061319536 ], [ 45.508491211715786, 42.083967622696122 ], [ 45.508701507247444, 42.084025789535538 ], [ 45.50893305640458, 42.084094895596046 ], [ 45.509152049095732, 42.084166011308319 ], [ 45.5093598284395, 42.084239573902479 ], [ 45.509557266223609, 42.084315893895173 ], [ 45.509745298831163, 42.084395345453281 ], [ 45.509924209032725, 42.08447806156326 ], [ 45.510094434909831, 42.084564243867227 ], [ 45.510094670521497, 42.084564375215443 ], [ 45.510256300608411, 42.084654058483295 ], [ 45.51037620033388, 42.08472628519381 ], [ 45.510498696287058, 42.08480515693072 ], [ 45.510625070653688, 42.084891492074668 ], [ 45.510757808449817, 42.084986986283539 ], [ 45.510988285901114, 42.085161995839691 ], [ 45.511426270298159, 42.085508346696621 ], [ 45.511607876363719, 42.085648889662615 ], [ 45.511789759387902, 42.085788589895088 ], [ 45.511976754385138, 42.085935398371689 ], [ 45.512170405531485, 42.086090524952525 ], [ 45.512373447417367, 42.086256158580923 ], [ 45.512810008345639, 42.086620407234868 ], [ 45.513707518566605, 42.087383803044844 ], [ 45.513769226197518, 42.087435654573859 ], [ 45.51409644057253, 42.087710600216191 ], [ 45.514310584021594, 42.087887308146499 ], [ 45.514353653902162, 42.087922253938295 ], [ 45.514512338741582, 42.088051010002026 ], [ 45.514705716154033, 42.088204961717139 ], [ 45.514892764224712, 42.088350787023117 ], [ 45.51497990784614, 42.088419652305376 ], [ 45.515069708447243, 42.08849393560827 ], [ 45.51516311919243, 42.088574424316882 ], [ 45.515262006739349, 42.088662724003882 ], [ 45.515441259114922, 42.088828947979088 ], [ 45.515858594929831, 42.089225759394843 ], [ 45.51606619889516, 42.089415211451808 ], [ 45.51616518994966, 42.089501196112437 ], [ 45.516259944532422, 42.089580193597328 ], [ 45.516351841895528, 42.08965335234317 ], [ 45.516441653577495, 42.08972128402808 ], [ 45.516563332467797, 42.089807320245555 ], [ 45.51668331806011, 42.0898850644774 ], [ 45.516802461179218, 42.089955065895985 ], [ 45.516921332804017, 42.090017658775011 ], [ 45.51704058852831, 42.090073173401777 ], [ 45.517160435725607, 42.090121688998558 ], [ 45.517281203137145, 42.090163340079819 ], [ 45.517403147778808, 42.090198213747612 ], [ 45.517503634724761, 42.090222553695583 ], [ 45.517608008998117, 42.090244928819047 ], [ 45.517716085266194, 42.090265299414298 ], [ 45.517827651586856, 42.090283624997433 ], [ 45.517942508166698, 42.090299872235434 ], [ 45.518060349913959, 42.090313995662001 ], [ 45.518180883922312, 42.090325961465311 ], [ 45.518303771322593, 42.09033573424081 ], [ 45.518429093078474, 42.090343309111958 ], [ 45.518556007062386, 42.090348621426877 ], [ 45.518684075400238, 42.090351654245836 ], [ 45.518812808261323, 42.090352395369102 ], [ 45.518941744900026, 42.090350840573485 ], [ 45.519070278346078, 42.090346996206392 ], [ 45.519197836775234, 42.09034087836605 ], [ 45.519323814618197, 42.090332516815657 ], [ 45.519554279767675, 42.090313014828354 ], [ 45.519772679017485, 42.090290331899588 ], [ 45.519980500786652, 42.090264312746918 ], [ 45.520178253571032, 42.090234890276122 ], [ 45.520366567681045, 42.090201959007125 ], [ 45.520545283620592, 42.090165535020837 ], [ 45.520714499147388, 42.090125597203546 ], [ 45.520874250466733, 42.090082138227736 ], [ 45.521024895724928, 42.090035039422396 ], [ 45.521166053606656, 42.08998439712321 ], [ 45.521297720484014, 42.089930211381542 ], [ 45.521419886730953, 42.089872487677638 ], [ 45.521532542717239, 42.089811230588673 ], [ 45.521585299393372, 42.089779278970099 ], [ 45.521635673994105, 42.089746446512841 ], [ 45.52168366290843, 42.089712735037686 ], [ 45.521699013404685, 42.089701091916218 ], [ 45.521729267347339, 42.089678144542191 ], [ 45.521772483692885, 42.089642675946202 ], [ 45.521813310760336, 42.089606331959779 ], [ 45.521880038627643, 42.089542026614069 ], [ 45.521943675155704, 42.089475879952737 ], [ 45.522003098185522, 42.089409064326198 ], [ 45.522057542134384, 42.089342440641481 ], [ 45.522106230361153, 42.089276995047065 ], [ 45.522148976613479, 42.089213014804052 ], [ 45.522185478707755, 42.089150952519269 ], [ 45.522215548307564, 42.089091135991303 ], [ 45.522227641053448, 42.089060323801831 ], [ 45.522237105595366, 42.08903620728686 ], [ 45.52225233183816, 42.088979524105532 ], [ 45.522261258648534, 42.088920958413823 ], [ 45.522263913694992, 42.088860343467125 ], [ 45.522260314267477, 42.088797573811206 ], [ 45.52225045385439, 42.088732295519975 ], [ 45.52223428628178, 42.088664183667554 ], [ 45.522211692622662, 42.08859274073351 ], [ 45.522189128308533, 42.088533420395549 ], [ 45.522162216626057, 42.088471085547482 ], [ 45.522130672832482, 42.08840507190201 ], [ 45.522093870684103, 42.088334061052251 ], [ 45.522064802724771, 42.088282275383712 ], [ 45.522020316782857, 42.088203022499989 ], [ 45.521837357789394, 42.08789283979155 ], [ 45.521754572803204, 42.087740206741088 ], [ 45.521719738416266, 42.087668421263942 ], [ 45.521690196690692, 42.087600943836989 ], [ 45.521665516264342, 42.087536780307417 ], [ 45.521647408223487, 42.087481267352466 ], [ 45.521641164625422, 42.087453707949926 ], [ 45.521613147097931, 42.087358693429408 ], [ 45.521596038958165, 42.087296964142361 ], [ 45.521550717348035, 42.087110809603118 ], [ 45.52150917571705, 42.086915504378076 ], [ 45.521470882198422, 42.086708557890084 ], [ 45.521434450124787, 42.086481576986692 ], [ 45.521399382572461, 42.086230427242597 ], [ 45.52136621616723, 42.085963053547971 ], [ 45.521277519626807, 42.085202018625395 ], [ 45.521246430949859, 42.084965742943766 ], [ 45.521215132188139, 42.084754290100037 ], [ 45.521173570797338, 42.084510600062885 ], [ 45.521128273891314, 42.084284068127381 ], [ 45.521078332621478, 42.084070158242916 ], [ 45.521055379092253, 42.083985400549629 ], [ 45.521021976445134, 42.083864376095427 ], [ 45.520944529361515, 42.083611673037581 ], [ 45.52087920559071, 42.083419374609193 ], [ 45.520864545933378, 42.083376217162666 ], [ 45.520764513292924, 42.083096966240674 ], [ 45.52075091674994, 42.083059009708812 ], [ 45.520525348249983, 42.082451938580711 ], [ 45.520519324123114, 42.082435724484533 ], [ 45.520509800273089, 42.08241009375476 ], [ 45.520392248754163, 42.082077181032325 ], [ 45.520342568435709, 42.081938336936261 ], [ 45.520266603008288, 42.081750495933179 ], [ 45.520057618662868, 42.081257936467999 ], [ 45.520000062990768, 42.081111086886459 ], [ 45.519952556580471, 42.080978277910134 ], [ 45.519889999610562, 42.080791567432613 ], [ 45.519854581092751, 42.080669260167461 ], [ 45.519847118175271, 42.080637589284464 ], [ 45.519827149067858, 42.080552846593761 ], [ 45.519824214757165, 42.080540393985224 ], [ 45.519822283870511, 42.080529713814364 ], [ 45.519817563329134, 42.080507269376881 ], [ 45.519804195616302, 42.080429664153066 ], [ 45.519797114587021, 42.080376044489931 ], [ 45.519796477976826, 42.080371220788614 ], [ 45.519794209927944, 42.080354039449126 ], [ 45.519787577941607, 42.080280185542797 ], [ 45.519784346398296, 42.080209238843729 ], [ 45.51978426873368, 42.080204463046975 ], [ 45.519783768881176, 42.080116404227432 ], [ 45.519786202591305, 42.080027229723541 ], [ 45.519786318971356, 42.080022972722986 ], [ 45.519786457757391, 42.080020424154604 ], [ 45.519787897445092, 42.079996252284829 ], [ 45.519791028660009, 42.079943214115325 ], [ 45.519791146475562, 42.079941206932723 ], [ 45.519791935776873, 42.079927854819019 ], [ 45.519796336406586, 42.079878815190533 ], [ 45.519796508172135, 42.079876900530536 ], [ 45.519797834641302, 42.079862113949517 ], [ 45.51980060292103, 42.079831267645922 ], [ 45.519802157975121, 42.079818269621647 ], [ 45.51980627866822, 42.079783815491176 ], [ 45.519806544612038, 42.079781589680181 ], [ 45.519811492586093, 42.079740215707936 ], [ 45.519814181777662, 42.07972086296104 ], [ 45.519814286817649, 42.079720105038284 ], [ 45.519820240818127, 42.079680084689144 ], [ 45.519823941565967, 42.079655208174309 ], [ 45.519824697966122, 42.079650120576666 ], [ 45.519827009632351, 42.079634580191012 ], [ 45.519827110229862, 42.079634018630145 ], [ 45.519827171451134, 42.079633668900463 ], [ 45.519831152041803, 42.079611232780806 ], [ 45.519831194809591, 42.07961099211343 ], [ 45.519833888987975, 42.079595806652428 ], [ 45.519833944495296, 42.079595497477904 ], [ 45.519835819184564, 42.079584927959544 ], [ 45.519835846927201, 42.079584772021349 ], [ 45.519838817350077, 42.079568030786241 ], [ 45.519838869340845, 42.079567735137402 ], [ 45.519841139355151, 42.079554942824288 ], [ 45.519841186701292, 42.079554670613405 ], [ 45.519844596387706, 42.079535461407495 ], [ 45.519844685329318, 42.079534953037786 ], [ 45.51987030478373, 42.079411289362469 ], [ 45.519900738997535, 42.079286383485275 ], [ 45.519935944747118, 42.079160423834118 ], [ 45.519975860895926, 42.079033625937001 ], [ 45.520010768649051, 42.078932801160569 ], [ 45.520047802735377, 42.0788340346298 ], [ 45.520086939462921, 42.078737386793669 ], [ 45.520128159880485, 42.078642906371215 ], [ 45.520173867426536, 42.078544973214626 ], [ 45.520220091120528, 42.07845208044111 ], [ 45.520267173574581, 42.078363545605193 ], [ 45.52031533027359, 42.078278959734263 ], [ 45.520385093855154, 42.07816441929976 ], [ 45.520453394735753, 42.078060133057129 ], [ 45.520521825850231, 42.077963673736193 ], [ 45.520591139087998, 42.077873994072178 ], [ 45.520675891727109, 42.077772065718612 ], [ 45.520753350800945, 42.077685395897007 ], [ 45.520828710932662, 42.077608186075516 ], [ 45.520903492803335, 42.077538933375401 ], [ 45.520984153312092, 42.077469945749485 ], [ 45.521053455527451, 42.077414826519778 ], [ 45.521119394274322, 42.077367231246122 ], [ 45.521183543424158, 42.077326102628057 ], [ 45.521264091303102, 42.077280796124647 ], [ 45.5213516590727, 42.077237231055179 ], [ 45.521409299135613, 42.077211469962513 ], [ 45.521471209632907, 42.077186218118207 ], [ 45.521537880946937, 42.077161274242926 ], [ 45.521610355578431, 42.077136245409619 ], [ 45.521676594145063, 42.077115305912535 ], [ 45.521747897572666, 42.07709489544942 ], [ 45.521911943410124, 42.077053928256795 ], [ 45.522055607285893, 42.077023966735347 ], [ 45.522234656494142, 42.076992851497316 ], [ 45.522329362995478, 42.07697860900592 ], [ 45.522435305053342, 42.076964937638273 ], [ 45.522771157052851, 42.076928321574663 ], [ 45.522973827470182, 42.076908625008734 ], [ 45.523200638075153, 42.07689164157172 ], [ 45.52341790961345, 42.076878711791714 ], [ 45.523937760690067, 42.076851457334058 ], [ 45.52420010645006, 42.076834393442837 ], [ 45.524449546982574, 42.076812650505438 ], [ 45.524564284201787, 42.076800126738846 ], [ 45.524674054277305, 42.076786325927756 ], [ 45.525024890528336, 42.076738062300713 ], [ 45.525144390852212, 42.076718378505952 ], [ 45.525251347327242, 42.076697812620644 ], [ 45.525361888712474, 42.076673940147231 ], [ 45.525459149736697, 42.076651056945941 ], [ 45.525548176303232, 42.07662797360026 ], [ 45.5256305679221, 42.076604263100009 ], [ 45.525736034673102, 42.076570223545986 ], [ 45.525843551972137, 42.076531538849665 ], [ 45.525953316257798, 42.076488137854177 ], [ 45.526065661294297, 42.076439890229985 ], [ 45.526163214111946, 42.076394304190785 ], [ 45.526265253707258, 42.076342503717811 ], [ 45.526373905092527, 42.076283438800537 ], [ 45.526496656472865, 42.076213046455251 ], [ 45.526577056251448, 42.076164490953168 ], [ 45.526664169091298, 42.07610893084771 ], [ 45.526913585380342, 42.075941044861722 ], [ 45.527046857408131, 42.075848103560375 ], [ 45.527190071687734, 42.075742822546516 ], [ 45.527341316913649, 42.075627111839104 ], [ 45.527772856594353, 42.075290502921376 ], [ 45.527910674012638, 42.075187222748724 ], [ 45.527940602317209, 42.075165754956437 ], [ 45.52803692218145, 42.075096662396867 ], [ 45.528209137498074, 42.074976160755327 ], [ 45.528208942416157, 42.074975668997112 ], [ 45.528277631980359, 42.074928656770986 ], [ 45.528390844998697, 42.074854428091705 ], [ 45.528500990821442, 42.074785591212326 ], [ 45.52861625049291, 42.074717398954476 ], [ 45.528729661946073, 42.074654353309519 ], [ 45.528841793181414, 42.074596138239095 ], [ 45.52895305109331, 42.074542544721901 ], [ 45.529063890888708, 42.07449335900904 ], [ 45.529174483661947, 42.074448510062105 ], [ 45.529285075229232, 42.074407899477833 ], [ 45.529395863269272, 42.074371455193031 ], [ 45.529486534739078, 42.074344518121741 ], [ 45.529580179561044, 42.074318986684098 ], [ 45.529676993125996, 42.074294806832619 ], [ 45.529777233601166, 42.074271914321955 ], [ 45.52988106746237, 42.074250266944539 ], [ 45.529989029278013, 42.074229748739853 ], [ 45.530219545632519, 42.074191693310034 ], [ 45.530428748852749, 42.07416258482484 ], [ 45.53066390752273, 42.074134343056201 ], [ 45.53089578006324, 42.074109557395396 ], [ 45.53148995389067, 42.074049637454763 ], [ 45.53181325973538, 42.074012677462783 ], [ 45.531981890980262, 42.07399039375133 ], [ 45.532138560613198, 42.073967127707149 ], [ 45.532286127689012, 42.073942454520967 ], [ 45.532426051662725, 42.07391612698305 ], [ 45.532564442948008, 42.073884770846874 ], [ 45.53270948375436, 42.073844559098468 ], [ 45.532862415094769, 42.073795152709387 ], [ 45.533025546858248, 42.073735809590737 ], [ 45.533186953918857, 42.073671633253149 ], [ 45.53336604720679, 42.073595582266492 ], [ 45.533549209194689, 42.073514203646049 ], [ 45.534041917356625, 42.073290697578763 ], [ 45.534189770853004, 42.073226069526839 ], [ 45.534321821299926, 42.073170734828395 ], [ 45.534472779165043, 42.073111221165995 ], [ 45.534612675507738, 42.073060607732373 ], [ 45.534744326986136, 42.07301788082026 ], [ 45.534869153868975, 42.072982585314534 ], [ 45.534945225964634, 42.072963920504947 ], [ 45.535019192839542, 42.072948066484663 ], [ 45.53503986405353, 42.072944312569931 ], [ 45.535114324973016, 42.072637861066916 ], [ 45.535108652979304, 42.071962599883115 ], [ 45.534801351754005, 42.071345019122859 ], [ 45.534417114763976, 42.070558974024777 ], [ 45.534108410698671, 42.069772575119067 ], [ 45.533952175191807, 42.069154288675257 ], [ 45.533944629926424, 42.068253940293587 ], [ 45.534160818456591, 42.067014906974933 ], [ 45.534383132541663, 42.066507405583963 ], [ 45.534602138357975, 42.065606001726003 ], [ 45.534896655452826, 42.064704245401082 ], [ 45.535268572474237, 42.064027222825686 ], [ 45.536015222844291, 42.063010806407469 ], [ 45.536691548217732, 42.062613727155792 ], [ 45.537445276552205, 42.062441378011229 ], [ 45.538954150938338, 42.062265480178652 ], [ 45.539935844150158, 42.062260865876333 ], [ 45.540917537131996, 42.062256243177465 ], [ 45.541824671170112, 42.062364511474357 ], [ 45.543267131177679, 42.06325807759162 ], [ 45.543726948521652, 42.064043735929594 ], [ 45.544496061708777, 42.065672035506388 ], [ 45.544960724583646, 42.067020405536645 ], [ 45.545500930172736, 42.068368414302292 ], [ 45.546565961415943, 42.069263730305167 ], [ 45.547552113658739, 42.06976549558582 ], [ 45.550278680568795, 42.070563011860017 ], [ 45.550308526620746, 42.070558195267765 ], [ 45.550447205901087, 42.070530838492722 ], [ 45.550590484434409, 42.070497733143526 ], [ 45.550713203145627, 42.070465842184234 ], [ 45.550840870218394, 42.070429577196656 ], [ 45.550974771083986, 42.070388578036955 ], [ 45.551117389248667, 42.070342084315762 ], [ 45.551386740919398, 42.070248347664162 ], [ 45.55187824705407, 42.070068979234044 ], [ 45.552071599322232, 42.069999889778416 ], [ 45.55226945823447, 42.069932413892673 ], [ 45.552448182953981, 42.069875551184751 ], [ 45.552647857041656, 42.069818010901081 ], [ 45.55283600909091, 42.069770835530761 ], [ 45.552926944294242, 42.069750836196761 ], [ 45.553016092500201, 42.069733163678571 ], [ 45.55310368539871, 42.069717770930474 ], [ 45.553189900434319, 42.069704628279858 ], [ 45.55333190272998, 42.069686821421762 ], [ 45.553478039861332, 42.069672732150146 ], [ 45.553628611382578, 42.069662331984638 ], [ 45.553784017181819, 42.069655592859242 ], [ 45.553944508552171, 42.069652496428979 ], [ 45.554110920583753, 42.069653018826138 ], [ 45.554284014854872, 42.069657161750541 ], [ 45.554464953264805, 42.069664951081215 ], [ 45.554618378480853, 42.069673983595834 ], [ 45.55477922822741, 42.069685528858102 ], [ 45.555131316487994, 42.069716769415855 ], [ 45.55547226423613, 42.069752508430156 ], [ 45.55630505875417, 42.069845988993535 ], [ 45.556532718140296, 42.069869332493127 ], [ 45.556736945971757, 42.069888188686335 ], [ 45.556956197779485, 42.069905500840811 ], [ 45.557160485649376, 42.069918201837964 ], [ 45.557353396730285, 42.069926512108651 ], [ 45.557536804064767, 42.069930508172767 ], [ 45.557737279647149, 42.069929820468481 ], [ 45.557928630271483, 42.069923497268512 ], [ 45.558111980934378, 42.069911499823441 ], [ 45.55828809147021, 42.069893776740763 ], [ 45.558457786624587, 42.069870234876007 ], [ 45.558621341516393, 42.069840823382592 ], [ 45.55877916525499, 42.069805470043974 ], [ 45.558931569043779, 42.069764103117329 ], [ 45.559005232552728, 42.069740818252214 ], [ 45.559079346808844, 42.069714494147661 ], [ 45.55915406846222, 42.069685076000447 ], [ 45.559229601081569, 42.069652483560063 ], [ 45.559306072353174, 42.069616667567409 ], [ 45.559383890411098, 42.069577442298367 ], [ 45.559463416278227, 42.069534625859895 ], [ 45.559545192552122, 42.069487928295132 ], [ 45.559684467079443, 42.069402868935612 ], [ 45.559837361689077, 42.069302944363173 ], [ 45.559983641117611, 42.069202851019121 ], [ 45.560343417985329, 42.068951479407588 ], [ 45.560535619955985, 42.068822731163038 ], [ 45.560635642674384, 42.068759338385021 ], [ 45.560730411664757, 42.068702237921727 ], [ 45.560821593511768, 42.068650429124268 ], [ 45.560910068680414, 42.068603414141023 ], [ 45.561009468524617, 42.068554750632245 ], [ 45.561106924712007, 42.068511598620063 ], [ 45.56120300558603, 42.068473705849776 ], [ 45.561298107497805, 42.068440918176329 ], [ 45.561392672814399, 42.068413091135348 ], [ 45.561486857148758, 42.06839018613951 ], [ 45.561580890918158, 42.068372148923821 ], [ 45.56167495755836, 42.068358943465526 ], [ 45.561824769963195, 42.068344386962202 ], [ 45.561980602067415, 42.068334368890497 ], [ 45.562140893084496, 42.068328991439337 ], [ 45.562303865475585, 42.068328312835213 ], [ 45.562467749767428, 42.068332346242208 ], [ 45.562630473761466, 42.068341044173664 ], [ 45.562790067504437, 42.068354302812743 ], [ 45.562944625816414, 42.068371962195343 ], [ 45.563027857175747, 42.068385195163685 ], [ 45.563110998337173, 42.068403126312234 ], [ 45.563194229759162, 42.06842579348357 ], [ 45.563277778046569, 42.068453258610766 ], [ 45.563361788606485, 42.068485559707334 ], [ 45.563446722266526, 42.068522863832108 ], [ 45.563532983126834, 42.068565347327613 ], [ 45.563621178228772, 42.068613308027075 ], [ 45.563693523106949, 42.068655826419182 ], [ 45.563768214537298, 42.068702469930003 ], [ 45.563846026779515, 42.068753719301299 ], [ 45.563928477224813, 42.068810571296673 ], [ 45.564079236225304, 42.068919666634329 ], [ 45.564436707283051, 42.069186669729937 ], [ 45.564532579347009, 42.069255603259151 ], [ 45.564619867805341, 42.069315912870664 ], [ 45.564711561107224, 42.069376072847909 ], [ 45.564798923233845, 42.069429791893654 ], [ 45.564883370078903, 42.069477938481853 ], [ 45.564965670637029, 42.069520948351226 ], [ 45.56504951460996, 42.069560515478123 ], [ 45.565132189268645, 42.069595117607165 ], [ 45.565214084064905, 42.069624918542807 ], [ 45.565295483942229, 42.069650019557464 ], [ 45.565376703975701, 42.069670511867173 ], [ 45.56545786767807, 42.069686421883333 ], [ 45.565539149393153, 42.069697782971737 ], [ 45.565620689492562, 42.069704614254697 ], [ 45.565766947816158, 42.069709650279819 ], [ 45.565926033794348, 42.069709105473713 ], [ 45.566098502249098, 42.069702983350872 ], [ 45.566286347036076, 42.069691217271519 ], [ 45.566360556602064, 42.069684663596234 ], [ 45.566434573990961, 42.06967607444907 ], [ 45.566508433008245, 42.069665446060924 ], [ 45.566582178321958, 42.069652772807686 ], [ 45.56665584491423, 42.069638047311635 ], [ 45.566729487082824, 42.069621259397614 ], [ 45.566803159117406, 42.069602397989691 ], [ 45.56687691768488, 42.069581447496823 ], [ 45.566950714589026, 42.069558426169984 ], [ 45.567024734301427, 42.069533281760513 ], [ 45.56709905273194, 42.069505987773937 ], [ 45.567173763864901, 42.069476511321774 ], [ 45.567324730343366, 42.069410861500835 ], [ 45.567478712571493, 42.069335864921165 ], [ 45.567604980425251, 42.069268697671333 ], [ 45.56773514210532, 42.069194546283143 ], [ 45.567870565033118, 42.069112636622066 ], [ 45.568013891798742, 42.069021373145652 ], [ 45.568138777439195, 42.068938684018157 ], [ 45.568276957486766, 42.06884455099668 ], [ 45.568740378155894, 42.068520503054145 ], [ 45.568917367895551, 42.068398680033255 ], [ 45.569095760499124, 42.068279988551154 ], [ 45.569258690779378, 42.068176670151537 ], [ 45.569434854815142, 42.068071821397929 ], [ 45.569603447825948, 42.067979274120326 ], [ 45.569767287063172, 42.067897487761634 ], [ 45.569847911418449, 42.067860386814161 ], [ 45.569927890148868, 42.067825711768528 ], [ 45.57060709765608, 42.067535744066959 ], [ 45.570865004771193, 42.067427495592987 ], [ 45.571144861549946, 42.067314505253584 ], [ 45.571397730888677, 42.06721821248285 ], [ 45.571530973845285, 42.067170240483826 ], [ 45.571660059276532, 42.067125852917371 ], [ 45.571785710232348, 42.067084802118615 ], [ 45.571908420867899, 42.067046926220982 ], [ 45.57202873607536, 42.067012060400778 ], [ 45.572146837974081, 42.066980157824332 ], [ 45.572263000282895, 42.066951142379622 ], [ 45.572377434094165, 42.066924963483885 ], [ 45.572498000925094, 42.06690120635411 ], [ 45.572622497625417, 42.066881659849869 ], [ 45.572751189760908, 42.066866282103717 ], [ 45.572884433541148, 42.066855029893425 ], [ 45.573022453560512, 42.066847875062209 ], [ 45.573165997618361, 42.066844769726181 ], [ 45.573315755774445, 42.066845696907578 ], [ 45.573472783338325, 42.066850663017163 ], [ 45.573604204304374, 42.066857550095989 ], [ 45.573742257354667, 42.066867093214221 ], [ 45.573888380576733, 42.066879390532897 ], [ 45.574045428738863, 42.066894679023541 ], [ 45.574336877601866, 42.066927172705562 ], [ 45.575034883765532, 42.067011551293128 ], [ 45.575219605410894, 42.067031804405495 ], [ 45.575385740909987, 42.067048093871357 ], [ 45.575557090902613, 42.06706236740628 ], [ 45.575717339321919, 42.067072827178173 ], [ 45.575869062262093, 42.067079641338168 ], [ 45.576013634543841, 42.067082866966018 ], [ 45.576155987448949, 42.067082466723136 ], [ 45.5762927085878, 42.067078295635966 ], [ 45.576424431123534, 42.067070332531465 ], [ 45.576551599609338, 42.067058550875942 ], [ 45.576674695856667, 42.067042900528975 ], [ 45.57679389847825, 42.067023352685766 ], [ 45.576909459703138, 42.066999865561215 ], [ 45.577021572560227, 42.066972400368357 ], [ 45.577229487286836, 42.066913595132334 ], [ 45.577440941082621, 42.066847218849297 ], [ 45.577653585925859, 42.066774007441829 ], [ 45.577864857568002, 42.066694842943399 ], [ 45.578072208119053, 42.066610675773411 ], [ 45.578272956796447, 42.066522593938068 ], [ 45.578464582539965, 42.066431700868151 ], [ 45.578644779405089, 42.066339092620233 ], [ 45.578751127507324, 42.066279593408865 ], [ 45.578856604753199, 42.066215528585047 ], [ 45.578961124565517, 42.066146949924949 ], [ 45.579064600425497, 42.066073915509286 ], [ 45.579166945815565, 42.065996483419063 ], [ 45.579268059895654, 42.065914731622165 ], [ 45.57936784425268, 42.065828738975192 ], [ 45.579466195738782, 42.065738595166764 ], [ 45.579563075909874, 42.06564432741407 ], [ 45.579658308605985, 42.065546104131585 ], [ 45.579751782428872, 42.065444037566806 ], [ 45.579843382487468, 42.065338254395542 ], [ 45.579933003521049, 42.065228876741969 ], [ 45.580020517585481, 42.065116057467279 ], [ 45.580105807616761, 42.06499994937797 ], [ 45.580188751825347, 42.064880717013132 ], [ 45.580269608705898, 42.06475794387017 ], [ 45.580347854433668, 42.06463237563991 ], [ 45.580423368697701, 42.064504205675441 ], [ 45.58049603250489, 42.064373639031828 ], [ 45.580565730474156, 42.064240878944666 ], [ 45.580632343806158, 42.064106151183161 ], [ 45.580695760955784, 42.063969681479918 ], [ 45.580755875272217, 42.063831701847349 ], [ 45.580812590828529, 42.063692427131109 ], [ 45.58086580244953, 42.063552118156849 ], [ 45.58091541566727, 42.063411016782283 ], [ 45.58096134811818, 42.063269366604935 ], [ 45.581003517473128, 42.063127414824592 ], [ 45.581041853408401, 42.062985399573527 ], [ 45.581076291685584, 42.062843563456205 ], [ 45.581106774028129, 42.062702140040066 ], [ 45.581132726882387, 42.062564368275488 ], [ 45.581154803828888, 42.062427428517005 ], [ 45.581172970516576, 42.062291527190162 ], [ 45.581187202205754, 42.062156864366933 ], [ 45.581197476598462, 42.062023642808491 ], [ 45.581203780826996, 42.061892039108983 ], [ 45.581206106865736, 42.061762230738253 ], [ 45.58120445145709, 42.061634387936401 ], [ 45.581198820459846, 42.061508752949166 ], [ 45.581189222980989, 42.061385394179517 ], [ 45.581175668816428, 42.061264455681332 ], [ 45.581158174938459, 42.061146073365876 ], [ 45.581136759510301, 42.061030381336771 ], [ 45.581111445331054, 42.060917492057989 ], [ 45.581082256382359, 42.060807515285298 ], [ 45.581049221421225, 42.060700554445312 ], [ 45.581012554903964, 42.060597196575173 ], [ 45.580972138071864, 42.060497008158336 ], [ 45.580928004330787, 42.060400072782492 ], [ 45.580880189403601, 42.060306463215618 ], [ 45.580828729036256, 42.06021625492712 ], [ 45.580773657592161, 42.060129504479498 ], [ 45.580715013083449, 42.060046271118381 ], [ 45.580652831029717, 42.059966605995967 ], [ 45.580587178641878, 42.059890589825322 ], [ 45.580518068080124, 42.059818230645028 ], [ 45.580445535969467, 42.059749568793094 ], [ 45.58036962130948, 42.059684640092073 ], [ 45.580290364290349, 42.059623478556944 ], [ 45.580207798992468, 42.059566111028175 ], [ 45.58012196309582, 42.059512561625908 ], [ 45.580032893070424, 42.059462854476273 ], [ 45.5799367987266, 42.05941393029363 ], [ 45.579834366118803, 42.059365076780686 ], [ 45.579726116015706, 42.059316543472555 ], [ 45.579612649125913, 42.059268599316155 ], [ 45.579494568464682, 42.059221501539824 ], [ 45.579372613951108, 42.059175544510055 ], [ 45.57924752174295, 42.059131008204652 ], [ 45.579120064183755, 42.05908816521648 ], [ 45.578991132277302, 42.059047312761372 ], [ 45.578861403544479, 42.059008663573749 ], [ 45.578731651123455, 42.058972446120741 ], [ 45.578602620180938, 42.058938870100256 ], [ 45.578475083570389, 42.058908133365492 ], [ 45.578349643241921, 42.058880379694536 ], [ 45.578226927690714, 42.05885574823089 ], [ 45.578107490228923, 42.058834350579154 ], [ 45.578031519147473, 42.058822651879282 ], [ 45.57795469215818, 42.058812923564176 ], [ 45.577876970532493, 42.058805160423248 ], [ 45.577798313141052, 42.058799359059122 ], [ 45.577718682479912, 42.058795516056115 ], [ 45.577638021708594, 42.058793628095636 ], [ 45.577556274010966, 42.058793694560812 ], [ 45.577473380153613, 42.058795714846745 ], [ 45.577389386011916, 42.058799684216837 ], [ 45.577304101872244, 42.058805607225622 ], [ 45.577217443186733, 42.058813490600023 ], [ 45.577129307295628, 42.058823342959052 ], [ 45.576948189728029, 42.058848999930689 ], [ 45.576759545685064, 42.058882748978036 ], [ 45.576596821164131, 42.058916952021491 ], [ 45.576426533063582, 42.058957157845867 ], [ 45.576246949456724, 42.059003771400654 ], [ 45.576054726692504, 42.059057658740507 ], [ 45.575881343929623, 42.059109104123543 ], [ 45.575688304902286, 42.059168762725143 ], [ 45.575007312549239, 42.059387139024054 ], [ 45.574735499224914, 42.059472100019995 ], [ 45.574456901084005, 42.059554350944573 ], [ 45.574206016786263, 42.059622277258327 ], [ 45.574063586219495, 42.059657560431361 ], [ 45.573926376455539, 42.059688931904084 ], [ 45.573793511901407, 42.059716593315869 ], [ 45.573664412322643, 42.059740663766277 ], [ 45.573538433380143, 42.05976125726832 ], [ 45.573415374722479, 42.05977840185291 ], [ 45.573294922523289, 42.059792140527122 ], [ 45.573176834129207, 42.059802501530569 ], [ 45.572842910181102, 42.059831246864036 ], [ 45.571969828814623, 42.059920635603234 ], [ 45.571753894470916, 42.059940878347057 ], [ 45.571560841327553, 42.059956953797872 ], [ 45.571341442905378, 42.059972076595322 ], [ 45.57113892143272, 42.059982224442813 ], [ 45.570949615300698, 42.059987576862419 ], [ 45.570771753155086, 42.059988179655775 ], [ 45.570579264614359, 42.059982989840989 ], [ 45.570398903310874, 42.059971463683318 ], [ 45.570312949480567, 42.059963304923151 ], [ 45.570229709101312, 42.059953538461414 ], [ 45.570149104758677, 42.059942156582714 ], [ 45.570071074732915, 42.059929149691968 ], [ 45.569995477378825, 42.05991449057769 ], [ 45.569922356256662, 42.059898184432228 ], [ 45.56985166777401, 42.059880221569578 ], [ 45.569783378014598, 42.059860593156102 ], [ 45.569717449412039, 42.059839287674052 ], [ 45.569653858942495, 42.059816298036502 ], [ 45.569592579923963, 42.059791613571925 ], [ 45.569533591757107, 42.059765228081666 ], [ 45.569468873404844, 42.059733401329886 ], [ 45.569403499744197, 42.05969856330789 ], [ 45.569337594660254, 42.059660780948882 ], [ 45.569271291786492, 42.059620130144566 ], [ 45.569204718737232, 42.059576689518615 ], [ 45.569138044473988, 42.059530566311018 ], [ 45.569071427104589, 42.059481870517779 ], [ 45.569005038182638, 42.059430729181102 ], [ 45.568873439606818, 42.059321469492886 ], [ 45.568744975156854, 42.059204197223323 ], [ 45.568621205736612, 42.05908033308436 ], [ 45.568503732535746, 42.058951481327796 ], [ 45.568394103151633, 42.058819338343397 ], [ 45.568293757949142, 42.058685640685241 ], [ 45.568203994614549, 42.058552120213108 ], [ 45.568163428599448, 42.05848593571757 ], [ 45.568125900711706, 42.058420394544846 ], [ 45.568091573082071, 42.058355789508255 ], [ 45.568060470415425, 42.058292181732817 ], [ 45.568032670273851, 42.058229732054272 ], [ 45.568008241679316, 42.058168592343726 ], [ 45.56798724397752, 42.058108913619463 ], [ 45.567969715656517, 42.058050811877166 ], [ 45.567955692811623, 42.057994405826015 ], [ 45.567945202950519, 42.057939799807059 ], [ 45.567940758387863, 42.057904459461653 ], [ 45.567938881899934, 42.057868969508306 ], [ 45.567939570928999, 42.05783331464874 ], [ 45.567942826526782, 42.057797477765284 ], [ 45.567948650953483, 42.057761441734122 ], [ 45.567957046413035, 42.05772518312699 ], [ 45.567968017558421, 42.057688682105926 ], [ 45.567981573812368, 42.057651911603948 ], [ 45.568016435351993, 42.057577536065722 ], [ 45.568061770731589, 42.05750173427824 ], [ 45.568117751333816, 42.057424213569135 ], [ 45.568184671977583, 42.057344564467364 ], [ 45.568257932036218, 42.057267302190915 ], [ 45.568341807040902, 42.057187107012723 ], [ 45.568437091400646, 42.057103215724212 ], [ 45.568545360649402, 42.057014234386742 ], [ 45.568656088179019, 42.056928007572388 ], [ 45.568783820422603, 42.056832527728247 ], [ 45.569304457940326, 42.056458114340344 ], [ 45.569524160449831, 42.056294640131512 ], [ 45.569638063685886, 42.056205419943865 ], [ 45.56974038819947, 42.056121259350526 ], [ 45.569833040364742, 42.056040587184626 ], [ 45.569916927969146, 42.05596260728754 ], [ 45.570009509944967, 42.055869001043803 ], [ 45.570090461803538, 42.055777800498021 ], [ 45.570160304091274, 42.055688422167414 ], [ 45.570219334320669, 42.055600479114545 ], [ 45.570267826611683, 42.055513536779749 ], [ 45.570305831805335, 42.055427464329 ], [ 45.570320933770518, 42.055384685704702 ], [ 45.570333445953487, 42.055342051443169 ], [ 45.570343371791523, 42.055299539912497 ], [ 45.570350717187097, 42.055257134872278 ], [ 45.570364363138573, 42.055142402169544 ], [ 45.570372964939693, 42.055024586376106 ], [ 45.570376415076773, 42.054905175006091 ], [ 45.570374671238042, 42.054785648944389 ], [ 45.570367765649316, 42.05466758057154 ], [ 45.570355774263682, 42.054552161974549 ], [ 45.570338827741971, 42.054440621894649 ], [ 45.570317084059575, 42.054334000700358 ], [ 45.570303147473773, 42.054281294357395 ], [ 45.570285909424022, 42.054229141206648 ], [ 45.570265364890851, 42.054177519655859 ], [ 45.570241500363359, 42.054126404552115 ], [ 45.57021430960534, 42.054075773407966 ], [ 45.570183773007159, 42.054025594795633 ], [ 45.570149874592488, 42.053975838169542 ], [ 45.570112591110252, 42.053926470318089 ], [ 45.570071943304228, 42.053877512750603 ], [ 45.570027859006053, 42.053828867650665 ], [ 45.569980297966204, 42.053780492883533 ], [ 45.569929213836822, 42.053732340039751 ], [ 45.56987456394382, 42.053684366095077 ], [ 45.569816264261142, 42.053636498508681 ], [ 45.569754234444794, 42.053588671025473 ], [ 45.569688368613356, 42.05354079950348 ], [ 45.56956299667042, 42.053456328888331 ], [ 45.569424423793144, 42.053370790608511 ], [ 45.569271331504837, 42.053283362554509 ], [ 45.569101069446369, 42.053192527599421 ], [ 45.568938206066967, 42.053110215526665 ], [ 45.568752970054504, 42.053020381051823 ], [ 45.568070089116617, 42.052701963984809 ], [ 45.567798005747051, 42.05257128892741 ], [ 45.567656131184002, 42.05250004109319 ], [ 45.567526804664418, 42.052432356166321 ], [ 45.567407550535201, 42.05236693687791 ], [ 45.567297148256841, 42.052303109298791 ], [ 45.56717134621983, 42.052225491247924 ], [ 45.567056609043625, 42.052148819015763 ], [ 45.566952144073888, 42.052072564264705 ], [ 45.566857464701791, 42.051996368264028 ], [ 45.566772076592279, 42.051919818277675 ], [ 45.566695850422882, 42.051842779866845 ], [ 45.566628577638014, 42.051765041525123 ], [ 45.566570114152398, 42.051686439159859 ], [ 45.56653373338554, 42.051630760186221 ], [ 45.566499881393632, 42.051573794293184 ], [ 45.566468544695681, 42.051515520834414 ], [ 45.56643971097084, 42.05145591375382 ], [ 45.566413369130458, 42.051394949690945 ], [ 45.566389503172061, 42.051332596302899 ], [ 45.566368100718144, 42.051268821228703 ], [ 45.566349149342969, 42.051203586703565 ], [ 45.566332652841524, 42.051136912524321 ], [ 45.566318578877365, 42.051068696176969 ], [ 45.566306919737556, 42.050998886363104 ], [ 45.566297665252101, 42.050927427293075 ], [ 45.566290806483053, 42.050854265872893 ], [ 45.566286336604996, 42.050779314773152 ], [ 45.566284541043728, 42.050623693292167 ], [ 45.566292228853449, 42.050460279389263 ], [ 45.566309435502866, 42.050287360743212 ], [ 45.566336308963919, 42.050103375785 ], [ 45.566373272703274, 42.049905401595225 ], [ 45.566416254948798, 42.049709836656845 ], [ 45.566469922833981, 42.049491420692313 ], [ 45.566529451443316, 42.049266244274705 ], [ 45.566699155403377, 42.048644805117455 ], [ 45.566747782463779, 42.048455748192232 ], [ 45.566788355227253, 42.048286655295939 ], [ 45.566830006548074, 42.048094148140819 ], [ 45.566863141067152, 42.047915646778428 ], [ 45.56688839640826, 42.047747698560777 ], [ 45.56690602314017, 42.047588577502538 ], [ 45.566913239804528, 42.047492932860656 ], [ 45.56691754903045, 42.047399995535592 ], [ 45.566918957535577, 42.047309568251173 ], [ 45.566917470004569, 42.047221496972533 ], [ 45.566913080158557, 42.047135617811527 ], [ 45.566905783663174, 42.04705184973038 ], [ 45.566895571166114, 42.046970091000794 ], [ 45.566882432298542, 42.046890261515017 ], [ 45.566866329147764, 42.046812173222541 ], [ 45.566847267036863, 42.046735880135166 ], [ 45.566825228554222, 42.046661325596212 ], [ 45.566800201177124, 42.046588459229206 ], [ 45.566772166341053, 42.046517230687215 ], [ 45.56674111045043, 42.046447604909709 ], [ 45.566707017492774, 42.046379546847795 ], [ 45.566669870271021, 42.046313024160185 ], [ 45.566569292556807, 42.046146560001119 ], [ 45.566466200015299, 42.045984901446005 ], [ 45.566360732361673, 42.04582827026077 ], [ 45.566253003453383, 42.045676834300039 ], [ 45.566143142964137, 42.045530773949878 ], [ 45.566031216854526, 42.045390170838893 ], [ 45.565917304565737, 42.045255128145072 ], [ 45.56580147688684, 42.045125727473568 ], [ 45.565683911898809, 42.045002158880159 ], [ 45.565564557024665, 42.044884355069826 ], [ 45.565443468292706, 42.044772368900013 ], [ 45.565320690783331, 42.044666245176302 ], [ 45.565196276824899, 42.04456602866869 ], [ 45.565070260444806, 42.044471744423006 ], [ 45.564942681758275, 42.04438342285912 ], [ 45.5648135735659, 42.044301087227737 ], [ 45.56473044289438, 42.044251501822153 ], [ 45.564643627152556, 42.044202066881269 ], [ 45.564459671498092, 42.044104056364048 ], [ 45.564263365027884, 42.044007940905388 ], [ 45.564056961376401, 42.043914827079739 ], [ 45.563842358245452, 42.043825609767936 ], [ 45.563623592012853, 42.043742006466786 ], [ 45.563404382249097, 42.043665439942743 ], [ 45.563189009793568, 42.043597407692758 ], [ 45.563084654923628, 42.043568035963439 ], [ 45.562979805931214, 42.043542082748452 ], [ 45.562874457967055, 42.043519548070265 ], [ 45.562768604965541, 42.043500431056678 ], [ 45.562662243269465, 42.043484729922938 ], [ 45.562555364388523, 42.043472442908005 ], [ 45.562447962272536, 42.043463570940759 ], [ 45.562340032063595, 42.043458113142933 ], [ 45.562231571320019, 42.043456068624351 ], [ 45.562122566733855, 42.04345743744873 ], [ 45.562013009821932, 42.04346221875538 ], [ 45.561902894533283, 42.043470413473067 ], [ 45.561792211192042, 42.043482022548169 ], [ 45.561680948905988, 42.043497046032371 ], [ 45.561569098014743, 42.043515486673193 ], [ 45.56145665004216, 42.043537344510383 ], [ 45.561343679729731, 42.043562602064171 ], [ 45.561230089342025, 42.04359127692333 ], [ 45.561115863184526, 42.04362337276536 ], [ 45.561000989187228, 42.04365889324994 ], [ 45.560885454079504, 42.043697842943217 ], [ 45.560769239765477, 42.043740227335491 ], [ 45.560652329365048, 42.043786052811697 ], [ 45.560534703581382, 42.043835325768448 ], [ 45.560416366010607, 42.0438880452853 ], [ 45.560297272084995, 42.043944229590657 ], [ 45.560177397713197, 42.044003889607495 ], [ 45.560056718827184, 42.044067038960605 ], [ 45.559935210126461, 42.044133688578633 ], [ 45.559812836723168, 42.044203858443431 ], [ 45.559689568546055, 42.044277566711877 ], [ 45.559565365888886, 42.044354835190262 ], [ 45.559451377593803, 42.044428343045645 ], [ 45.559336547765554, 42.044504848666357 ], [ 45.559104210836509, 42.044666951207788 ], [ 45.558868027084543, 42.044841372255341 ], [ 45.558627554547932, 42.045028439072006 ], [ 45.558382533653287, 42.045228334824941 ], [ 45.55813200551534, 42.045441831505116 ], [ 45.557875113511493, 42.045669653762957 ], [ 45.557610536055698, 42.04591297252211 ], [ 45.557391381617172, 42.046120615791821 ], [ 45.557164746503311, 42.046340611409505 ], [ 45.556928829562544, 42.046574700029211 ], [ 45.556680118068769, 42.046826366151492 ], [ 45.556449145169587, 42.047063845072799 ], [ 45.556195680037796, 42.047327726240688 ], [ 45.555352781225295, 42.048215950993082 ], [ 45.555043859046066, 42.048538819689362 ], [ 45.554728651470825, 42.04886198271145 ], [ 45.554452867739343, 42.04913644514982 ], [ 45.554324309792463, 42.049265953406007 ], [ 45.554194626109513, 42.049404336597952 ], [ 45.554062463626174, 42.049553032393327 ], [ 45.553925239705528, 42.049714939845252 ], [ 45.553808054138038, 42.049858480663268 ], [ 45.553679931058305, 42.05001987375848 ], [ 45.553262161213048, 42.050560082572183 ], [ 45.553105519742445, 42.05075959848002 ], [ 45.552947723795555, 42.050954301229524 ], [ 45.552801242532063, 42.051127385793471 ], [ 45.552643264626468, 42.051304236220837 ], [ 45.552488609918157, 42.051466543776122 ], [ 45.552334764810155, 42.051616939673153 ], [ 45.552180316489164, 42.051756792502474 ], [ 45.55193980712292, 42.051962170921982 ], [ 45.551697581382172, 42.052161401111057 ], [ 45.551453981309045, 42.052354203113815 ], [ 45.551209290217855, 42.052540352199188 ], [ 45.550963819146105, 42.052719614498841 ], [ 45.550717736309828, 42.052891869414147 ], [ 45.550471243586131, 42.05305697547147 ], [ 45.55022451649679, 42.053214817444101 ], [ 45.549977962628319, 42.053365143896755 ], [ 45.549731472769388, 42.053508032810363 ], [ 45.549485176872516, 42.053643408809336 ], [ 45.5492391892992, 42.053771210103598 ], [ 45.54899363044705, 42.053891373974515 ], [ 45.548748581053893, 42.054003863112356 ], [ 45.548504130278729, 42.054108635664562 ], [ 45.54826035526667, 42.05420565794256 ], [ 45.548129033874829, 42.054253805496096 ], [ 45.547992932801534, 42.054299576378817 ], [ 45.547851800213834, 42.054343056437361 ], [ 45.547705308270096, 42.054384346289666 ], [ 45.547553230374554, 42.054423515446011 ], [ 45.547394908203934, 42.054460739949647 ], [ 45.547229732693125, 42.054496162280167 ], [ 45.547056808797834, 42.054529975811604 ], [ 45.546893736870267, 42.054559194735532 ], [ 45.546722208509046, 42.054587520633987 ], [ 45.546540610241806, 42.054615221441559 ], [ 45.546345849927711, 42.054642769362317 ], [ 45.545958397301419, 42.054692733257035 ], [ 45.545209905843734, 42.054781939057932 ], [ 45.544904098506159, 42.054819938109659 ], [ 45.544588251271072, 42.05486269080405 ], [ 45.544307594673157, 42.054905227104221 ], [ 45.544145365750403, 42.054932379230578 ], [ 45.543990689825677, 42.054960377068014 ], [ 45.543842491795083, 42.054989416680137 ], [ 45.543700071890818, 42.055019634703768 ], [ 45.543562665355068, 42.055051199602055 ], [ 45.543430041854478, 42.055084169224806 ], [ 45.543301839601668, 42.055118633565293 ], [ 45.543177783679546, 42.055154665991743 ], [ 45.543035360336205, 42.055200165501148 ], [ 45.542893040997683, 42.055250663871185 ], [ 45.542750767785577, 42.055306180289584 ], [ 45.542608476840158, 42.055366741177274 ], [ 45.542466111513711, 42.055432368417506 ], [ 45.542323586308058, 42.055503102042685 ], [ 45.542180819349653, 42.055578982067544 ], [ 45.542037717972093, 42.055660058464667 ], [ 45.541894365033968, 42.055746273199553 ], [ 45.541750464646221, 42.055837796089989 ], [ 45.541605892963318, 42.055934706075078 ], [ 45.541460500912933, 42.05603710022524 ], [ 45.541314170741565, 42.056145063754002 ], [ 45.541166664548832, 42.056258765300804 ], [ 45.541017768592532, 42.056378372489377 ], [ 45.540867212740331, 42.056504101843245 ], [ 45.540740922483224, 42.056613155451942 ], [ 45.540613060809747, 42.056726782636147 ], [ 45.54048338178319, 42.056845201606095 ], [ 45.540351561543829, 42.056968705691915 ], [ 45.54021739856946, 42.05709747866721 ], [ 45.540080231030892, 42.057232150492773 ], [ 45.539794217706749, 42.057521823183421 ], [ 45.53954292392077, 42.057784815794093 ], [ 45.539266243481187, 42.058081535016342 ], [ 45.539000822998808, 42.058371089118822 ], [ 45.538363532073923, 42.059071908366334 ], [ 45.538034128203407, 42.059428505925489 ], [ 45.537864170712496, 42.059608760425064 ], [ 45.537704816210308, 42.059774653612664 ], [ 45.537553151153567, 42.059929219070277 ], [ 45.537407632218169, 42.060074024887768 ], [ 45.53724139928827, 42.060234718636053 ], [ 45.537080758035174, 42.060384688014722 ], [ 45.536924650856648, 42.060524915204518 ], [ 45.536772361754657, 42.060656046639536 ], [ 45.536623095154688, 42.060778753439358 ], [ 45.536476576174238, 42.060893251256559 ], [ 45.536332397837953, 42.060999858133222 ], [ 45.536190241892982, 42.061098807933867 ], [ 45.536019077989799, 42.061209481744349 ], [ 45.535934332333575, 42.061260740093815 ], [ 45.535850082493809, 42.061309316622719 ], [ 45.535766277971703, 42.061355241289505 ], [ 45.535682883888683, 42.061398533171726 ], [ 45.535599862933644, 42.061439209556816 ], [ 45.535517179018854, 42.061477289527787 ], [ 45.535434773153824, 42.061512799479516 ], [ 45.535352642924188, 42.061545738523272 ], [ 45.535270759432564, 42.061576118502906 ], [ 45.535189094974847, 42.061603949455403 ], [ 45.535107623047828, 42.061629240511316 ], [ 45.5350263207512, 42.061651998082425 ], [ 45.534945167601769, 42.061672228569165 ], [ 45.534864139490438, 42.061689938388767 ], [ 45.534783096419638, 42.061705150710203 ], [ 45.53470213973894, 42.061717843445599 ], [ 45.534621250128119, 42.061728017585772 ], [ 45.534540411907798, 42.061735675905858 ], [ 45.534459604549092, 42.061740819402253 ], [ 45.534378814789768, 42.061743450838676 ], [ 45.534298025704004, 42.061743568492695 ], [ 45.534217222813417, 42.061741174232992 ], [ 45.534136384357865, 42.061736266359475 ], [ 45.534055503080289, 42.061728843104511 ], [ 45.533974568112995, 42.061718904518571 ], [ 45.533893564947476, 42.061706448867717 ], [ 45.533812480283792, 42.061691474412299 ], [ 45.53373130443277, 42.061673977594594 ], [ 45.533650025310749, 42.061653957569888 ], [ 45.533568632020042, 42.061631410785985 ], [ 45.53338466238511, 42.061575111399563 ], [ 45.533194820910225, 42.061512091304941 ], [ 45.533001798305492, 42.061443244033441 ], [ 45.53280800823233, 42.061369432897486 ], [ 45.53261612196556, 42.061291689352892 ], [ 45.532427604651588, 42.061210623559312 ], [ 45.532244154483621, 42.061126966193243 ], [ 45.532067115754742, 42.061041332497275 ], [ 45.531899930848255, 42.060955488939648 ], [ 45.531741020258352, 42.060868734968189 ], [ 45.531591150082576, 42.060781488574477 ], [ 45.531450904470972, 42.060694090237845 ], [ 45.531320878767104, 42.060606919114356 ], [ 45.531201337956816, 42.060520161348208 ], [ 45.531092602992658, 42.060434047855523 ], [ 45.530994908671268, 42.060348768519276 ], [ 45.53090640120174, 42.060262178481317 ], [ 45.530823722766648, 42.060170761832069 ], [ 45.530746885558131, 42.060074532037277 ], [ 45.530675900571957, 42.05997350436877 ], [ 45.530610778793637, 42.059867693196779 ], [ 45.530551534891529, 42.059757120078949 ], [ 45.530498177473426, 42.05964180479868 ], [ 45.530450720016049, 42.059521771619288 ], [ 45.530409161243448, 42.059397015149798 ], [ 45.530373524587503, 42.059267594731182 ], [ 45.530343818734892, 42.059133540950739 ], [ 45.53032005122099, 42.058994891605423 ], [ 45.530302228339927, 42.058851680894371 ], [ 45.53029035774162, 42.058703961022601 ], [ 45.530284443440237, 42.058551783310371 ], [ 45.530284487090242, 42.058395206293127 ], [ 45.530290550012992, 42.058233180425795 ], [ 45.53030265004751, 42.05806683864683 ], [ 45.530320781806175, 42.057896265640316 ], [ 45.530344932775463, 42.057721561433475 ], [ 45.530375093967798, 42.057542814327761 ], [ 45.530411237627078, 42.057360181160163 ], [ 45.530453337121685, 42.057173808854344 ], [ 45.530501350400392, 42.056983879529923 ], [ 45.530555391553101, 42.056790023383691 ], [ 45.530615259356985, 42.056593046521655 ], [ 45.530680867884215, 42.05639323213709 ], [ 45.530752096851423, 42.056190946441617 ], [ 45.53082886249485, 42.05598644199511 ], [ 45.53091090596287, 42.055780424295101 ], [ 45.530997978610891, 42.055573517733087 ], [ 45.531089716597364, 42.055366589509759 ], [ 45.531190428509682, 42.055147782376558 ], [ 45.531278846918319, 42.054962049133145 ], [ 45.531363260049936, 42.054791999436567 ], [ 45.531445297068473, 42.054634445543414 ], [ 45.531527618039455, 42.054484471078574 ], [ 45.531609600900673, 42.054343414593482 ], [ 45.531691782998017, 42.054210350429628 ], [ 45.53177448276292, 42.054084767341379 ], [ 45.531859647484147, 42.053963959745438 ], [ 45.531945817328058, 42.053850246382154 ], [ 45.532033157285575, 42.05374341122846 ], [ 45.532121785818546, 42.053643310528777 ], [ 45.532211839454433, 42.053549793238084 ], [ 45.53230336739928, 42.053462815893695 ], [ 45.532396439192276, 42.053382309720064 ], [ 45.532491111260612, 42.05330822761784 ], [ 45.532551352797078, 42.053265577723408 ], [ 45.532614457022973, 42.053224940083886 ], [ 45.532680456415719, 42.053186296530761 ], [ 45.532749384623941, 42.053149624386535 ], [ 45.532821276542677, 42.053114905470892 ], [ 45.532896182731719, 42.053082116126497 ], [ 45.532974154959604, 42.053051232690109 ], [ 45.533055251037297, 42.053022231469932 ], [ 45.533139420326869, 42.052995126204458 ], [ 45.533226849572323, 42.052969848470234 ], [ 45.533317629212995, 42.052946374422568 ], [ 45.533411864144362, 42.052924674745064 ], [ 45.533509644836435, 42.052904729194282 ], [ 45.533611146198304, 42.05288649912049 ], [ 45.533716538380901, 42.052869954901617 ], [ 45.533826033799947, 42.052855063115423 ], [ 45.534015872464288, 42.052834059355717 ], [ 45.534219080521382, 42.052817267558453 ], [ 45.534437725417447, 42.052804511404346 ], [ 45.534675898218886, 42.052795547483505 ], [ 45.534892964305023, 42.052790810939086 ], [ 45.534947228248768, 42.052790256308235 ], [ 45.535137095869757, 42.05278831741181 ], [ 45.536001748607127, 42.05278874261441 ], [ 45.536342836697358, 42.052786407921907 ], [ 45.536686841392715, 42.052778546572732 ], [ 45.536842769425554, 42.05277233503918 ], [ 45.536990533947836, 42.052764510590194 ], [ 45.537159118388686, 42.052752874211478 ], [ 45.53731895159045, 42.052738719796956 ], [ 45.537471047897178, 42.052721957971563 ], [ 45.537616067708264, 42.052702515421501 ], [ 45.537754723134618, 42.052680288864387 ], [ 45.537887233754731, 42.052655236764757 ], [ 45.53801393617433, 42.052627294520128 ], [ 45.538135082486612, 42.052596406928465 ], [ 45.53821907056205, 42.052538570263472 ], [ 45.538302122214631, 42.052476044618821 ], [ 45.538384152171801, 42.052408894342925 ], [ 45.538465054801705, 42.05233720549554 ], [ 45.538529282071778, 42.052276854816903 ], [ 45.538581202576111, 42.052225118070588 ], [ 45.538626025595022, 42.052176796566719 ], [ 45.538664749442553, 42.052130758909534 ], [ 45.538705381996365, 42.052076642416587 ], [ 45.538744184746029, 42.05201879137833 ], [ 45.538781214970072, 42.051957119965458 ], [ 45.538816576389834, 42.051891461071577 ], [ 45.538845559485651, 42.051830512813368 ], [ 45.538872548408293, 42.051765111167541 ], [ 45.538897854754758, 42.05169451973817 ], [ 45.538922127923605, 42.051616935068594 ], [ 45.538940583155878, 42.051547589880371 ], [ 45.538956696489571, 42.05147325345073 ], [ 45.538970762855925, 42.051392647267363 ], [ 45.538983452148912, 42.051301961118163 ], [ 45.538995530164613, 42.051171708480474 ], [ 45.539001914731521, 42.05101324165247 ], [ 45.539001469031852, 42.050887198038552 ], [ 45.538993679453661, 42.050680220061139 ], [ 45.538984698430326, 42.050522127999862 ], [ 45.538968616238542, 42.050346103922173 ], [ 45.538949219870666, 42.050177991439369 ], [ 45.538920391907929, 42.049950117960243 ], [ 45.538898328757533, 42.049775705289846 ], [ 45.538876567908893, 42.049571563277816 ], [ 45.538862511478818, 42.049375941302621 ], [ 45.538858066222062, 42.049198702493634 ], [ 45.538858859274406, 42.048986420722699 ], [ 45.538866152283028, 42.048851206287921 ], [ 45.538875223616941, 42.048763269684734 ], [ 45.538885307857974, 42.048687521390143 ], [ 45.538897167786352, 42.048618276491425 ], [ 45.538911084358993, 42.048554034979219 ], [ 45.538931266020562, 42.04847631276435 ], [ 45.538952305392151, 42.048406859033186 ], [ 45.538975032616676, 42.048342955313096 ], [ 45.538999799722959, 42.048283647057048 ], [ 45.539030928521044, 42.048218576248438 ], [ 45.539063281839155, 42.048158423560331 ], [ 45.539097205890911, 42.048102546999964 ], [ 45.539132884248396, 42.048050648487568 ], [ 45.539174413060579, 42.047996840110784 ], [ 45.539218370896975, 42.04794549170412 ], [ 45.539264437094204, 42.047896979443948 ], [ 45.539312343327445, 42.047851581089816 ], [ 45.539355425920512, 42.047815068729832 ], [ 45.539405222861149, 42.047776923433119 ], [ 45.539462783727082, 42.047736231496685 ], [ 45.539539786356585, 42.047684731243535 ], [ 45.539601250914373, 42.04764699304787 ], [ 45.539672188849082, 42.047608665378512 ], [ 45.539754547135601, 42.047568500660923 ], [ 45.540003889971452, 42.047453058964763 ], [ 45.540079941057471, 42.047413567656498 ], [ 45.540145091436287, 42.047375364198629 ], [ 45.540270279897925, 42.047293028806934 ], [ 45.540392203562192, 42.047205336241866 ], [ 45.540478947714483, 42.047137574093156 ], [ 45.540566769484258, 42.047063819247363 ], [ 45.540656623989605, 42.046983280930654 ], [ 45.540750547515728, 42.046894135624548 ], [ 45.54086470995275, 42.046777979687207 ], [ 45.540982400932563, 42.046648218817516 ], [ 45.541057142164071, 42.0465607785451 ], [ 45.541126772219478, 42.046475086175093 ], [ 45.541191520710221, 42.046390856927687 ], [ 45.541251537076334, 42.046307899167573 ], [ 45.54130393043495, 42.046230560489619 ], [ 45.541356504283577, 42.046147880950343 ], [ 45.541409992064253, 42.046058721363153 ], [ 45.541466076175446, 42.045960284459909 ], [ 45.541522575995337, 42.045855896737933 ], [ 45.541574335789726, 42.045754122538426 ], [ 45.5416215302523, 42.04565461339056 ], [ 45.54166427099107, 42.045557133702268 ], [ 45.54172446745573, 42.045401665770733 ], [ 45.541793459047945, 42.045197991035536 ], [ 45.541823125306664, 42.045101519587639 ], [ 45.541852922892474, 42.044993495703622 ], [ 45.541940906786031, 42.044637080901467 ], [ 45.541975050154356, 42.044507151428682 ], [ 45.542039844819186, 42.044286850417841 ], [ 45.542208409097896, 42.043748932038369 ], [ 45.542251256494367, 42.043600303362467 ], [ 45.542286538216281, 42.043465838999396 ], [ 45.542348761960419, 42.043207318889444 ], [ 45.542387410549011, 42.04301955668317 ], [ 45.542407102353742, 42.042902126190917 ], [ 45.542424829956879, 42.042777228632019 ], [ 45.54244092256473, 42.042642655844283 ], [ 45.542456124840704, 42.042492200590821 ], [ 45.542471667985971, 42.042305548162432 ], [ 45.542479932037672, 42.042150805243431 ], [ 45.542483043174542, 42.042023802559562 ], [ 45.542483157204757, 42.041906670817163 ], [ 45.542480275122237, 42.04179640001999 ], [ 45.542474354059664, 42.041691642088786 ], [ 45.542456003645725, 42.041506049581926 ], [ 45.5424272391407, 42.041310618881596 ], [ 45.542399220020968, 42.041162036772654 ], [ 45.542365144517213, 42.041011228929989 ], [ 45.542325029079471, 42.040858277230015 ], [ 45.54227889871553, 42.040703275216245 ], [ 45.542238820193312, 42.040581618402186 ], [ 45.542195417453762, 42.040460610436199 ], [ 45.542148774607696, 42.040340478783222 ], [ 45.542098975718417, 42.040221445504415 ], [ 45.542022794740269, 42.040051579464503 ], [ 45.541951027753441, 42.039904172906731 ], [ 45.54187920988462, 42.039770078239933 ], [ 45.541805876003281, 42.039646649948402 ], [ 45.541737895765635, 42.039541542707376 ], [ 45.541670056177317, 42.039443295960048 ], [ 45.541601662443817, 42.039350907853155 ], [ 45.541532312475212, 42.039263839889323 ], [ 45.541453135881511, 42.039171879039714 ], [ 45.541357534463557, 42.039067879074402 ], [ 45.541243140722635, 42.038951892546017 ], [ 45.541062846894917, 42.038779892225236 ], [ 45.540903905746958, 42.038634442314383 ], [ 45.540721673830873, 42.03847788693141 ], [ 45.540525732256349, 42.038317197858554 ], [ 45.540132835134806, 42.038003422303788 ], [ 45.53996987671114, 42.037871326903314 ], [ 45.539802399321353, 42.037731113286853 ], [ 45.53965615567634, 42.037602808942978 ], [ 45.539400809765191, 42.037370100597627 ], [ 45.539171845095531, 42.037155996004316 ], [ 45.538961429527774, 42.036953162927716 ], [ 45.538766443133092, 42.036758578201074 ], [ 45.538561191646927, 42.036551334835366 ], [ 45.538456468727595, 42.036442737714395 ], [ 45.538359088642629, 42.036336349590634 ], [ 45.538275844622248, 42.036238450428108 ], [ 45.538193517962725, 42.036133835206527 ], [ 45.538111198674706, 42.036022184857934 ], [ 45.538028039918437, 42.035902358616603 ], [ 45.537942330793818, 42.035771896698755 ], [ 45.537827584040663, 42.035584369156474 ], [ 45.537717656208578, 42.035387405249573 ], [ 45.537649963156653, 42.035256256156579 ], [ 45.53758568145399, 42.035123160934575 ], [ 45.537525269895852, 42.034989090150205 ], [ 45.537469063136363, 42.034854763668825 ], [ 45.53739063421289, 42.034647995071623 ], [ 45.537356159432292, 42.034547482822063 ], [ 45.537324783752638, 42.034448711432987 ], [ 45.537275658779485, 42.034278824366332 ], [ 45.537236640327066, 42.03412433353828 ], [ 45.537206293344788, 42.033979534609429 ], [ 45.537184185071801, 42.033842253624918 ], [ 45.537167220595549, 42.033686272530019 ], [ 45.537156823419849, 42.033517949608964 ], [ 45.537154293816954, 42.033355410811133 ], [ 45.537159227156295, 42.033159647858284 ], [ 45.537170253043769, 42.032984995715388 ], [ 45.537198404878573, 42.032684255132011 ], [ 45.537244712613365, 42.03221609368434 ], [ 45.537298093817647, 42.031753200339637 ], [ 45.537358555286467, 42.031295538130721 ], [ 45.537426100231919, 42.030843074609045 ], [ 45.537487709095721, 42.030458431323439 ], [ 45.537535075006609, 42.030182246153132 ], [ 45.53758221945521, 42.029932728666282 ], [ 45.537630246119171, 42.029705373109252 ], [ 45.537690885411244, 42.029446765953296 ], [ 45.537759151504801, 42.029178681424305 ], [ 45.537809905520874, 42.028991838093525 ], [ 45.537864538648414, 42.028800895675381 ], [ 45.53792318926628, 42.028605365358793 ], [ 45.537986059413626, 42.028404572497948 ], [ 45.538101105350563, 42.028056843909937 ], [ 45.538221975604621, 42.027715776164122 ], [ 45.538348701950596, 42.027381276326501 ], [ 45.538481315094415, 42.02705326767888 ], [ 45.538611149232587, 42.026743370631181 ], [ 45.53865729720922, 42.026640890619547 ], [ 45.538701559901334, 42.026549201217456 ], [ 45.5387851348952, 42.026387881104171 ], [ 45.538859318060034, 42.026257517416546 ], [ 45.538931260611555, 42.026142225009259 ], [ 45.538999533202158, 42.026041814255898 ], [ 45.539048407023678, 42.02597629780923 ], [ 45.53910583754017, 42.025904875163683 ], [ 45.539289569079308, 42.025691921401418 ], [ 45.539365731868202, 42.025606336919651 ], [ 45.539453686287146, 42.025512301930135 ], [ 45.539827759109599, 42.025128044361288 ], [ 45.539903950066133, 42.025045667529042 ], [ 45.539971313575826, 42.024969329658468 ], [ 45.540095646267154, 42.024822557887994 ], [ 45.540205059586121, 42.024688958978686 ], [ 45.540304015517478, 42.024563079197428 ], [ 45.540394127302442, 42.024442844865469 ], [ 45.540500774745873, 42.024298874994336 ], [ 45.540551969384559, 42.024226755041035 ], [ 45.540598515550919, 42.024155173935618 ], [ 45.540636024938586, 42.024089414001523 ], [ 45.540667309480291, 42.024027747148303 ], [ 45.540693419723794, 42.023971413142831 ], [ 45.540715283249767, 42.023918401852086 ], [ 45.540733201744935, 42.023867964310575 ], [ 45.540748919194094, 42.023814225412821 ], [ 45.540762435165988, 42.023756563707096 ], [ 45.540773961083545, 42.023694127976135 ], [ 45.540783944001248, 42.023624509553706 ], [ 45.54078942040185, 42.023566463311219 ], [ 45.540791951972558, 42.023501583233248 ], [ 45.540789387371561, 42.023290316061768 ], [ 45.540786605209092, 42.02314987231879 ], [ 45.540779896001617, 42.023003991782971 ], [ 45.540769210356643, 42.022851546160275 ], [ 45.540754409425489, 42.022690542944886 ], [ 45.540736133043282, 42.022525640931121 ], [ 45.540713237056522, 42.022344828013587 ], [ 45.540643535612702, 42.021859175124249 ], [ 45.540612177782585, 42.0216517001802 ], [ 45.54058727917652, 42.021506031354804 ], [ 45.540560127942925, 42.021365203363864 ], [ 45.540533207600717, 42.02123778869359 ], [ 45.540505510387618, 42.021119035709241 ], [ 45.540476594172056, 42.02100708483006 ], [ 45.540420510982287, 42.020805286892752 ], [ 45.540397933748864, 42.020736112676076 ], [ 45.540374684703259, 42.020674179314774 ], [ 45.540330266393774, 42.020570823407041 ], [ 45.540286950388705, 42.020484659480431 ], [ 45.540257745438552, 42.020434119546756 ], [ 45.54022441221079, 42.020381452763587 ], [ 45.540142855800951, 42.020265873984307 ], [ 45.540093060477844, 42.020201729166864 ], [ 45.540038592129399, 42.020136589468422 ], [ 45.539979295759075, 42.020070263771011 ], [ 45.539914897063234, 42.020002449835147 ], [ 45.539854944502871, 42.019942909123507 ], [ 45.539790832479603, 42.019882825028354 ], [ 45.53972242586017, 42.019822070284398 ], [ 45.539649508049848, 42.019760454061796 ], [ 45.539508168885234, 42.019648563961347 ], [ 45.539441972413471, 42.019600014303329 ], [ 45.539377395038265, 42.019555382072369 ], [ 45.539267651497553, 42.01948439435543 ], [ 45.539164260223487, 42.019422703023785 ], [ 45.539064279787119, 42.019368557516948 ], [ 45.538966516299794, 42.019321325783039 ], [ 45.538858248480388, 42.019274670164556 ], [ 45.538760842279849, 42.019237964386321 ], [ 45.538655612131151, 42.019205440076441 ], [ 45.53849963030455, 42.019164899232976 ], [ 45.538377081074913, 42.019136064859367 ], [ 45.538240711200018, 42.019108139981206 ], [ 45.538089600205367, 42.01908068033574 ], [ 45.537864582786739, 42.019042948054441 ], [ 45.537627635147807, 42.019005839527068 ], [ 45.537389857152242, 42.018973076477408 ], [ 45.537151544309175, 42.018945046602475 ], [ 45.536867889138968, 42.018916634781029 ], [ 45.536574555042577, 42.01889228444584 ], [ 45.536128416469275, 42.018861835483648 ], [ 45.535530781089349, 42.018824479324742 ], [ 45.534981064652584, 42.018795806951083 ], [ 45.534463633286229, 42.018775008300537 ], [ 45.533971635039507, 42.018761823871479 ], [ 45.53358904801452, 42.018756357201603 ], [ 45.533191874507068, 42.018754687546213 ], [ 45.532777440206601, 42.018756800147102 ], [ 45.532341145828084, 42.018762716147783 ], [ 45.531844495394679, 42.018775167043628 ], [ 45.531017670783285, 42.018804018116484 ], [ 45.530628426485393, 42.018818486862862 ], [ 45.53019421281445, 42.018836648467207 ], [ 45.528409404121099, 42.018918089718333 ], [ 45.527708749437203, 42.018945371459573 ], [ 45.527352444504977, 42.01895632810416 ], [ 45.526955842918781, 42.018965987960144 ], [ 45.525610322061333, 42.018990717922755 ], [ 45.525096131544821, 42.01900207970192 ], [ 45.524579164594059, 42.019017622821856 ], [ 45.52411374959388, 42.019036810079214 ], [ 45.523520080958889, 42.019065988764609 ], [ 45.523114268988266, 42.019090604890245 ], [ 45.522744299321012, 42.019117912348356 ], [ 45.522420866748412, 42.019145779584555 ], [ 45.522156178568679, 42.019171661137314 ], [ 45.521911103203792, 42.01919802032004 ], [ 45.521680054543857, 42.019225459068899 ], [ 45.521460396084329, 42.019254295670429 ], [ 45.52118947195833, 42.019293455631875 ], [ 45.520927690134286, 42.019334902569867 ], [ 45.520674220701643, 42.019378770006519 ], [ 45.520428481079904, 42.019425157909453 ], [ 45.520161905145294, 42.019480933619128 ], [ 45.519724370766568, 42.019579482474441 ], [ 45.519517505025561, 42.01962718840177 ], [ 45.519287862878521, 42.019682481482192 ], [ 45.518542017496813, 42.019869101520072 ], [ 45.518272363463744, 42.019935211909221 ], [ 45.518011225984729, 42.019996484515502 ], [ 45.517773816209314, 42.020048831138624 ], [ 45.517388093000548, 42.020128861175422 ], [ 45.517011624440656, 42.020203059691411 ], [ 45.516643316883815, 42.020271641553961 ], [ 45.516282373258768, 42.020334754532357 ], [ 45.516004970130631, 42.020380394532502 ], [ 45.515719841241875, 42.020424847279472 ], [ 45.515426197658122, 42.020468236946733 ], [ 45.51512292465204, 42.020510728789027 ], [ 45.514745821607093, 42.020559880778919 ], [ 45.514342515606089, 42.020607942964077 ], [ 45.513904534599028, 42.020655953632158 ], [ 45.513403702314491, 42.020707007891026 ], [ 45.513085461002071, 42.020737125891365 ], [ 45.512732719366902, 42.020767856461845 ], [ 45.511696670827604, 42.020850363395439 ], [ 45.511236902791708, 42.020885311376958 ], [ 45.510725133459609, 42.02092163454504 ], [ 45.508977595134709, 42.021037412941176 ], [ 45.508304884364811, 42.021083995757287 ], [ 45.507480623278127, 42.02114538331913 ], [ 45.505503432633766, 42.021298366480025 ], [ 45.504974160704833, 42.021337442167713 ], [ 45.504496238176237, 42.021370991155436 ], [ 45.503496861094675, 42.021438399313993 ], [ 45.50275625409256, 42.021486132768672 ], [ 45.502086357176019, 42.021526316267305 ], [ 45.501472504462868, 42.021559688815174 ], [ 45.500593222961328, 42.021602327312806 ], [ 45.499834315843948, 42.021633675678189 ], [ 45.499003178168095, 42.021661633148931 ], [ 45.498640708813596, 42.021671392646411 ], [ 45.498299627714921, 42.021678738051008 ], [ 45.497889395877706, 42.021685973513577 ], [ 45.497615599326465, 42.021688190268897 ], [ 45.49745311740358, 42.021686718558534 ], [ 45.497272034510985, 42.021681880378772 ], [ 45.496686754847723, 42.021656730884565 ], [ 45.496478644321776, 42.02164952348199 ], [ 45.496280542805131, 42.021646107436794 ], [ 45.496101151364776, 42.021647202649611 ], [ 45.49584874886493, 42.021652688487599 ], [ 45.495682584293199, 42.021660708722827 ], [ 45.495548038355977, 42.021671537374523 ], [ 45.495402292739129, 42.021686542830928 ], [ 45.495214312573516, 42.021710912550169 ], [ 45.495016952751392, 42.021742714127612 ], [ 45.494807572315402, 42.021782356991125 ], [ 45.494579577310844, 42.021831083576373 ], [ 45.494396316146485, 42.021873923068746 ], [ 45.494224653877339, 42.021917678735583 ], [ 45.494062666533246, 42.021962840763187 ], [ 45.493909336906817, 42.022009698177996 ], [ 45.493751172633786, 42.022062271956877 ], [ 45.49359980600596, 42.02211655365879 ], [ 45.493455163559098, 42.022172570646234 ], [ 45.493317206759613, 42.022230337520689 ], [ 45.493240874304362, 42.022265350864309 ], [ 45.493158965562927, 42.022306384707797 ], [ 45.493070510206579, 42.022353705299217 ], [ 45.492813103493241, 42.022495839642204 ], [ 45.492730060284629, 42.022538635236344 ], [ 45.492653888185536, 42.022574951655322 ], [ 45.492506433237644, 42.022641003858226 ], [ 45.492397011764787, 42.022686171244565 ], [ 45.49231034998661, 42.022718582139696 ], [ 45.49221969857242, 42.022749914875739 ], [ 45.49212493947708, 42.022780212280395 ], [ 45.492025885932399, 42.022809533686967 ], [ 45.491908598964365, 42.022841037991107 ], [ 45.49178434372083, 42.022870689652159 ], [ 45.491652243690488, 42.022898700454213 ], [ 45.491510563548509, 42.022925439866235 ], [ 45.491408266589858, 42.022942566186401 ], [ 45.491298958492507, 42.022958696573546 ], [ 45.491048232438878, 42.02298954257089 ], [ 45.490923381438975, 42.023001977937874 ], [ 45.490785264546169, 42.02301307206772 ], [ 45.490398696587576, 42.023036453601222 ], [ 45.490149379421773, 42.023047327594107 ], [ 45.489872073458876, 42.023053118289219 ], [ 45.489597559460236, 42.023054414723077 ], [ 45.488885243209154, 42.023052417945081 ], [ 45.488676903710221, 42.023054280530189 ], [ 45.488489738359867, 42.023058300673668 ], [ 45.48798427341633, 42.023071966530409 ], [ 45.487827755149432, 42.023078703184801 ], [ 45.487687441882407, 42.023087150479199 ], [ 45.487510014369221, 42.02310048280318 ], [ 45.487356281662692, 42.02311405379875 ], [ 45.487215366721756, 42.023128830205103 ], [ 45.48708424872558, 42.023145148225176 ], [ 45.486951732087149, 42.023164655861017 ], [ 45.486808416060924, 42.023188832231924 ], [ 45.486650667675043, 42.023218212380947 ], [ 45.486449644296307, 42.02325816392878 ], [ 45.48629796138723, 42.023290040635246 ], [ 45.486134442476818, 42.023326733561113 ], [ 45.485731478841977, 42.023423815757319 ], [ 45.485500182470666, 42.023482622962746 ], [ 45.485254676058766, 42.023548138446358 ], [ 45.484989780654729, 42.023621726883 ], [ 45.484688341160279, 42.023708145810801 ], [ 45.484347312048882, 42.023810096261776 ], [ 45.483776069927345, 42.023987355751792 ], [ 45.483493541849498, 42.024075995719244 ], [ 45.483179885030765, 42.024176636724896 ], [ 45.482151546224515, 42.024513410579075 ], [ 45.481774185579859, 42.024635599699749 ], [ 45.48140427650246, 42.02475251088557 ], [ 45.481068423660908, 42.024855130589891 ], [ 45.480843836126773, 42.024920800241375 ], [ 45.480592545680835, 42.024991159312947 ], [ 45.479728914005491, 42.02522302710539 ], [ 45.479396949526951, 42.025314595287767 ], [ 45.479063765430226, 42.025411815635152 ], [ 45.478767001313798, 42.025505182300151 ], [ 45.478431164154316, 42.025615176921988 ], [ 45.478230195497424, 42.02568314506491 ], [ 45.478045511737989, 42.025749134734781 ], [ 45.477880796890311, 42.025812296661762 ], [ 45.477657539333485, 42.025904353764325 ], [ 45.477445827015032, 42.025997890827966 ], [ 45.477292882911918, 42.026070311262345 ], [ 45.477070042555191, 42.026180758750215 ], [ 45.47683456262493, 42.026301732080263 ], [ 45.476576593393361, 42.02644134918355 ], [ 45.476333222213491, 42.026577843784374 ], [ 45.475755146659722, 42.026907397658938 ], [ 45.475459956078716, 42.027070859255801 ], [ 45.475206442036878, 42.027206612599869 ], [ 45.474922082552162, 42.027355881311394 ], [ 45.473985198880989, 42.027838663250336 ], [ 45.473645565521906, 42.028015446997316 ], [ 45.473318108613142, 42.028189525282613 ], [ 45.4730249990602, 42.028349852128009 ], [ 45.472617548664125, 42.028577009641104 ], [ 45.472351707492138, 42.028730135191708 ], [ 45.472153168254273, 42.028848963604702 ], [ 45.471950318612969, 42.028973743837902 ], [ 45.471742155550658, 42.029105091537993 ], [ 45.471527108610573, 42.029243996646763 ], [ 45.471306796471758, 42.029390302068542 ], [ 45.471072035136025, 42.029550980538552 ], [ 45.470816670946967, 42.029730167816048 ], [ 45.47050761502598, 42.029951067979603 ], [ 45.470202388064706, 42.030171367091569 ], [ 45.469980800286024, 42.030334104093455 ], [ 45.469783051955098, 42.030483197186427 ], [ 45.469605228339283, 42.030621799505532 ], [ 45.469439509544209, 42.030754124885227 ], [ 45.469327957033848, 42.030846750881089 ], [ 45.469246678561802, 42.030917933512114 ], [ 45.469158748975367, 42.030998399340689 ], [ 45.468898100250264, 42.031247413068854 ], [ 45.46878189130716, 42.031361230233642 ], [ 45.468655745944197, 42.031490055896384 ], [ 45.468259388316049, 42.031910880615911 ], [ 45.468117554370878, 42.032058529496496 ], [ 45.467979858930939, 42.032196171220768 ], [ 45.467850842304195, 42.032318404061748 ], [ 45.467672061881494, 42.032483156068643 ], [ 45.467567128607307, 42.032577385353449 ], [ 45.467466204875976, 42.032663894879484 ], [ 45.467371887929581, 42.032739854120294 ], [ 45.467259667696474, 42.032825491689536 ], [ 45.467158613712868, 42.032899108546857 ], [ 45.467062810135786, 42.032965006922666 ], [ 45.466970386456126, 42.03302444815683 ], [ 45.466831184735135, 42.033107434554523 ], [ 45.466701736155223, 42.033177614293173 ], [ 45.466564914997427, 42.03324425904821 ], [ 45.466428537479224, 42.033303709178973 ], [ 45.466291035357216, 42.033356601519088 ], [ 45.466138910737229, 42.033408415548102 ], [ 45.466031329833029, 42.033441219362103 ], [ 45.465915636017002, 42.033472976118261 ], [ 45.465790124522343, 42.033504164655206 ], [ 45.465650196000752, 42.033535931224293 ], [ 45.46549453337596, 42.033567252562456 ], [ 45.46532513200691, 42.033596250749618 ], [ 45.46513797555744, 42.033623672434999 ], [ 45.464914453769566, 42.03365225345901 ], [ 45.464703803192918, 42.033674567394549 ], [ 45.464345965106915, 42.033705485147095 ], [ 45.464152634643646, 42.033720973062799 ], [ 45.463936881507919, 42.033735447980881 ], [ 45.463223163812955, 42.033774754126902 ], [ 45.462960380664192, 42.033791004863062 ], [ 45.462703046158595, 42.033810615905765 ], [ 45.462471393281113, 42.033832868104085 ], [ 45.462230839989253, 42.033860106597352 ], [ 45.461957803016354, 42.033893708786252 ], [ 45.461765319112935, 42.033919158661305 ], [ 45.46155160316512, 42.033949374315547 ], [ 45.460870924309162, 42.034051510609657 ], [ 45.460165476819903, 42.034157485306743 ], [ 45.459651775967991, 42.034236846258793 ], [ 45.459187987208885, 42.034311506454799 ], [ 45.458764858823002, 42.03438311475638 ], [ 45.458476516333533, 42.034435459399219 ], [ 45.458156392151501, 42.034497842828365 ], [ 45.457127192558836, 42.034711118893092 ], [ 45.456761734887273, 42.034784544512917 ], [ 45.456413678763816, 42.034849937053892 ], [ 45.456096768568472, 42.034903989782201 ], [ 45.455730993372242, 42.034961701397947 ], [ 45.455452040533046, 42.035002417793926 ], [ 45.455087051964014, 42.035049471250254 ], [ 45.454672082458274, 42.035096531506873 ], [ 45.454277437373925, 42.035135873142728 ], [ 45.453826606385341, 42.035175054611834 ], [ 45.453458660377621, 42.035202882828031 ], [ 45.45293793305558, 42.035237656205304 ], [ 45.45219232958118, 42.035283109841806 ], [ 45.45144911787542, 42.035322008647611 ], [ 45.450708492619576, 42.035354343798723 ], [ 45.449970638829406, 42.035380106513841 ], [ 45.449190159869211, 42.035400346353597 ], [ 45.448936529441497, 42.035404826012439 ], [ 45.448653962951582, 42.03540760249431 ], [ 45.447720275916254, 42.035410000934775 ], [ 45.447375955574095, 42.035412294611739 ], [ 45.447037993339364, 42.035417476122156 ], [ 45.446732971143554, 42.035425789719312 ], [ 45.446358462351078, 42.035439399324481 ], [ 45.446039279860933, 42.035452968347151 ], [ 45.445747162877339, 42.035467703105255 ], [ 45.445475155159521, 42.035483982060668 ], [ 45.445186976727562, 42.035504297698388 ], [ 45.444878776666108, 42.035529098039376 ], [ 45.444543464460146, 42.035558925561048 ], [ 45.44415429254682, 42.035596154092381 ], [ 45.443823415413711, 42.035629551471793 ], [ 45.443514199200258, 42.035662667856478 ], [ 45.443220911936471, 42.03569611638757 ], [ 45.442940631067671, 42.035730234503923 ], [ 45.442636331665263, 42.035769532383064 ], [ 45.442348358652382, 42.035808812469568 ], [ 45.442073216574521, 42.035848552188156 ], [ 45.441808909179777, 42.035889041221253 ], [ 45.441548613394289, 42.035931229967346 ], [ 45.44128519118469, 42.035976126714125 ], [ 45.441018496490287, 42.036023755418391 ], [ 45.440748348275477, 42.036074149176173 ], [ 45.44038016911199, 42.03614644149404 ], [ 45.440006800698839, 42.036224076314994 ], [ 45.439627856863403, 42.03630713342465 ], [ 45.439242853754187, 42.036395719996328 ], [ 45.438872925496433, 42.036484732190253 ], [ 45.43852159479529, 42.036573240723925 ], [ 45.43824993505396, 42.036644466599896 ], [ 45.437986527491134, 42.03671584227606 ], [ 45.437730588274242, 42.0367875788505 ], [ 45.437481544647746, 42.036859837072114 ], [ 45.437136536737675, 42.036963803181088 ], [ 45.436804870091429, 42.037068028207869 ], [ 45.436485139062121, 42.037172953532128 ], [ 45.43617638777264, 42.037278894513655 ], [ 45.435869784040051, 42.037388790304767 ], [ 45.435563812901279, 42.03750301504067 ], [ 45.435258741843093, 42.037621470440797 ], [ 45.434954851560192, 42.037744045568125 ], [ 45.434655335581958, 42.037869550277399 ], [ 45.434353865814693, 42.038000706021215 ], [ 45.434050324103829, 42.038137562766842 ], [ 45.43374456219798, 42.038280186805835 ], [ 45.43344762622538, 42.038423376536194 ], [ 45.433152243575393, 42.038570614396214 ], [ 45.432932628954063, 42.038683238949766 ], [ 45.432715220906687, 42.038797460635855 ], [ 45.432500107320323, 42.038913234102885 ], [ 45.432287371244819, 42.039030513117332 ], [ 45.432005149313248, 42.039190465272263 ], [ 45.431730285030063, 42.039351285209385 ], [ 45.431518221967401, 42.039478816051435 ], [ 45.431314669649275, 42.039604157442334 ], [ 45.431118793121094, 42.03972782413728 ], [ 45.430930011344678, 42.039850182222899 ], [ 45.430617776943066, 42.040058934088485 ], [ 45.430355633373743, 42.040242560783064 ], [ 45.430122325722209, 42.040414617046075 ], [ 45.429883949200793, 42.040598285081906 ], [ 45.429694549235649, 42.040750132770846 ], [ 45.429502753463211, 42.040909669917959 ], [ 45.429307655839686, 42.041077648346104 ], [ 45.429107845938667, 42.041255281092752 ], [ 45.428883328961199, 42.04146225827013 ], [ 45.428643697817989, 42.041691732232245 ], [ 45.428420901558809, 42.041912853196884 ], [ 45.428175460661457, 42.042164720184125 ], [ 45.427974336615961, 42.042377423830985 ], [ 45.427763308629487, 42.042607482772183 ], [ 45.427537477204837, 42.042860176842325 ], [ 45.427278714505739, 42.043155776082671 ], [ 45.427104178433673, 42.043359400537796 ], [ 45.426913622367259, 42.043586949926237 ], [ 45.426341862423577, 42.04428546516602 ], [ 45.425755344408678, 42.045005627283842 ], [ 45.42528048326983, 42.045597065960166 ], [ 45.424855072844963, 42.04613729826724 ], [ 45.424468117070923, 42.046640494938835 ], [ 45.424200876958984, 42.046994345884137 ], [ 45.423970043946561, 42.047303792628007 ], [ 45.423759832247661, 42.047590009576751 ], [ 45.423565697896272, 42.047859215537727 ], [ 45.423274463730863, 42.048272402500032 ], [ 45.422981137298919, 42.04869900628271 ], [ 45.422696712374652, 42.049122984415334 ], [ 45.422410525003848, 42.049560208851375 ], [ 45.422202355755722, 42.049885126441431 ], [ 45.421994869327705, 42.050215119027094 ], [ 45.421787948503926, 42.050550375279101 ], [ 45.421581453342512, 42.050891119977031 ], [ 45.421311487711797, 42.051346359034184 ], [ 45.421047146260726, 42.051803650101427 ], [ 45.420825795637164, 42.052193213889176 ], [ 45.420661679138007, 42.052487224026542 ], [ 45.420516681766358, 42.052753973964279 ], [ 45.420387560644471, 42.05299973071152 ], [ 45.42024268157401, 42.053285141437129 ], [ 45.4201141069721, 42.053547583205528 ], [ 45.420017300309091, 42.053752654778869 ], [ 45.41991961823981, 42.053966373059808 ], [ 45.419820338759941, 42.054190315933099 ], [ 45.419718230452183, 42.054427252909584 ], [ 45.419594853757133, 42.054723801781634 ], [ 45.419458792859963, 42.055063549075037 ], [ 45.419304463276546, 42.055466237694475 ], [ 45.419090450350019, 42.056048219551556 ], [ 45.418949239386606, 42.056443150114418 ], [ 45.418798338550417, 42.056881975048007 ], [ 45.418650209606504, 42.057325447829271 ], [ 45.418259006866677, 42.058513051396851 ], [ 45.418138997828599, 42.058868825914743 ], [ 45.418028652219924, 42.059187877810707 ], [ 45.417770940637048, 42.059924068516402 ], [ 45.417611160115648, 42.060362222349767 ], [ 45.417475409357969, 42.060719150341257 ], [ 45.417353598338345, 42.061030452533387 ], [ 45.417237654608677, 42.061316733779826 ], [ 45.417125076602062, 42.061584102426728 ], [ 45.416970555216686, 42.061933828787154 ], [ 45.416754684986948, 42.062403722369147 ], [ 45.416501491667034, 42.062939244749032 ], [ 45.416222740934941, 42.06350797357112 ], [ 45.415912627121998, 42.064121875957213 ], [ 45.415551379626883, 42.064820119721048 ], [ 45.415296370141839, 42.065307905742785 ], [ 45.415126933386951, 42.06562734485324 ], [ 45.414968865374838, 42.065918389104894 ], [ 45.414821499526056, 42.066181637190915 ], [ 45.414632518984696, 42.066509432181057 ], [ 45.414447832085749, 42.066821389552523 ], [ 45.414265826106764, 42.06712022701825 ], [ 45.414085483400221, 42.06740761357338 ], [ 45.413768445542971, 42.067898341560422 ], [ 45.41362912698763, 42.068108023268707 ], [ 45.413496247863307, 42.068303557550884 ], [ 45.413365837350298, 42.068490694094621 ], [ 45.413238284139148, 42.068668780337099 ], [ 45.41311252811623, 42.068839292673033 ], [ 45.412987887546613, 42.069003156732037 ], [ 45.412812518124056, 42.06923558524722 ], [ 45.412758126218122, 42.069301387180218 ], [ 45.412705957321862, 42.069358631189814 ], [ 45.412619904929471, 42.069444995340305 ], [ 45.412547083895078, 42.069510111382939 ], [ 45.412484478297877, 42.069559563426473 ], [ 45.412416943170115, 42.069608082060199 ], [ 45.412326047427278, 42.069665275017492 ], [ 45.412171885266915, 42.06975170788354 ], [ 45.412095983183768, 42.069792304507672 ], [ 45.412008974483477, 42.069835122337253 ], [ 45.411718463428869, 42.069967231584791 ], [ 45.411615300743314, 42.070016167562244 ], [ 45.411518739662903, 42.070066120930449 ], [ 45.41143492250071, 42.070114720782072 ], [ 45.411297412070589, 42.070204773740706 ], [ 45.411118369083091, 42.070332261466703 ], [ 45.411017899620454, 42.070407407075187 ], [ 45.410916035575603, 42.070488083096038 ], [ 45.410811754612538, 42.070575092964894 ], [ 45.410703130536355, 42.070670043128281 ], [ 45.410497945435118, 42.070859018256037 ], [ 45.410070215744774, 42.07126782545771 ], [ 45.409820309920022, 42.071504129948451 ], [ 45.409649767173612, 42.071671710902173 ], [ 45.409460564457149, 42.071867005522591 ], [ 45.409294190426543, 42.072047780943677 ], [ 45.409128247173761, 42.072239122845353 ], [ 45.408966604228354, 42.072436905057906 ], [ 45.408809377964545, 42.072640991185665 ], [ 45.408656694241962, 42.072851215077854 ], [ 45.408541483818453, 42.073014856896485 ], [ 45.408470072674575, 42.073120150629748 ], [ 45.408407967028353, 42.07321789525384 ], [ 45.40835577923486, 42.073307808502236 ], [ 45.408297324918138, 42.073418146508999 ], [ 45.408246783485566, 42.073522240030236 ], [ 45.408203356811526, 42.073621735606956 ], [ 45.408166705503689, 42.073717427929587 ], [ 45.408145270867209, 42.073786069957301 ], [ 45.408126980442532, 42.073862635549574 ], [ 45.40811160357665, 42.073946029433429 ], [ 45.408073281393982, 42.074188179200235 ], [ 45.408057259985796, 42.074263447874067 ], [ 45.408038973620457, 42.074330304395687 ], [ 45.407999473595964, 42.074454316097118 ], [ 45.407966979641408, 42.074539183028854 ], [ 45.407930152442127, 42.074617927405157 ], [ 45.407886899339267, 42.074697900581299 ], [ 45.407837294367312, 42.074778963586454 ], [ 45.407781452373847, 42.074860932271108 ], [ 45.407724898601082, 42.074935597362398 ], [ 45.407660758412554, 42.075012073566349 ], [ 45.407588575887715, 42.075090906483609 ], [ 45.407507333014863, 42.075173216522856 ], [ 45.407447116230195, 42.075230199359638 ], [ 45.407380375005438, 42.075289462359926 ], [ 45.407305895348479, 42.075352103213064 ], [ 45.407219742896253, 42.075421435855311 ], [ 45.407122310709248, 42.075495794460004 ], [ 45.407014220538912, 42.075573166536749 ], [ 45.406892999644896, 42.075655369332686 ], [ 45.40674805071864, 42.075749600553287 ], [ 45.406610205689447, 42.075834865643301 ], [ 45.406378998571277, 42.075971638076609 ], [ 45.406229347833929, 42.076058462109785 ], [ 45.406060244443466, 42.076153116599549 ], [ 45.405511862264774, 42.076450046289331 ], [ 45.405321418725819, 42.076554862395284 ], [ 45.405145553118352, 42.07665495413594 ], [ 45.404988703575434, 42.076748240720931 ], [ 45.404748791918237, 42.076895170207692 ], [ 45.404594508306467, 42.07699482381971 ], [ 45.404446423273647, 42.077096519673177 ], [ 45.404325934834553, 42.077184626339147 ], [ 45.404230050813368, 42.077259103107281 ], [ 45.404143961221074, 42.077329367177285 ], [ 45.404065534925429, 42.077397160731095 ], [ 45.403993865440491, 42.07746327504627 ], [ 45.403904239026019, 42.077552581266033 ], [ 45.403814407403651, 42.077649413086 ], [ 45.403734403577467, 42.077743665917893 ], [ 45.403652930010679, 42.077849263974009 ], [ 45.40356793893055, 42.077968533631044 ], [ 45.403460521069483, 42.078127999818115 ], [ 45.403368277296224, 42.078272361769748 ], [ 45.403277101849604, 42.078426083969759 ], [ 45.403185975400788, 42.078590862326422 ], [ 45.403092828812284, 42.078770429203551 ], [ 45.403039611014961, 42.078878864583729 ], [ 45.402986097571826, 42.078993529884876 ], [ 45.402874726487134, 42.079249077423988 ], [ 45.402784542481228, 42.079474908228143 ], [ 45.402684118292726, 42.07974785826498 ], [ 45.402616534367645, 42.079945303027671 ], [ 45.402547100291073, 42.08016474725131 ], [ 45.402477190600401, 42.080399877944153 ], [ 45.402360783923328, 42.080805761363841 ], [ 45.402310791337662, 42.080986365993162 ], [ 45.402258760756645, 42.081188132245629 ], [ 45.402098912331795, 42.081852868074492 ], [ 45.402038191498931, 42.082095675814585 ], [ 45.401974326982888, 42.082331818895156 ], [ 45.401910909750676, 42.082544271429299 ], [ 45.401844238396301, 42.082752096059963 ], [ 45.401780623997425, 42.082941862689182 ], [ 45.401740963062316, 42.08305289964548 ], [ 45.401693950833057, 42.083176177852636 ], [ 45.401483393524501, 42.083701310809111 ], [ 45.401437255246407, 42.083825478385911 ], [ 45.401398300561652, 42.083938831013477 ], [ 45.40132710428329, 42.08415741048794 ], [ 45.401287400914441, 42.0842984111788 ], [ 45.401256869960839, 42.084428760203501 ], [ 45.401238289668605, 42.084530760868645 ], [ 45.401222919632929, 42.084656208665358 ], [ 45.40121842642089, 42.084758442875625 ], [ 45.40122103561179, 42.08483980758318 ], [ 45.401228328309564, 42.0849068977071 ], [ 45.40124206416148, 42.084977818287676 ], [ 45.401259596732245, 42.085037637674851 ], [ 45.401284644133888, 42.085099623866867 ], [ 45.401312413469498, 42.085151288079345 ], [ 45.401347827422832, 42.08520230319948 ], [ 45.401385355087072, 42.085244906039549 ], [ 45.401430545675019, 42.085284774705109 ], [ 45.401484126812555, 42.085322828007591 ], [ 45.401541338372333, 42.08535542864972 ], [ 45.401611008398419, 42.085387641615519 ], [ 45.401679316301092, 42.08541321700514 ], [ 45.401766698816211, 42.085439747815109 ], [ 45.401832557837615, 42.08545641524146 ], [ 45.401905850350602, 42.085471355267089 ], [ 45.401988243984931, 42.085484997951362 ], [ 45.402094845201944, 42.08549984819436 ], [ 45.402174361837304, 42.085508793122457 ], [ 45.402263510077695, 42.085515820072452 ], [ 45.402547911592166, 42.085529313386552 ], [ 45.402656962780135, 42.085533670935511 ], [ 45.402770600359965, 42.085536164148223 ], [ 45.40288982559165, 42.085536815614745 ], [ 45.403016487236371, 42.085535636838181 ], [ 45.403279158460975, 42.085528581544672 ], [ 45.403807088946571, 42.085506773891879 ], [ 45.404030178662516, 42.085499440949228 ], [ 45.404264243900208, 42.085496022767636 ], [ 45.404474018464214, 42.085498498022972 ], [ 45.404881598975543, 42.085509360953964 ], [ 45.405012798186462, 42.085516348180377 ], [ 45.405130363066888, 42.085525891703355 ], [ 45.405303583978601, 42.085544612530065 ], [ 45.405439748878067, 42.085564297120733 ], [ 45.405585897118087, 42.085591542356845 ], [ 45.405707226034401, 42.085620238738386 ], [ 45.405831820061209, 42.08565678432624 ], [ 45.405886020865303, 42.085675313569375 ], [ 45.405936064917178, 42.085694423999968 ], [ 45.406034833924679, 42.085738133526064 ], [ 45.406125320372091, 42.085785951326507 ], [ 45.40620828123425, 42.085838648400461 ], [ 45.406296876115462, 42.08590434077329 ], [ 45.406375391551585, 42.08597126753611 ], [ 45.406461614472292, 42.08605494427016 ], [ 45.406537371926319, 42.086137340360551 ], [ 45.406621615111447, 42.086239625126773 ], [ 45.406688120970351, 42.086328086454422 ], [ 45.40676604681196, 42.086440741075521 ], [ 45.406846288875172, 42.086567098937415 ], [ 45.406968875607852, 42.086776323164443 ], [ 45.407030759293718, 42.086885658846398 ], [ 45.407096055519396, 42.087008641655913 ], [ 45.407299052537283, 42.087415328897812 ], [ 45.407375209607025, 42.08756278419547 ], [ 45.407453792441814, 42.087704743161645 ], [ 45.407530363691535, 42.087831220725704 ], [ 45.407665880777991, 42.088044593469462 ], [ 45.407713239299333, 42.088112229799222 ], [ 45.407759078879543, 42.088171690896942 ], [ 45.407847800352286, 42.08827677334348 ], [ 45.40788531799339, 42.088316847741041 ], [ 45.407921779353998, 42.088352464958795 ], [ 45.407993639931831, 42.088416052109089 ], [ 45.408056658719175, 42.088463876846788 ], [ 45.40812948067876, 42.088510463416434 ], [ 45.408196034086465, 42.088545288126241 ], [ 45.408270407284455, 42.088575800583037 ], [ 45.408341440253487, 42.088597541733719 ], [ 45.408417130029989, 42.088612736551319 ], [ 45.408493760188257, 42.088620900196069 ], [ 45.408542891144229, 42.088622160935245 ], [ 45.408599579842814, 42.088620494649604 ], [ 45.408659977520905, 42.088615142275593 ], [ 45.408725259084221, 42.088604915267446 ], [ 45.408796830045667, 42.088589703233914 ], [ 45.408887018984679, 42.088566890879662 ], [ 45.408946605860059, 42.088549396873006 ], [ 45.409011478842359, 42.08852697004626 ], [ 45.409211632893332, 42.088447446880913 ], [ 45.409307577620112, 42.088407612993031 ], [ 45.409410943676278, 42.088360778812017 ], [ 45.409521571446064, 42.088307326763051 ], [ 45.409840672112857, 42.088148329675228 ], [ 45.409942813194654, 42.088100664485417 ], [ 45.410036165377129, 42.088060207891914 ], [ 45.410184059635029, 42.088000112139454 ], [ 45.410322737410887, 42.087946369015093 ], [ 45.410499782017069, 42.087882312938042 ], [ 45.410693512328294, 42.087817510578624 ], [ 45.410908776858633, 42.087750268380937 ], [ 45.411170506987425, 42.087672785529051 ], [ 45.411415575749288, 42.08760183028533 ], [ 45.411572270023562, 42.087561926201438 ], [ 45.411687787859044, 42.087536326955025 ], [ 45.411783963063122, 42.087517064627903 ], [ 45.411872046586026, 42.087501892295279 ], [ 45.411954195809386, 42.087490478897799 ], [ 45.412095800091471, 42.087475875304399 ], [ 45.412154984255359, 42.087472113295632 ], [ 45.41220988842462, 42.087470455238787 ], [ 45.412288985067953, 42.087470893419678 ], [ 45.412363589704555, 42.087474116287268 ], [ 45.412434032544212, 42.08748014067654 ], [ 45.41250046118099, 42.087488977773063 ], [ 45.412568705400474, 42.08750164957862 ], [ 45.412645494998195, 42.087519427927447 ], [ 45.41275024905341, 42.087549471581006 ], [ 45.412875128375752, 42.087592820997635 ], [ 45.412932024739746, 42.087614945211577 ], [ 45.41299409920223, 42.087641444135656 ], [ 45.413189913593989, 42.087732285892699 ], [ 45.413284616931776, 42.087777820407297 ], [ 45.413387793341471, 42.087831259953177 ], [ 45.413724169777325, 42.088017585698005 ], [ 45.413851067995338, 42.088085191193613 ], [ 45.413979908994484, 42.088148244857244 ], [ 45.414100088720758, 42.088200259734855 ], [ 45.414275627505326, 42.088269857095803 ], [ 45.414337683319602, 42.088291819680826 ], [ 45.414394795091518, 42.088309710231755 ], [ 45.414462084200416, 42.088328150321416 ], [ 45.414530228586692, 42.088344604950514 ], [ 45.414598780168319, 42.08835896765833 ], [ 45.414667313946964, 42.088371149014144 ], [ 45.414730513174433, 42.08838020003347 ], [ 45.41479950693293, 42.088387811549026 ], [ 45.414969403302891, 42.088400172993275 ], [ 45.415104789183744, 42.088404689167682 ], [ 45.415314518285371, 42.08840496788914 ], [ 45.415485371506357, 42.088402177067351 ], [ 45.415675033339156, 42.08839388964445 ], [ 45.415861002843236, 42.088382153188313 ], [ 45.416336406136416, 42.088347848404752 ], [ 45.416473871688787, 42.088339788643985 ], [ 45.416597612175664, 42.088334308471474 ], [ 45.41705335521219, 42.088318085996171 ], [ 45.41734497384455, 42.08831071316699 ], [ 45.417612569836535, 42.088308603957849 ], [ 45.417855214223437, 42.088312248270512 ], [ 45.418035846747486, 42.088317211370757 ], [ 45.418145515853695, 42.088323452315336 ], [ 45.418283307147092, 42.088335939340048 ], [ 45.418381396512217, 42.088350302000286 ], [ 45.418466592080598, 42.088367862970401 ], [ 45.41853148720606, 42.088385765409477 ], [ 45.418599936431569, 42.088410899679126 ], [ 45.418660476054576, 42.088439246562928 ], [ 45.418716901178861, 42.088472767352478 ], [ 45.41876856315843, 42.08851082676027 ], [ 45.418813638773827, 42.088552347964267 ], [ 45.418855957409285, 42.08860064219629 ], [ 45.418890487371883, 42.088650130284343 ], [ 45.418922803368474, 42.088708796865127 ], [ 45.418946685996858, 42.088764951688376 ], [ 45.418969353589915, 42.088835641133237 ], [ 45.418984318128842, 42.088899227348143 ], [ 45.418994413932239, 42.088969320522033 ], [ 45.419000022792666, 42.089047530525271 ], [ 45.419002106348998, 42.089147142941428 ], [ 45.418999613573597, 42.089229901985455 ], [ 45.418991052344595, 42.089320245044142 ], [ 45.418976421441016, 42.089420195881225 ], [ 45.418952453253716, 42.089552110653628 ], [ 45.418936497285529, 42.089628768300678 ], [ 45.418916565352077, 42.089711830571517 ], [ 45.418858938192749, 42.089920535125138 ], [ 45.418809578433205, 42.090078969407131 ], [ 45.418723882192914, 42.090330187927151 ], [ 45.418649387694778, 42.090538823303859 ], [ 45.418561442131185, 42.090767756100107 ], [ 45.418463097442228, 42.091010756165808 ], [ 45.418176202754189, 42.091702543711136 ], [ 45.418090817300424, 42.091918934231735 ], [ 45.418018152603544, 42.092113837475679 ], [ 45.417907617879635, 42.092419004632411 ], [ 45.417847318986738, 42.092600671803268 ], [ 45.417773034386862, 42.092851891187898 ], [ 45.417748124843705, 42.092949274549653 ], [ 45.417728439577161, 42.093038805036798 ], [ 45.417704202048924, 42.093166016356186 ], [ 45.417688472277376, 42.093265715179925 ], [ 45.417678394529851, 42.09335602847375 ], [ 45.417673852870664, 42.093439186669841 ], [ 45.417673613574031, 42.093543154925534 ], [ 45.417679261571841, 42.093624375661143 ], [ 45.41769248233313, 42.09371248491982 ], [ 45.417710335544257, 42.093784160273934 ], [ 45.417737054024094, 42.093858266629553 ], [ 45.417767234852747, 42.09391932167042 ], [ 45.417796715300923, 42.093965777922833 ], [ 45.417827099999293, 42.094005001361381 ], [ 45.417876253173873, 42.094055408262861 ], [ 45.417902656295674, 42.094077930124918 ], [ 45.417929988028689, 42.094098408627836 ], [ 45.417975232166832, 42.094127133076476 ], [ 45.418024624615072, 42.094152991840367 ], [ 45.418057366270901, 42.094167340599576 ], [ 45.418093149468525, 42.094180807340045 ], [ 45.418174347165539, 42.094205278440626 ], [ 45.418241024728523, 42.094219524193313 ], [ 45.41834000130779, 42.094234473558473 ], [ 45.418459017141494, 42.094247864595381 ], [ 45.418615598351323, 42.094258651601876 ], [ 45.418758049645675, 42.094264135596426 ], [ 45.41894078710046, 42.094265912080417 ], [ 45.419079820746454, 42.094264548806166 ], [ 45.419229402222861, 42.094259988252681 ], [ 45.419393182952213, 42.094252153988549 ], [ 45.41958777288297, 42.094240259298857 ], [ 45.419811616679034, 42.094224093560896 ], [ 45.420009118158653, 42.094206674630172 ], [ 45.420191047892615, 42.094187046344373 ], [ 45.420360836373042, 42.094164818839268 ], [ 45.420544866369823, 42.094136407271549 ], [ 45.42072534356668, 42.094104541834582 ], [ 45.420901802936946, 42.094069307110423 ], [ 45.421073851956884, 42.094030779311822 ], [ 45.421247508918654, 42.093987294482616 ], [ 45.421425648088466, 42.093937927900946 ], [ 45.421608936893591, 42.093882494261877 ], [ 45.421798477117576, 42.093820662555125 ], [ 45.421929449908696, 42.093775119779579 ], [ 45.422064106422546, 42.09372564728195 ], [ 45.422203227105911, 42.09367195847323 ], [ 45.422348145940006, 42.093613540461149 ], [ 45.422526201379156, 42.093537998702104 ], [ 45.422707973512196, 42.093456251910766 ], [ 45.422894325522478, 42.093367914112299 ], [ 45.423086665299387, 42.093272319917332 ], [ 45.423220268510143, 42.093203125718397 ], [ 45.423357214905757, 42.093129558985169 ], [ 45.423498332238935, 42.093051176233118 ], [ 45.423645011977094, 42.092967204055775 ], [ 45.42382567201598, 42.092860003633604 ], [ 45.42400909986322, 42.092746523276865 ], [ 45.42419604210793, 42.092626303582868 ], [ 45.424387644934718, 42.092498607166462 ], [ 45.424522124980456, 42.092406135415025 ], [ 45.42465860198665, 42.092309633813613 ], [ 45.424797523638418, 42.092208786370918 ], [ 45.424939540932563, 42.092103121428778 ], [ 45.425073616630186, 42.092000863162824 ], [ 45.425208577758958, 42.091895272656551 ], [ 45.425481987432768, 42.091673446062401 ], [ 45.425664912920631, 42.091520867696168 ], [ 45.425793733325897, 42.091410633906087 ], [ 45.425907656780232, 42.091309199668217 ], [ 45.4260084824529, 42.091214722823956 ], [ 45.42615062514065, 42.091074588032953 ], [ 45.426258043621282, 42.090960577506706 ], [ 45.426357935743972, 42.090842598657453 ], [ 45.426503966240439, 42.090655812423407 ], [ 45.426594628541189, 42.090534526254423 ], [ 45.426688392369059, 42.090399575526867 ], [ 45.426793364585258, 42.090238964947346 ], [ 45.427010541899648, 42.089893041466091 ], [ 45.42710731632296, 42.089743005000422 ], [ 45.427214265810029, 42.08958635762648 ], [ 45.427316202876376, 42.089448459633715 ], [ 45.427499079183157, 42.089212901581014 ], [ 45.427563606320412, 42.089135168345614 ], [ 45.427624562548061, 42.089066419755603 ], [ 45.427726978597867, 42.088960478272739 ], [ 45.427880641048183, 42.088811959234036 ], [ 45.428094833138623, 42.088610082143163 ], [ 45.42826971742064, 42.088453205531231 ], [ 45.428434152052624, 42.08831546775226 ], [ 45.428513785998994, 42.088252740947588 ], [ 45.428592463847174, 42.088193499571886 ], [ 45.428747668116607, 42.08807969546757 ], [ 45.428800970364485, 42.088043940440123 ], [ 45.428850829361842, 42.088013455351046 ], [ 45.428956384967293, 42.087955004922335 ], [ 45.428999683752146, 42.087933955184738 ], [ 45.429040598467431, 42.087916370139212 ], [ 45.429102731411263, 42.087893276621863 ], [ 45.429164400247437, 42.087873807222003 ], [ 45.429224993246585, 42.087858153365048 ], [ 45.429284109684339, 42.087846418325242 ], [ 45.429330767974307, 42.087839820339489 ], [ 45.429381291836052, 42.087835012774576 ], [ 45.429436361517858, 42.087831921928455 ], [ 45.429498101866443, 42.087830427260769 ], [ 45.429570561320226, 42.087831462891877 ], [ 45.429658870119106, 42.087836265100286 ], [ 45.429759869257353, 42.087845615735681 ], [ 45.42986678887042, 42.087860417357035 ], [ 45.429981223974899, 42.087880869319704 ], [ 45.430108031495642, 42.087907836034987 ], [ 45.430222406103319, 42.087936131747021 ], [ 45.430339503582324, 42.087969764294947 ], [ 45.430459459648127, 42.088008771889179 ], [ 45.43058252880909, 42.088053236425544 ], [ 45.430677925864785, 42.088090738182089 ], [ 45.430768777638043, 42.088129276456854 ], [ 45.43085505986982, 42.088168840543929 ], [ 45.430936748312746, 42.088209421538139 ], [ 45.431043494173913, 42.08826683337734 ], [ 45.431138500256274, 42.088322577987327 ], [ 45.431223948032084, 42.088377936931181 ], [ 45.431300686495142, 42.088433475349788 ], [ 45.431363308054912, 42.088483263892094 ], [ 45.431413000412, 42.088526821672559 ], [ 45.431486008281553, 42.088599917754813 ], [ 45.431515591053682, 42.088633959175219 ], [ 45.431541225728857, 42.088667070652455 ], [ 45.431573260949563, 42.088714525224532 ], [ 45.431598544057444, 42.088759265404065 ], [ 45.431623545396562, 42.088817550614294 ], [ 45.431644896186768, 42.088886869904549 ], [ 45.431658360132566, 42.088953398020259 ], [ 45.431667826197277, 42.089038587331146 ], [ 45.431670309164481, 42.08908361409906 ], [ 45.431670492281697, 42.089133450883331 ], [ 45.431663587784094, 42.089275205853738 ], [ 45.431651049892011, 42.089424470014485 ], [ 45.43163022410436, 42.089577626429772 ], [ 45.431601098931793, 42.089734773308905 ], [ 45.43156364391993, 42.089896065671574 ], [ 45.431522641294144, 42.090048124384829 ], [ 45.431485101456964, 42.090161272790382 ], [ 45.431452916532244, 42.090241172470662 ], [ 45.431415327326434, 42.090323515206009 ], [ 45.431372140812009, 42.090408726823355 ], [ 45.431322970375376, 42.09049757342116 ], [ 45.431284997036613, 42.090561099375783 ], [ 45.431242441507209, 42.090627584959705 ], [ 45.431139921651258, 42.09077504268933 ], [ 45.431075912770922, 42.090860159491783 ], [ 45.431003751379087, 42.090950103737825 ], [ 45.430921791428815, 42.091046977405064 ], [ 45.430822942096881, 42.091159175030171 ], [ 45.430689467617341, 42.09130184721586 ], [ 45.430452944255485, 42.091540718747076 ], [ 45.430347290004299, 42.091645889392034 ], [ 45.430227246814134, 42.091761583035868 ], [ 45.42981425388011, 42.092147895367106 ], [ 45.429659119904123, 42.092295688392049 ], [ 45.42950749410263, 42.092445951164784 ], [ 45.429375742323721, 42.092584013028286 ], [ 45.429209138208385, 42.092765738894158 ], [ 45.429100233312106, 42.092891929981739 ], [ 45.429014147776357, 42.093000592776725 ], [ 45.42888115290345, 42.093177931529532 ], [ 45.428778465507669, 42.093317010777675 ], [ 45.428674263283028, 42.09346231367347 ], [ 45.428567785451136, 42.093614899515337 ], [ 45.428457744418523, 42.093776610428613 ], [ 45.428226511534859, 42.094127558654129 ], [ 45.427922545453519, 42.094603205040748 ], [ 45.427703767150824, 42.094951122773466 ], [ 45.427519584078922, 42.095251363218736 ], [ 45.427355025774233, 42.095528350265035 ], [ 45.427206327785228, 42.09578851333761 ], [ 45.427045126072265, 42.096081710811639 ], [ 45.426906506929022, 42.09634486394728 ], [ 45.42676705780643, 42.096622556465576 ], [ 45.426644447878921, 42.09687998464134 ], [ 45.426547909842988, 42.097092862439872 ], [ 45.426462705165427, 42.097289181933064 ], [ 45.426386373664613, 42.097474629979239 ], [ 45.426317898150984, 42.097651694365382 ], [ 45.426229368521852, 42.097891493131719 ], [ 45.426222589576902, 42.097911798219137 ], [ 45.426201584037578, 42.097974711799871 ], [ 45.426178957252027, 42.098050343153815 ], [ 45.426159956778342, 42.098125371110527 ], [ 45.426139776895418, 42.098205055293626 ], [ 45.426108986495223, 42.098361723093497 ], [ 45.426085432143886, 42.098527172357642 ], [ 45.426069539451085, 42.09869921653587 ], [ 45.426061219622312, 42.098878673749311 ], [ 45.426060435463491, 42.099066301582461 ], [ 45.426067181401969, 42.09926324477965 ], [ 45.426078727514572, 42.09943727566074 ], [ 45.426095731577504, 42.099620346793451 ], [ 45.426118355560035, 42.099814243558924 ], [ 45.426147002648698, 42.100022458070761 ], [ 45.426176074715173, 42.100211211579655 ], [ 45.426211073670935, 42.100421573033387 ], [ 45.426341001696144, 42.101151511680825 ], [ 45.42635701185192, 42.101245609569638 ], [ 45.426362013678187, 42.10127500435636 ], [ 45.426389261379292, 42.10143514284745 ], [ 45.426433306288232, 42.10172303619823 ], [ 45.426466138986051, 42.101979128771944 ], [ 45.426481264681584, 42.10212418138228 ], [ 45.426492887478183, 42.102262658765092 ], [ 45.426501086158929, 42.10239549279995 ], [ 45.426505897469767, 42.102523297593351 ], [ 45.426506878934141, 42.102607303693766 ], [ 45.429742073264855, 42.10379686367606 ], [ 45.43343330657472, 42.105544369224603 ] ] ] ] } }
]
}
