{
"type": "FeatureCollection",
"name": "ოკამი",
"crs": { "type": "name", "properties": { "name": "urn:ogc:def:crs:OGC:1.3:CRS84" } },
"features": [
{ "type": "Feature", "properties": { "OBJECTID": 29, "NAME_GEO": "ოკამი", "NAME_ENG": "Okami", "Location": "Shida Kartli", "MoreInfo": "https://www.sakpatenti.gov.ge/media/django-summernote/2025-11-19/c97bc5a8-c73d-4daa-b6da-d190edcfaf90.pdf" }, "geometry": { "type": "MultiPolygon", "coordinates": [ [ [ [ 44.378202385201213, 42.054984044801394 ], [ 44.378356836762244, 42.054971191570708 ], [ 44.378753628685416, 42.054973340101846 ], [ 44.379110104843434, 42.054964326234149 ], [ 44.379136351668016, 42.05491241050472 ], [ 44.379143316701317, 42.054761859067561 ], [ 44.379164311161176, 42.054678437106958 ], [ 44.379245721774609, 42.054614525833195 ], [ 44.379361902880689, 42.05457273342715 ], [ 44.379518173690727, 42.054937757278061 ], [ 44.379591547307143, 42.054917348864038 ], [ 44.379596152093306, 42.054916067809863 ], [ 44.379623841228465, 42.0549083818076 ], [ 44.379628809422123, 42.054907012651242 ], [ 44.379661155384937, 42.054895801439301 ], [ 44.379722967363087, 42.054874377557894 ], [ 44.379993629644517, 42.054711020623323 ], [ 44.380064659136224, 42.054670649785841 ], [ 44.380213452256108, 42.054611965301952 ], [ 44.380521769426579, 42.05455923047149 ], [ 44.380576533355175, 42.054551059917678 ], [ 44.381588444054621, 42.054354320340991 ], [ 44.381700153898898, 42.054393290020187 ], [ 44.381869989483, 42.054482423790063 ], [ 44.382012161709277, 42.054545514589236 ], [ 44.382104919543174, 42.054588569857891 ], [ 44.382119657406591, 42.054595404098116 ], [ 44.382174260611102, 42.054591329886186 ], [ 44.382187745142197, 42.054590321692245 ], [ 44.382248637439645, 42.054585740907896 ], [ 44.382314698925327, 42.054596453975122 ], [ 44.382418574651574, 42.054664516905639 ], [ 44.382495089230645, 42.054675286117515 ], [ 44.38261706043847, 42.054665584802848 ], [ 44.382753703089158, 42.05458845834476 ], [ 44.38282381166902, 42.054536912749796 ], [ 44.382884155789071, 42.054420422578765 ], [ 44.382927022442807, 42.054311674083507 ], [ 44.382965556343862, 42.054288464288568 ], [ 44.383038927697186, 42.054268098686215 ], [ 44.383262863768216, 42.054242868115779 ], [ 44.383324806351332, 42.054235860641057 ], [ 44.383774486784326, 42.054204546527231 ], [ 44.384015133974557, 42.054169497032312 ], [ 44.384202037773015, 42.054112092689039 ], [ 44.384402998775201, 42.054219582904786 ], [ 44.384538009269249, 42.054311182859102 ], [ 44.384658676757248, 42.054436435199783 ], [ 44.384703166296944, 42.054522325801962 ], [ 44.384761792869796, 42.054577174618281 ], [ 44.384865821989116, 42.054629609834365 ], [ 44.384980318573319, 42.054674355435523 ], [ 44.385073759030327, 42.054734569398768 ], [ 44.385135675637159, 42.054817986341618 ], [ 44.385249136306285, 42.054801031413014 ], [ 44.385316062924424, 42.054791032374439 ], [ 44.385330585916087, 42.054788858524525 ], [ 44.385421333894577, 42.054771151323656 ], [ 44.385560966926327, 42.054740781410729 ], [ 44.38566556191428, 42.054728326901625 ], [ 44.385773535938135, 42.054728904813352 ], [ 44.385947571801147, 42.054740238634629 ], [ 44.386371995419317, 42.054796953116785 ], [ 44.386532123065408, 42.054803123000774 ], [ 44.386671482263722, 42.054801165866678 ], [ 44.386807510245617, 42.054781177710225 ], [ 44.386954291263251, 42.054730039212821 ], [ 44.387020627821599, 42.054712245381367 ], [ 44.38701119049837, 42.054977302111411 ], [ 44.388377695666179, 42.054648039351491 ], [ 44.388581284818571, 42.054598982085977 ], [ 44.389831278725168, 42.054297746296328 ], [ 44.38983900040391, 42.054040245651983 ], [ 44.389840151813743, 42.054002019056846 ], [ 44.389844314821396, 42.053863790963447 ], [ 44.389845195852395, 42.053834115530051 ], [ 44.39014636226598, 42.053690488653572 ], [ 44.390573830397784, 42.053804979767136 ], [ 44.390827731028779, 42.053901283542075 ], [ 44.391164193344331, 42.05384264231288 ], [ 44.391720139458187, 42.053845590183627 ], [ 44.392240187693538, 42.053969198489654 ], [ 44.392622977716641, 42.053910798301402 ], [ 44.393261232611728, 42.053784689186607 ], [ 44.393737416417729, 42.053649087741 ], [ 44.394142875166388, 42.053642596075029 ], [ 44.394374272445852, 42.05366971474345 ], [ 44.394546366235396, 42.053843269816632 ], [ 44.394614793405452, 42.053955852143005 ], [ 44.394636401459778, 42.054119981335369 ], [ 44.394747396618904, 42.054240495887768 ], [ 44.394897261114608, 42.054287413064152 ], [ 44.39510926586707, 42.054308299061681 ], [ 44.395294745646012, 42.054329044913885 ], [ 44.395506938127774, 42.054330162734047 ], [ 44.396247488231012, 42.05455810367306 ], [ 44.396423629069666, 42.054631514690065 ], [ 44.396767694549581, 42.05471239825696 ], [ 44.397041841015152, 42.054707248779515 ], [ 44.397228070302234, 42.054648921719355 ], [ 44.397477123677199, 42.054492081130022 ], [ 44.39776160411283, 42.054328836721822 ], [ 44.397974355542459, 42.054270647613343 ], [ 44.398186983379702, 42.054225636717213 ], [ 44.398443381293248, 42.054226980897838 ], [ 44.398672883610111, 42.054267720458036 ], [ 44.398840185579331, 42.054341081460969 ], [ 44.399063686537602, 42.05449546832758 ], [ 44.399052019867966, 42.054651203095652 ], [ 44.398984235859629, 42.054810444755717 ], [ 44.399089907005688, 42.054959194217091 ], [ 44.399201608221368, 42.055009178022239 ], [ 44.399492653654356, 42.054965102073844 ], [ 44.399625929950304, 42.054889801342775 ], [ 44.399799744099418, 42.054841311444868 ], [ 44.400013987723327, 42.054831032095507 ], [ 44.400288807089019, 42.054885667326573 ], [ 44.400456770606105, 42.05491694371436 ], [ 44.400707061853332, 42.054868852826218 ], [ 44.400916243941211, 42.054854744606772 ], [ 44.400945191905443, 42.055029691735278 ], [ 44.401097040902393, 42.05514828153408 ], [ 44.401269569835172, 42.055236579277548 ], [ 44.401545032970418, 42.055222816572716 ], [ 44.401748510136073, 42.055273276422184 ], [ 44.401953517878631, 42.05517583145545 ], [ 44.402146393777571, 42.055013853283029 ], [ 44.402242593174712, 42.054958328343709 ], [ 44.402331432159855, 42.054958791013618 ], [ 44.40262242289058, 42.055265900255925 ], [ 44.402742569343609, 42.055572119800694 ], [ 44.402657173504451, 42.055933294702861 ], [ 44.40266238465906, 42.056106491246219 ], [ 44.402755817512379, 42.056346359305323 ], [ 44.402904351981839, 42.056540675242942 ], [ 44.403211023323614, 42.05663394866891 ], [ 44.40349833756953, 42.05660488317794 ], [ 44.40395702523292, 42.05652068110598 ], [ 44.404162092183881, 42.056516652733492 ], [ 44.404271436393273, 42.056517220358224 ], [ 44.404518126693297, 42.056447195005447 ], [ 44.404716311890141, 42.056448223127319 ], [ 44.404907425425229, 42.056474680197475 ], [ 44.40512711188417, 42.056368861170071 ], [ 44.405320981241438, 42.0560999249088 ], [ 44.405749671780185, 42.055567355699715 ], [ 44.406018519325144, 42.055319179184622 ], [ 44.40651890858183, 42.055158784762959 ], [ 44.407011703519615, 42.055079840002726 ], [ 44.407751746020779, 42.054869745348171 ], [ 44.408066574587956, 42.054820437605677 ], [ 44.408197031929561, 42.054754897963157 ], [ 44.408361563190674, 42.054699721115796 ], [ 44.408539336366552, 42.054690450115366 ], [ 44.408648961008041, 42.054660455849621 ], [ 44.408799162885053, 42.054676509249937 ], [ 44.408956340253056, 42.054677318795939 ], [ 44.409270930991433, 42.054653472488859 ], [ 44.409422029531441, 42.054572758109337 ], [ 44.409457141848087, 42.054471074008774 ], [ 44.409525999238824, 42.054415403159958 ], [ 44.409709567628212, 42.054518212225908 ], [ 44.410003609001016, 42.05449935140939 ], [ 44.410366317246172, 42.054445189381468 ], [ 44.410565249913034, 42.054364720132398 ], [ 44.41075136329053, 42.054192505425405 ], [ 44.410909433761169, 42.054096545289738 ], [ 44.411067033228193, 42.05405151536123 ], [ 44.411273267826289, 42.05392014950111 ], [ 44.411658166110648, 42.053682740396944 ], [ 44.411815435092691, 42.053673360104554 ], [ 44.411986512247438, 42.053648770758194 ], [ 44.412226489159067, 42.053563414796841 ], [ 44.412479617555086, 42.053534151701193 ], [ 44.412732464216035, 42.05353544577482 ], [ 44.413305273980356, 42.053670799333197 ], [ 44.413653278145865, 42.053728603821632 ], [ 44.414109591675995, 42.053899010501972 ], [ 44.414798160749719, 42.054080787144471 ], [ 44.415076989211606, 42.0542299120754 ], [ 44.415342618647827, 42.054328037144522 ], [ 44.415978786159208, 42.054556462879709 ], [ 44.416394588671167, 42.054492268300038 ], [ 44.416739484626554, 42.054074058640857 ], [ 44.417232153176116, 42.053711857042224 ], [ 44.417560596568698, 42.053470388406986 ], [ 44.418348507041443, 42.053253351243995 ], [ 44.41872041910392, 42.053122616048981 ], [ 44.419465447554238, 42.052728526875235 ], [ 44.419925820405751, 42.052653493880783 ], [ 44.420280083575697, 42.052832110087742 ], [ 44.420409819282405, 42.053241676470513 ], [ 44.420614298648402, 42.053585309413037 ], [ 44.420685661791573, 42.054095426907296 ], [ 44.420794112713949, 42.054399894366341 ], [ 44.421069887660281, 42.05464994807528 ], [ 44.421309093564595, 42.054844558046291 ], [ 44.421605162511376, 42.054901309189084 ], [ 44.421846000985042, 42.054916336892944 ], [ 44.422144575268042, 42.054696807639559 ], [ 44.422499755138375, 42.054367045963211 ], [ 44.422743343868987, 42.054078165519257 ], [ 44.423246924811821, 42.053735333578693 ], [ 44.42356040227839, 42.053916497881204 ], [ 44.423925782482002, 42.053914329042783 ], [ 44.424135917240832, 42.05400522378627 ], [ 44.424314565683758, 42.054245693854995 ], [ 44.424583825443548, 42.054464157472054 ], [ 44.424803063029678, 42.054659910168986 ], [ 44.42523332012474, 42.05484923319294 ], [ 44.425513642292103, 42.054955450245203 ], [ 44.425714142770531, 42.05500137377657 ], [ 44.426137526633802, 42.054838784543414 ], [ 44.426519851937016, 42.054773314998741 ], [ 44.426830984232652, 42.054804815968922 ], [ 44.427081039185587, 42.054925851398067 ], [ 44.427361297560907, 42.055039550752944 ], [ 44.42791358670874, 42.055064764648712 ], [ 44.428234696664042, 42.05507370875101 ], [ 44.42842391561836, 42.055241876474724 ], [ 44.42851168018953, 42.055463886865716 ], [ 44.428656025876336, 42.055631829843627 ], [ 44.428885337175032, 42.055708222558614 ], [ 44.429081068060661, 42.055776087009534 ], [ 44.429300397304935, 42.055714468064068 ], [ 44.42958677702962, 42.055682446893684 ], [ 44.429855468582375, 42.055746490889447 ], [ 44.430011935053301, 42.055814158691071 ], [ 44.430196859111334, 42.055835980209594 ], [ 44.430566970246673, 42.055850358729444 ], [ 44.430699011964606, 42.055512383435229 ], [ 44.430976745673796, 42.055191851928285 ], [ 44.431368827282469, 42.054629410587928 ], [ 44.431595437425855, 42.054379695695744 ], [ 44.431624304191118, 42.054287864813759 ], [ 44.431186428648687, 42.053696227591395 ], [ 44.431069977721158, 42.053545147555084 ], [ 44.431010418775216, 42.053383375896765 ], [ 44.431046642294874, 42.053252911147823 ], [ 44.431005972778024, 42.053095935432189 ], [ 44.431071314865619, 42.052845421876157 ], [ 44.431136703056978, 42.052589682906401 ], [ 44.431300575645331, 42.05229785097125 ], [ 44.431442202870194, 42.05214177943779 ], [ 44.431668010632727, 42.051980898113399 ], [ 44.43201951100842, 42.051878122678374 ], [ 44.432349370893178, 42.051843173661638 ], [ 44.432553118793635, 42.051797149056796 ], [ 44.432778551805747, 42.051678070238303 ], [ 44.43306853290278, 42.051446882995535 ], [ 44.433494719523168, 42.05101510362379 ], [ 44.433646732329215, 42.050607493652237 ], [ 44.433902602840853, 42.050072782058194 ], [ 44.434123774934783, 42.049588944252413 ], [ 44.434574428489391, 42.048970116338666 ], [ 44.434759615269783, 42.048681773417975 ], [ 44.435069824225714, 42.048453597812752 ], [ 44.43544828810689, 42.048251278965182 ], [ 44.435744820128185, 42.048278259939444 ], [ 44.436006734547, 42.04834760795741 ], [ 44.436336756841165, 42.048459826900491 ], [ 44.436496550183314, 42.048460611558141 ], [ 44.436782872114328, 42.048351419290547 ], [ 44.437529417771067, 42.047854981055387 ], [ 44.43780448352296, 42.047658963784322 ], [ 44.438143413557569, 42.047485541602995 ], [ 44.438216688156281, 42.04740950044598 ], [ 44.438260376249808, 42.047298298780916 ], [ 44.438327044746785, 42.047356099445885 ], [ 44.438381823383246, 42.047487396564684 ], [ 44.438429477128331, 42.047520387453567 ], [ 44.438454050848115, 42.047452014694557 ], [ 44.438447424019436, 42.047297129093202 ], [ 44.438500122469812, 42.047211026735098 ], [ 44.438728869732763, 42.047096005263143 ], [ 44.438913747560697, 42.046971836182479 ], [ 44.439182629045824, 42.046836164338352 ], [ 44.439563267762011, 42.046712949686956 ], [ 44.439683515049019, 42.046668867911535 ], [ 44.440110759841161, 42.046697754595556 ], [ 44.440545786505581, 42.046750500844908 ], [ 44.440913497065097, 42.046734424547708 ], [ 44.441228853593614, 42.046765740446723 ], [ 44.441372365700026, 42.046802174329741 ], [ 44.441555353044471, 42.046836194518022 ], [ 44.441665611404709, 42.04679206116176 ], [ 44.441790916487363, 42.046740556968217 ], [ 44.441960058867508, 42.046815827619739 ], [ 44.442108996799448, 42.046917057560712 ], [ 44.442298475042129, 42.046951480986358 ], [ 44.442433115582858, 42.046974469589777 ], [ 44.44270272470871, 42.046983223848571 ], [ 44.443226992724178, 42.046996935535532 ], [ 44.443491348252017, 42.047035441710094 ], [ 44.443760989070782, 42.047040471230048 ], [ 44.443953925231433, 42.04703628769834 ], [ 44.444166209535908, 42.0470326631837 ], [ 44.444340633286224, 42.047075385520301 ], [ 44.444452956805343, 42.047080582049915 ], [ 44.444703142065684, 42.04702595577249 ], [ 44.445058880541389, 42.047036982831187 ], [ 44.445333468094127, 42.047047616635304 ], [ 44.445657873707503, 42.047072448760126 ], [ 44.445919935661514, 42.047087673446562 ], [ 44.446026017232249, 42.047092838302788 ], [ 44.446313331867472, 42.047075612689866 ], [ 44.446550747422179, 42.047053492965141 ], [ 44.446721752579961, 42.047078181199886 ], [ 44.447042685281993, 42.047142398124713 ], [ 44.447467160661894, 42.047243978276242 ], [ 44.447669204866436, 42.047329741126063 ], [ 44.448005104343196, 42.047379281861723 ], [ 44.448153511055928, 42.047376309141107 ], [ 44.448441292973463, 42.047270782940394 ], [ 44.448674542314933, 42.047179741398558 ], [ 44.448985873026167, 42.047210728438607 ], [ 44.449079015173965, 42.047307025070474 ], [ 44.449281124252025, 42.047385411733565 ], [ 44.449503208533081, 42.047441774666467 ], [ 44.449680494922596, 42.047531101605607 ], [ 44.449872268882359, 42.047661049700324 ], [ 44.450004735626479, 42.04785753016953 ], [ 44.450065683882819, 42.047959201734436 ], [ 44.45011434821744, 42.048051598011519 ], [ 44.450188178211235, 42.048093425068785 ], [ 44.450311825113964, 42.048094017326356 ], [ 44.450386449701924, 42.048043684950905 ], [ 44.450522818710823, 42.04800286454762 ], [ 44.450695566130676, 42.048045164806815 ], [ 44.450837442043159, 42.048082709346055 ], [ 44.450898869261742, 42.048129084351316 ], [ 44.450966279979326, 42.048198529399691 ], [ 44.450909964229098, 42.048276598047217 ], [ 44.450983358552037, 42.04836911226203 ], [ 44.451118656845473, 42.048452706090991 ], [ 44.451267034230071, 42.048453415587268 ], [ 44.45139123572244, 42.048389495429483 ], [ 44.451557446212981, 42.04847323649679 ], [ 44.451649350039013, 42.048570446480447 ], [ 44.451728968460998, 42.048658382202277 ], [ 44.451839538470914, 42.048741857048455 ], [ 44.451918880100145, 42.048862047364089 ], [ 44.452048789611084, 42.048853451257841 ], [ 44.452178976232688, 42.048812599376696 ], [ 44.452327077412036, 42.048845563135579 ], [ 44.452456709827757, 42.048869223096418 ], [ 44.452647929851317, 42.048920824940396 ], [ 44.452777523004798, 42.048949091200711 ], [ 44.452931846242883, 42.048977476095338 ], [ 44.452998864746085, 42.049092999172821 ], [ 44.453099637739413, 42.049277121107636 ], [ 44.453255919900222, 42.049358868784516 ], [ 44.453400667496439, 42.049377558717964 ], [ 44.453356224209713, 42.048927332208343 ], [ 44.453320925290782, 42.048819160260045 ], [ 44.453370152240716, 42.048711391804943 ], [ 44.453516285701838, 42.048568082908353 ], [ 44.453554053097278, 42.048388256952137 ], [ 44.453555750015227, 42.048190258759327 ], [ 44.453545294983229, 42.048001202947141 ], [ 44.453546374847548, 42.047875203762118 ], [ 44.453728345908509, 42.047777066420977 ], [ 44.454321399213747, 42.047617882269108 ], [ 44.454757631178154, 42.047439949661701 ], [ 44.455011893368592, 42.047360155071836 ], [ 44.455157866226415, 42.047234843773403 ], [ 44.455365596629754, 42.046947820025913 ], [ 44.456417572191583, 42.047388553102806 ], [ 44.458831521140148, 42.047421510534008 ], [ 44.459043283041225, 42.047424399297498 ], [ 44.46286540694166, 42.047301705883314 ], [ 44.464597900728329, 42.046969909762716 ], [ 44.466048232022011, 42.04653129216026 ], [ 44.468380732233818, 42.045897499077157 ], [ 44.469314994257999, 42.044908486048683 ], [ 44.470463497905186, 42.045199703814966 ], [ 44.472636431604947, 42.045710202908474 ], [ 44.475968505732894, 42.046051186882188 ], [ 44.476014866458534, 42.046055991889197 ], [ 44.476341749761765, 42.046089412009664 ], [ 44.477091378551741, 42.046166143129611 ], [ 44.477137921063722, 42.046170903478476 ], [ 44.477945262360642, 42.046253521019636 ], [ 44.478138858111798, 42.046273315205454 ], [ 44.478363539676849, 42.046267131339981 ], [ 44.478508815035632, 42.046263153136294 ], [ 44.47873047468714, 42.046257089920125 ], [ 44.478819549432039, 42.046254657373026 ], [ 44.479332847783382, 42.046240550119556 ], [ 44.479413099707948, 42.046238347283598 ], [ 44.480696223233899, 42.046203135202965 ], [ 44.480741002382395, 42.046201896752564 ], [ 44.481195561344194, 42.046189406780002 ], [ 44.481810929825414, 42.04609885360054 ], [ 44.482628577370676, 42.046197861355296 ], [ 44.482986868877589, 42.046170880068871 ], [ 44.483526891870987, 42.045811097405604 ], [ 44.483825408238552, 42.045269118825864 ], [ 44.483967846681317, 42.045050524387854 ], [ 44.484007134986854, 42.04493631682984 ], [ 44.48416323633672, 42.044872836873992 ], [ 44.484284178887215, 42.044940104559331 ], [ 44.484423378283864, 42.045121836521851 ], [ 44.484676550306375, 42.045442294732133 ], [ 44.485050169589094, 42.045891973124419 ], [ 44.485323914350843, 42.046040946360407 ], [ 44.485831089171448, 42.046912936773523 ], [ 44.486501664182754, 42.046678036121705 ], [ 44.486919565505239, 42.046389509355841 ], [ 44.487209312672427, 42.045887452100985 ], [ 44.487653954246753, 42.045502244096099 ], [ 44.488279152393147, 42.045272717177788 ], [ 44.488802319544718, 42.044810414551108 ], [ 44.488909466364262, 42.044404337415308 ], [ 44.488783485575404, 42.043919783604558 ], [ 44.488785969849623, 42.043610040117407 ], [ 44.489179727898758, 42.043089078532795 ], [ 44.489676126167872, 42.042723454219619 ], [ 44.489990102535266, 42.042434453005079 ], [ 44.490432846945843, 42.042281541740593 ], [ 44.490799222770889, 42.041934692080041 ], [ 44.491035276121899, 42.041645344027494 ], [ 44.491324352648647, 42.041220711391134 ], [ 44.4916135772052, 42.04077671903292 ], [ 44.49187636378894, 42.040390688614934 ], [ 44.491983330368377, 42.040003967088943 ], [ 44.492220605369837, 42.039559743148978 ], [ 44.492744402528416, 42.039217576936061 ], [ 44.492880762816249, 42.039162653101855 ], [ 44.492986616465508, 42.039084673531498 ], [ 44.493088069781514, 42.03901320419088 ], [ 44.493162891708977, 42.038971068643896 ], [ 44.493233285306232, 42.038938685623464 ], [ 44.493301543135736, 42.038901384550606 ], [ 44.493376336263957, 42.038862536134118 ], [ 44.493534649802903, 42.038804376887555 ], [ 44.493736837570147, 42.038736638824531 ], [ 44.493837762014692, 42.038724024416503 ], [ 44.493973783405494, 42.038711564659877 ], [ 44.494105550696759, 42.038679451669204 ], [ 44.494184918386992, 42.038627518327111 ], [ 44.494229336094094, 42.038549266839674 ], [ 44.494269817663849, 42.03841871575068 ], [ 44.494288640912302, 42.038284825052322 ], [ 44.494289024635371, 42.038281990573971 ], [ 44.49432044109691, 42.038121540935869 ], [ 44.494329368651584, 42.038024129171284 ], [ 44.494328235461126, 42.037961483477538 ], [ 44.494338719023652, 42.037949731956893 ], [ 44.494360375290135, 42.037854536940181 ], [ 44.494336373364909, 42.037765402143037 ], [ 44.494245765405488, 42.03758198939132 ], [ 44.494220523831508, 42.037451146874886 ], [ 44.494221432010761, 42.037336767413521 ], [ 44.494250915456583, 42.037214363818777 ], [ 44.494234010957776, 42.037129311420458 ], [ 44.494160774049384, 42.036972095087854 ], [ 44.494087736049288, 42.036782228953527 ], [ 44.494062651673509, 42.036631798681995 ], [ 44.494081465531067, 42.036468458241181 ], [ 44.49409543601535, 42.036367240901434 ], [ 44.494105742072989, 42.03633229488802 ], [ 44.494122438181982, 42.036275852227149 ], [ 44.494122853167447, 42.036223525863029 ], [ 44.494083978374299, 42.036151482059076 ], [ 44.494075894746636, 42.036066470303766 ], [ 44.494085248417349, 42.035991350772051 ], [ 44.494028784932794, 42.035783681375854 ], [ 44.494025614497716, 42.035772138984463 ], [ 44.493990906930847, 42.035722945180382 ], [ 44.493947919109438, 42.035560411248582 ], [ 44.493944580127788, 42.035493973938635 ], [ 44.493980132916022, 42.035428832116281 ], [ 44.494046293222652, 42.03537350817605 ], [ 44.494139051173789, 42.035285652588719 ], [ 44.494196435935301, 42.035240152984152 ], [ 44.494232040443727, 42.035168437409027 ], [ 44.494228684678163, 42.035050750812459 ], [ 44.494216638095686, 42.034893848212633 ], [ 44.494239583880073, 42.034773036041713 ], [ 44.494257515584124, 42.034720831880684 ], [ 44.494231948214228, 42.034638984542937 ], [ 44.49423699631518, 42.034627028040752 ], [ 44.494254168561831, 42.034586800179547 ], [ 44.494307014759158, 42.034557625649995 ], [ 44.494325434183985, 42.034550411474264 ], [ 44.494373002051695, 42.034531752254523 ], [ 44.494561719812893, 42.034499934606977 ], [ 44.494680345976562, 42.034471005422212 ], [ 44.49480805663103, 42.034393165355709 ], [ 44.494922839634526, 42.034292346520964 ], [ 44.495028477967836, 42.03424052904986 ], [ 44.495177803860379, 42.034202006405152 ], [ 44.495270359425426, 42.03414679783436 ], [ 44.495341160216043, 42.03406213209702 ], [ 44.495473537254824, 42.033951618824403 ], [ 44.495610306429775, 42.033850895033048 ], [ 44.495711677693492, 42.033772938200116 ], [ 44.495764883328327, 42.033697967025105 ], [ 44.495824703613927, 42.033611632459348 ], [ 44.495899705753224, 42.033553148031856 ], [ 44.49597897955627, 42.033504455350645 ], [ 44.496107030088154, 42.033390634033765 ], [ 44.49625702554259, 42.033267136747568 ], [ 44.496350941594031, 42.033177032772116 ], [ 44.496379061995249, 42.033150001325424 ], [ 44.4963927958837, 42.033124257736844 ], [ 44.496526181222826, 42.033046081271117 ], [ 44.496658167537873, 42.032984559784687 ], [ 44.496790051804666, 42.032936096337416 ], [ 44.496875852294785, 42.032902157401082 ], [ 44.496933455934403, 42.032820720211838 ], [ 44.496982746960462, 42.032690205736756 ], [ 44.497097697631659, 42.032559933909063 ], [ 44.497251908127389, 42.032452800711738 ], [ 44.497401888764664, 42.032345648782993 ], [ 44.497507717770667, 42.032261135054476 ], [ 44.497630918933048, 42.03220281724721 ], [ 44.497806711329723, 42.032154590725817 ], [ 44.497991244024732, 42.03209329668644 ], [ 44.498123098361845, 42.03204812076936 ], [ 44.49827243475238, 42.031984330662858 ], [ 44.49831225384554, 42.031967303045235 ], [ 44.498510169196351, 42.03188625218317 ], [ 44.498512835210448, 42.031885047942907 ], [ 44.498690581541744, 42.031795668523984 ], [ 44.498844514340234, 42.031730998887397 ], [ 44.498915087274753, 42.0316820851355 ], [ 44.498951100533603, 42.031649683557831 ], [ 44.499001120818996, 42.031602572314469 ], [ 44.499063433252175, 42.031567133186918 ], [ 44.499098018696138, 42.031547469644117 ], [ 44.499199570757142, 42.03145316353406 ], [ 44.499329095622883, 42.03133524700953 ], [ 44.499349718052073, 42.031316513206249 ], [ 44.499464712285182, 42.031179754419995 ], [ 44.499557992214861, 42.031023311524997 ], [ 44.499602673615243, 42.030925469674685 ], [ 44.499638422381203, 42.030834118638047 ], [ 44.499648437503311, 42.03067402524939 ], [ 44.499640602276486, 42.030556320082873 ], [ 44.499647788037194, 42.030479570283497 ], [ 44.499635250199781, 42.030445470741839 ], [ 44.499617744573619, 42.030397704567562 ], [ 44.499622735246099, 42.030316036610039 ], [ 44.499685331937556, 42.03015941568848 ], [ 44.499734929805527, 42.029973374808058 ], [ 44.499759512486499, 42.029865628099685 ], [ 44.499787988910789, 42.029816080889496 ], [ 44.49981298241709, 42.029756070855854 ], [ 44.499845514226976, 42.029635929677873 ], [ 44.499870405239896, 42.029588978731283 ], [ 44.49992688503162, 42.029542165408444 ], [ 44.499934116878094, 42.029513420876512 ], [ 44.499955832494564, 42.029424620487859 ], [ 44.499987911641384, 42.02936202937051 ], [ 44.500030339487715, 42.029312587903277 ], [ 44.500136128636612, 42.029239780085526 ], [ 44.500258898562755, 42.029188887072749 ], [ 44.500347397996393, 42.029133521588925 ], [ 44.500407482422084, 42.029073664166951 ], [ 44.500437698212288, 42.0290175495509 ], [ 44.500453569482133, 42.028919221674634 ], [ 44.500481004855615, 42.02886350024103 ], [ 44.500501881838453, 42.028842966012093 ], [ 44.500555202730325, 42.028790600476114 ], [ 44.50060483983269, 42.028722861756805 ], [ 44.500622928484589, 42.028649716007941 ], [ 44.500616679333362, 42.028552958079679 ], [ 44.500620796400689, 42.028474528621544 ], [ 44.500645746781593, 42.028427577754613 ], [ 44.500677682579408, 42.028375434350338 ], [ 44.500730720128509, 42.028320769915069 ], [ 44.50081522287438, 42.028274077131776 ], [ 44.500877046165328, 42.028215532971288 ], [ 44.50093000169408, 42.02817131572673 ], [ 44.501004076553002, 42.028114130721043 ], [ 44.501039638214763, 42.028054121310952 ], [ 44.501061617283945, 42.027931366998203 ], [ 44.501076773779204, 42.027792821494032 ], [ 44.501105185436593, 42.027743272755039 ], [ 44.501175695319809, 42.027693908770829 ], [ 44.50120421049003, 42.027639138436378 ], [ 44.501225842019082, 42.027560784152449 ], [ 44.501268510973155, 42.027487791028882 ], [ 44.501325804210992, 42.027336369005646 ], [ 44.501393403878261, 42.027211200894413 ], [ 44.501515572711853, 42.027058800545433 ], [ 44.501635735683983, 42.02693903843776 ], [ 44.501720481884526, 42.026861004000672 ], [ 44.501812437305858, 42.026756791614375 ], [ 44.501858853070026, 42.026652427457407 ], [ 44.50185268412941, 42.026545176331275 ], [ 44.501874191785795, 42.026482538771859 ], [ 44.501937877537955, 42.02640959155729 ], [ 44.502057771960843, 42.026323828606273 ], [ 44.502133624973233, 42.02627056843076 ], [ 44.502154989616599, 42.026226213573842 ], [ 44.502144991687146, 42.026160828295325 ], [ 44.502131959363574, 42.026035219893608 ], [ 44.502108090630855, 42.025943653529183 ], [ 44.502042515708247, 42.025810027385226 ], [ 44.501979930534574, 42.025749635958988 ], [ 44.501962805762076, 42.02569201043859 ], [ 44.501991400437433, 42.02561895595165 ], [ 44.502076693452445, 42.025478147660237 ], [ 44.50214748450891, 42.025392170679041 ], [ 44.502172577468066, 42.025319055921592 ], [ 44.502190744816993, 42.025235463474779 ], [ 44.50223543794224, 42.025127172896831 ], [ 44.502278471826678, 42.025007032336099 ], [ 44.502360220099469, 42.024863641567826 ], [ 44.502406715034624, 42.024748828947537 ], [ 44.502485184496464, 42.024576601870557 ], [ 44.502545893258414, 42.024435686641695 ], [ 44.502602938432069, 42.024315650798442 ], [ 44.502608773625603, 42.024241147422757 ], [ 44.502598732404692, 42.024180983996587 ], [ 44.502564173058381, 42.024112879480988 ], [ 44.502494544842421, 42.024049801751438 ], [ 44.502460005344453, 42.023986921113696 ], [ 44.50243947957302, 42.023916220442587 ], [ 44.502436567639862, 42.023840417329431 ], [ 44.502409155330504, 42.023761851061927 ], [ 44.502357061854141, 42.023696282379035 ], [ 44.502325985840493, 42.023630759767961 ], [ 44.502326353683962, 42.023583746938826 ], [ 44.502337207221188, 42.023547137156399 ], [ 44.502376247861278, 42.023481963572372 ], [ 44.502433168739856, 42.023377643762558 ], [ 44.50246004181502, 42.023308454500935 ], [ 44.502453361136652, 42.023266589908097 ], [ 44.502425646346239, 42.023219410310325 ], [ 44.502426154596051, 42.023154069664578 ], [ 44.502416196718961, 42.023083414789667 ], [ 44.502433997392679, 42.023046880143262 ], [ 44.502483360504975, 42.023013140148819 ], [ 44.50253649417003, 42.022945369741329 ], [ 44.502600745942878, 42.022799245971314 ], [ 44.502657808667699, 42.022676598228301 ], [ 44.502710981003212, 42.02260365001095 ], [ 44.502748808073129, 42.022469165271367 ], [ 44.502781372415392, 42.022343800315404 ], [ 44.502792267689053, 42.022294175229398 ], [ 44.502838494777656, 42.022221151829754 ], [ 44.502870477886404, 42.022185714295773 ], [ 44.502887900565923, 42.022166471502544 ], [ 44.502923253311245, 42.022132624701321 ], [ 44.502990089748288, 42.022104182175468 ], [ 44.503078064367415, 42.022067951252133 ], [ 44.50313267224891, 42.022035448667083 ], [ 44.503261242156739, 42.021958908666605 ], [ 44.503337009438717, 42.021908259191392 ], [ 44.503435857312049, 42.021817180728121 ], [ 44.503527558381862, 42.021752278664358 ], [ 44.503598038575575, 42.021705478983336 ], [ 44.503622843636869, 42.021668974434185 ], [ 44.503665241784987, 42.021629934941984 ], [ 44.503725192921905, 42.021585745698395 ], [ 44.503795837301467, 42.02151809723015 ], [ 44.503926308836213, 42.021429765152142 ], [ 44.504049736194908, 42.02133095573479 ], [ 44.504141598975878, 42.021245069398319 ], [ 44.504215845348988, 42.021172167366743 ], [ 44.504244750813349, 42.021151801301087 ], [ 44.504272015885093, 42.021132690868697 ], [ 44.504289806933897, 42.021120202597125 ], [ 44.50435000211796, 42.021044626979752 ], [ 44.504413599299511, 42.020982170619654 ], [ 44.50447705278436, 42.02093011622518 ], [ 44.504589928517525, 42.020852201008033 ], [ 44.504753805964619, 42.020747036513541 ], [ 44.50483835685381, 42.020692460126718 ], [ 44.504919263599589, 42.020656243223925 ], [ 44.505014117727612, 42.020635711959905 ], [ 44.505143798058036, 42.020641494036354 ], [ 44.505221038712861, 42.020626155525711 ], [ 44.505312532083693, 42.020579490388833 ], [ 44.50546751944983, 42.020491263094655 ], [ 44.505749431502821, 42.020312075127187 ], [ 44.505999779210661, 42.020130138706179 ], [ 44.506068576080303, 42.020074234480632 ], [ 44.506160512762833, 42.01997789826531 ], [ 44.506210117366486, 42.019904888003829 ], [ 44.506235363674115, 42.019818713369645 ], [ 44.506254109155108, 42.019659333030383 ], [ 44.506268828696193, 42.019567888374134 ], [ 44.506292272974228, 42.019488235757173 ], [ 44.506317598819557, 42.019383778038836 ], [ 44.506353534713043, 42.019274097981778 ], [ 44.506367991068103, 42.019216652097562 ], [ 44.506393478966125, 42.019091209670968 ], [ 44.50642637717867, 42.018929323260828 ], [ 44.506441277408179, 42.018806491336981 ], [ 44.506442003973987, 42.018712376362402 ], [ 44.506421918917113, 42.018584170169959 ], [ 44.506422747700377, 42.018476996056755 ], [ 44.506425177867563, 42.01842841588175 ], [ 44.506426917456814, 42.018390730726914 ], [ 44.506455949702818, 42.018267959555942 ], [ 44.506509315069252, 42.01816884616116 ], [ 44.506588920516364, 42.01807371927751 ], [ 44.506628357151371, 42.018042410710599 ], [ 44.506702504220776, 42.018004945782081 ], [ 44.506725629503123, 42.017997524647818 ], [ 44.506782529430041, 42.017980476473653 ], [ 44.506828405681503, 42.017936226898051 ], [ 44.506867598684899, 42.017857947760113 ], [ 44.506896507356046, 42.01774305671325 ], [ 44.506908590292724, 42.017546989803819 ], [ 44.506882267095499, 42.017319414914709 ], [ 44.506881698498788, 42.017166480315019 ], [ 44.506893619734441, 42.016983517304055 ], [ 44.50690515563398, 42.016850269995885 ], [ 44.506895375657606, 42.016756063017134 ], [ 44.506874483175494, 42.016740301769453 ], [ 44.506822006124153, 42.016724360686645 ], [ 44.506783641913842, 42.016695463874179 ], [ 44.506734547728037, 42.01661703053955 ], [ 44.506721305351192, 42.016595808108185 ], [ 44.506703188771134, 42.016478420106267 ], [ 44.50670314091942, 42.016476797810789 ], [ 44.506700185862876, 42.016382666073511 ], [ 44.506690747833659, 42.016244103902068 ], [ 44.506687812824971, 42.016170823442486 ], [ 44.506675979264244, 42.016100159886086 ], [ 44.506671067235494, 42.016071407698831 ], [ 44.506637175908807, 42.015917023887752 ], [ 44.506627799332868, 42.015770536149681 ], [ 44.506632312983719, 42.015639869673684 ], [ 44.506640530356023, 42.015483009884321 ], [ 44.506630649672296, 42.015401907943868 ], [ 44.506601435092655, 42.015322073889379 ], [ 44.506567017653445, 42.015243479286809 ], [ 44.506536525999834, 42.015102169621038 ], [ 44.506512919079078, 42.014984395890842 ], [ 44.506520996169229, 42.014845863938547 ], [ 44.506532229570958, 42.014751793167321 ], [ 44.50655411371055, 42.014639484762647 ], [ 44.50661095954414, 42.014542953100438 ], [ 44.506674526587709, 42.014483108096158 ], [ 44.506690902873373, 42.014411305731777 ], [ 44.506688127855412, 42.014317173833632 ], [ 44.506669676613406, 42.014212077464414 ], [ 44.506667941466247, 42.014202027636991 ], [ 44.506669208119725, 42.014178932026866 ], [ 44.506672010844277, 42.014128821386841 ], [ 44.506707759545577, 42.014042736728882 ], [ 44.506704804070779, 42.013972112203263 ], [ 44.506663584629429, 42.013859532558016 ], [ 44.506597809247687, 42.01375202614809 ], [ 44.506542074692021, 42.0137047279242 ], [ 44.506518064957575, 42.013639281745149 ], [ 44.506491076432049, 42.013497986188455 ], [ 44.506448359092246, 42.013360541770375 ], [ 44.506386633671234, 42.013182485843778 ], [ 44.506338674025031, 42.013035832991186 ], [ 44.506307901978083, 42.012931132983091 ], [ 44.506308427476753, 42.012863180356049 ], [ 44.50631617877211, 42.012766482679744 ], [ 44.506359338664062, 42.012628102466806 ], [ 44.506405614158865, 42.012539405298433 ], [ 44.506459080782044, 42.012473751825148 ], [ 44.506463592673867, 42.012460172139953 ], [ 44.506534324353765, 42.012441876677656 ], [ 44.50670279381697, 42.01241909353601 ], [ 44.506850009079102, 42.012419726996733 ], [ 44.50695525580079, 42.012412342455228 ], [ 44.507007972069637, 42.012396852334845 ], [ 44.507022080707905, 42.012376017586213 ], [ 44.507022383583099, 42.012336795087805 ], [ 44.507008940879309, 42.012271394377535 ], [ 44.507016408666068, 42.012211263175317 ], [ 44.507051874798861, 42.012153907361991 ], [ 44.507118700476966, 42.012125418191616 ], [ 44.507161009113567, 42.012096868754355 ], [ 44.507165161484821, 42.012083061430936 ], [ 44.507178982996152, 42.012036826779209 ], [ 44.507186774384813, 42.011934906265722 ], [ 44.507190983173174, 42.011851206960522 ], [ 44.507219667532944, 42.011765091778123 ], [ 44.507297844572967, 42.011618980720236 ], [ 44.507361973840524, 42.0114937929268 ], [ 44.507420797227383, 42.011367232234534 ], [ 44.507498671546479, 42.01126822342404 ], [ 44.50758019034501, 42.01115090173171 ], [ 44.507704337839556, 42.010971032636185 ], [ 44.507817997190429, 42.010780669855514 ], [ 44.50794590866829, 42.010558979092878 ], [ 44.508016775742021, 42.010459939877535 ], [ 44.508149546320837, 42.010289248049368 ], [ 44.508252093846636, 42.010177284830903 ], [ 44.508432029661847, 42.010028996020246 ], [ 44.508671721061354, 42.009844395844254 ], [ 44.508791717143865, 42.009748178330845 ], [ 44.508834263694652, 42.009688242120134 ], [ 44.508869989620827, 42.00960472260477 ], [ 44.508884922741039, 42.009484548151519 ], [ 44.508933556820971, 42.009316107300208 ], [ 44.508951610134915, 42.009245572645824 ], [ 44.508938145869081, 42.009174948194328 ], [ 44.508889941858001, 42.00905968242175 ], [ 44.508862708474368, 42.008949775225595 ], [ 44.508838857970787, 42.008863389770418 ], [ 44.508846708110113, 42.008753587644314 ], [ 44.508882391398551, 42.008675382734403 ], [ 44.508916294384441, 42.008593117217295 ], [ 44.508927363575864, 42.008519940758909 ], [ 44.508917480971604, 42.008438839807901 ], [ 44.508900874441942, 42.008321141412075 ], [ 44.508897233976015, 42.008260782387005 ], [ 44.508889377534935, 42.008245977017765 ], [ 44.508913946907903, 42.008215324525885 ], [ 44.508938781501953, 42.008181430780098 ], [ 44.508939404895038, 42.008100373869055 ], [ 44.508908672255252, 42.007990451696251 ], [ 44.508884922827555, 42.007890962036683 ], [ 44.508833137181227, 42.007786173604579 ], [ 44.508757200008517, 42.00763422220119 ], [ 44.508748089040054, 42.007601984541886 ], [ 44.508729868162767, 42.007537375026494 ], [ 44.508740040048266, 42.007494501110756 ], [ 44.508751582330888, 42.007446005721796 ], [ 44.508765932519161, 42.007409409285785 ], [ 44.50876285408836, 42.007354501657943 ], [ 44.508756594370283, 42.007257743759595 ], [ 44.508729120822366, 42.007179177611953 ], [ 44.508698045866012, 42.00712153823865 ], [ 44.508607478583784, 42.007042702000753 ], [ 44.508562276630485, 42.006992837874471 ], [ 44.508527841067917, 42.006916854690374 ], [ 44.508429373472211, 42.006719052043124 ], [ 44.508395098785243, 42.006630054935989 ], [ 44.508377851321825, 42.006588100277234 ], [ 44.508353820991083, 42.006525266234377 ], [ 44.508315964438623, 42.006430983984899 ], [ 44.508278329609965, 42.006315764075318 ], [ 44.508219362622313, 42.006234451862461 ], [ 44.508156810673015, 42.006163616973339 ], [ 44.508045134752706, 42.006097750338036 ], [ 44.507856335827526, 42.006034209921317 ], [ 44.507751521687204, 42.005986700895676 ], [ 44.507687089885486, 42.005932835171478 ], [ 44.507648972858092, 42.005872507446512 ], [ 44.507628243589316, 42.005843687406163 ], [ 44.507628405049324, 42.005822747699817 ], [ 44.507618181852855, 42.00577042040095 ], [ 44.507643238898858, 42.005707796746471 ], [ 44.507661089647051, 42.005663425623666 ], [ 44.507749342817448, 42.005587923306791 ], [ 44.507798952477572, 42.005520226993447 ], [ 44.507823685961029, 42.005491556880813 ], [ 44.507827348855564, 42.005470676318019 ], [ 44.507813523014121, 42.00544706561729 ], [ 44.507750975049262, 42.00537618458187 ], [ 44.507681400653887, 42.005307931231336 ], [ 44.507639762892957, 42.005250245351334 ], [ 44.507608265799568, 42.005231781769403 ], [ 44.507545395248492, 42.005210616702193 ], [ 44.507517918408738, 42.005195412727012 ], [ 44.507493090134403, 42.005181571102547 ], [ 44.507456613147674, 42.005135705974951 ], [ 44.507408372946763, 42.005025708225197 ], [ 44.507346047913565, 42.004918215992696 ], [ 44.50727341747055, 42.004800278639941 ], [ 44.507242485976214, 42.004716384254984 ], [ 44.507232302703507, 42.004674594834789 ], [ 44.507253677718957, 42.004635462738591 ], [ 44.507274989917256, 42.004596330368507 ], [ 44.507278815697994, 42.004554511917199 ], [ 44.507247580538234, 42.004517810042231 ], [ 44.507177849214521, 42.004462570277674 ], [ 44.507143032943169, 42.004436301585237 ], [ 44.507128155561396, 42.004423673465595 ], [ 44.507115140077808, 42.004412629498034 ], [ 44.507031541336509, 42.004346927447223 ], [ 44.506899079734971, 42.004252239279339 ], [ 44.50680872063927, 42.004155074901036 ], [ 44.506754776731476, 42.004096030756806 ], [ 44.506734109462926, 42.004051493350765 ], [ 44.506706416965336, 42.004009583606575 ], [ 44.506675042865794, 42.003983284529475 ], [ 44.506664720733284, 42.003959688742491 ], [ 44.506661683408723, 42.00389955555967 ], [ 44.50664457733842, 42.003847198576977 ], [ 44.50660286073915, 42.003799959655716 ], [ 44.506512218435688, 42.003731615024449 ], [ 44.506453013832797, 42.003681643910831 ], [ 44.506435077995192, 42.00366652572783 ], [ 44.506402924701362, 42.003639368495953 ], [ 44.506393806559409, 42.003631717787961 ], [ 44.506352251609016, 42.00357141986084 ], [ 44.506279198915038, 42.003508375428517 ], [ 44.506212890694798, 42.003455760813992 ], [ 44.5061817794099, 42.003403343512971 ], [ 44.506157954735855, 42.003314345612708 ], [ 44.506155078845609, 42.003225437832093 ], [ 44.506176595394926, 42.003168023983299 ], [ 44.506212077367259, 42.003108057381993 ], [ 44.506252902852601, 42.003044149936265 ], [ 44.506274559601287, 42.00296061654992 ], [ 44.506274633245063, 42.002950934742117 ], [ 44.506274740466807, 42.002937065897598 ], [ 44.50627019543051, 42.002915969939927 ], [ 44.506268041313724, 42.002905648086276 ], [ 44.50626520587268, 42.002803680865767 ], [ 44.506231099358331, 42.002693744271404 ], [ 44.506187011726169, 42.00250009135182 ], [ 44.506153107404316, 42.002348273875945 ], [ 44.506132866811996, 42.002248843684576 ], [ 44.506122926858815, 42.002175577028858 ], [ 44.5061164284919, 42.002110251912605 ], [ 44.506087343586174, 42.002014655606644 ], [ 44.50605285179352, 42.001946507145483 ], [ 44.506014840522148, 42.001873165616765 ], [ 44.505938167580894, 42.001825730072412 ], [ 44.505934623845562, 42.001823508196026 ], [ 44.505856464500205, 42.001773275044911 ], [ 44.505812715985392, 42.001723280052722 ], [ 44.505795450957073, 42.001683981853361 ], [ 44.505781950417536, 42.001618535599967 ], [ 44.505740397605742, 42.001550401673633 ], [ 44.505679738700081, 42.00143093863543 ], [ 44.505658018395728, 42.001327808354624 ], [ 44.505628162340585, 42.001183619631327 ], [ 44.505627637121293, 42.001181274744859 ], [ 44.505588329200258, 42.001049069152756 ], [ 44.505574869447457, 42.000978398297441 ], [ 44.505578937534374, 42.000905236946089 ], [ 44.50556213983301, 42.000805776426191 ], [ 44.505552079065744, 42.000748226654714 ], [ 44.505552404148126, 42.000706392254592 ], [ 44.505570458038299, 42.000643737931881 ], [ 44.505620087303569, 42.000565504826639 ], [ 44.505652207996576, 42.000495076201972 ], [ 44.505652419575782, 42.000467741086581 ], [ 44.505652673664251, 42.000434913910333 ], [ 44.50564279483244, 42.000353855817181 ], [ 44.505636096520782, 42.000314603090381 ], [ 44.505613933797406, 42.00022953007354 ], [ 44.505614945708786, 42.000098804072387 ], [ 44.505633667196811, 41.99994986997396 ], [ 44.505680097878752, 41.999832398273533 ], [ 44.505747656725624, 41.999715061655749 ], [ 44.505787064978669, 41.999600172494986 ], [ 44.505796399407451, 41.999579631625423 ], [ 44.505821876698484, 41.999540787620376 ], [ 44.505893080596081, 41.99949083711693 ], [ 44.505963353370255, 41.999467588128731 ], [ 44.506030042013656, 41.999462650371079 ], [ 44.506051174400881, 41.99943914392653 ], [ 44.506086834386075, 41.99936355158075 ], [ 44.506138587375119, 41.999244841652839 ], [ 44.506199324398558, 41.999096043156563 ], [ 44.506242354084684, 41.998965496960743 ], [ 44.506275120025521, 41.99881140018784 ], [ 44.506286653931767, 41.998678105676518 ], [ 44.506256171465395, 41.998544631350185 ], [ 44.5062537832627, 41.998392949353239 ], [ 44.50625996739727, 41.998350509669756 ], [ 44.506263092257008, 41.998328952220035 ], [ 44.506290375207051, 41.998274939688422 ], [ 44.506298591799371, 41.998258537917955 ], [ 44.506355483569408, 41.998162006290961 ], [ 44.506375559669458, 41.998056219626889 ], [ 44.506372422261236, 41.998009101433581 ], [ 44.506348235219747, 41.997967206635828 ], [ 44.506324290608767, 41.997901760523796 ], [ 44.506293647304105, 41.997773509346693 ], [ 44.506256122235826, 41.997637392786302 ], [ 44.50624626477466, 41.997553678740374 ], [ 44.506260997903553, 41.997459622763806 ], [ 44.50629337908525, 41.99735519498811 ], [ 44.506307950792248, 41.997274197930651 ], [ 44.506298396279874, 41.997159097058542 ], [ 44.506264190880593, 41.997046547118764 ], [ 44.506229722928282, 41.996975786832408 ], [ 44.506191815321429, 41.996889385223504 ], [ 44.506185377441177, 41.996816133570661 ], [ 44.506172099597308, 41.996721957093833 ], [ 44.506180673136683, 41.996674979329256 ], [ 44.506175871388621, 41.996663565276876 ], [ 44.506225569773612, 41.996607127311101 ], [ 44.506306706663025, 41.996536910180346 ], [ 44.506338703427971, 41.996482151427315 ], [ 44.506353335235765, 41.996401154610027 ], [ 44.506378390286415, 41.996330650310654 ], [ 44.506413990324432, 41.996262849205024 ], [ 44.506467054531306, 41.99620030018783 ], [ 44.506547156938197, 41.996037264125846 ], [ 44.506571908650798, 41.99600598238581 ], [ 44.506593380775854, 41.99595379204348 ], [ 44.50658690424342, 41.995885808217622 ], [ 44.506597851663066, 41.995820467075241 ], [ 44.506644418400988, 41.995700384455851 ], [ 44.5066977253, 41.995598657488522 ], [ 44.506775560975555, 41.995510096414584 ], [ 44.506828504063463, 41.995463264186945 ], [ 44.506888429608672, 41.995411238077665 ], [ 44.50693785108556, 41.995367002596552 ], [ 44.506962743347387, 41.995325273670005 ], [ 44.506961245039811, 41.99529257313332 ], [ 44.506944021322781, 41.995248051390377 ], [ 44.50695484759828, 41.995214142858437 ], [ 44.506994088022054, 41.995120192004663 ], [ 44.507005096460922, 41.995054851076233 ], [ 44.506970971430647, 41.994939689725371 ], [ 44.506933063141041, 41.994853243294834 ], [ 44.506877448392814, 41.99478500427044 ], [ 44.506776980653832, 41.994646005485265 ], [ 44.506735530872838, 41.994564812654048 ], [ 44.506700923874945, 41.994504499585332 ], [ 44.506664836065362, 41.994416754920387 ], [ 44.506651154359261, 41.994367024497286 ], [ 44.506639334082962, 41.99431077225735 ], [ 44.506608166311501, 41.994266190527924 ], [ 44.506583839796107, 41.994234697825 ], [ 44.506538747908294, 41.99417960942305 ], [ 44.50642389478962, 41.994074547648381 ], [ 44.506363689611163, 41.994038661201252 ], [ 44.506357614423813, 41.994035038724938 ], [ 44.506315822431716, 41.993998247005635 ], [ 44.506257447678387, 41.993959087254815 ], [ 44.506221734964008, 41.993924619242414 ], [ 44.506246505656989, 41.993898605626754 ], [ 44.506306187440316, 41.993885802682406 ], [ 44.506352046193904, 41.993857223675533 ], [ 44.506457748880031, 41.993771394546542 ], [ 44.506503668177594, 41.993727144181712 ], [ 44.506517975949656, 41.993687981763117 ], [ 44.50652184065526, 41.99364093867198 ], [ 44.506553795406305, 41.993591404402331 ], [ 44.506723587851027, 41.993390835671477 ], [ 44.506861283809904, 41.993258083925397 ], [ 44.50693905601198, 41.993169522428829 ], [ 44.506995619471418, 41.993106989060884 ], [ 44.507013548891663, 41.993052170570536 ], [ 44.507017453499593, 41.992999903775434 ], [ 44.507042385080382, 41.992952951129261 ], [ 44.507067135335049, 41.992921670158623 ], [ 44.507084681408472, 41.992916520746483 ], [ 44.507098706071481, 41.992921805719249 ], [ 44.50709850421444, 41.992947968250554 ], [ 44.507109007676029, 41.992948013349142 ], [ 44.507130175802246, 41.992927208823197 ], [ 44.507162210664362, 41.992867181981602 ], [ 44.50718083023142, 41.99284807776678 ], [ 44.507243442823537, 41.99278385897928 ], [ 44.507317558769337, 41.992691768932396 ], [ 44.507356688846357, 41.992643165889305 ], [ 44.507402908790773, 41.992559737544028 ], [ 44.507433485036792, 41.992453950611726 ], [ 44.507469503763183, 41.992331254529127 ], [ 44.507480450801644, 41.992273749039654 ], [ 44.507480619870968, 41.992251818585984 ], [ 44.507481115968574, 41.992187468239926 ], [ 44.507482325134617, 41.992030622711802 ], [ 44.507495585861456, 41.991908054135166 ], [ 44.507504945449497, 41.99182154043141 ], [ 44.507548246835348, 41.991662263540661 ], [ 44.50759851758361, 41.991538727872829 ], [ 44.507607193331935, 41.99151741933597 ], [ 44.507657973665182, 41.991453059486822 ], [ 44.50767089769748, 41.991436632753583 ], [ 44.507759129493493, 41.991353339382385 ], [ 44.507875610989103, 41.991246659704125 ], [ 44.508034205692411, 41.991134891503428 ], [ 44.508104750008172, 41.991075075340142 ], [ 44.50814012281905, 41.991028166277161 ], [ 44.508154609975165, 41.990973332838308 ], [ 44.50814479114392, 41.990876559385022 ], [ 44.508152598591046, 41.990779816417572 ], [ 44.508185093783801, 41.990651881120442 ], [ 44.508203264288042, 41.990565675286838 ], [ 44.508194594032233, 41.990492053835005 ], [ 44.508178611242066, 41.990443214366223 ], [ 44.508150539246863, 41.990372977344585 ], [ 44.508085800326619, 41.990290424225755 ], [ 44.508042830922847, 41.990242099558557 ], [ 44.508018847489055, 41.990173996586009 ], [ 44.507981183114417, 41.990056208342303 ], [ 44.50796973024714, 41.989967713971772 ], [ 44.507957404692981, 41.989851610481551 ], [ 44.507961345319316, 41.989755346301664 ], [ 44.507961725753567, 41.989705946465811 ], [ 44.507968617146567, 41.989681297786476 ], [ 44.507968769040303, 41.989661573877321 ], [ 44.50797233498124, 41.989629480459222 ], [ 44.507965980614564, 41.989592390864857 ], [ 44.507976416879572, 41.989577574625287 ], [ 44.507993994155726, 41.989552566444246 ], [ 44.507984548215163, 41.989532846432269 ], [ 44.507963151566919, 41.989513120230804 ], [ 44.507960901320509, 41.989491629728612 ], [ 44.507961364071726, 41.98948640875642 ], [ 44.507965909793562, 41.989436980837354 ], [ 44.507973890139823, 41.989364826750773 ], [ 44.50798147785018, 41.989320141259533 ], [ 44.507989544348355, 41.989299505572575 ], [ 44.507993532622713, 41.98927543078026 ], [ 44.508000242018198, 41.98925073538318 ], [ 44.508010975092304, 41.989213043522653 ], [ 44.508056982896164, 41.989148889082003 ], [ 44.508098042849419, 41.989107994708888 ], [ 44.508117087546999, 41.989088530983352 ], [ 44.508129437400612, 41.989075884523665 ], [ 44.508130865755177, 41.98903932364685 ], [ 44.508126878766198, 41.989031876077959 ], [ 44.508116707654963, 41.989012423167445 ], [ 44.50811445602514, 41.988998948578548 ], [ 44.508108509601207, 41.988963752132371 ], [ 44.508100715532088, 41.988917649722538 ], [ 44.508096326954607, 41.988860438691844 ], [ 44.508084857065299, 41.988797838359993 ], [ 44.508092397787195, 41.988751396358786 ], [ 44.508126407265927, 41.988685388240491 ], [ 44.508142454897843, 41.988623806478927 ], [ 44.508145378201718, 41.988557711092149 ], [ 44.508148205491104, 41.988504087702573 ], [ 44.508148439478767, 41.988473691260104 ], [ 44.508154711335884, 41.988458767092162 ], [ 44.508158155651927, 41.98845045069752 ], [ 44.508196828052355, 41.988405988427296 ], [ 44.508261960722649, 41.988350876542583 ], [ 44.50832466535261, 41.988297510517924 ], [ 44.508442698463888, 41.988215830302615 ], [ 44.50846929059518, 41.988180187761841 ], [ 44.508503208362029, 41.988133858664384 ], [ 44.508560017120487, 41.988085736156712 ], [ 44.508568280129921, 41.988078746341941 ], [ 44.508652560143496, 41.988021914866984 ], [ 44.508713857479933, 41.987994482658856 ], [ 44.508728434844414, 41.987974864609413 ], [ 44.508723798548864, 41.987949806277946 ], [ 44.508705576404559, 41.987925321170465 ], [ 44.508688282533804, 41.98789786693721 ], [ 44.508690820899993, 41.98788175499427 ], [ 44.508717151341557, 41.987880111382886 ], [ 44.508730781148486, 41.987873820022358 ], [ 44.508736414704302, 41.987871232201748 ], [ 44.508753299198951, 41.987849869526066 ], [ 44.508761763549877, 41.987832386908977 ], [ 44.508767958914419, 41.98781953390818 ], [ 44.508782832433624, 41.987753533763517 ], [ 44.508805000717238, 41.987673154186389 ], [ 44.508824669756358, 41.987603481826191 ], [ 44.508841861666632, 41.98754996580373 ], [ 44.508873405630645, 41.987498267476994 ], [ 44.50892885725338, 41.987453831701906 ], [ 44.508991602482361, 41.987395151552043 ], [ 44.50906408818215, 41.987309673199036 ], [ 44.509109118317362, 41.987223176733224 ], [ 44.509119553834033, 41.98721025808144 ], [ 44.509169571404748, 41.987148365674301 ], [ 44.509232342580411, 41.987086081938408 ], [ 44.509270972592915, 41.987046933038123 ], [ 44.509304678036685, 41.987020237289094 ], [ 44.50935545669428, 41.986963262982307 ], [ 44.509447328663668, 41.986852872871793 ], [ 44.509527153502525, 41.986754906330262 ], [ 44.509580465296928, 41.986674704677228 ], [ 44.509638487936634, 41.986601683410264 ], [ 44.509632849014558, 41.986557796920565 ], [ 44.509601744702358, 41.986552350126821 ], [ 44.509570558828614, 41.986557530827454 ], [ 44.509544173304214, 41.986566424756361 ], [ 44.50950821873456, 41.986571630099768 ], [ 44.509489134933723, 41.986557182947429 ], [ 44.509484552363652, 41.986525099680058 ], [ 44.509506696207772, 41.986455437762459 ], [ 44.509545668541357, 41.986371617224442 ], [ 44.509582309034741, 41.986277023758731 ], [ 44.509606792484384, 41.986209219078162 ], [ 44.509657783897104, 41.986116533252691 ], [ 44.509686939804432, 41.986061220925528 ], [ 44.509704103615817, 41.986011217233667 ], [ 44.509709178280183, 41.985979175217111 ], [ 44.509684633308481, 41.985897695261663 ], [ 44.509656547318073, 41.985813588245129 ], [ 44.509659230583473, 41.985770683896796 ], [ 44.509637916053869, 41.985740194492919 ], [ 44.509623723424994, 41.98570978144118 ], [ 44.509633929451248, 41.985638312196507 ], [ 44.509646552413123, 41.985550776394341 ], [ 44.509642396537423, 41.985526170474095 ], [ 44.50959773520291, 41.985202910964979 ], [ 44.509605315155625, 41.98515115507454 ], [ 44.509648999832777, 41.985074514902976 ], [ 44.509728561615127, 41.985010502158282 ], [ 44.509786274143195, 41.984985710112923 ], [ 44.509859724318666, 41.984931533466664 ], [ 44.509863963914626, 41.984921779345832 ], [ 44.509876805135868, 41.984892292338593 ], [ 44.50987454980784, 41.98486368747669 ], [ 44.509860368486798, 41.984847549147553 ], [ 44.509843589214597, 41.984847477506364 ], [ 44.509817122914882, 41.98486699901094 ], [ 44.509788263828064, 41.984875837404054 ], [ 44.509781191185056, 41.984861486618932 ], [ 44.509791062249661, 41.984825772344813 ], [ 44.509837051255765, 41.984763418387857 ], [ 44.509888170255493, 41.984661770456064 ], [ 44.509891003899391, 41.984599231323308 ], [ 44.509886701619628, 41.984538463055863 ], [ 44.509903686647363, 41.984511695731761 ], [ 44.509966386978718, 41.984458373784427 ], [ 44.509993030375284, 41.984415570791498 ], [ 44.510000469168368, 41.984366426195479 ], [ 44.510028323406011, 41.984346910570522 ], [ 44.5100884436713, 41.984315013386869 ], [ 44.510117407626907, 41.984284740421138 ], [ 44.510129581698891, 41.984263355626084 ], [ 44.51014625085778, 41.984254149898462 ], [ 44.510208725439668, 41.984245815106007 ], [ 44.510244889817606, 41.984220930888547 ], [ 44.510290919013855, 41.984153217051905 ], [ 44.510322788599211, 41.984058648893175 ], [ 44.510354849944207, 41.983939041231899 ], [ 44.510369763840401, 41.983867591978758 ], [ 44.510387110944677, 41.983785480210535 ], [ 44.510402867731933, 41.983761410468354 ], [ 44.510429475861862, 41.983731170605374 ], [ 44.510456385802904, 41.983661528794045 ], [ 44.510478392712756, 41.983593712433311 ], [ 44.510488323541615, 41.983557998345631 ], [ 44.510498010154777, 41.983538406034825 ], [ 44.510522013691698, 41.98353314852038 ], [ 44.510545973760657, 41.983533250678036 ], [ 44.51055569346866, 41.983517215232808 ], [ 44.510568259886064, 41.98343683934786 ], [ 44.510592837046843, 41.983356515565262 ], [ 44.51061960940072, 41.98330479637535 ], [ 44.510651108776123, 41.983258455389716 ], [ 44.51069936329035, 41.983199667454976 ], [ 44.510738199499983, 41.983140884393258 ], [ 44.510761371002509, 41.983086447823922 ], [ 44.510767839641915, 41.983061436878394 ], [ 44.510785769911628, 41.98302935951542 ], [ 44.51079220860408, 41.983024027991199 ], [ 44.510821974392741, 41.982999116318567 ], [ 44.510827015801503, 41.982963427296937 ], [ 44.510829730937239, 41.982924123897341 ], [ 44.51082340635238, 41.982914549888605 ], [ 44.510813143822475, 41.982899014703833 ], [ 44.510795523472737, 41.982882727631193 ], [ 44.510781190030109, 41.982855107072631 ], [ 44.510788516198815, 41.982828297546646 ], [ 44.510793694470685, 41.982774729988584 ], [ 44.510792161732851, 41.982667454139218 ], [ 44.510797449605256, 41.982599566457203 ], [ 44.510788714946621, 41.982486946885579 ], [ 44.510765498018579, 41.982397546910128 ], [ 44.51072774778892, 41.982322269578752 ], [ 44.510676882369133, 41.982233563243149 ], [ 44.510655390589342, 41.98222631133951 ], [ 44.510643508998321, 41.982217298164706 ], [ 44.510643645544633, 41.982199465558878 ], [ 44.510663037587442, 41.982165638142376 ], [ 44.510663284119019, 41.982133440381432 ], [ 44.510625470718551, 41.982074330600703 ], [ 44.510613734319016, 41.982038479093092 ], [ 44.51061633434491, 41.982006337298344 ], [ 44.510645690652595, 41.981956025137215 ], [ 44.510666632859902, 41.981916799429143 ], [ 44.510675001638425, 41.981856445438275 ], [ 44.510711309254113, 41.981804766855582 ], [ 44.510752363099023, 41.981763826415005 ], [ 44.510815073796387, 41.98170870268715 ], [ 44.510844102053213, 41.981669512301359 ], [ 44.510838544392328, 41.981614953285288 ], [ 44.510841159286613, 41.981581009313324 ], [ 44.510824604083581, 41.981559502916596 ], [ 44.510769815610523, 41.981518154034056 ], [ 44.510696146716306, 41.981451731167972 ], [ 44.510677126551087, 41.981421252614872 ], [ 44.510634293878383, 41.981387114922612 ], [ 44.510596284030754, 41.981345837478266 ], [ 44.510572761531279, 41.981288545794847 ], [ 44.510587303666917, 41.981265369702683 ], [ 44.510630642417141, 41.981233400671208 ], [ 44.510654944867021, 41.981188831220749 ], [ 44.510669965845949, 41.981103106790265 ], [ 44.51066103232727, 41.981024395515853 ], [ 44.510646955412433, 41.980986822762908 ], [ 44.510638717982218, 41.980959092162294 ], [ 44.510619928002036, 41.980914339018383 ], [ 44.510615461110582, 41.980875005894276 ], [ 44.510608689745247, 41.980821342352179 ], [ 44.510599285295271, 41.98079626373854 ], [ 44.510606645263593, 41.98077305792431 ], [ 44.510623669662706, 41.980740976711623 ], [ 44.510633726641807, 41.980673109344302 ], [ 44.51063163164352, 41.98063914529444 ], [ 44.510625937357069, 41.980602463902379 ], [ 44.510628469047099, 41.980579237503775 ], [ 44.510639904713059, 41.98055974179217 ], [ 44.510650362655859, 41.980541818077768 ], [ 44.510696191516139, 41.980491981404846 ], [ 44.510706102397172, 41.980450908228789 ], [ 44.510692176238116, 41.980393656560828 ], [ 44.510666163365059, 41.980354231599044 ], [ 44.510654276234163, 41.98033810403571 ], [ 44.510644871835581, 41.980313025423975 ], [ 44.510659345791325, 41.980298721492119 ], [ 44.510693038467913, 41.980281032809785 ], [ 44.510714953637404, 41.98023289463088 ], [ 44.510746738550857, 41.98014904295583 ], [ 44.510771027050353, 41.98010623061257 ], [ 44.510776142398193, 41.980068738756032 ], [ 44.510771628900031, 41.980027604100798 ], [ 44.51075539828814, 41.979956022019934 ], [ 44.510730612939199, 41.979913945335298 ], [ 44.510694752513793, 41.979899471900346 ], [ 44.510690148774401, 41.979878016417416 ], [ 44.510695190345622, 41.979842281448789 ], [ 44.510681497035328, 41.979754633273849 ], [ 44.510669760321512, 41.979718872723893 ], [ 44.5106560453738, 41.979641941482058 ], [ 44.51067067671206, 41.979599177157681 ], [ 44.510699889408279, 41.979543820616122 ], [ 44.510726517308569, 41.97950286371406 ], [ 44.510779757559803, 41.979438737987351 ], [ 44.510837609343987, 41.979387151149083 ], [ 44.51088096047188, 41.979353380731006 ], [ 44.510941163512285, 41.979317880754522 ], [ 44.510946027100289, 41.979305382209056 ], [ 44.510951218709216, 41.979250013334472 ], [ 44.510955366303371, 41.97918122008037 ], [ 44.510980255862236, 41.979059781155556 ], [ 44.510997662378074, 41.978977669477501 ], [ 44.511009899314153, 41.978940163804872 ], [ 44.51105121205444, 41.978865270108358 ], [ 44.511107118083252, 41.978760084278129 ], [ 44.511109759052218, 41.978722537727585 ], [ 44.511124382369211, 41.978688644869983 ], [ 44.511131851080606, 41.978651163910378 ], [ 44.511125079492416, 41.978597501277534 ], [ 44.511101385369109, 41.978570604642293 ], [ 44.511092720977949, 41.978567145210221 ], [ 44.511092038109794, 41.978566786538757 ], [ 44.511091338412214, 41.978566418788944 ], [ 44.511040434272992, 41.978546207191371 ], [ 44.511039354153048, 41.978545391990977 ], [ 44.511028668721146, 41.978538359107532 ], [ 44.511002302841476, 41.978521006244179 ], [ 44.511001404464864, 41.978520101750902 ], [ 44.510971468009799, 41.978488721099893 ], [ 44.510970751376455, 41.978487727313897 ], [ 44.510954881973731, 41.97846361191327 ], [ 44.510952795942963, 41.97842073129452 ], [ 44.510967569836168, 41.978367159530109 ], [ 44.510987089437492, 41.978324370945018 ], [ 44.511018599831772, 41.978276229429987 ], [ 44.511047430475493, 41.978254917260273 ], [ 44.511119472329433, 41.978233787304156 ], [ 44.511150845842167, 41.978203524303439 ], [ 44.511177410643143, 41.978178597984183 ], [ 44.511199092598254, 41.978160812069511 ], [ 44.511211363264024, 41.978126909180247 ], [ 44.511228366063207, 41.978089468803269 ], [ 44.511233563262621, 41.978041215194708 ], [ 44.511238740735777, 41.977987647567872 ], [ 44.511260408835533, 41.977971662915422 ], [ 44.511289291796025, 41.97795926660627 ], [ 44.511311028387674, 41.977934320601761 ], [ 44.511342483604913, 41.977893339059818 ], [ 44.511417132536913, 41.977831105475843 ], [ 44.511594429931307, 41.977675504145587 ], [ 44.511669194622122, 41.977606110586372 ], [ 44.511724689498202, 41.977554468223303 ], [ 44.511753607111473, 41.977529597708347 ], [ 44.511777716107154, 41.977510065703804 ], [ 44.51180172946561, 41.977503053456672 ], [ 44.511823301992706, 41.977499542525173 ], [ 44.511859490286689, 41.977471099332519 ], [ 44.51191724295272, 41.977431985743834 ], [ 44.511984632986561, 41.977387599159698 ], [ 44.512049723934382, 41.977336042462291 ], [ 44.512109850321878, 41.977302342865762 ], [ 44.512201417230088, 41.977229463626493 ], [ 44.512261753953354, 41.977176084371699 ], [ 44.512320776329659, 41.977129005070054 ], [ 44.51238098448303, 41.977084542708091 ], [ 44.512402732539854, 41.977057840240626 ], [ 44.512412560018063, 41.977027484472856 ], [ 44.512412819020689, 41.976993530431074 ], [ 44.512408228637426, 41.976970274629458 ], [ 44.512425217897203, 41.976934634442294 ], [ 44.512447110739188, 41.976897169610986 ], [ 44.512460459363091, 41.976879753362333 ], [ 44.512478563507287, 41.97685618773869 ], [ 44.51248835770059, 41.976822274187626 ], [ 44.512503144527606, 41.976766945963448 ], [ 44.512530129392935, 41.976686630991409 ], [ 44.512540229076606, 41.976620564921845 ], [ 44.512557210861225, 41.976593797151281 ], [ 44.512569242961206, 41.976583130301314 ], [ 44.512579111896379, 41.97654921705815 ], [ 44.512579852116815, 41.97654711804423 ], [ 44.512591304267062, 41.976515313678419 ], [ 44.512613066638409, 41.976486854928332 ], [ 44.512645632940739, 41.976450336936715 ], [ 44.512657934530147, 41.976419990746848 ], [ 44.512679928909108, 41.976361091324662 ], [ 44.512706867629639, 41.976279018907796 ], [ 44.512721795322996, 41.976212928276958 ], [ 44.512724475730899, 41.976170067903517 ], [ 44.512727236326548, 41.97613252180556 ], [ 44.512729889258445, 41.976093264883623 ], [ 44.512763682876589, 41.976054048262533 ], [ 44.512823949710061, 41.976009630940986 ], [ 44.512877076140235, 41.975959779287528 ], [ 44.512976020420012, 41.975852930531296 ], [ 44.513021876989875, 41.975806694769318 ], [ 44.513074860758429, 41.975767606289558 ], [ 44.513120553931813, 41.975742805671331 ], [ 44.513183038000854, 41.975716231671051 ], [ 44.51325987125383, 41.975691518007963 ], [ 44.513322164255861, 41.975690025799928 ], [ 44.513391639066924, 41.975688518966166 ], [ 44.513441909348984, 41.975688732033277 ], [ 44.513537851368049, 41.97567486304203 ], [ 44.513602634313784, 41.975655457956925 ], [ 44.513650646229273, 41.975643142091315 ], [ 44.513689157623865, 41.975618311721519 ], [ 44.513708404491524, 41.975595156038779 ], [ 44.513715945361845, 41.975555873860372 ], [ 44.513725989506511, 41.975496922707308 ], [ 44.513733293246752, 41.975480876735169 ], [ 44.513738646029736, 41.975475360304699 ], [ 44.513757441967485, 41.975455940471832 ], [ 44.513777040631794, 41.975442064039278 ], [ 44.513817633499478, 41.975413323638129 ], [ 44.513880076214065, 41.975392107150107 ], [ 44.513990597972118, 41.975349703331894 ], [ 44.514084371397324, 41.975303625850131 ], [ 44.514226291108208, 41.975211277598966 ], [ 44.514320258789326, 41.975147367534255 ], [ 44.514339666694696, 41.975118853454767 ], [ 44.514361781200783, 41.975043877293217 ], [ 44.514371099728869, 41.974921471001096 ], [ 44.514383808718435, 41.974821459728119 ], [ 44.514411158286201, 41.974692870060068 ], [ 44.514443057647419, 41.974592940846023 ], [ 44.514446381379223, 41.974473166151597 ], [ 44.514462793604061, 41.974354347477799 ], [ 44.51447523672546, 41.974297252759989 ], [ 44.514494746747566, 41.974247303198631 ], [ 44.514506972986595, 41.974218759615106 ], [ 44.514531012183227, 41.974208142429973 ], [ 44.514612529139697, 41.974194166500943 ], [ 44.514653399148692, 41.974176461044529 ], [ 44.514682395112466, 41.974140917197374 ], [ 44.514733302393743, 41.974057055090704 ], [ 44.51480581303683, 41.973973374331244 ], [ 44.514837264049518, 41.973932391781503 ], [ 44.514892646568384, 41.973895113018671 ], [ 44.514924096279721, 41.97385413043898 ], [ 44.51497256147109, 41.973773905606066 ], [ 44.514994613134796, 41.973715005952279 ], [ 44.515005524541145, 41.973676772781538 ], [ 44.515010609615636, 41.973658780914597 ], [ 44.515027745229872, 41.973619449101776 ], [ 44.515059033898041, 41.973583914840788 ], [ 44.515095393566938, 41.973532235008754 ], [ 44.515136758364008, 41.973441262167789 ], [ 44.515163793650608, 41.973353831465168 ], [ 44.51517275792299, 41.973277898018161 ], [ 44.51518264506231, 41.973231465328119 ], [ 44.515204844896772, 41.973152975834232 ], [ 44.515207066287083, 41.973138574534154 ], [ 44.51521741731316, 41.973070752944615 ], [ 44.515218298333572, 41.972954570550044 ], [ 44.51520471572325, 41.9728437310823 ], [ 44.515178968536333, 41.972761346369552 ], [ 44.515176529136951, 41.972748951888398 ], [ 44.515162983066858, 41.972680894277737 ], [ 44.515148703317493, 41.972654039109592 ], [ 44.515123306668869, 41.972628893289489 ], [ 44.515117855862876, 41.972623511295467 ], [ 44.515067744537433, 41.972594703439114 ], [ 44.515041683794713, 41.972569600729692 ], [ 44.515032024429274, 41.972546231733737 ], [ 44.515024257433204, 41.972488195927745 ], [ 44.515019815698984, 41.972445260351073 ], [ 44.514991559435195, 41.97237547433874 ], [ 44.514946479612334, 41.972319848689196 ], [ 44.514918094542658, 41.972275009707005 ], [ 44.514906370121267, 41.972237492392068 ], [ 44.51490661443006, 41.972205294554946 ], [ 44.514885600151842, 41.972135494080533 ], [ 44.514869873039736, 41.972108542692659 ], [ 44.514840682919875, 41.972058477315905 ], [ 44.514814467479553, 41.972045847246136 ], [ 44.514815843889728, 41.972023516504031 ], [ 44.514825554745101, 41.972000320316667 ], [ 44.514866531611496, 41.971968339644484 ], [ 44.51488560021415, 41.971952568470165 ], [ 44.51492677377162, 41.971918517071487 ], [ 44.514999241050987, 41.971840195846589 ], [ 44.515105375418003, 41.971738822782058 ], [ 44.515213904200643, 41.971632011588902 ], [ 44.515327184999428, 41.971543098608201 ], [ 44.515380299332328, 41.971486130425234 ], [ 44.515395269698558, 41.971469621330598 ], [ 44.515423811221204, 41.9714380833313 ], [ 44.515496081859126, 41.971377594177838 ], [ 44.51556123173809, 41.971317073129654 ], [ 44.515609402080543, 41.971283366239376 ], [ 44.51567428808665, 41.971249684814829 ], [ 44.515747764797247, 41.971197215631754 ], [ 44.515906644868402, 41.971087148573837 ], [ 44.516104174513686, 41.970941397623861 ], [ 44.51623893495109, 41.970852619297276 ], [ 44.516306436995741, 41.970792108631528 ], [ 44.516376271253073, 41.970742370731735 ], [ 44.516486891949029, 41.970685599229313 ], [ 44.516602320646456, 41.970623578956726 ], [ 44.516672193793951, 41.970568482064429 ], [ 44.516752763421678, 41.970519645663735 ], [ 44.516817803012991, 41.970473444047933 ], [ 44.516906899303372, 41.970405908629289 ], [ 44.51701513174347, 41.970345613958571 ], [ 44.517113796586592, 41.970281676270652 ], [ 44.517176273324026, 41.97025514416643 ], [ 44.517240220670459, 41.970241632864926 ], [ 44.517247619283609, 41.970236800368852 ], [ 44.517294079255826, 41.970237581156844 ], [ 44.517329694081134, 41.970236109694035 ], [ 44.517370344942883, 41.970246999443916 ], [ 44.517420327508994, 41.970284766510886 ], [ 44.517468037960278, 41.970311761924052 ], [ 44.517501575318697, 41.970313704214682 ], [ 44.51753758044751, 41.970308496555553 ], [ 44.517580827738158, 41.970287197359966 ], [ 44.517684096673015, 41.97024480449307 ], [ 44.517809123824215, 41.970189893568801 ], [ 44.517912266417518, 41.97015637244585 ], [ 44.51803362422131, 41.970107704609823 ], [ 44.518105661454385, 41.970077654495419 ], [ 44.518165751006677, 41.970047509158647 ], [ 44.518254853224917, 41.969987087989473 ], [ 44.518358269476394, 41.969925015533519 ], [ 44.518454431080926, 41.969880700749286 ], [ 44.518483275223801, 41.969871985276612 ], [ 44.518576847848195, 41.969843701330085 ], [ 44.51874011732999, 41.96979075108144 ], [ 44.518881689578066, 41.969750228961367 ], [ 44.519035283093409, 41.969708000725902 ], [ 44.519075588363336, 41.969700648994788 ], [ 44.519112027468147, 41.96969400158973 ], [ 44.519128555409509, 41.969686685340946 ], [ 44.519160099704791, 41.969672767039697 ], [ 44.519181586712769, 41.969656149638013 ], [ 44.519210721258396, 41.969633665783718 ], [ 44.519262329572044, 41.969607942658406 ], [ 44.519303375374541, 41.969574158437112 ], [ 44.519370913119261, 41.969508332159045 ], [ 44.51943633283927, 41.96940313777511 ], [ 44.519480175989614, 41.969310417366074 ], [ 44.519494527575723, 41.969287870662193 ], [ 44.519516509563239, 41.969253377004321 ], [ 44.519564878280057, 41.969192784322587 ], [ 44.519591577013145, 41.969141062591639 ], [ 44.519608063656925, 41.96911528240144 ], [ 44.519630350471473, 41.969080519795632 ], [ 44.519654803338376, 41.969014468026622 ], [ 44.519659953121064, 41.968971572731085 ], [ 44.519638551915662, 41.968944688307062 ], [ 44.519602924882406, 41.968939855758393 ], [ 44.51957155203332, 41.968939048975031 ], [ 44.519547744068284, 41.968919269741583 ], [ 44.519544499594573, 41.968877239989254 ], [ 44.519542367785562, 41.968839718234342 ], [ 44.519530634935926, 41.96881107291447 ], [ 44.519514034465473, 41.968787766197593 ], [ 44.519511822136302, 41.968760962057146 ], [ 44.519514598584735, 41.968712697857015 ], [ 44.519507861207153, 41.968653675886173 ], [ 44.519501073756629, 41.968601318650229 ], [ 44.519498791578755, 41.968583971233606 ], [ 44.519490441480826, 41.968523231240852 ], [ 44.519489694365966, 41.96851777907051 ], [ 44.51949001653999, 41.96847490860673 ], [ 44.519495259258441, 41.968419494413759 ], [ 44.519496941103036, 41.968413784010281 ], [ 44.519517365005314, 41.968344561259485 ], [ 44.519558982107817, 41.968226747872066 ], [ 44.519590675790468, 41.968144649477324 ], [ 44.519617650102269, 41.968064377695612 ], [ 44.519632346077906, 41.968019721001134 ], [ 44.519632601164993, 41.967985766869674 ], [ 44.519644823898581, 41.967957221789035 ], [ 44.519686004007944, 41.967889483683201 ], [ 44.519729658014995, 41.967821755910848 ], [ 44.519744248711547, 41.967791419387794 ], [ 44.519751481532921, 41.967784334363209 ], [ 44.519763442594204, 41.967782583060391 ], [ 44.519780150447673, 41.967791569566117 ], [ 44.519801732458177, 41.967786300861867 ], [ 44.5198378702325, 41.9677632147636 ], [ 44.519873962033948, 41.967738372158102 ], [ 44.519895824806667, 41.96769554673579 ], [ 44.519927356514515, 41.967634928505419 ], [ 44.519922824382732, 41.967611672307335 ], [ 44.519903676208486, 41.967606233257655 ], [ 44.519887049198189, 41.967586484119494 ], [ 44.519899217979571, 41.967565099098387 ], [ 44.519949871056426, 41.967513477439262 ], [ 44.520015267305695, 41.967419045576442 ], [ 44.520085577964139, 41.967304955511558 ], [ 44.520096539976706, 41.967275503539852 ], [ 44.520111075429206, 41.967252327050872 ], [ 44.520159374805225, 41.967200695457642 ], [ 44.520171444219585, 41.967184488834846 ], [ 44.520200520273605, 41.967145477205989 ], [ 44.520251494764921, 41.967050938995264 ], [ 44.520280773083769, 41.966984952265975 ], [ 44.520307550696053, 41.966922513621313 ], [ 44.520319974258705, 41.96686712937823 ], [ 44.520327664166111, 41.966799250194867 ], [ 44.520336433500475, 41.966748354024041 ], [ 44.520358216095694, 41.966716291160637 ], [ 44.520403967175469, 41.966682527084842 ], [ 44.520437616994421, 41.966661186703035 ], [ 44.520454552273229, 41.966639821529469 ], [ 44.520459620600327, 41.96660768882959 ], [ 44.520455235810267, 41.966548676718709 ], [ 44.520455838630568, 41.966468294559824 ], [ 44.520463381094608, 41.966420050224158 ], [ 44.520463582368372, 41.966393211138644 ], [ 44.520444588737313, 41.966375253529378 ], [ 44.520415974080123, 41.966360858401927 ], [ 44.520408880906537, 41.966341149160733 ], [ 44.520421263735571, 41.966291168742821 ], [ 44.520453136233755, 41.966192993891035 ], [ 44.520513917634077, 41.966069946212386 ], [ 44.520543617381222, 41.965939608383152 ], [ 44.520552413430714, 41.965885109624509 ], [ 44.52055745497217, 41.965856534445699 ], [ 44.520584151486361, 41.965804812442485 ], [ 44.52064941101662, 41.965728257891961 ], [ 44.520712191204417, 41.965660609573597 ], [ 44.520830239634194, 41.965560947963368 ], [ 44.520905105664838, 41.965482677053764 ], [ 44.520955836557697, 41.96542033729537 ], [ 44.52100402692863, 41.965382980474423 ], [ 44.521047282546903, 41.96535996871421 ], [ 44.521061763924791, 41.965343907154598 ], [ 44.521085745064767, 41.965340449551846 ], [ 44.52110971304986, 41.965338748193432 ], [ 44.521131374376118, 41.965322762508315 ], [ 44.521136362001073, 41.965301346492765 ], [ 44.521172557924608, 41.965262183266034 ], [ 44.521201453130878, 41.965239066519572 ], [ 44.521223208137201, 41.965210561009641 ], [ 44.521258184026998, 41.965181209957969 ], [ 44.521301546953303, 41.965143832879846 ], [ 44.521347510444961, 41.965081473065851 ], [ 44.521393487328041, 41.96501731195071 ], [ 44.521456237861415, 41.964953265767612 ], [ 44.521502000573783, 41.964917699952714 ], [ 44.521564590866213, 41.964875043928082 ], [ 44.521598359684006, 41.96485374872735 ], [ 44.521639061017439, 41.964841399925177 ], [ 44.521687129975113, 41.96482016338021 ], [ 44.52173538735785, 41.964773889904201 ], [ 44.521795750721715, 41.964706230911936 ], [ 44.521839439159841, 41.964633143458563 ], [ 44.52187580799896, 41.964570744366171 ], [ 44.521894035869636, 41.964537764824087 ], [ 44.521920490370618, 41.964518195371468 ], [ 44.521971012563085, 41.964491610842032 ], [ 44.522026388491753, 41.964445322747423 ], [ 44.522077232189602, 41.964375866764172 ], [ 44.52214717385975, 41.964310048792086 ], [ 44.522217076891664, 41.964249544562975 ], [ 44.522255671270905, 41.964212237339225 ], [ 44.522272665714446, 41.964174706024743 ], [ 44.522282659393561, 41.964121201933885 ], [ 44.522304467349599, 41.964085491981201 ], [ 44.522335962133944, 41.964037347160065 ], [ 44.522372296995677, 41.963987465260487 ], [ 44.522413378136548, 41.963932245012643 ], [ 44.52242683888192, 41.963899246451717 ], [ 44.522434165995094, 41.963879597311049 ], [ 44.522456293586387, 41.963801060941265 ], [ 44.522500108457088, 41.96370293604879 ], [ 44.522512502573029, 41.963651154088964 ], [ 44.522539436635405, 41.963567277807911 ], [ 44.522542498686441, 41.963488662125989 ], [ 44.522560011661284, 41.963381465260007 ], [ 44.522591745929489, 41.963301167468543 ], [ 44.522623560120579, 41.963210152036027 ], [ 44.522663800511708, 41.963105796689234 ], [ 44.522719701547203, 41.962997003986388 ], [ 44.522772909023942, 41.962925711130417 ], [ 44.522826137591046, 41.962859824153263 ], [ 44.522908116826912, 41.962781535525167 ], [ 44.52295627752536, 41.962747735384795 ], [ 44.522973257060592, 41.96271209439913 ], [ 44.522996457503908, 41.962659456607966 ], [ 44.523071310862598, 41.962573978833149 ], [ 44.523151270940168, 41.962450964308061 ], [ 44.523199796970339, 41.962360018111511 ], [ 44.523243656609651, 41.962263693532542 ], [ 44.523275549236097, 41.96216196026176 ], [ 44.523288348321245, 41.962047628396434 ], [ 44.52329149571127, 41.961949333400767 ], [ 44.523290800687057, 41.961880519372208 ], [ 44.523274526635767, 41.961805381902444 ], [ 44.523262841493732, 41.961778537564918 ], [ 44.523265326627367, 41.961760670496794 ], [ 44.523272679757312, 41.961737462857911 ], [ 44.52328475296364, 41.961728596362271 ], [ 44.523308746056188, 41.961723337002255 ], [ 44.523335159008397, 41.961709126923814 ], [ 44.523376204884386, 41.961666424565529 ], [ 44.523415290309835, 41.96156291976633 ], [ 44.523466335386203, 41.96145766325418 ], [ 44.523488055139055, 41.96144167735423 ], [ 44.523512307505733, 41.961393502126285 ], [ 44.523520080153759, 41.961322065359376 ], [ 44.523537045905861, 41.961288180529159 ], [ 44.523557765203577, 41.961244493975293 ], [ 44.523584577428338, 41.961176649724258 ], [ 44.523609209284501, 41.961085604178216 ], [ 44.5236366136808, 41.960946339274287 ], [ 44.523656565172651, 41.960835594664161 ], [ 44.523685843485701, 41.960760645326403 ], [ 44.52370421586653, 41.960707987342531 ], [ 44.523728374227353, 41.960672376013399 ], [ 44.523730954568848, 41.960658066971511 ], [ 44.523721414728314, 41.960650866172358 ], [ 44.523709448094195, 41.960645457544643 ], [ 44.523707241268667, 41.96062581379195 ], [ 44.523716980978314, 41.960606174566244 ], [ 44.523748186286007, 41.960588425724701 ], [ 44.523773564988865, 41.960559079101394 ], [ 44.52379767763663, 41.960537698147213 ], [ 44.523855470071439, 41.960498624513995 ], [ 44.523894047613034, 41.960462981980292 ], [ 44.523906114327801, 41.960447000099883 ], [ 44.523920698577818, 41.960416708910948 ], [ 44.523916120102257, 41.960391605374795 ], [ 44.523894752241169, 41.960368325422827 ], [ 44.523873525081612, 41.960318204292996 ], [ 44.523845431650734, 41.960234055302635 ], [ 44.523824411077413, 41.960164301320944 ], [ 44.523801177359019, 41.960067653164522 ], [ 44.523775183995134, 41.960017513145665 ], [ 44.523739578134446, 41.959978051215302 ], [ 44.52371578526089, 41.959956516574202 ], [ 44.52367534791297, 41.959925951210394 ], [ 44.523627854299029, 41.959870362969255 ], [ 44.523628080695474, 41.959839966305125 ], [ 44.52362119380556, 41.959800623495418 ], [ 44.52359284768216, 41.959750473670873 ], [ 44.523552856052696, 41.959651999612753 ], [ 44.523548193935063, 41.959621627694212 ], [ 44.523522122343572, 41.959598237182234 ], [ 44.523495084766367, 41.959574932721999 ], [ 44.523487611817011, 41.959573775868819 ], [ 44.523443631516926, 41.959524641919266 ], [ 44.523430605079945, 41.9594995492278 ], [ 44.523412939097092, 41.959465520644628 ], [ 44.523387112986505, 41.959401105611185 ], [ 44.523349440710888, 41.959315160415557 ], [ 44.523296142871068, 41.959237166289583 ], [ 44.52327519000815, 41.959158450812453 ], [ 44.523256496866765, 41.959092264024825 ], [ 44.523254509833627, 41.959035063238105 ], [ 44.523257349427247, 41.958977882493286 ], [ 44.52328179459564, 41.958911829796243 ], [ 44.523306186349892, 41.95885293719703 ], [ 44.523325684328405, 41.958803030972732 ], [ 44.523334874651603, 41.958768033070335 ], [ 44.523330937484907, 41.958745815210946 ], [ 44.523329086319066, 41.958727208691712 ], [ 44.523328697351246, 41.958722568626754 ], [ 44.523350497278763, 41.958695865105291 ], [ 44.523360215199496, 41.958670865925995 ], [ 44.523361628228656, 41.958643176192297 ], [ 44.523371408540328, 41.958618223205008 ], [ 44.523392999709642, 41.95861110747849 ], [ 44.523421651185508, 41.958620188080772 ], [ 44.523455222538672, 41.958616769785145 ], [ 44.5234888939179, 41.958591825883595 ], [ 44.52350587902454, 41.958563345141137 ], [ 44.523522890952805, 41.958531261827552 ], [ 44.523520730596054, 41.958497297604964 ], [ 44.523497245840723, 41.958434648609128 ], [ 44.523483404883955, 41.958364879308483 ], [ 44.523491276849995, 41.958271962839582 ], [ 44.523528007350521, 41.958168403131332 ], [ 44.523577942118884, 41.958049812881193 ], [ 44.52359657881513, 41.958018275797237 ], [ 44.523609472516796, 41.957996352950254 ], [ 44.523617171189841, 41.957926673034422 ], [ 44.523610510890826, 41.957856933537471 ], [ 44.52358961140628, 41.957771057993462 ], [ 44.523578244359683, 41.957685222901723 ], [ 44.52357613729253, 41.957652203699212 ], [ 44.523569670599343, 41.95755648066794 ], [ 44.523570509137365, 41.957443900385009 ], [ 44.523567708006382, 41.957333961973184 ], [ 44.523566099797662, 41.957217768851983 ], [ 44.523559632777783, 41.957130196876555 ], [ 44.523534074111431, 41.957029981321391 ], [ 44.52347039770823, 41.956895697322032 ], [ 44.523442484913978, 41.95681186416941 ], [ 44.523437646494195, 41.956797253228544 ], [ 44.523427067049028, 41.956767712364872 ], [ 44.523427320021305, 41.956733758147791 ], [ 44.523422833377126, 41.956696226609182 ], [ 44.523399547681599, 41.956663480652516 ], [ 44.523427785670215, 41.956630768440242 ], [ 44.523451111279947, 41.956593532479737 ], [ 44.523463475151061, 41.95654535290663 ], [ 44.523487965164811, 41.95646502469917 ], [ 44.52351952167259, 41.956407963105498 ], [ 44.523577390017124, 41.956358216052244 ], [ 44.523652148400281, 41.956292326981803 ], [ 44.523709822220383, 41.95626041232542 ], [ 44.523736352520118, 41.956230124760125 ], [ 44.523770441575913, 41.95615699753602 ], [ 44.52379499138835, 41.956076668604481 ], [ 44.523802576958268, 41.956030225478095 ], [ 44.523808761835404, 41.955993639782221 ], [ 44.523785171092634, 41.955945310136983 ], [ 44.523792868435521, 41.95587558514508 ], [ 44.523793560367771, 41.955782638833334 ], [ 44.523789725611309, 41.955657519811574 ], [ 44.523807162013227, 41.95556829066242 ], [ 44.523809608394494, 41.955555736456866 ], [ 44.523812966422625, 41.95554228536195 ], [ 44.52382937847473, 41.955477189926313 ], [ 44.52387318543046, 41.95537906342669 ], [ 44.523889077398373, 41.955335357647535 ], [ 44.523920538606561, 41.955290814855587 ], [ 44.523947088856907, 41.955265885407279 ], [ 44.524011994061667, 41.955226840246119 ], [ 44.524112882208165, 41.955184341519242 ], [ 44.524194546546049, 41.955147167960341 ], [ 44.5242859940033, 41.955092154768728 ], [ 44.524334074428765, 41.955060155007111 ], [ 44.524341412643579, 41.955038794485006 ], [ 44.524334419985543, 41.955013682741786 ], [ 44.524344829786841, 41.954968691443447 ], [ 44.524341868584578, 41.954961248643642 ], [ 44.524361108339015, 41.954937685750544 ], [ 44.524383144912065, 41.954903101226385 ], [ 44.524443496069438, 41.954835441563958 ], [ 44.524472764706445, 41.954769407641372 ], [ 44.524484120833762, 41.954686367817757 ], [ 44.524501330713782, 41.954627446073879 ], [ 44.524501649713919, 41.954584529541876 ], [ 44.524499595059439, 41.954536290123166 ], [ 44.524507271815281, 41.954461251023631 ], [ 44.524517415740675, 41.954395183812665 ], [ 44.524503203834705, 41.954375445301736 ], [ 44.524503416382792, 41.954346849890307 ], [ 44.524518093523938, 41.954303994621363 ], [ 44.524552153880002, 41.95423446790106 ], [ 44.524583774920323, 41.954168444585108 ], [ 44.524603337037426, 41.954109576693483 ], [ 44.524608420912962, 41.954099285065084 ], [ 44.524621837914687, 41.95407173596427 ], [ 44.524626434014081, 41.954062297051799 ], [ 44.524660147928692, 41.954039199335107 ], [ 44.524715426598512, 41.95401263323263 ], [ 44.524744381988029, 41.953980554118928 ], [ 44.524749293768664, 41.953960939830182 ], [ 44.524754226398606, 41.95394663958448 ], [ 44.524768690523771, 41.953932423825407 ], [ 44.524768969521155, 41.953894867012934 ], [ 44.52476203055096, 41.95386268434742 ], [ 44.524735838643771, 41.953839338625102 ], [ 44.524702570286223, 41.953810604611256 ], [ 44.524635829745442, 41.953763853691797 ], [ 44.524614478746194, 41.953738726643138 ], [ 44.524612370820634, 41.953697647330884 ], [ 44.524612517056859, 41.953677968281347 ], [ 44.524586426637789, 41.953649263953778 ], [ 44.524546037390358, 41.953604423434982 ], [ 44.524541324294979, 41.953589182581965 ], [ 44.524534371629862, 41.953566817155362 ], [ 44.524532863019303, 41.953558749904772 ], [ 44.524527471433984, 41.953529275643668 ], [ 44.524497721210089, 41.953497854126624 ], [ 44.524450146848544, 41.953461945489096 ], [ 44.524428224143961, 41.953424476847388 ], [ 44.524421791321657, 41.953413507051678 ], [ 44.524391378212584, 41.953316919231128 ], [ 44.524370445227341, 41.953227485973663 ], [ 44.524349360353774, 41.953166603345899 ], [ 44.524349586354234, 41.953136206642952 ], [ 44.524368984239963, 41.953107690706247 ], [ 44.52437883345938, 41.953064860478563 ], [ 44.524393716687648, 41.953002369644423 ], [ 44.524393862987573, 41.95298269059311 ], [ 44.524377304633447, 41.952954025700819 ], [ 44.524372624428189, 41.952934372589141 ], [ 44.524360999943291, 41.952891406566636 ], [ 44.524339807507694, 41.952844844154448 ], [ 44.524289800158705, 41.952803566375685 ], [ 44.524275528345299, 41.952783827583325 ], [ 44.524269876596428, 41.95276502517796 ], [ 44.524261576443841, 41.952737295156837 ], [ 44.52424499142095, 41.952712232817333 ], [ 44.52424509791399, 41.952697912591923 ], [ 44.524262054975864, 41.952672944206711 ], [ 44.5242515417848, 41.952634532064621 ], [ 44.524242728138695, 41.952537943624932 ], [ 44.5242313346305, 41.952455665159682 ], [ 44.524217442398047, 41.952393010963299 ], [ 44.524198597515024, 41.952355464958657 ], [ 44.524167974090794, 41.95228742745882 ], [ 44.5241348978142, 41.952224738775783 ], [ 44.524094616299585, 41.952165577866872 ], [ 44.52409250394971, 41.952133416058963 ], [ 44.524097469386511, 41.952106595746038 ], [ 44.524097748425092, 41.952069083957397 ], [ 44.524098253574017, 41.952001175460666 ], [ 44.524108136667408, 41.951961902138081 ], [ 44.524112367523529, 41.951871627408757 ], [ 44.524115072985637, 41.951832325234506 ], [ 44.524105839567383, 41.951784100163607 ], [ 44.524094081598967, 41.951758967739217 ], [ 44.524084728945276, 41.951726775016475 ], [ 44.524087394226171, 41.951692875800774 ], [ 44.524101924979043, 41.951669653685755 ], [ 44.524125928830301, 41.951662592844471 ], [ 44.524149916865731, 41.951657333274653 ], [ 44.524157242013636, 41.951637683972166 ], [ 44.524183809350141, 41.951602127504991 ], [ 44.52420072662305, 41.951582472918041 ], [ 44.524207312810873, 41.951572953098896 ], [ 44.524264942205136, 41.951489609632105 ], [ 44.524309385307042, 41.951459621296408 ], [ 44.524323982218874, 41.95142748278284 ], [ 44.524350490513619, 41.951407957975967 ], [ 44.524381779450586, 41.951386606591377 ], [ 44.524405940095306, 41.951358110369092 ], [ 44.524419376618106, 41.951319752405567 ], [ 44.524412425036083, 41.951289325961348 ], [ 44.524422174930265, 41.95126793037592 ], [ 44.524451128876457, 41.951235896347349 ], [ 44.524480136010972, 41.951196702196356 ], [ 44.524521254296182, 41.951143237524064 ], [ 44.524567045187084, 41.951102311514042 ], [ 44.52463931051544, 41.95103825778569 ], [ 44.524714023478445, 41.950977816827944 ], [ 44.524805510529021, 41.950908483569592 ], [ 44.524913835184812, 41.950830303266549 ], [ 44.524959751546959, 41.950804914194052 ], [ 44.524981134909488, 41.950793068772953 ], [ 44.525072476867741, 41.950743369330517 ], [ 44.525154341347637, 41.950686515315773 ], [ 44.525195264200498, 41.950650972944992 ], [ 44.525221614178029, 41.950652703119296 ], [ 44.525252727490148, 41.950654768218733 ], [ 44.52526691208103, 41.950678109220867 ], [ 44.525285982309683, 41.950685303373895 ], [ 44.525309997820138, 41.950676440989135 ], [ 44.525324515404826, 41.950655065036138 ], [ 44.52534168243713, 41.950601501039067 ], [ 44.525368481720264, 41.950542662898336 ], [ 44.525402320112377, 41.950494526802103 ], [ 44.525443344317459, 41.950453580733033 ], [ 44.525450683160486, 41.950432175091109 ], [ 44.525470024208062, 41.950410819055037 ], [ 44.52551318890535, 41.950398479019647 ], [ 44.525628385972979, 41.950361396143322 ], [ 44.525774882320619, 41.950301251049787 ], [ 44.525914173408253, 41.950244633668262 ], [ 44.525980154218047, 41.950222569448961 ], [ 44.525987490441601, 41.950201163760816 ], [ 44.525997492731157, 41.950145768737997 ], [ 44.526017298094715, 41.950061862904008 ], [ 44.526053866284649, 41.949970865925984 ], [ 44.526073857907548, 41.949926950655183 ], [ 44.526085509982103, 41.949901284585678 ], [ 44.526093165874791, 41.949893885648159 ], [ 44.526116862102484, 41.949871061369528 ], [ 44.526129031429633, 41.949840713939317 ], [ 44.526143666740793, 41.94980321634808 ], [ 44.526172707035975, 41.949767624580225 ], [ 44.526225646902148, 41.949730285051793 ], [ 44.526276254304044, 41.949682217885659 ], [ 44.526302893638821, 41.949644814834826 ], [ 44.526327252335442, 41.949589524041798 ], [ 44.526341879820542, 41.949544911087273 ], [ 44.52637099835151, 41.949498556567072 ], [ 44.526401322658742, 41.949444146003799 ], [ 44.526437545975355, 41.949399622115187 ], [ 44.526464079446342, 41.949376494230151 ], [ 44.526495312155369, 41.949362347399727 ], [ 44.526521838251746, 41.949332059132956 ], [ 44.526601159188033, 41.94928411022736 ], [ 44.52664941760623, 41.949260081134362 ], [ 44.526680515399136, 41.949255841082739 ], [ 44.526713934705754, 41.94925597884891 ], [ 44.526745128870608, 41.949247190786281 ], [ 44.52680756684169, 41.949222409468589 ], [ 44.526879651242908, 41.949190552563437 ], [ 44.526975581675408, 41.949164152854294 ], [ 44.52707879200355, 41.94913237902238 ], [ 44.527182107719341, 41.949086329888644 ], [ 44.527272113301578, 41.949053645864801 ], [ 44.527370589572165, 41.949009377977752 ], [ 44.527432948787116, 41.948995359018532 ], [ 44.527461755190807, 41.94898295824671 ], [ 44.52748118326253, 41.948957999537576 ], [ 44.527498245081517, 41.948943208674919 ], [ 44.527536493998049, 41.948909996198068 ], [ 44.527584735064444, 41.948863720052131 ], [ 44.527630560717895, 41.948817433947958 ], [ 44.527686005162558, 41.948767629742093 ], [ 44.527755806765249, 41.948717839529017 ], [ 44.527852087758127, 41.948652126213368 ], [ 44.527929106746946, 41.948597052511921 ], [ 44.527979764799341, 41.948541823551906 ], [ 44.528023310097701, 41.948477649582195 ], [ 44.528045314264908, 41.948422348732514 ], [ 44.528057587688927, 41.948377725872277 ], [ 44.528059735652839, 41.94836458489619 ], [ 44.528063842970191, 41.948339337940915 ], [ 44.528073724246049, 41.948300065142185 ], [ 44.528105180585392, 41.94825547608913 ], [ 44.528143748869461, 41.94821992207104 ], [ 44.528160742729227, 41.948189594242955 ], [ 44.52816091407319, 41.948166358519899 ], [ 44.52817536318296, 41.948153897662593 ], [ 44.528192159106844, 41.948150409030653 ], [ 44.528230345436576, 41.948166643833197 ], [ 44.528285359688745, 41.948166869872637 ], [ 44.528352624242245, 41.948142106637647 ], [ 44.528424504613525, 41.948120965908906 ], [ 44.528435527294953, 41.948098674525113 ], [ 44.528423747126006, 41.948068228473161 ], [ 44.528438480164155, 41.948025417014748 ], [ 44.528474740747171, 41.947975533626895 ], [ 44.528515748425157, 41.947936342680336 ], [ 44.528575930340899, 41.94789016017662 ], [ 44.528619329951752, 41.947845620017063 ], [ 44.528641162208636, 41.947813555670159 ], [ 44.528665378907164, 41.947768981770977 ], [ 44.52870889110136, 41.947717326732203 ], [ 44.528740306910123, 41.947678141363781 ], [ 44.528783745725946, 41.94762824230439 ], [ 44.52882722360247, 41.947573029425136 ], [ 44.528904398271997, 41.947496518807782 ], [ 44.52894783118019, 41.947455582244778 ], [ 44.529003042391579, 41.947428967829005 ], [ 44.52903559293501, 41.94739964938821 ], [ 44.529093394359847, 41.947356969463236 ], [ 44.529115139709099, 41.947328462320122 ], [ 44.529132053669052, 41.94730889704288 ], [ 44.529170555526996, 41.947282214918133 ], [ 44.529264262341059, 41.947237925830571 ], [ 44.529326756519659, 41.947197066370244 ], [ 44.529389363269559, 41.947149092029697 ], [ 44.52944344745368, 41.947119816699576 ], [ 44.529505870264863, 41.947096836084327 ], [ 44.529695327908009, 41.947058297072921 ], [ 44.529942243104259, 41.947007474559371 ], [ 44.530213244564763, 41.946946032075175 ], [ 44.530371423585663, 41.94691983916524 ], [ 44.530486466868894, 41.94690247636823 ], [ 44.530515258856148, 41.946891831075376 ], [ 44.530524928602986, 41.946881152620058 ], [ 44.530529950902654, 41.946854378168148 ], [ 44.530530055306535, 41.946840147979586 ], [ 44.530537325732723, 41.94682761333511 ], [ 44.530563796334043, 41.946804484232636 ], [ 44.530574667416481, 41.946794666323072 ], [ 44.530605917766152, 41.946785877435673 ], [ 44.530637048671004, 41.946777088051448 ], [ 44.530682609911082, 41.946766511267803 ], [ 44.530749916429492, 41.946727472042696 ], [ 44.530783650017341, 41.946700859952358 ], [ 44.530803047243275, 41.946663382104489 ], [ 44.530822439074186, 41.946634864115104 ], [ 44.530841744146329, 41.946609949356059 ], [ 44.530861652220537, 41.946601519353464 ], [ 44.530875389256536, 41.946595721115337 ], [ 44.530892908595355, 41.946592054908216 ], [ 44.530925714165114, 41.946585208732188 ], [ 44.530983305202874, 41.946571124222189 ], [ 44.531016869844009, 41.946567703674141 ], [ 44.531047935242221, 41.946567830562408 ], [ 44.531059848622014, 41.946580397659964 ], [ 44.531100380734898, 41.946605601877856 ], [ 44.53112909483157, 41.94660571914153 ], [ 44.531179394849147, 41.946598764199578 ], [ 44.531198680366025, 41.946584567296156 ], [ 44.531253846838851, 41.946572229060841 ], [ 44.531376105527556, 41.946549534929439 ], [ 44.531479196724071, 41.946524917877099 ], [ 44.531579987416748, 41.946493174236871 ], [ 44.531683283674717, 41.946448922288489 ], [ 44.531769760995132, 41.946402800314232 ], [ 44.531818021931876, 41.946352964791252 ], [ 44.53187100927174, 41.946308462482875 ], [ 44.531957678229389, 41.946244507841826 ], [ 44.53203116479753, 41.94618491359924 ], [ 44.532074470186899, 41.946152935206484 ], [ 44.532081843411191, 41.946126125230116 ], [ 44.532137282059679, 41.946076318821945 ], [ 44.532240693571623, 41.946015989841939 ], [ 44.53235857101221, 41.945932437316515 ], [ 44.532449927191188, 41.94587921938696 ], [ 44.532510052358028, 41.945840149877874 ], [ 44.532570342376182, 41.945786760322385 ], [ 44.532656922419832, 41.945726362438968 ], [ 44.53276998924111, 41.945657110590808 ], [ 44.532875766326384, 41.945594989315403 ], [ 44.53293347694467, 41.945555910659223 ], [ 44.532986465510724, 41.945527573997076 ], [ 44.533034278541429, 41.945522364434865 ], [ 44.533079642663488, 41.945538625923461 ], [ 44.533135862938238, 41.945546870522769 ], [ 44.533176630990425, 41.945539920977652 ], [ 44.533234094913645, 41.945534796505278 ], [ 44.533298745373656, 41.945536814724477 ], [ 44.533406659504273, 41.945512259671823 ], [ 44.533531326306431, 41.94547345189433 ], [ 44.533665791070725, 41.945431081088387 ], [ 44.533754575258499, 41.945399288565376 ], [ 44.53382667696102, 41.945363823750583 ], [ 44.533891743506963, 41.945308696578088 ], [ 44.533937420260578, 41.94528204196952 ], [ 44.533999800663871, 41.945264416826703 ], [ 44.534026048027606, 41.945271683697221 ], [ 44.534045281912817, 41.945264601411878 ], [ 44.534067037132495, 41.945234337046941 ], [ 44.534088766751182, 41.945207586095954 ], [ 44.534096126790764, 41.945182621408648 ], [ 44.534096231051244, 41.945168301144143 ], [ 44.534086796258066, 41.94514682686097 ], [ 44.534098982191964, 41.945121838523981 ], [ 44.534185691246989, 41.94504356075818 ], [ 44.534277134547473, 41.944977822373474 ], [ 44.534361369178271, 41.94492452899047 ], [ 44.534411784500982, 41.944901496097131 ], [ 44.534465721338719, 41.944891897476182 ], [ 44.534542496259448, 41.944868971400481 ], [ 44.534607249905832, 41.944856714546596 ], [ 44.534655175574557, 41.944844389454005 ], [ 44.534674329794704, 41.944848069772895 ], [ 44.534693373168508, 41.944858864950014 ], [ 44.534698081833866, 41.944874961932456 ], [ 44.534712373074257, 41.944883935602661 ], [ 44.534724330338499, 41.944882226847042 ], [ 44.534750779809762, 41.944869815583722 ], [ 44.534786825797582, 41.944848525642321 ], [ 44.534868504018327, 41.944814901215828 ], [ 44.534909342567815, 41.944790027961801 ], [ 44.535036539274351, 41.944751228790722 ], [ 44.535190062153553, 41.944708978402474 ], [ 44.535338696069829, 41.944675579644681 ], [ 44.535463337870326, 41.944656449348997 ], [ 44.535552010893618, 41.944647847291243 ], [ 44.535609603585122, 41.944624842002888 ], [ 44.535660095994359, 41.9445910908711 ], [ 44.535736921751365, 41.94456104888917 ], [ 44.535898938484415, 41.944503610533758 ], [ 44.536028574124856, 41.944461217429762 ], [ 44.536098123611012, 41.94443650480175 ], [ 44.536150984022939, 41.944417038676555 ], [ 44.536242100684497, 41.944395970744758 ], [ 44.536335669205606, 41.944369508607984 ], [ 44.536412456768339, 41.944344825018476 ], [ 44.536513244981649, 41.94430411623037 ], [ 44.536606800214543, 41.944279455163027 ], [ 44.536666714313426, 41.944268978957709 ], [ 44.536717132217476, 41.944262067994359 ], [ 44.53679140676384, 41.94424268707683 ], [ 44.536919599929604, 41.944224425163661 ], [ 44.537003533919027, 41.944212244313114 ], [ 44.537092172425339, 41.944200128302924 ], [ 44.5371688941363, 41.944184314662998 ], [ 44.537274391771291, 41.944159746224358 ], [ 44.537401483826102, 41.944135219661831 ], [ 44.537497339165057, 41.944117727480204 ], [ 44.537602862597325, 41.944089556153585 ], [ 44.537691638901144, 41.944066676299158 ], [ 44.537768385671527, 41.944047350637128 ], [ 44.537897907143943, 41.944012115302989 ], [ 44.537981896422103, 41.943983856956223 ], [ 44.53811625582636, 41.943946884531549 ], [ 44.538193678631657, 41.943917428739326 ], [ 44.53822434503553, 41.943905798304563 ], [ 44.53823027316637, 41.943903480398284 ], [ 44.538314108070551, 41.943896747258002 ], [ 44.538390840577826, 41.943879177432862 ], [ 44.538419681222479, 41.943861415032877 ], [ 44.538486772562145, 41.943850966729798 ], [ 44.538608947799752, 41.943838938411645 ], [ 44.538716150660406, 41.943828696190067 ], [ 44.538752731256373, 41.94382519542657 ], [ 44.538898915932627, 41.943804346592231 ], [ 44.539032969542852, 41.943801327216434 ], [ 44.539198298012316, 41.943785913859244 ], [ 44.539322812781414, 41.943775650481776 ], [ 44.539460543440825, 41.943764584341423 ], [ 44.539515666718771, 41.943757690120805 ], [ 44.53955405788156, 41.943745325640151 ], [ 44.539590140208304, 41.943718674428148 ], [ 44.539669453251648, 41.943677876745092 ], [ 44.539794374886334, 41.943619383474925 ], [ 44.539886739412395, 41.943586183787183 ], [ 44.539892770088017, 41.943584021121438 ], [ 44.540010386154997, 41.943543376688211 ], [ 44.540159076230715, 41.943501100278738 ], [ 44.540286165891686, 41.943476571408887 ], [ 44.540360421481182, 41.943467951138693 ], [ 44.540462146474162, 41.943472816654335 ], [ 44.540545813525043, 41.943489184362427 ], [ 44.540624714512198, 41.943505666240362 ], [ 44.540665305087288, 41.94351474529244 ], [ 44.540713275988878, 41.943504220092699 ], [ 44.540737362402254, 41.943484635844904 ], [ 44.540773637562566, 41.9434311909231 ], [ 44.540795529304553, 41.943381201087121 ], [ 44.540803296874387, 41.943299045782396 ], [ 44.540822901322251, 41.943240130133667 ], [ 44.54084501192915, 41.943159788495777 ], [ 44.540845357959391, 41.943111558862505 ], [ 44.540852792329474, 41.943075831890575 ], [ 44.540879600013753, 41.943013387378272 ], [ 44.540932872904044, 41.942927811323408 ], [ 44.540969198055585, 41.942867161153032 ], [ 44.541012684065954, 41.942817303535442 ], [ 44.541056366116329, 41.942731688178931 ], [ 44.541089458766876, 41.942625496043952 ], [ 44.541133281667797, 41.942520203321187 ], [ 44.541145707805946, 41.942461258019776 ], [ 44.541129336721227, 41.942405801221973 ], [ 44.541127180398128, 41.942370035897575 ], [ 44.541127449359998, 41.942332523953979 ], [ 44.541127667305915, 41.94230212712074 ], [ 44.541156544903053, 41.942279005171919 ], [ 44.541192660541412, 41.942255912139125 ], [ 44.541231346096183, 41.94220247669216 ], [ 44.541253289260112, 41.942145371648216 ], [ 44.541291923699987, 41.942099051290249 ], [ 44.541340148485787, 41.942052769229889 ], [ 44.541399423271621, 41.941962758588303 ], [ 44.541440559861883, 41.941903929721612 ], [ 44.54146485120139, 41.941855795706502 ], [ 44.541479450194089, 41.941821852709552 ], [ 44.541508455199789, 41.941780897857164 ], [ 44.541559083228208, 41.9417274649497 ], [ 44.541621799973029, 41.941670523524124 ], [ 44.541734891872558, 41.941586986316828 ], [ 44.541818978808557, 41.941544404837899 ], [ 44.541910166258823, 41.941512614666991 ], [ 44.542039693239396, 41.941475573313895 ], [ 44.542137972370774, 41.941447368904996 ], [ 44.542247277227958, 41.941404032031627 ], [ 44.542360035527423, 41.94136696849516 ], [ 44.542511094883785, 41.941330012430761 ], [ 44.542628601613067, 41.941303685557251 ], [ 44.542753209305864, 41.941288105750516 ], [ 44.54283470368479, 41.941270551005999 ], [ 44.542882786491518, 41.941243903294193 ], [ 44.542921380292334, 41.941203031288339 ], [ 44.542974560185606, 41.941129882270687 ], [ 44.543032604061032, 41.941051484549817 ], [ 44.543085654212909, 41.940996304288277 ], [ 44.543121912246477, 41.940944614842294 ], [ 44.543133216526812, 41.940926427500642 ], [ 44.543187323721384, 41.940839406302352 ], [ 44.54324300764825, 41.940744922068426 ], [ 44.543283145931738, 41.940656590613685 ], [ 44.543305164409276, 41.940588767450606 ], [ 44.543317701657458, 41.940513746221058 ], [ 44.543334864914911, 41.940458378060605 ], [ 44.54335238445276, 41.940353069893895 ], [ 44.543376970710412, 41.940254858308947 ], [ 44.54342075921339, 41.940162082982972 ], [ 44.543452455568939, 41.940081779814335 ], [ 44.543519490712328, 41.939909566543108 ], [ 44.543555924796848, 41.939832884870377 ], [ 44.543611779305294, 41.9397311948319 ], [ 44.543686820219847, 41.939611748588916 ], [ 44.543754594176477, 41.939504792775487 ], [ 44.543805422334749, 41.939422763273747 ], [ 44.54382974944928, 41.939369225738396 ], [ 44.543843006170107, 41.939354101161967 ], [ 44.543883820167309, 41.939339987632806 ], [ 44.544001182802916, 41.939333293445245 ], [ 44.544041920402378, 41.939329897567774 ], [ 44.544065881270988, 41.939319274705717 ], [ 44.544106912911722, 41.939274764239698 ], [ 44.544157481392382, 41.939237406940101 ], [ 44.544258334187383, 41.939185973548895 ], [ 44.544361660912053, 41.939134549885907 ], [ 44.54452254391758, 41.939063719789047 ], [ 44.544666611034252, 41.938999938099116 ], [ 44.544726684182578, 41.93896622093186 ], [ 44.544820341610659, 41.938925476524929 ], [ 44.544849314762175, 41.938896995904287 ], [ 44.544848372242498, 41.938851417197945 ], [ 44.54483185580392, 41.938824556692794 ], [ 44.544827283068926, 41.938797698500373 ], [ 44.544836976701617, 41.938774500457285 ], [ 44.544887521164391, 41.938740744529532 ], [ 44.544933250531649, 41.938705214083093 ], [ 44.544950195792232, 41.938680242523276 ], [ 44.544952814717476, 41.938642739857848 ], [ 44.544965122254077, 41.938599872449899 ], [ 44.545001301219422, 41.938558899185061 ], [ 44.545020696734582, 41.938528623351061 ], [ 44.545013522791201, 41.938519633223386 ], [ 44.544989638567884, 41.938519538575804 ], [ 44.544948825901784, 41.938533742573433 ], [ 44.544941736687939, 41.938521150083652 ], [ 44.544941850983754, 41.938505073517035 ], [ 44.544963535675144, 41.938483678397759 ], [ 44.545009102052198, 41.938471384646441 ], [ 44.545035572183089, 41.938455412516817 ], [ 44.545088353047653, 41.93843774328063 ], [ 44.545126766764845, 41.938421773416152 ], [ 44.545174969833376, 41.93838625267108 ], [ 44.545218256093584, 41.938338148036884 ], [ 44.545261811842849, 41.938277571027179 ], [ 44.545314887910386, 41.938209824512725 ], [ 44.54536696987752, 41.938137661637469 ], [ 44.545403135523401, 41.938098490437042 ], [ 44.545427282977272, 41.938069990559562 ], [ 44.545451443214077, 41.938039687579206 ], [ 44.545463638825517, 41.938004024156733 ], [ 44.545473622271089, 41.937948627226781 ], [ 44.545493033486004, 41.93790758832359 ], [ 44.545495560158813, 41.937891522204566 ], [ 44.545481243698234, 41.937886105624813 ], [ 44.545481408699345, 41.937862868902364 ], [ 44.545493528156555, 41.937837923188525 ], [ 44.545512898277899, 41.937811159793192 ], [ 44.545525157438284, 41.937766534913017 ], [ 44.545527875552359, 41.937723673613476 ], [ 44.545518437097513, 41.937702156091802 ], [ 44.545518589300812, 41.937680719764238 ], [ 44.545530794599919, 41.937652171691362 ], [ 44.545535736440982, 41.937627243496209 ], [ 44.545545542323737, 41.937596838642953 ], [ 44.545572155862672, 41.937552270569981 ], [ 44.545620539056479, 41.937482750819278 ], [ 44.545687015506729, 41.937396368175612 ], [ 44.54570396341245, 41.937362434806836 ], [ 44.545716244625105, 41.937323169898185 ], [ 44.545726252994889, 41.937264214476748 ], [ 44.545731385528128, 41.937212401018854 ], [ 44.545741305016506, 41.93716596550685 ], [ 44.54575604086638, 41.937112433726661 ], [ 44.545789956875026, 41.937050016117638 ], [ 44.545833498743299, 41.936991194234132 ], [ 44.545888855517667, 41.936950297433619 ], [ 44.545934533459977, 41.936921926727514 ], [ 44.545968133851161, 41.936904137094693 ], [ 44.546037831986112, 41.936865097377648 ], [ 44.546085973379753, 41.936829530961361 ], [ 44.546139005814858, 41.93677615051989 ], [ 44.546171757711193, 41.936716385179665 ], [ 44.546174410920216, 41.936682440269344 ], [ 44.546203407675122, 41.936650400825961 ], [ 44.54624651449577, 41.936627333806832 ], [ 44.546275559052766, 41.936597050847446 ], [ 44.546321604248163, 41.936516802631743 ], [ 44.546350768728914, 41.936452564727823 ], [ 44.546383570680518, 41.936385684198875 ], [ 44.5463743496394, 41.936333813996235 ], [ 44.546364948764008, 41.936306981811647 ], [ 44.546367738115812, 41.936262319414737 ], [ 44.54641842406874, 41.93619100616008 ], [ 44.546461736642065, 41.936164382209405 ], [ 44.546502601931913, 41.936134145881304 ], [ 44.546519634580207, 41.936096655057263 ], [ 44.546534118198302, 41.936069917214937 ], [ 44.546560575400036, 41.93605574602222 ], [ 44.546572615324834, 41.93605043456013 ], [ 44.546587232291778, 41.936021895889887 ], [ 44.546609257188216, 41.935952270711446 ], [ 44.54661671388061, 41.935912985744594 ], [ 44.546640994980436, 41.935873767208498 ], [ 44.546694105201354, 41.93580070708488 ], [ 44.546713527727285, 41.935757866655656 ], [ 44.546722575820219, 41.935664007128835 ], [ 44.546727770224557, 41.935603322218 ], [ 44.546737701166791, 41.935555130337185 ], [ 44.546757514766618, 41.935516839845391 ], [ 44.546783808469939, 41.935465920460494 ], [ 44.54681300993763, 41.935396323562976 ], [ 44.546835032445593, 41.935335660028969 ], [ 44.546847314492361, 41.935287432381834 ], [ 44.546876477556999, 41.935223239357732 ], [ 44.546900890304187, 41.93515718119842 ], [ 44.546933664621875, 41.935093858049044 ], [ 44.546945972930551, 41.935042072830818 ], [ 44.546946073323397, 41.935027887612414 ], [ 44.546946250518189, 41.935002850476707 ], [ 44.54694639011813, 41.934983125367495 ], [ 44.546934502478123, 41.934932865888229 ], [ 44.546932454972293, 41.934924076237955 ], [ 44.546906752903105, 41.934839986970523 ], [ 44.546885525912472, 41.934796986089623 ], [ 44.546852423460699, 41.934736104992695 ], [ 44.546828897942859, 41.934677017998531 ], [ 44.546815177837338, 41.93458761698659 ], [ 44.546801265668641, 41.93452501026561 ], [ 44.546782479568883, 41.934469499628818 ], [ 44.546750409861325, 41.934441677312606 ], [ 44.546721668450509, 41.934438006190604 ], [ 44.546688208025145, 41.934436072745115 ], [ 44.546681119802166, 41.934423525391473 ], [ 44.546685985366395, 41.934409268917598 ], [ 44.546717220281941, 41.934393315198427 ], [ 44.546746103826571, 41.934368390481964 ], [ 44.546755857602761, 41.934345191594424 ], [ 44.546767938258746, 41.934325560454091 ], [ 44.546818464219449, 41.934293604920924 ], [ 44.54684496168035, 41.934265113098952 ], [ 44.546849988866761, 41.934236537438672 ], [ 44.546838254311652, 41.934198932117297 ], [ 44.546802621677401, 41.934163079753368 ], [ 44.54679563452234, 41.934136257121033 ], [ 44.546807791005598, 41.934105907352823 ], [ 44.546816482292385, 41.934096303543399 ], [ 44.546827121182737, 41.934084547603653 ], [ 44.546868108387066, 41.934045394940782 ], [ 44.54693049017505, 41.934016999673872 ], [ 44.546971388680433, 41.933990365993573 ], [ 44.547043697718614, 41.933922740441602 ], [ 44.547129212258199, 41.933847106795866 ], [ 44.547182139161933, 41.933808000209787 ], [ 44.54721582548094, 41.933777780335433 ], [ 44.547249624240237, 41.933740355501207 ], [ 44.547257027220724, 41.933708230624738 ], [ 44.547264507507364, 41.933665343896955 ], [ 44.547252932863501, 41.933613464459803 ], [ 44.547255512314713, 41.933581319662352 ], [ 44.547258152065872, 41.933549176003098 ], [ 44.547239375518231, 41.933500825828965 ], [ 44.547243091715089, 41.933478503762871 ], [ 44.547252820013682, 41.933458862391824 ], [ 44.547257811808322, 41.933426728006175 ], [ 44.547277370849621, 41.933373124944431 ], [ 44.54728986648847, 41.933294590387767 ], [ 44.547297472804686, 41.933233870801971 ], [ 44.547312167640101, 41.933185652599633 ], [ 44.547310002333262, 41.933167764778553 ], [ 44.547322085339694, 41.93313921600916 ], [ 44.547343831338267, 41.933108949018248 ], [ 44.547382606531173, 41.933041146903165 ], [ 44.547390038705288, 41.932996681991135 ], [ 44.547395138342551, 41.932966169235591 ], [ 44.547396786910028, 41.932954782204497 ], [ 44.547402681481458, 41.93291436606556 ], [ 44.547398172950089, 41.932869628915242 ], [ 44.54738156845093, 41.932855287774856 ], [ 44.547381682111386, 41.932839211186895 ], [ 44.547393698938947, 41.932828540532022 ], [ 44.547445299857195, 41.932806407201049 ], [ 44.547510291592744, 41.932758387198703 ], [ 44.547563319761736, 41.932704961006671 ], [ 44.547577849744009, 41.932680024547082 ], [ 44.547587779892339, 41.93263178753039 ], [ 44.547602461638505, 41.932585370582622 ], [ 44.547602584704116, 41.932583658885598 ], [ 44.547605139037771, 41.93254786804566 ], [ 44.547593289202482, 41.932526385307433 ], [ 44.547574247602924, 41.932515547221556 ], [ 44.547547943265123, 41.932508328245014 ], [ 44.547543330738485, 41.932486828986193 ], [ 44.54755068402514, 41.932461864248772 ], [ 44.54757968118431, 41.932420862723554 ], [ 44.547627908028467, 41.932372776592317 ], [ 44.54765452912094, 41.932326451707475 ], [ 44.547688478292763, 41.932267591275981 ], [ 44.547739278986981, 41.932196277836283 ], [ 44.547816450309206, 41.93211439523612 ], [ 44.547840660368756, 41.93206801667769 ], [ 44.547892762545985, 41.931983332376532 ], [ 44.547912296614534, 41.931924415114757 ], [ 44.547914973801326, 41.931886912565218 ], [ 44.547927129312136, 41.931856563562555 ], [ 44.5479560642097, 41.931824477468801 ], [ 44.548023666888859, 41.93174796109863 ], [ 44.548093560294525, 41.931680280313103 ], [ 44.548144124248338, 41.931634005405812 ], [ 44.548160990731056, 41.931619750154162 ], [ 44.548194571757172, 41.931612766967135 ], [ 44.548235320186393, 41.93159856154098 ], [ 44.548284693661799, 41.931558585707833 ], [ 44.548320904286413, 41.93151225425359 ], [ 44.548378842987098, 41.931446416779409 ], [ 44.548431996951663, 41.93137506814459 ], [ 44.548453827709253, 41.931332280989714 ], [ 44.548480484501496, 41.931289469575781 ], [ 44.548511829615784, 41.931257437849816 ], [ 44.548586423022066, 41.931198736950087 ], [ 44.548685071407014, 41.931124053512541 ], [ 44.548824640458982, 41.931019178955424 ], [ 44.548942516235769, 41.930937409579791 ], [ 44.5490363139062, 41.930866309479427 ], [ 44.549108568315347, 41.930805797699868 ], [ 44.54913756219765, 41.930764840788612 ], [ 44.549166580137694, 41.930729197944558 ], [ 44.549219504410665, 41.930690091284831 ], [ 44.549295220845025, 41.93064301302956 ], [ 44.54933614188149, 41.930612730844338 ], [ 44.549446866969525, 41.930518504467955 ], [ 44.549509369649869, 41.930472274893731 ], [ 44.549574406302646, 41.930426055225375 ], [ 44.54963085556814, 41.930391420541135 ], [ 44.549732026790934, 41.930300669042921 ], [ 44.549787324920473, 41.930266930441412 ], [ 44.549852261975488, 41.930226069237754 ], [ 44.54989315953263, 41.930190472778328 ], [ 44.549981064073023, 41.930116646769193 ], [ 44.550084573630471, 41.930027705469215 ], [ 44.550180829782846, 41.929958415402922 ], [ 44.550301066438522, 41.929874853413807 ], [ 44.550486263925499, 41.929746872158383 ], [ 44.550592120608037, 41.929666856263339 ], [ 44.550647430057005, 41.929631361871941 ], [ 44.55067877358934, 41.929599284503425 ], [ 44.550729532109123, 41.929533373586473 ], [ 44.550810486598387, 41.929418403930519 ], [ 44.550873235790597, 41.929345334456023 ], [ 44.550938396408817, 41.929272364444621 ], [ 44.550952900861361, 41.929250940073281 ], [ 44.550967552903685, 41.929208125248309 ], [ 44.551001370785158, 41.929167141684431 ], [ 44.551085808740176, 41.929079881201737 ], [ 44.55117496442908, 41.92898201113217 ], [ 44.55123291146063, 41.928914236665918 ], [ 44.551304050192037, 41.928831427414266 ], [ 44.551400565148477, 41.928724579172616 ], [ 44.551487278771035, 41.928648045310133 ], [ 44.551569080159062, 41.928584011579346 ], [ 44.55161471239105, 41.928560952368166 ], [ 44.551729968593008, 41.928507812225078 ], [ 44.551821131674131, 41.928475968959241 ], [ 44.551883377993647, 41.928474455587555 ], [ 44.551948024192548, 41.928474707863046 ], [ 44.552019848996721, 41.928466026393075 ], [ 44.552075006670741, 41.928451965877947 ], [ 44.552101522180976, 41.928428831896284 ], [ 44.55216056909947, 41.928367411003443 ], [ 44.552218378644262, 41.928310443595578 ], [ 44.552271459491358, 41.928257015385952 ], [ 44.552307577829026, 41.928223200766318 ], [ 44.552322092657299, 41.928200019941521 ], [ 44.552331868330576, 41.928173262971384 ], [ 44.552332043383196, 41.928148224886506 ], [ 44.552346532998826, 41.928128646660355 ], [ 44.552372863306495, 41.92812334525933 ], [ 44.55243747138303, 41.928129001160862 ], [ 44.552540387718444, 41.928123998216968 ], [ 44.552612322069599, 41.928108201469051 ], [ 44.552679533004216, 41.928078110574468 ], [ 44.552730125047482, 41.928035390488155 ], [ 44.552761653897456, 41.927976519078193 ], [ 44.552769241776801, 41.927917599446026 ], [ 44.55278155652163, 41.927864012206605 ], [ 44.552800984346518, 41.927828286036629 ], [ 44.552808333514648, 41.927803365957544 ], [ 44.552808458372631, 41.927785488042097 ], [ 44.552803831823873, 41.927765790271302 ], [ 44.552842561440549, 41.927703389213569 ], [ 44.552902906748564, 41.927628552926151 ], [ 44.55292208642016, 41.927619710921945 ], [ 44.552955626532352, 41.927618040159331 ], [ 44.552991570562078, 41.927609263411519 ], [ 44.553051641196944, 41.927573740447173 ], [ 44.553120236046666, 41.927517715232391 ], [ 44.553180578938722, 41.927451795471306 ], [ 44.553202382752687, 41.927412565843028 ], [ 44.553202707029875, 41.927366092263597 ], [ 44.553212532165588, 41.927332175038586 ], [ 44.553260800066475, 41.927268054631668 ], [ 44.55333553209659, 41.927196831750685 ], [ 44.553362135842278, 41.92715226174407 ], [ 44.553391189047581, 41.927102342240396 ], [ 44.553422542205091, 41.927068508727629 ], [ 44.553468135321467, 41.927050807637855 ], [ 44.55353539159556, 41.927022472728432 ], [ 44.553602525348012, 41.927003053988415 ], [ 44.553698488738782, 41.926965913898556 ], [ 44.553772844968407, 41.926948324481721 ], [ 44.553847054828147, 41.926943254735242 ], [ 44.553873419735773, 41.926941554923374 ], [ 44.553947792658143, 41.926913247421901 ], [ 44.553998224093377, 41.926884846879972 ], [ 44.554042677440812, 41.926866240458757 ], [ 44.554083332547584, 41.926864642033244 ], [ 44.554138463623502, 41.926854138085382 ], [ 44.5541864562745, 41.926838202343653 ], [ 44.554200857554896, 41.926831187955948 ], [ 44.554200932798203, 41.92682038014425 ], [ 44.554181829053739, 41.926818549655948 ], [ 44.554145948918169, 41.926818410340609 ], [ 44.554148412662911, 41.926802342852703 ], [ 44.554177216466741, 41.926788133954702 ], [ 44.554227609519643, 41.926774053899919 ], [ 44.554265937835652, 41.92676884367517 ], [ 44.554311530507697, 41.926751142247412 ], [ 44.554347598604643, 41.926724442115507 ], [ 44.554388612568957, 41.926679927794559 ], [ 44.554436644055791, 41.926649716394017 ], [ 44.55448705000267, 41.926624918238204 ], [ 44.554537628365416, 41.926583998640069 ], [ 44.55457616919103, 41.926548391342308 ], [ 44.55458595619551, 41.926519832864685 ], [ 44.554566953865113, 41.926494765409188 ], [ 44.554564838263261, 41.926460801740383 ], [ 44.554574675065275, 41.926425083087125 ], [ 44.554601091255272, 41.926407307151713 ], [ 44.554644344313814, 41.926387795164224 ], [ 44.554709190502429, 41.926350488494798 ], [ 44.554810185063921, 41.926283014219699 ], [ 44.554865502094046, 41.926245670514632 ], [ 44.554942284654011, 41.926217371705725 ], [ 44.55503085967996, 41.926201637932984 ], [ 44.555114704420319, 41.926198405152846 ], [ 44.555224853404304, 41.926193473755106 ], [ 44.55528595989383, 41.926182090824099 ], [ 44.55531713803947, 41.926173249852781 ], [ 44.555350814879574, 41.926151944194231 ], [ 44.555372528786371, 41.926125233183832 ], [ 44.555401579955891, 41.92607531315273 ], [ 44.555430718306432, 41.926012829028636 ], [ 44.555476669618848, 41.925943339684117 ], [ 44.555520108075349, 41.925897033887473 ], [ 44.555604315202707, 41.925833005655882 ], [ 44.555717310238279, 41.925756571164833 ], [ 44.555842305946889, 41.925680226214944 ], [ 44.555947964616507, 41.925626999643924 ], [ 44.55602719517848, 41.925593350552838 ], [ 44.556063247902571, 41.925568496200775 ], [ 44.556181116883302, 41.925484918821205 ], [ 44.556312347805807, 41.925370139508956 ], [ 44.556387026090853, 41.925297158087965 ], [ 44.556428113166447, 41.925241925268104 ], [ 44.556459562993751, 41.925193770544048 ], [ 44.556486067517156, 41.925154558431892 ], [ 44.556512615973304, 41.92512606452285 ], [ 44.556534302651563, 41.92511187257314 ], [ 44.556558489811167, 41.925076209162356 ], [ 44.556577877490142, 41.925036969543207 ], [ 44.556597498811669, 41.924972692039951 ], [ 44.556604971470527, 41.924929848735282 ], [ 44.556612506166665, 41.92487804394657 ], [ 44.556612976355041, 41.924810134817299 ], [ 44.556607804543759, 41.924703745049321 ], [ 44.55658439762805, 41.92461786620273 ], [ 44.556587242767982, 41.924555324361592 ], [ 44.556571332958271, 41.92443196041669 ], [ 44.556555250141827, 41.924333589550749 ], [ 44.556524815893603, 41.924235163253684 ], [ 44.556461312657838, 41.924070500513217 ], [ 44.556445080179238, 41.924002480921338 ], [ 44.556426498633357, 41.923916664805432 ], [ 44.55640780462754, 41.923855796970912 ], [ 44.556393553893599, 41.923832504480366 ], [ 44.556376962172379, 41.923816363316384 ], [ 44.556336296838516, 41.923810847178274 ], [ 44.556319459202882, 41.923821500161417 ], [ 44.556307334174107, 41.923848248415368 ], [ 44.55629297030098, 41.923849994262824 ], [ 44.556278632862451, 41.923839221717493 ], [ 44.556271890575402, 41.923776642826496 ], [ 44.55623678129097, 41.923665678983781 ], [ 44.556220289168891, 41.923626300744907 ], [ 44.556220561595822, 41.923586987296936 ], [ 44.556216119964695, 41.923540495256454 ], [ 44.556233243649238, 41.923488727540139 ], [ 44.556226326727206, 41.923451187657875 ], [ 44.556200236071255, 41.923413528635969 ], [ 44.556166944835049, 41.923379444479245 ], [ 44.556131227981886, 41.923356023945495 ], [ 44.556092988620776, 41.923339844089639 ], [ 44.556081258206362, 41.923318362653639 ], [ 44.556086220079315, 41.923289785376696 ], [ 44.556206881800023, 41.923141955503596 ], [ 44.556303479480299, 41.923020737557557 ], [ 44.556368615273463, 41.922949520594457 ], [ 44.556396329669496, 41.922918329177342 ], [ 44.556509058519417, 41.922879450121592 ], [ 44.556609775029848, 41.922851242614563 ], [ 44.556648138800689, 41.922840717737287 ], [ 44.556693802516754, 41.922812252544567 ], [ 44.556763503682326, 41.922769604408629 ], [ 44.556869269716977, 41.922691338579241 ], [ 44.556876654792894, 41.922669976024252 ], [ 44.55686011158609, 41.922646674739958 ], [ 44.556833946715251, 41.922619733614901 ], [ 44.556836519149279, 41.922596551135776 ], [ 44.556864120719005, 41.922581436234985 ], [ 44.556885832773581, 41.922554724912935 ], [ 44.556888491804386, 41.922519023369752 ], [ 44.556898227920101, 41.922497579817751 ], [ 44.556948642102419, 41.922470979239129 ], [ 44.557011216708851, 41.922421143977942 ], [ 44.557092829773445, 41.92239110512358 ], [ 44.557181473402288, 41.922364606861557 ], [ 44.557284858723634, 41.922307812585842 ], [ 44.557373821396624, 41.92224384818077 ], [ 44.557383679234832, 41.922213487461725 ], [ 44.557362178918467, 41.922200885185056 ], [ 44.557338203403383, 41.92220615178254 ], [ 44.557290202866255, 41.922223845146462 ], [ 44.557242325898684, 41.922223660546543 ], [ 44.557228074767252, 41.922209329878498 ], [ 44.557228247869148, 41.922184291750888 ], [ 44.557240309344706, 41.922166459839481 ], [ 44.557276481907621, 41.922132643824341 ], [ 44.557329381659571, 41.922095334614241 ], [ 44.557351229368969, 41.922048943951623 ], [ 44.557353127730323, 41.922013330430197 ], [ 44.557354000748241, 41.921997120724889 ], [ 44.557366395796741, 41.92193101384531 ], [ 44.557370143159446, 41.921912294227248 ], [ 44.557320041345534, 41.921876344241113 ], [ 44.557277195623804, 41.921863659654228 ], [ 44.557258121162853, 41.921840348664524 ], [ 44.557253666435891, 41.921795657951272 ], [ 44.557285051983079, 41.921756464449977 ], [ 44.557342690679974, 41.921722686139134 ], [ 44.557347577473216, 41.921704871589824 ], [ 44.557333447464238, 41.92168157967275 ], [ 44.557316834006251, 41.921660079531875 ], [ 44.557293018106364, 41.921642109290801 ], [ 44.557279233976324, 41.9215687861386 ], [ 44.557286596275524, 41.921533058580494 ], [ 44.557310744614028, 41.921502752960421 ], [ 44.557380567182065, 41.92144227151767 ], [ 44.557441487617545, 41.921422196083554 ], [ 44.557562846266016, 41.921382178361391 ], [ 44.557646831427469, 41.921357508170487 ], [ 44.557682822347978, 41.921332608016812 ], [ 44.55770706779429, 41.921288027868563 ], [ 44.557740901719654, 41.921243484645856 ], [ 44.557815388540668, 41.921197296618466 ], [ 44.557853837860229, 41.921174207229932 ], [ 44.557941264524118, 41.92116648278774 ], [ 44.558025066794393, 41.921159690038479 ], [ 44.558058678563398, 41.921147300008322 ], [ 44.558080425380631, 41.921124146257824 ], [ 44.558080536308843, 41.921108069613425 ], [ 44.558076045396412, 41.921105250325716 ], [ 44.558066187065194, 41.921099052659088 ], [ 44.558047049472314, 41.921093619978237 ], [ 44.558037659515477, 41.921064987365298 ], [ 44.558037906253006, 41.921029231466896 ], [ 44.558026201695114, 41.920995230919956 ], [ 44.558026436008042, 41.920961276325905 ], [ 44.558038068615673, 41.920944884658503 ], [ 44.55805298446294, 41.920923865342345 ], [ 44.558099126833064, 41.920834650804935 ], [ 44.558118548030471, 41.92079005199956 ], [ 44.558154647830598, 41.92075803677114 ], [ 44.558164394160322, 41.920734836825019 ], [ 44.558188689640545, 41.920683096385581 ], [ 44.558217699151925, 41.920638534454305 ], [ 44.558263458743355, 41.920595838306909 ], [ 44.558311618347958, 41.920554862657845 ], [ 44.558351451592301, 41.920505883977548 ], [ 44.558390294635871, 41.920425602970759 ], [ 44.558393236211984, 41.920348786588292 ], [ 44.558381422230276, 41.920321900996186 ], [ 44.558357607730095, 41.920303930977305 ], [ 44.558369888764723, 41.920271824064358 ], [ 44.558396376433848, 41.920234412762667 ], [ 44.55843262269677, 41.92018983357066 ], [ 44.558452092824822, 41.92013807451405 ], [ 44.558483575226369, 41.920084605323432 ], [ 44.558534430398979, 41.919993652398887 ], [ 44.558597444523471, 41.919879508738248 ], [ 44.558674712058405, 41.919779650511614 ], [ 44.558849862457542, 41.919536465390372 ], [ 44.558912677840695, 41.919459788927142 ], [ 44.5589321730588, 41.919404472206033 ], [ 44.558934868009686, 41.919363367574086 ], [ 44.558951851644871, 41.919331277755774 ], [ 44.558999863052144, 41.919302865676521 ], [ 44.559062481943883, 41.919245913190117 ], [ 44.559115575407731, 41.919179962363771 ], [ 44.559144582201249, 41.919144361907037 ], [ 44.559139968086946, 41.919113901323207 ], [ 44.559144889984907, 41.919099644496001 ], [ 44.559154465642692, 41.91909256681511 ], [ 44.55918337444443, 41.919071195761376 ], [ 44.559212260693705, 41.919044512423056 ], [ 44.559280902344042, 41.918979566011551 ], [ 44.559360282777938, 41.918922677690617 ], [ 44.559429977926719, 41.91888002787843 ], [ 44.559516325534283, 41.918844602284025 ], [ 44.559605169612539, 41.918805628526364 ], [ 44.559703576754401, 41.918761377376725 ], [ 44.559785173112971, 41.918724132007327 ], [ 44.559869168804973, 41.918688697129618 ], [ 44.559931589850748, 41.918660340788648 ], [ 44.559986860486752, 41.918628352505529 ], [ 44.56004215639404, 41.918592852554006 ], [ 44.560071039973643, 41.91856612305218 ], [ 44.560095124316369, 41.918544779217186 ], [ 44.56013595858883, 41.918525255861269 ], [ 44.560205529728577, 41.918500528565865 ], [ 44.560234565917, 41.918478077821199 ], [ 44.560258449500957, 41.918459615348148 ], [ 44.560313560286758, 41.918450864654048 ], [ 44.56037715831912, 41.918418053325652 ], [ 44.560437472449948, 41.918353975908552 ], [ 44.560493025557747, 41.918271957669511 ], [ 44.560558421866091, 41.918161378784092 ], [ 44.560621564038605, 41.918027599707436 ], [ 44.56064125379006, 41.917943641902966 ], [ 44.560668926128265, 41.917856247029917 ], [ 44.560677985835738, 41.917827640169591 ], [ 44.560708290230444, 41.917769662453615 ], [ 44.560766352142707, 41.917673377042476 ], [ 44.560817201298178, 41.917591339741776 ], [ 44.560836830419866, 41.917516343399932 ], [ 44.560854117658693, 41.91743958177755 ], [ 44.560875801905674, 41.917416427241278 ], [ 44.560880736773001, 41.917391407295817 ], [ 44.5608713816723, 41.917366377736379 ], [ 44.560869080438586, 41.917350246819538 ], [ 44.560881202313048, 41.917323498038662 ], [ 44.560951115093488, 41.917248693955464 ], [ 44.561008398349678, 41.917186721225896 ], [ 44.561022729215125, 41.9171015719756 ], [ 44.561070180997902, 41.916881672957935 ], [ 44.561102006454355, 41.91671597997469 ], [ 44.561075781537944, 41.916618696685703 ], [ 44.560996058473762, 41.916524046002721 ], [ 44.56084420766787, 41.916343374980848 ], [ 44.560799246078446, 41.91620882200074 ], [ 44.560815068255373, 41.916126020226372 ], [ 44.560854568949573, 41.91594896308019 ], [ 44.560879010135075, 41.91573465035988 ], [ 44.56091279252044, 41.915556130229881 ], [ 44.560898126195482, 41.915461728212435 ], [ 44.560856274695716, 41.91541869593091 ], [ 44.560860681959916, 41.915338687616646 ], [ 44.560873254297448, 41.915175804088463 ], [ 44.560915966554283, 41.915093059180393 ], [ 44.561012511042968, 41.914959092296655 ], [ 44.561020656606459, 41.914887654695185 ], [ 44.56102496580182, 41.914821921727146 ], [ 44.561040712276949, 41.914767671082124 ], [ 44.561040966849639, 41.914730519116667 ], [ 44.561014313226579, 41.914696101418528 ], [ 44.560991636141544, 41.914661743950901 ], [ 44.560991930243311, 41.914618827801178 ], [ 44.561007843335801, 41.914540259507831 ], [ 44.561017642923829, 41.914491750463029 ], [ 44.561029870245882, 41.914440548665787 ], [ 44.561060223671774, 41.914313534088556 ], [ 44.561101081091813, 41.914158188311504 ], [ 44.561132382624429, 41.914059954876542 ], [ 44.561157314774711, 41.913993760305054 ], [ 44.561191771648197, 41.913874956628909 ], [ 44.561235653766282, 41.91373565440896 ], [ 44.56128843630249, 41.913626064397306 ], [ 44.561367681076213, 41.913446861204527 ], [ 44.561398684334264, 41.913392083334436 ], [ 44.561454102439995, 41.913346585611912 ], [ 44.561515670363704, 41.913301066312073 ], [ 44.561638698513832, 41.913216917384155 ], [ 44.561755495969955, 41.91315337005981 ], [ 44.561896724388284, 41.913096715944462 ], [ 44.562096392274597, 41.91301988418229 ], [ 44.562144495109926, 41.912977195360128 ], [ 44.562247923922115, 41.912902518220093 ], [ 44.562356112963592, 41.912827859128249 ], [ 44.562392229538602, 41.912792239870498 ], [ 44.562435556217132, 41.912760250786427 ], [ 44.562459662181311, 41.912735303802975 ], [ 44.56248393971962, 41.912676401921075 ], [ 44.562498825852572, 41.912606792122908 ], [ 44.562501383519106, 41.912576403096004 ], [ 44.562478773405537, 41.912541235554642 ], [ 44.56244119093261, 41.91248254830397 ], [ 44.562420907560856, 41.91245099232745 ], [ 44.562556195341259, 41.912398908210221 ], [ 44.562862310669836, 41.912281094426262 ], [ 44.562903346626179, 41.912240135599255 ], [ 44.562953714828708, 41.9122098835062 ], [ 44.563004324578685, 41.91216188985949 ], [ 44.563060763119871, 41.912134408787864 ], [ 44.563137525138004, 41.912106104331812 ], [ 44.56322573918348, 41.912059506486301 ], [ 44.563238332203021, 41.912052852442166 ], [ 44.563305604927265, 41.912019152747028 ], [ 44.563396691206037, 41.911994460268005 ], [ 44.563463805922304, 41.911975080655409 ], [ 44.563478301026706, 41.911953654594278 ], [ 44.563473684261361, 41.911932200912773 ], [ 44.563447459870765, 41.91191422276367 ], [ 44.563378371913267, 41.911869286470818 ], [ 44.563338175103979, 41.911813741938111 ], [ 44.563292827805533, 41.911788530644948 ], [ 44.563247382117787, 41.911786601480543 ], [ 44.563211439301384, 41.911788221088891 ], [ 44.563178075213173, 41.911773818430987 ], [ 44.563161461428713, 41.911752274064177 ], [ 44.563156857573524, 41.91172010235254 ], [ 44.563178635864411, 41.911691588680618 ], [ 44.56321951413377, 41.911655987268333 ], [ 44.56325333909561, 41.911611442304327 ], [ 44.563255969814897, 41.911579299012452 ], [ 44.563244325759264, 41.911527419815116 ], [ 44.563207937009714, 41.911426270384887 ], [ 44.563177327776167, 41.911352883805499 ], [ 44.563175355898444, 41.911288567904776 ], [ 44.563178375681026, 41.911199187113056 ], [ 44.563181325296455, 41.911111607408728 ], [ 44.56322441274537, 41.910990495927678 ], [ 44.563268274060967, 41.910879833433704 ], [ 44.563278007223438, 41.910840555859281 ], [ 44.563261540168703, 41.910806537672173 ], [ 44.563228456862554, 41.910751020146357 ], [ 44.563219249033715, 41.910695548394493 ], [ 44.563212976468876, 41.910563259974957 ], [ 44.563192013820213, 41.910481038403503 ], [ 44.563161149593491, 41.910445119043189 ], [ 44.563159777720848, 41.910442952197059 ], [ 44.563125668552424, 41.910387791006997 ], [ 44.563035913899519, 41.910208710845744 ], [ 44.562979276121347, 41.910097711007985 ], [ 44.562943506592688, 41.910038535424441 ], [ 44.562915367844681, 41.909991998367822 ], [ 44.562891945199645, 41.909925799440174 ], [ 44.562872062252737, 41.909853309235061 ], [ 44.562858286989503, 41.909769268563188 ], [ 44.562859165083538, 41.909640565003563 ], [ 44.562874073999183, 41.909558434878953 ], [ 44.56290322169599, 41.909492391022255 ], [ 44.562946753219428, 41.909430004616603 ], [ 44.563014170047843, 41.909365952768717 ], [ 44.563028451075049, 41.909358171213874 ], [ 44.563095801313146, 41.909321544714231 ], [ 44.563256492559859, 41.909264962929505 ], [ 44.563348774213551, 41.909241220731552 ], [ 44.563504617447549, 41.909197094556546 ], [ 44.563547923662476, 41.90918537021178 ], [ 44.563614906837294, 41.909167160880365 ], [ 44.563696404636936, 41.909142431708489 ], [ 44.563775475214413, 41.909128502297285 ], [ 44.563843658879293, 41.909128761296039 ], [ 44.563861624159848, 41.909128829531234 ], [ 44.5639884059905, 41.909129310990323 ], [ 44.56414635676493, 41.90912090293601 ], [ 44.5642468902521, 41.909115926343411 ], [ 44.564263737948167, 41.909112071423792 ], [ 44.56431638895431, 41.909100112044648 ], [ 44.56438114950457, 41.909080677917103 ], [ 44.564405289443414, 41.909050416634585 ], [ 44.564405447408923, 41.909027180635952 ], [ 44.564405751105795, 41.908982508147126 ], [ 44.564406091545507, 41.908932430827122 ], [ 44.564415871745787, 41.90889495467701 ], [ 44.564442605481489, 41.908837863012124 ], [ 44.564478827909113, 41.908786166364429 ], [ 44.564541370999585, 41.908738127199406 ], [ 44.564589256506714, 41.908696184956284 ], [ 44.564590920730517, 41.9086947222603 ], [ 44.564619607257292, 41.908669612036128 ], [ 44.564651562726894, 41.908642521897526 ], [ 44.56470140600964, 41.908600255579522 ], [ 44.564752109476231, 41.908537849729932 ], [ 44.564807757077034, 41.90844871334901 ], [ 44.564873087423216, 41.908336376129078 ], [ 44.564931194710283, 41.908240088612231 ], [ 44.564986914863539, 41.908140190208243 ], [ 44.564999376868791, 41.908107226653499 ], [ 44.565008215688927, 41.908084022633567 ], [ 44.565011224691759, 41.90807592792634 ], [ 44.565035849391464, 41.907974154476122 ], [ 44.565051833651168, 41.907910762226471 ], [ 44.56506407397729, 41.907875096689061 ], [ 44.565095338394784, 41.907842970814144 ], [ 44.565131595251678, 41.907794922729366 ], [ 44.565194258202602, 41.907729004285066 ], [ 44.565225486501461, 41.907711244058397 ], [ 44.565256702561683, 41.907695285133777 ], [ 44.565297552673876, 41.907663285560787 ], [ 44.565314360627006, 41.907647272076574 ], [ 44.565321837359356, 41.907611543443629 ], [ 44.565357064477858, 41.9075375059126 ], [ 44.56539572245228, 41.907482215467262 ], [ 44.565444047793392, 41.90741448719556 ], [ 44.565456118495511, 41.907394898082472 ], [ 44.565463436515614, 41.907373489626409 ], [ 44.565463667386567, 41.907339444852191 ], [ 44.565483455929169, 41.907248371065897 ], [ 44.56549631290563, 41.90711264242492 ], [ 44.565499354533806, 41.907019703906421 ], [ 44.565491130118275, 41.90694559107321 ], [ 44.565488048709739, 41.906917794379957 ], [ 44.565458711223826, 41.906834595766263 ], [ 44.565439711418136, 41.906818446753569 ], [ 44.565389554599939, 41.906800378463132 ], [ 44.565346693880215, 41.906773376015522 ], [ 44.565303869447732, 41.906732142967158 ], [ 44.565265868386689, 41.906690838995971 ], [ 44.565252943828014, 41.906667641723921 ], [ 44.565244307158345, 41.906652207421246 ], [ 44.565239899621425, 41.906644309796199 ], [ 44.565218875415169, 41.90657095998904 ], [ 44.565190775189258, 41.906474300841097 ], [ 44.565169000126197, 41.90633393768691 ], [ 44.56515525983076, 41.90624458336525 ], [ 44.565151345470838, 41.906119419237747 ], [ 44.565151976209215, 41.906026471583196 ], [ 44.56515250976755, 41.905947844350997 ], [ 44.565157673661318, 41.90588886944834 ], [ 44.565175049645212, 41.905797786556434 ], [ 44.565210275918126, 41.905723749043119 ], [ 44.565218019730231, 41.905639745033675 ], [ 44.565244630288923, 41.905591614435423 ], [ 44.565264019880892, 41.905559488575975 ], [ 44.565304831061475, 41.905532847878703 ], [ 44.565381608105369, 41.905509900977457 ], [ 44.565420021316783, 41.905481449805464 ], [ 44.565434696886008, 41.905433273993424 ], [ 44.565439798315701, 41.905392177310773 ], [ 44.565459221856138, 41.905345775786152 ], [ 44.565459355295069, 41.905326097359335 ], [ 44.565449928657316, 41.90531178502718 ], [ 44.565416471100981, 41.905302696657586 ], [ 44.565397398052355, 41.905288348714507 ], [ 44.565388127816604, 41.905250800355716 ], [ 44.565400476058329, 41.905190051267745 ], [ 44.565408001189873, 41.90513824567914 ], [ 44.565401094192524, 41.905098905807172 ], [ 44.565398925395101, 41.905063139747249 ], [ 44.565408679787289, 41.905038182824995 ], [ 44.565436513735506, 41.904996271491143 ], [ 44.565501512394952, 41.904932164842457 ], [ 44.565568897800865, 41.904871668099887 ], [ 44.565617065126915, 41.904818214885637 ], [ 44.565662930650134, 41.90476655430227 ], [ 44.565722996898309, 41.904727466842644 ], [ 44.565768581265026, 41.904716921146232 ], [ 44.565845199739918, 41.904717210847579 ], [ 44.56591201700946, 41.90473178424299 ], [ 44.565978699118638, 41.904774863576741 ], [ 44.566025108917579, 41.904811741643698 ], [ 44.5660537550256, 41.904818966163397 ], [ 44.566084981364448, 41.904801249818334 ], [ 44.566106744177318, 41.904765575097393 ], [ 44.56614055157111, 41.904722785481816 ], [ 44.566198399400456, 41.90466405459032 ], [ 44.566246506900335, 41.904619517605113 ], [ 44.566299276909923, 41.904598280759913 ], [ 44.566349684906363, 41.904578836328476 ], [ 44.566383334859836, 41.904550366840809 ], [ 44.566419444457132, 41.904523662954162 ], [ 44.566441206684111, 41.904488033199577 ], [ 44.566462884498264, 41.904464877525839 ], [ 44.566515776751309, 41.904425717530074 ], [ 44.566575757490945, 41.904399148736509 ], [ 44.566671703524257, 41.904367357494685 ], [ 44.566762703970475, 41.904353379156923 ], [ 44.566784296993028, 41.904342742540074 ], [ 44.566810797162141, 41.904319605893171 ], [ 44.566813305225942, 41.904296376935285 ], [ 44.566813486345993, 41.904269582417875 ], [ 44.566840022391496, 41.904241131893016 ], [ 44.566912084078091, 41.904201998085306 ], [ 44.567069160136697, 41.904133823539368 ], [ 44.567131637455596, 41.904103661149733 ], [ 44.567189265457841, 41.904077083164921 ], [ 44.567265944827355, 41.90405949366793 ], [ 44.567371351876389, 41.904036653313113 ], [ 44.567452755997024, 41.904024441432448 ], [ 44.56755822460638, 41.903992638480325 ], [ 44.567682910268303, 41.903953838349828 ], [ 44.567812442883934, 41.903911408575418 ], [ 44.567865117783903, 41.903895530590276 ], [ 44.5679073738171, 41.903877799409713 ], [ 44.567965832705674, 41.903853261496195 ], [ 44.567987595877355, 41.903844157347109 ], [ 44.568081067774642, 41.903803392957478 ], [ 44.5682011231454, 41.90374489410717 ], [ 44.568301985242847, 41.903689836527242 ], [ 44.568374044581311, 41.903641876033262 ], [ 44.568425783585894, 41.903603611494788 ], [ 44.568481132831593, 41.90354842863195 ], [ 44.56854143690483, 41.903482544475125 ], [ 44.568572818681723, 41.903432584618692 ], [ 44.56860919106385, 41.903366612312645 ], [ 44.568638450029773, 41.90328273299022 ], [ 44.568648311396778, 41.903241654027802 ], [ 44.568665490417871, 41.903179166385684 ], [ 44.568704213809646, 41.90311315694256 ], [ 44.568760079654666, 41.902981102006677 ], [ 44.568797772632358, 41.902898155889972 ], [ 44.568819748405204, 41.902830327190962 ], [ 44.568834600161267, 41.902755311338368 ], [ 44.5688351657993, 41.90267123505086 ], [ 44.568835237293115, 41.902660608204322 ], [ 44.568840384190899, 41.902603433493098 ], [ 44.568854960782936, 41.90256948757829 ], [ 44.568896117228022, 41.902499974548491 ], [ 44.568941905145934, 41.902450068663946 ], [ 44.568966184884466, 41.902398325706038 ], [ 44.569014515602056, 41.902328839560255 ], [ 44.569042810399409, 41.902298547822525 ], [ 44.569084402421559, 41.90225403020861 ], [ 44.569119297615849, 41.902219304856601 ], [ 44.569181866821822, 41.902165904155737 ], [ 44.569251669126189, 41.902103613826235 ], [ 44.569268606937726, 41.902076882147831 ], [ 44.569295080702432, 41.90204843080933 ], [ 44.569379289810989, 41.901977186740339 ], [ 44.569451491999402, 41.901916706645203 ], [ 44.569516531698739, 41.901854398294923 ], [ 44.569545451530587, 41.901820551089777 ], [ 44.569569622569077, 41.901784884718509 ], [ 44.569603305610173, 41.901751055352079 ], [ 44.569673046880929, 41.901697726292959 ], [ 44.569755511471776, 41.901643770252662 ], [ 44.569798015178684, 41.901615962493622 ], [ 44.569872411364834, 41.901569766118349 ], [ 44.569934762490405, 41.901557480201618 ], [ 44.570034107874619, 41.901539073049676 ], [ 44.570161272001691, 41.901498478126641 ], [ 44.570266817850005, 41.901454154412399 ], [ 44.570312363929219, 41.901440049076015 ], [ 44.570365035490767, 41.901433085748778 ], [ 44.570393704442857, 41.901436750689825 ], [ 44.570436827767139, 41.901433354326336 ], [ 44.570511078960543, 41.90141750989239 ], [ 44.570549463532323, 41.901401621351958 ], [ 44.570585438132881, 41.901385723786703 ], [ 44.570609571621674, 41.901355371061932 ], [ 44.570643302402097, 41.901323297890784 ], [ 44.570696165074914, 41.901287783584806 ], [ 44.570787472720653, 41.90122732903 ], [ 44.570866820881463, 41.901170432428323 ], [ 44.570960492313475, 41.901117192904984 ], [ 44.571000302819414, 41.901068163631436 ], [ 44.571010138208024, 41.90103068706992 ], [ 44.571017454539671, 41.901000316465691 ], [ 44.571075426231864, 41.900921903685621 ], [ 44.571118776076297, 41.900875590528564 ], [ 44.571171711333484, 41.900829313150084 ], [ 44.57124135359436, 41.900790258530023 ], [ 44.571318026722743, 41.900772667189827 ], [ 44.571430457944956, 41.900771284585275 ], [ 44.571523816437164, 41.900764517598013 ], [ 44.571615003445388, 41.900730902181252 ], [ 44.571662947725031, 41.900709599815919 ], [ 44.571756485736955, 41.900675948021664 ], [ 44.571787057556129, 41.90066543400691 ], [ 44.571833217860863, 41.900649483961672 ], [ 44.571844049485442, 41.900643264623888 ], [ 44.571911281213609, 41.900604200608115 ], [ 44.571973762906822, 41.900563318389153 ], [ 44.572014844315099, 41.900504521120752 ], [ 44.572039036795339, 41.900456334852201 ], [ 44.572072658748169, 41.900440383015834 ], [ 44.572100058056776, 41.900435532277541 ], [ 44.572104463466452, 41.900434783115301 ], [ 44.572142122377805, 41.900428122400996 ], [ 44.57218773915956, 41.900403253458357 ], [ 44.57221488528625, 41.900382143580259 ], [ 44.572233427137199, 41.900367711708249 ], [ 44.572263246802798, 41.900343414364706 ], [ 44.572281550524984, 41.900328531257969 ], [ 44.572334399752464, 41.900294772465458 ], [ 44.572425502564776, 41.900264758806621 ], [ 44.572533217469264, 41.900256198057512 ], [ 44.572626563390997, 41.900251186450937 ], [ 44.572638965924327, 41.900253439273335 ], [ 44.572676715130058, 41.900260334849875 ], [ 44.572715003607968, 41.900258675963215 ], [ 44.572784705251607, 41.9002106588595 ], [ 44.572864206446013, 41.900130523896813 ], [ 44.572989357835247, 41.900020206628845 ], [ 44.573079533359177, 41.899948126355007 ], [ 44.573118070269238, 41.899908955845262 ], [ 44.573135233232577, 41.899848267892636 ], [ 44.573155019272782, 41.899755391284614 ], [ 44.573160307189895, 41.899739785045902 ], [ 44.573172049296801, 41.899705421821103 ], [ 44.573210765631316, 41.899639455819937 ], [ 44.57322298720608, 41.899605500577863 ], [ 44.573230433662509, 41.899564457251564 ], [ 44.573230659745157, 41.899530502461879 ], [ 44.573221290059998, 41.899498268335897 ], [ 44.573200056568155, 41.899455317960637 ], [ 44.573176293279204, 41.899430189838121 ], [ 44.573145237966081, 41.899422914001434 ], [ 44.573092913580311, 41.899378045772941 ], [ 44.573052476425936, 41.899340382121686 ], [ 44.57304551793797, 41.899308156945011 ], [ 44.573013965437859, 41.899194554864813 ], [ 44.573009584562961, 41.899137344501547 ], [ 44.573019489869594, 41.899089149923093 ], [ 44.573026888996296, 41.899055221801696 ], [ 44.573039026279716, 41.899024868982004 ], [ 44.573065545690525, 41.898998172351313 ], [ 44.573118286334882, 41.89898048992184 ], [ 44.573175730332707, 41.8989717876157 ], [ 44.57319262909035, 41.898950368307425 ], [ 44.573192795815032, 41.898925330024952 ], [ 44.573171468678858, 41.898896654168645 ], [ 44.573159745921885, 41.898855539590656 ], [ 44.573152896286302, 41.898834122981782 ], [ 44.573136364629647, 41.898782138233258 ], [ 44.573084409110891, 41.89867291688315 ], [ 44.57305145573546, 41.898597722693765 ], [ 44.573022052737187, 41.898523442374973 ], [ 44.573002979980139, 41.898509095679671 ], [ 44.572981437654704, 41.898512573262011 ], [ 44.572967175009232, 41.898500045807154 ], [ 44.57292923323979, 41.898449826900666 ], [ 44.572867479871356, 41.898372769219677 ], [ 44.572832009574228, 41.898322559472746 ], [ 44.572832259566852, 41.898285047079533 ], [ 44.572841996601184, 41.898244012289602 ], [ 44.572835205748142, 41.898195710579053 ], [ 44.572802145759795, 41.898136593054765 ], [ 44.572783038655061, 41.898127605240667 ], [ 44.572754334415066, 41.898129254776315 ], [ 44.57274249494133, 41.898114934948126 ], [ 44.572737898896349, 41.898081008144459 ], [ 44.572740620015281, 41.898034497242712 ], [ 44.572745655858704, 41.89799339993376 ], [ 44.572762615129378, 41.897963065078059 ], [ 44.572815521568124, 41.89792038952821 ], [ 44.572820522493195, 41.897893567864685 ], [ 44.572817197366263, 41.89784982747684 ], [ 44.572851187468906, 41.89777839487887 ], [ 44.572887313086397, 41.897739260495541 ], [ 44.572904332238814, 41.897699918138258 ], [ 44.572904558179374, 41.89766600837185 ], [ 44.572897540223039, 41.897642745623905 ], [ 44.572876046800715, 41.897639107996106 ], [ 44.572856746873029, 41.897658715169904 ], [ 44.572842187038205, 41.897690816193411 ], [ 44.572813388769298, 41.897706785307619 ], [ 44.5727965250328, 41.897722799713804 ], [ 44.572784351321857, 41.897749594692883 ], [ 44.57276985086542, 41.897772778293799 ], [ 44.572741159696207, 41.897772671548815 ], [ 44.572722112078395, 41.897763638911442 ], [ 44.572705355473637, 41.897763576562689 ], [ 44.572688515405538, 41.897776034255145 ], [ 44.572667069318186, 41.897774152189953 ], [ 44.57265508565969, 41.897763389501804 ], [ 44.572662472805227, 41.897731263612428 ], [ 44.57266990769002, 41.897691975691743 ], [ 44.572691964243027, 41.897620543764972 ], [ 44.572738006242908, 41.897531367609659 ], [ 44.572769493322532, 41.897437543817013 ], [ 44.572772137983684, 41.897429627670633 ], [ 44.572788211870602, 41.897396452371574 ], [ 44.572810948771512, 41.897349341313898 ], [ 44.572883333331333, 41.897260218052892 ], [ 44.572909838863175, 41.897235322758121 ], [ 44.57297711404879, 41.89718909874599 ], [ 44.57301667158427, 41.897177626160293 ], [ 44.573083732188095, 41.897163600604806 ], [ 44.573112530456953, 41.897147584585632 ], [ 44.573134298430631, 41.89711015217209 ], [ 44.573173121466368, 41.89703698110727 ], [ 44.573185508064952, 41.896969115855804 ], [ 44.573188298957696, 41.896903016298687 ], [ 44.573174561378117, 41.896820733131861 ], [ 44.573138923158403, 41.896777728284789 ], [ 44.573076850803957, 41.896757817673098 ], [ 44.573002915512554, 41.896727144823039 ], [ 44.572952970410441, 41.896714529712845 ], [ 44.572924086620688, 41.896707216855432 ], [ 44.57288045961856, 41.896687374734249 ], [ 44.572840615524221, 41.896669348028439 ], [ 44.572826472452384, 41.89663894249361 ], [ 44.572814954388477, 41.896567386532958 ], [ 44.572791204867485, 41.896549418778882 ], [ 44.57277454372219, 41.89653508101285 ], [ 44.572753252072246, 41.896501046152025 ], [ 44.572741472084083, 41.896468803003046 ], [ 44.572690504757318, 41.89640160274773 ], [ 44.572614647588495, 41.896297652149876 ], [ 44.572533908978983, 41.896202645099244 ], [ 44.572484296825692, 41.896113067887114 ], [ 44.572470368487863, 41.896050508815847 ], [ 44.572478931572775, 41.896022799739761 ], [ 44.572489930048889, 41.89600951061545 ], [ 44.572505425427131, 41.895990744080116 ], [ 44.572508051107476, 41.895958554530694 ], [ 44.572498753469297, 41.895915647532078 ], [ 44.572469436111973, 41.895828802865978 ], [ 44.572450913223506, 41.895741187768266 ], [ 44.572437855941835, 41.89555708510639 ], [ 44.572443117736299, 41.895473071210255 ], [ 44.572450600231477, 41.895426623956418 ], [ 44.572477452045376, 41.895349896781219 ], [ 44.572516416881953, 41.895246372610124 ], [ 44.572552803703267, 41.895167879547671 ], [ 44.572613035680121, 41.895101947843123 ], [ 44.572675570979555, 41.895052147759401 ], [ 44.572711492850807, 41.895043364686828 ], [ 44.572728308468335, 41.89503446638296 ], [ 44.572728451345533, 41.895013029817036 ], [ 44.572692946435645, 41.894959262182695 ], [ 44.572684921215199, 41.894906497474267 ], [ 44.572687938481742, 41.894815359828542 ], [ 44.572696016254952, 41.894679567254073 ], [ 44.572701814801739, 41.894533048095745 ], [ 44.572695642589267, 41.894373919896346 ], [ 44.572699669014, 41.894303366549813 ], [ 44.572704198560785, 41.894283928701682 ], [ 44.572707116002363, 41.894271239959842 ], [ 44.572728716643148, 41.894258800869537 ], [ 44.572771846473266, 41.894244640510671 ], [ 44.572836565447325, 41.89422880411604 ], [ 44.572851393654567, 41.894218541974936 ], [ 44.572911045610411, 41.894177246965256 ], [ 44.57293286037784, 41.894132654332353 ], [ 44.572956255531125, 41.894031775028623 ], [ 44.572975982350684, 41.893956777548716 ], [ 44.573005028168971, 41.893894332375865 ], [ 44.573018470974745, 41.893848808814958 ], [ 44.573011370306517, 41.893838019278775 ], [ 44.572982716598446, 41.893832552783955 ], [ 44.572973204763969, 41.893821799313606 ], [ 44.572973288154195, 41.893809280161513 ], [ 44.572987870716162, 41.893773622395123 ], [ 44.573019506646823, 41.893693309235402 ], [ 44.573039434846187, 41.893578996872641 ], [ 44.573054076999121, 41.893534377544185 ], [ 44.573068778804384, 41.893480797562127 ], [ 44.573083564569927, 41.893414786693462 ], [ 44.573074278290875, 41.89336998833501 ], [ 44.573041137157681, 41.89332338999364 ], [ 44.572991061283673, 41.893294608088851 ], [ 44.572955378315633, 41.893267679245916 ], [ 44.57291520904333, 41.893199618528257 ], [ 44.572889476522555, 41.893108374825637 ], [ 44.572885238370993, 41.893020766949654 ], [ 44.572885667096472, 41.892956414896744 ], [ 44.572878850268872, 41.892930179729603 ], [ 44.572869388758605, 41.892893802065444 ], [ 44.572864876106358, 41.892847401116335 ], [ 44.572865245743785, 41.892791920548596 ], [ 44.572880007247022, 41.892729377229522 ], [ 44.572875448060728, 41.892699008226565 ], [ 44.572851734788102, 41.892666764816646 ], [ 44.572795889263574, 41.892608463162567 ], [ 44.572729535953819, 41.892517067395545 ], [ 44.572701931686204, 41.89247161630238 ], [ 44.572689293903657, 41.892450807681698 ], [ 44.572672789560713, 41.892422149648141 ], [ 44.572672968456693, 41.89239531002157 ], [ 44.572673194777771, 41.892361355191824 ], [ 44.572654397979299, 41.892305893366036 ], [ 44.572633287596126, 41.892245063874974 ], [ 44.572583451953456, 41.892189441488142 ], [ 44.572523947928673, 41.892137385813797 ], [ 44.572469160126069, 41.892110386598006 ], [ 44.5724189067599, 41.892108398136855 ], [ 44.572375801722607, 41.892119045806119 ], [ 44.572363736754546, 41.892129673948737 ], [ 44.572356469373389, 41.89214392267975 ], [ 44.572334954092362, 41.892143842557417 ], [ 44.572296740749252, 41.892134783500246 ], [ 44.572265785811766, 41.892113186965958 ], [ 44.572248989761576, 41.892101010245682 ], [ 44.572248400579788, 41.892098981518856 ], [ 44.572237250710764, 41.892089888143083 ], [ 44.572180016333355, 41.892059231917905 ], [ 44.572158869212743, 41.892003806286667 ], [ 44.572128175550063, 41.891942895962188 ], [ 44.572087499063002, 41.891878660945402 ], [ 44.572058334226845, 41.891832707602902 ], [ 44.571999119107893, 41.891746697055439 ], [ 44.571985083925142, 41.891700169603652 ], [ 44.571959152023481, 41.891648283789145 ], [ 44.571923481988598, 41.891610592429274 ], [ 44.571887979616456, 41.891556824526077 ], [ 44.571831007828365, 41.89148694444264 ], [ 44.571793058008069, 41.891429654727609 ], [ 44.571741267266873, 41.891315030066309 ], [ 44.571710621555638, 41.891247049455643 ], [ 44.571693205583564, 41.891174524705264 ], [ 44.571686319930969, 41.89113162660216 ], [ 44.571691415737263, 41.891081567736549 ], [ 44.571713361031584, 41.891008379171396 ], [ 44.571728897722046, 41.890974256263952 ], [ 44.571744985841967, 41.890938784388815 ], [ 44.571781288714078, 41.890872809765312 ], [ 44.571812541535884, 41.890849688724387 ], [ 44.571819856706774, 41.89082827978735 ], [ 44.571815346270114, 41.890790705465122 ], [ 44.571806383958176, 41.890697765881932 ], [ 44.571804714073743, 41.8905958475763 ], [ 44.571813595487512, 41.89052040360496 ], [ 44.571781598820934, 41.890474260387755 ], [ 44.571705857462405, 41.890354231461068 ], [ 44.571634710908533, 41.890259169393453 ], [ 44.571575390070201, 41.890189280406467 ], [ 44.57153018631616, 41.890153400645744 ], [ 44.571494601403458, 41.890112151770381 ], [ 44.571458856505743, 41.890067794035552 ], [ 44.571428133851917, 41.89002967063378 ], [ 44.571356891181466, 41.889957935676783 ], [ 44.571285386659838, 41.889916552657887 ], [ 44.571265759626314, 41.889895403442111 ], [ 44.571252116651713, 41.889880672302425 ], [ 44.57123576899491, 41.88982877705736 ], [ 44.571214802569649, 41.889737548922739 ], [ 44.571188067277141, 41.889625764607608 ], [ 44.571190944207736, 41.889556062612044 ], [ 44.571181636598759, 41.88951491175218 ], [ 44.571143689443559, 41.889466493526186 ], [ 44.571138565454291, 41.889457647713392 ], [ 44.571127186544388, 41.889437836163026 ], [ 44.57112738926218, 41.889407528991129 ], [ 44.571134752365474, 41.889369952139575 ], [ 44.57112559994448, 41.889305609307087 ], [ 44.571076006149156, 41.889205358379535 ], [ 44.571050243466928, 41.88911942721252 ], [ 44.57103879260724, 41.88908335718277 ], [ 44.571035960021959, 41.889074340688332 ], [ 44.571026928023421, 41.889046069686259 ], [ 44.571004787229938, 41.888959296388599 ], [ 44.570997807648432, 41.888921711898128 ], [ 44.570990981143879, 41.888869897211507 ], [ 44.570984311632159, 41.888794800493997 ], [ 44.570986439036894, 41.888756079137217 ], [ 44.570988840047967, 41.888712495122142 ], [ 44.570989802801577, 41.888694710258989 ], [ 44.570985675047993, 41.888591026396284 ], [ 44.570998158683885, 41.888526764370397 ], [ 44.570987747237929, 41.888461471098836 ], [ 44.570987914756259, 41.888436433678351 ], [ 44.57100493165099, 41.888397226631561 ], [ 44.571005135021743, 41.888366829388751 ], [ 44.570979001852784, 41.888336333760122 ], [ 44.570936294477114, 41.888287897673024 ], [ 44.570893646836403, 41.888230545045282 ], [ 44.570853374681676, 41.888169643585911 ], [ 44.570798590684205, 41.888133681790613 ], [ 44.57075653862077, 41.888104252466086 ], [ 44.570700990566039, 41.888065405586921 ], [ 44.570597335629103, 41.888010525915291 ], [ 44.570364756618332, 41.888002316379435 ], [ 44.57012892389789, 41.887994003224421 ], [ 44.570085480916255, 41.88799248957713 ], [ 44.570092320529781, 41.887925189231268 ], [ 44.570093289435682, 41.887915690667356 ], [ 44.570176439092066, 41.887918478784904 ], [ 44.570298575305038, 41.88792262864672 ], [ 44.570569115445302, 41.887931746754148 ], [ 44.570564605636029, 41.887894216500477 ], [ 44.57054136217247, 41.887792262488013 ], [ 44.570522809765457, 41.887709960872876 ], [ 44.570504469812263, 41.887586589864647 ], [ 44.570474378290712, 41.887436332782336 ], [ 44.570453701413705, 41.887311151656242 ], [ 44.570422458825504, 41.887152829146359 ], [ 44.570384752886291, 41.887068699522388 ], [ 44.570318493779723, 41.886964784059209 ], [ 44.570247303520475, 41.886876925471469 ], [ 44.570140460618383, 41.886758536282457 ], [ 44.570045538387568, 41.886651000705214 ], [ 44.57001462127819, 41.886624088764883 ], [ 44.569985571459021, 41.886579531345049 ], [ 44.569968449653913, 41.886553302424957 ], [ 44.569966338638039, 41.886508620701122 ], [ 44.569976292518611, 41.886453221006839 ], [ 44.569995684449381, 41.886419337913182 ], [ 44.570017522410339, 41.88637118816694 ], [ 44.570022822629113, 41.886290777121197 ], [ 44.5700186970383, 41.886196009940782 ], [ 44.570009690201722, 41.886110186267167 ], [ 44.57001003776297, 41.88605835332497 ], [ 44.570024680259735, 41.88601373432612 ], [ 44.570065706305755, 41.885962053680004 ], [ 44.570089918704625, 41.885919271862733 ], [ 44.570109441849041, 41.885856792586168 ], [ 44.570127862196536, 41.885788004403935 ], [ 44.570166357111965, 41.885745276030569 ], [ 44.570180963705752, 41.88571497771806 ], [ 44.570186096139437, 41.885659559952153 ], [ 44.570174667010278, 41.885584445333059 ], [ 44.570184596414002, 41.885532648247867 ], [ 44.570204084332119, 41.88547557291102 ], [ 44.570233140301397, 41.885420244672737 ], [ 44.570276456549138, 41.885386451054089 ], [ 44.570320863753572, 41.88536072260478 ], [ 44.570332963763441, 41.88533572891626 ], [ 44.570338191900142, 41.885274997473829 ], [ 44.570326678556846, 41.885203440243728 ], [ 44.570305691033617, 41.885115771288966 ], [ 44.570265564538559, 41.885051311542988 ], [ 44.570232310888251, 41.885013628660978 ], [ 44.570220580706064, 41.884974270890801 ], [ 44.570226876571276, 41.884934078096471 ], [ 44.570263189615176, 41.884866303456917 ], [ 44.57035705093417, 41.884780863777181 ], [ 44.570405295207195, 41.884722050480022 ], [ 44.570453623925189, 41.88464179944166 ], [ 44.570490257727144, 41.884534710249731 ], [ 44.570536198838802, 41.884459810203595 ], [ 44.570581984245372, 41.884408147155895 ], [ 44.570666036844898, 41.88435658212331 ], [ 44.570742809232193, 41.88431224030834 ], [ 44.570801809712478, 41.884257969553801 ], [ 44.570830817894567, 41.88420980139658 ], [ 44.570876997633619, 41.884099145016805 ], [ 44.570889312630491, 41.884050959499639 ], [ 44.57091351199815, 41.884009933774998 ], [ 44.570944894331312, 41.883967178550783 ], [ 44.570978627156528, 41.883924387965116 ], [ 44.571000452081762, 41.883886956079827 ], [ 44.571019865870248, 41.883840597528462 ], [ 44.571039531762189, 41.883765554085208 ], [ 44.571054555538325, 41.883663743034774 ], [ 44.571061328420619, 41.88354312193718 ], [ 44.571069503176922, 41.883501225707995 ], [ 44.57107618494782, 41.883466304189824 ], [ 44.571110300233784, 41.883375282550006 ], [ 44.571116906740485, 41.88336981306027 ], [ 44.57114878162735, 41.883343271896891 ], [ 44.571253134317828, 41.883292728844822 ], [ 44.571342088883632, 41.883219744465272 ], [ 44.571440887654909, 41.883116489690501 ], [ 44.571510738793819, 41.883043434787957 ], [ 44.571580565400104, 41.882974028414793 ], [ 44.571638507494214, 41.882888453652761 ], [ 44.571686999991947, 41.882792081362958 ], [ 44.571735539555476, 41.882688638869169 ], [ 44.571758622243813, 41.882634188622752 ], [ 44.571762793526126, 41.882629692658725 ], [ 44.571789943800439, 41.882600349686072 ], [ 44.571837898166876, 41.882575489509861 ], [ 44.571888358679246, 41.882545324629348 ], [ 44.571929309003004, 41.882495399331425 ], [ 44.571953495089467, 41.882456174690873 ], [ 44.571951395272968, 41.882418653438222 ], [ 44.571925466637701, 41.882357806657765 ], [ 44.57192105198429, 41.882305955923307 ], [ 44.571919118876544, 41.882234433624362 ], [ 44.571956531315251, 41.882181838112658 ], [ 44.571983044150564, 41.882155141623286 ], [ 44.571993956918739, 41.882127441272161 ], [ 44.571998932557932, 41.882104267240095 ], [ 44.571984792136298, 41.882073816503713 ], [ 44.57197790676161, 41.882021956560486 ], [ 44.571992821477977, 41.881945229858744 ], [ 44.572041264484703, 41.88184705495209 ], [ 44.572079971344536, 41.881781044049148 ], [ 44.572147338550678, 41.881727704434169 ], [ 44.572267324513319, 41.881663798513635 ], [ 44.572372979993467, 41.881598080974342 ], [ 44.572435468002276, 41.881553594744048 ], [ 44.572478969878588, 41.881491204285304 ], [ 44.572495913217658, 41.881453753925783 ], [ 44.572493788192958, 41.881419790278926 ], [ 44.572482118206743, 41.881371470245291 ], [ 44.572465782849946, 41.881308857021544 ], [ 44.57244378588863, 41.881200603138431 ], [ 44.572425064442271, 41.881143386020682 ], [ 44.572403779532273, 41.881109305099194 ], [ 44.572358484987234, 41.881087745229884 ], [ 44.572346708470839, 41.881064463762826 ], [ 44.57235081809641, 41.880981346050618 ], [ 44.572365362296985, 41.880951047200874 ], [ 44.572398961379221, 41.880927934692465 ], [ 44.572478056517348, 41.880904991549748 ], [ 44.572547475168342, 41.880896288157913 ], [ 44.572590607730163, 41.880880371504794 ], [ 44.572612371250237, 41.8808518558223 ], [ 44.572634217316789, 41.880801905093627 ], [ 44.572634729534599, 41.880725032824621 ], [ 44.572642519442077, 41.88063215638379 ], [ 44.572669471552878, 41.880530344416925 ], [ 44.572706278967111, 41.880396459767894 ], [ 44.572692260097277, 41.880348131007615 ], [ 44.572668657328322, 41.880299812518778 ], [ 44.572657070825279, 41.880238972411917 ], [ 44.572657570997862, 41.880163902356848 ], [ 44.572653695012988, 41.880094446185304 ], [ 44.572651162294918, 41.880049491784384 ], [ 44.572668759465486, 41.879922696079312 ], [ 44.572673600364581, 41.87990159307806 ], [ 44.572703263577928, 41.879772680621834 ], [ 44.572749674712568, 41.879626312179845 ], [ 44.572798584091267, 41.879484816696369 ], [ 44.572803316059897, 41.879471009715544 ], [ 44.572827583840102, 41.879419264778498 ], [ 44.572856552598807, 41.87937645498279 ], [ 44.572914310987052, 41.879317720089851 ], [ 44.572984060944258, 41.879258984721133 ], [ 44.573046688013854, 41.87919301826539 ], [ 44.573092598298246, 41.87912171883756 ], [ 44.57312426328798, 41.879036091515751 ], [ 44.573145289486334, 41.878936959429986 ], [ 44.57315419456657, 41.878857462213297 ], [ 44.573154634490912, 41.878791354610961 ], [ 44.573157293815576, 41.878744888346858 ], [ 44.573167100738843, 41.878710969043361 ], [ 44.573200865585221, 41.878671779712654 ], [ 44.573236826131406, 41.878655791121091 ], [ 44.573289620953943, 41.878627435641405 ], [ 44.573321011327074, 41.878582833353441 ], [ 44.573333524646998, 41.878495333443425 ], [ 44.573308228697648, 41.878348653279609 ], [ 44.573273384905612, 41.878196624499935 ], [ 44.573233472350225, 41.878082088524117 ], [ 44.57315258008537, 41.877841395545737 ], [ 44.573128177456013, 41.877793286719189 ], [ 44.573081742128132, 41.877701706470617 ], [ 44.573017956003632, 41.877579922130082 ], [ 44.572977545121617, 41.877549418852176 ], [ 44.572966943573192, 41.877521683421406 ], [ 44.572936410664106, 41.877437536134124 ], [ 44.572903801290096, 41.877312309956423 ], [ 44.572878207220739, 41.877201385688743 ], [ 44.572860311461127, 41.877154935740315 ], [ 44.572826496010784, 41.877067171675215 ], [ 44.572789126238227, 41.876932965950964 ], [ 44.572725507900707, 41.87678618809295 ], [ 44.572675008452485, 41.876651077827013 ], [ 44.572613647560729, 41.876527500898483 ], [ 44.572531046970738, 41.876362773713986 ], [ 44.572431531653592, 41.876222977459911 ], [ 44.572357928578406, 41.876145875110417 ], [ 44.57222115917142, 41.87603543822793 ], [ 44.57207121289413, 41.875931210031858 ], [ 44.571954529494363, 41.875853946889215 ], [ 44.571806982103531, 41.875742522718973 ], [ 44.571683262068312, 41.875654514928598 ], [ 44.571590392183701, 41.8755934174252 ], [ 44.571461576797738, 41.875546461557889 ], [ 44.571335183144996, 41.875488797351188 ], [ 44.571237650648982, 41.875413360388102 ], [ 44.571155610442986, 41.875345998176989 ], [ 44.571081759659222, 41.875297490779744 ], [ 44.570950738687884, 41.87522908983059 ], [ 44.57081248748063, 41.875160661711561 ], [ 44.57069685383378, 41.875106509145724 ], [ 44.570693253380973, 41.875104824017988 ], [ 44.570628888669567, 41.875079544391454 ], [ 44.570590639296292, 41.875077600015331 ], [ 44.570554739538458, 41.875075709446676 ], [ 44.570495146497215, 41.875039729452602 ], [ 44.570376261102957, 41.874949892826294 ], [ 44.570285900482972, 41.874874526912755 ], [ 44.570236152741948, 41.874799268778638 ], [ 44.570095047785223, 41.874626259736949 ], [ 44.569997601480594, 41.874529386663006 ], [ 44.56986688306575, 41.874416266656617 ], [ 44.56975020507992, 41.874339001279239 ], [ 44.569652507925397, 41.874288647284367 ], [ 44.569614307394581, 41.874279497296307 ], [ 44.569565632066613, 41.874241981533267 ], [ 44.569562254816752, 41.87423937130356 ], [ 44.569504848158495, 41.874195099185265 ], [ 44.569469441360177, 41.874128810335712 ], [ 44.569449814798112, 41.874027770107361 ], [ 44.569407332220592, 41.873938263002934 ], [ 44.569387692114653, 41.873910898645342 ], [ 44.569336292128511, 41.873839686992568 ], [ 44.569286579859764, 41.873759070400318 ], [ 44.569191546282994, 41.873671166582213 ], [ 44.569122723599513, 41.873592233661519 ], [ 44.569066168853375, 41.873534828942631 ], [ 44.569046718908716, 41.873515075116522 ], [ 44.568987915284247, 41.873460768378301 ], [ 44.568951625762203, 41.873427171773955 ], [ 44.568852996435226, 41.87333650799048 ], [ 44.568762712211672, 41.873250378876037 ], [ 44.568713062579739, 41.873169761362888 ], [ 44.568666913764019, 41.873097218096547 ], [ 44.568638834381844, 41.873007764788753 ], [ 44.568624806533435, 41.872952320037413 ], [ 44.568640742197751, 41.872894285777946 ], [ 44.568641054672554, 41.872847811659604 ], [ 44.568622291465346, 41.872797663155872 ], [ 44.568560568014867, 41.872729520627452 ], [ 44.568482262770111, 41.872636320881512 ], [ 44.568432674243105, 41.872546741663079 ], [ 44.568414175488897, 41.872448361587168 ], [ 44.568400808952369, 41.872303616466738 ], [ 44.568406423096043, 41.872185602920347 ], [ 44.568428930711391, 41.87203734573621 ], [ 44.56843279862192, 41.872011059395078 ], [ 44.568452733219615, 41.871875716449125 ], [ 44.568453707062595, 41.871730935136469 ], [ 44.568464008179852, 41.871623747396697 ], [ 44.568483720768157, 41.871532672228554 ], [ 44.568479454045168, 41.871459340505886 ], [ 44.568451183279024, 41.871398483131415 ], [ 44.568438403051772, 41.871336783275204 ], [ 44.568441462213492, 41.87124028645875 ], [ 44.56842526594442, 41.871166910803034 ], [ 44.568420902714124, 41.871098981915672 ], [ 44.568435398627201, 41.871075798735234 ], [ 44.568459667889385, 41.871024055552283 ], [ 44.568460052563267, 41.87096686354819 ], [ 44.56845559298133, 41.87091325607809 ], [ 44.568434358978642, 41.870872060051717 ], [ 44.568429779441601, 41.870845247486017 ], [ 44.568429996023745, 41.870813048837256 ], [ 44.568447010010289, 41.870773797902096 ], [ 44.568435260736884, 41.870737996586115 ], [ 44.568397399651388, 41.870678904521483 ], [ 44.568347620348831, 41.870617921247117 ], [ 44.568321662560137, 41.870562431597257 ], [ 44.568308979825467, 41.870495418046922 ], [ 44.568299940340658, 41.870414908824792 ], [ 44.568291094199452, 41.870305846832423 ], [ 44.568258317111905, 41.870207413921754 ], [ 44.568201885390685, 41.870060660418282 ], [ 44.568152395292543, 41.869956806463968 ], [ 44.56805486712171, 41.869703527513387 ], [ 44.568000521539552, 41.869605012497104 ], [ 44.56791517195628, 41.869493862199789 ], [ 44.567863165430012, 41.869406119995638 ], [ 44.567739787128723, 41.869260870662224 ], [ 44.567648478397594, 41.869148842081628 ], [ 44.567455959811419, 41.868981895842253 ], [ 44.567277586117811, 41.868826080992214 ], [ 44.56712910699391, 41.868695598609612 ], [ 44.567012516512911, 41.868607566634999 ], [ 44.566871993307892, 41.868521246555638 ], [ 44.566738616908069, 41.868447472780979 ], [ 44.566585974598304, 41.868389703367313 ], [ 44.566386487119416, 41.868363010651137 ], [ 44.566099732021542, 41.868331529532817 ], [ 44.56585130670608, 41.868298436264006 ], [ 44.565581277087894, 41.868261658002091 ], [ 44.565514547200159, 41.868239969279543 ], [ 44.565452675252729, 41.868195061235362 ], [ 44.565371823871466, 41.868132157709432 ], [ 44.565281442385306, 41.868062147678955 ], [ 44.565203983285095, 41.868023440257332 ], [ 44.565120482535832, 41.867996284605134 ], [ 44.565003505662141, 41.867965487632183 ], [ 44.564786219367889, 41.867907470962216 ], [ 44.564602430194135, 41.867867460367165 ], [ 44.564487877439227, 41.867834825655144 ], [ 44.564411521015167, 41.867811299317339 ], [ 44.564325815572303, 41.867753824883749 ], [ 44.564233195912742, 41.867667638244328 ], [ 44.564089349695514, 41.867548247013644 ], [ 44.564006212954297, 41.867467501190028 ], [ 44.563942065464772, 41.867402902826747 ], [ 44.563920764776022, 41.86737246887413 ], [ 44.56391134222892, 41.867349195429782 ], [ 44.56390803678466, 41.867312525009069 ], [ 44.563886832264707, 41.867267770527114 ], [ 44.563894123142575, 41.867249919619773 ], [ 44.563927669379588, 41.867233969774205 ], [ 44.563985266647428, 41.867207393080477 ], [ 44.564014114233984, 41.867182463557739 ], [ 44.564019165315592, 41.867139565102391 ], [ 44.564019626714945, 41.867071655220428 ], [ 44.563986748256305, 41.866989342916398 ], [ 44.563932520445093, 41.866874750060269 ], [ 44.563897135323757, 41.866806704065176 ], [ 44.563885462136305, 41.866760185302056 ], [ 44.56385711298622, 41.866711800940635 ], [ 44.563804772950355, 41.866674088641226 ], [ 44.563757192741178, 41.866636348462698 ], [ 44.563745506766644, 41.86660059191906 ], [ 44.563738702103777, 41.866546930287058 ], [ 44.563711686132471, 41.866470854891986 ], [ 44.563642938498553, 41.866383002106822 ], [ 44.563519271371902, 41.866282466987023 ], [ 44.56348833030507, 41.866260912190455 ], [ 44.563454906093604, 41.866258983778955 ], [ 44.563416844093119, 41.866239159132235 ], [ 44.563383591100653, 41.866194358748416 ], [ 44.56338377341099, 41.866167564064803 ], [ 44.563393583515676, 41.866133645536912 ], [ 44.563373481392112, 41.866104071683822 ], [ 44.563337793728266, 41.866071781550552 ], [ 44.563213956367541, 41.866014117153654 ], [ 44.563099578556539, 41.86594752679315 ], [ 44.562985605391638, 41.865874633063093 ], [ 44.562958749336133, 41.865828325730305 ], [ 44.562924504626089, 41.865716915781874 ], [ 44.562730404276174, 41.865511496272454 ], [ 44.562654685183773, 41.865439153157361 ], [ 44.562540489891518, 41.865354684331756 ], [ 44.562410544768369, 41.86530951532108 ], [ 44.562345110746783, 41.865257431566384 ], [ 44.562271485561006, 41.8651785211743 ], [ 44.56217171552359, 41.865090504217143 ], [ 44.562076521922059, 41.865020518324236 ], [ 44.562005270547097, 41.864946975886554 ], [ 44.561991176373063, 41.864911164936842 ], [ 44.562005758323274, 41.8648755083832 ], [ 44.561994110829602, 41.864834302653385 ], [ 44.561938640755642, 41.864725963842091 ], [ 44.561904451487443, 41.864677376571152 ], [ 44.561900751689834, 41.864672183518579 ], [ 44.561893852202559, 41.864632842293197 ], [ 44.561898964422454, 41.864589989180722 ], [ 44.561937547884412, 41.864541859628268 ], [ 44.561959226882422, 41.864516949201935 ], [ 44.561976156775685, 41.864490172452946 ], [ 44.561982370228606, 41.864462500080911 ], [ 44.561977685630936, 41.864433885460016 ], [ 44.561939169941269, 41.864436620752336 ], [ 44.561848817901854, 41.864443020426215 ], [ 44.561834231360933, 41.864444056408203 ], [ 44.561827319371474, 41.864397555583068 ], [ 44.561821726624167, 41.864351958674177 ], [ 44.561817212121362, 41.864307267464355 ], [ 44.561888641271736, 41.864301685509453 ], [ 44.561991836532179, 41.864293657709496 ], [ 44.561984862670016, 41.864265034357359 ], [ 44.561968286047161, 41.864239887052968 ], [ 44.561942068862749, 41.864223754862117 ], [ 44.561930189435849, 41.864216549103794 ], [ 44.561913612539414, 41.864191446824542 ], [ 44.561906785047995, 41.86414138861776 ], [ 44.561909634107138, 41.864077044624693 ], [ 44.5619064409576, 41.864006463755516 ], [ 44.561921119877439, 41.863965403465215 ], [ 44.561957366632853, 41.863915508651203 ], [ 44.562015365249422, 41.863820977754692 ], [ 44.562039574521677, 41.863778197455424 ], [ 44.562070904184971, 41.863742559715156 ], [ 44.562114077805845, 41.863719486649472 ], [ 44.56216018460708, 41.863689984849621 ], [ 44.562183965548762, 41.863639321889409 ], [ 44.562222379753798, 41.863589570353774 ], [ 44.562251541960897, 41.863544872413556 ], [ 44.562273426054645, 41.863498480458965 ], [ 44.562324084127503, 41.863428960474515 ], [ 44.562345720086498, 41.863383604248376 ], [ 44.562401421328381, 41.863290279417228 ], [ 44.562437042857475, 41.863208093392814 ], [ 44.562462566564662, 41.863131496369945 ], [ 44.562475683788222, 41.863045485850762 ], [ 44.562468497585634, 41.862994975957889 ], [ 44.562443841312174, 41.862944352672521 ], [ 44.562394289909655, 41.862869317822899 ], [ 44.562314788484031, 41.862786736361734 ], [ 44.56224255367885, 41.862734041165396 ], [ 44.561934532675075, 41.86228602944324 ], [ 44.56172996721024, 41.861988480324051 ], [ 44.561680610480657, 41.862035127617681 ], [ 44.561634025110187, 41.862081741333924 ], [ 44.561614710589836, 41.862122377698022 ], [ 44.56151021885448, 41.862276581476813 ], [ 44.561334417979914, 41.862515987869244 ], [ 44.561287957302383, 41.862544272066891 ], [ 44.561235811503927, 41.862611219868164 ], [ 44.561164455165262, 41.862694349815385 ], [ 44.561112530572075, 41.862728737724623 ], [ 44.560892451853, 41.86287943773322 ], [ 44.560805062338666, 41.862919813663744 ], [ 44.560701380624693, 41.862964181196453 ], [ 44.560390167677035, 41.863103362214041 ], [ 44.560193714324406, 41.863181915432918 ], [ 44.560013456030191, 41.86327075313654 ], [ 44.559931654981064, 41.863286697101515 ], [ 44.559811882208479, 41.863296415853739 ], [ 44.559768280125681, 41.863294222189261 ], [ 44.55971379690947, 41.863306217623432 ], [ 44.559591061885357, 41.863352537647707 ], [ 44.559467153185523, 41.863359177850221 ], [ 44.559418273216153, 41.86334475952215 ], [ 44.559383078084267, 41.863320215931068 ], [ 44.559336937240481, 41.863301709958577 ], [ 44.559276981157652, 41.863303551476811 ], [ 44.559208831491325, 41.863331751597343 ], [ 44.559039825087382, 41.863369742232649 ], [ 44.558898131968377, 41.863395678271715 ], [ 44.558753868052321, 41.863401203736878 ], [ 44.558579692341702, 41.86340256097656 ], [ 44.558321029248077, 41.863415842390495 ], [ 44.558141430397725, 41.863417179010284 ], [ 44.557925115382133, 41.863405132154163 ], [ 44.557707577586733, 41.863377859500964 ], [ 44.557472481248418, 41.863337278708741 ], [ 44.557358438958154, 41.863302207888104 ], [ 44.557239026213843, 41.863250948949286 ], [ 44.557106322270613, 41.863152757961657 ], [ 44.556905927318596, 41.863007560117701 ], [ 44.556643058928159, 41.86285396956972 ], [ 44.556448030555885, 41.862716897806024 ], [ 44.556350639977559, 41.862635144718439 ], [ 44.556263795378172, 41.862596169815411 ], [ 44.556209494595052, 41.862581774211293 ], [ 44.556095281969995, 41.862562913812688 ], [ 44.555959652415865, 41.862513617401397 ], [ 44.55589188421186, 41.862460485139593 ], [ 44.555834971835381, 41.862431758361524 ], [ 44.555705769330487, 41.862420090121276 ], [ 44.555507499082424, 41.862360328056219 ], [ 44.555263178609181, 41.862278005304397 ], [ 44.555043063188599, 41.862232388673576 ], [ 44.554977714945913, 41.862230063905002 ], [ 44.554917795609413, 41.862244107578682 ], [ 44.554846813801788, 41.862272294139729 ], [ 44.554770607583805, 41.862271998744511 ], [ 44.554729936491825, 41.862255583700076 ], [ 44.554683938690808, 41.862216765954869 ], [ 44.554648668011573, 41.86218609595651 ], [ 44.554586278094213, 41.86216549852216 ], [ 44.554508767625855, 41.862162180598936 ], [ 44.554454224169106, 41.862174173306613 ], [ 44.554326457733822, 41.862155348636627 ], [ 44.554282945020589, 41.862149100152386 ], [ 44.554266577229946, 41.862155116257178 ], [ 44.554244787347002, 41.862161156349977 ], [ 44.554179513522229, 41.862156805774561 ], [ 44.5540191524086, 41.862129747164509 ], [ 44.553915773664237, 41.86212119538191 ], [ 44.55382599523174, 41.862114766116918 ], [ 44.553779828381394, 41.862100355927993 ], [ 44.553728169013716, 41.862096102123999 ], [ 44.55358387943992, 41.862105674083224 ], [ 44.553472254726387, 41.8621133913554 ], [ 44.553420521027107, 41.862111163666263 ], [ 44.553311607479017, 41.86211884719058 ], [ 44.553273436749464, 41.862132928656095 ], [ 44.553188955134061, 41.862152956414299 ], [ 44.553047258932367, 41.862170733124792 ], [ 44.552730131113563, 41.862188818255262 ], [ 44.552604991300143, 41.86218216115266 ], [ 44.55246910624912, 41.862161366317309 ], [ 44.552325012697075, 41.86213432459634 ], [ 44.552183772824364, 41.862095134568264 ], [ 44.552099459117848, 41.862082601501058 ], [ 44.551949945955741, 41.862063734411002 ], [ 44.551754149997841, 41.862038517706132 ], [ 44.551639913734014, 41.862031991274463 ], [ 44.551584208149457, 41.862020561161934 ], [ 44.551535416279741, 41.861993934633915 ], [ 44.551486824851779, 41.861938803975342 ], [ 44.551435189629821, 41.861922344046057 ], [ 44.551285449724077, 41.861935989949508 ], [ 44.551184640532959, 41.861947755303646 ], [ 44.55100484600829, 41.861977630829713 ], [ 44.550871200360675, 41.862015747684893 ], [ 44.550822237963139, 41.862013529662704 ], [ 44.550800490675535, 41.862013444607676 ], [ 44.550740624518255, 41.862011183903874 ], [ 44.550707959281169, 41.862013082665456 ], [ 44.550658826006014, 41.862035272479751 ], [ 44.550565867278301, 41.86209593018706 ], [ 44.550480969751412, 41.862166797114504 ], [ 44.550428954418088, 41.862213384123145 ], [ 44.55036612070257, 41.86224772446819 ], [ 44.550308608994236, 41.862296316445466 ], [ 44.550183963174213, 41.862416880444982 ], [ 44.550049891111072, 41.862524212337462 ], [ 44.549940451877404, 41.862615293162918 ], [ 44.549737131714274, 41.862881009016419 ], [ 44.549544803711427, 41.863142714525551 ], [ 44.54943084051618, 41.863285656577744 ], [ 44.549320738624729, 41.863462210122329 ], [ 44.549215686360277, 41.863691696825313 ], [ 44.549135195492447, 41.863915156087337 ], [ 44.549072236947524, 41.864164128473917 ], [ 44.54900318924917, 41.864302202577697 ], [ 44.548835558278476, 41.864537524568135 ], [ 44.548791358376072, 41.864628860523219 ], [ 44.548755837325579, 41.864651147121641 ], [ 44.548720316560789, 41.864673389576545 ], [ 44.548681824376551, 41.864724081988541 ], [ 44.548659489293215, 41.864807442678249 ], [ 44.548584803540123, 41.864975982541253 ], [ 44.548537633765193, 41.865104009627665 ], [ 44.548499117079295, 41.865166861123924 ], [ 44.548455215439056, 41.865215506548836 ], [ 44.548427526583403, 41.865280516298974 ], [ 44.548397212844151, 41.865333267306895 ], [ 44.548361176236639, 41.865428733297534 ], [ 44.548283920897347, 41.865576952397724 ], [ 44.54825098146032, 41.86561753379187 ], [ 44.548206808504879, 41.865704816527689 ], [ 44.548129509656427, 41.865859115867991 ], [ 44.548085740077717, 41.865897627159683 ], [ 44.548066355894065, 41.865938216801226 ], [ 44.548041609519629, 41.865978830372029 ], [ 44.547997737049585, 41.866023376712867 ], [ 44.547945530237754, 41.866096441938353 ], [ 44.547901442512291, 41.866171520606215 ], [ 44.547858532186588, 41.86627614634974 ], [ 44.547786911941742, 41.866393854965871 ], [ 44.547715337408199, 41.866513588453834 ], [ 44.547646542313949, 41.866615049844143 ], [ 44.547575282861111, 41.86669002135514 ], [ 44.54753258814366, 41.866764114607243 ], [ 44.547494009259452, 41.866835161731281 ], [ 44.547427609168125, 41.866981351410445 ], [ 44.547366561606069, 41.867145936107462 ], [ 44.547344297262008, 41.867219074012986 ], [ 44.547247739874138, 41.867403829114117 ], [ 44.547175729851958, 41.867576431606537 ], [ 44.54706954703402, 41.867776415195394 ], [ 44.546943045073633, 41.867961051923565 ], [ 44.546824864018987, 41.868119240317185 ], [ 44.546703801142364, 41.868310023785689 ], [ 44.546562102436546, 41.868522070965973 ], [ 44.546476921488626, 41.86863972427313 ], [ 44.546334291606698, 41.868795789953253 ], [ 44.546271276647403, 41.868854535838274 ], [ 44.546191748547436, 41.868939651522595 ], [ 44.546109635985324, 41.869006473046014 ], [ 44.545981006398478, 41.869099546609981 ], [ 44.545746821938955, 41.869311227096425 ], [ 44.545525190840998, 41.869477156082269 ], [ 44.545407654933427, 41.869551898036576 ], [ 44.545115230136403, 41.86971763695221 ], [ 44.544951331206093, 41.869796337939462 ], [ 44.54477390730689, 41.869870886969885 ], [ 44.544618403775431, 41.869921114104656 ], [ 44.544311589056612, 41.870008389353217 ], [ 44.54416700523835, 41.870056677696432 ], [ 44.544041562965027, 41.870090720976535 ], [ 44.543965302839979, 41.870096542840201 ], [ 44.543853677549833, 41.870102224196479 ], [ 44.543717517875983, 41.870109789477844 ], [ 44.543505330675693, 41.870098768542583 ], [ 44.543374780006758, 41.870079966570238 ], [ 44.543238867562565, 41.870061096289604 ], [ 44.543171228806052, 41.87004938857487 ], [ 44.543094848519317, 41.87002994519495 ], [ 44.542983537944096, 41.869991448404818 ], [ 44.542776850480948, 41.869919112325256 ], [ 44.542678202460337, 41.86988773601945 ], [ 44.542474835212118, 41.869789245942876 ], [ 44.542312776436781, 41.86971947272054 ], [ 44.542245992773502, 41.869697770274982 ], [ 44.542214197068162, 41.869678549037786 ], [ 44.542182461309494, 41.869659373064913 ], [ 44.54208711852192, 41.86962084898768 ], [ 44.541966434160351, 41.869553672080634 ], [ 44.541899839438081, 41.869505715245005 ], [ 44.541852136739436, 41.869486475490895 ], [ 44.541839517391743, 41.869464943832995 ], [ 44.541817294424803, 41.869455352959363 ], [ 44.541782228473508, 41.869455213058806 ], [ 44.541739167696157, 41.869452654434191 ], [ 44.541685259195795, 41.869416727191947 ], [ 44.541618535169448, 41.869378316928248 ], [ 44.541586799737956, 41.869359140791396 ], [ 44.541529460112898, 41.86935652509333 ], [ 44.541481734133107, 41.869349174122739 ], [ 44.54138939634845, 41.869320253748306 ], [ 44.541297196851282, 41.869288856970485 ], [ 44.541259075216871, 41.869269655236131 ], [ 44.541240120641653, 41.869240982801763 ], [ 44.541192463048283, 41.86922408473211 ], [ 44.541033369298532, 41.869178189675509 ], [ 44.540880612400635, 41.869139435135871 ], [ 44.540737304186507, 41.869110265429704 ], [ 44.540610006280367, 41.869083546400013 ], [ 44.54057504395751, 41.869069130701533 ], [ 44.540546459317866, 41.869047535033438 ], [ 44.540521213239877, 41.86901406368392 ], [ 44.540492722753548, 41.868987739787023 ], [ 44.54047852009036, 41.868968633490667 ], [ 44.540481781618382, 41.868959099288105 ], [ 44.540504074667766, 41.86895918848289 ], [ 44.540558296868539, 41.868959405408567 ], [ 44.540583815725157, 41.868954778900495 ], [ 44.540609454510829, 41.868933401041289 ], [ 44.540600020420726, 41.868921473372566 ], [ 44.540558791510833, 41.868890324910019 ], [ 44.540507795499835, 41.868885347266065 ], [ 44.540447177724019, 41.868894651977904 ], [ 44.540399357775378, 41.868892073807608 ], [ 44.54034199256914, 41.868884683788337 ], [ 44.540284653424209, 41.868882067470942 ], [ 44.540211297215578, 41.868886547441612 ], [ 44.540189132967157, 41.868860248795698 ], [ 44.54017976737579, 41.868838775014851 ], [ 44.540151148761844, 41.86882195273796 ], [ 44.540097105150281, 41.868805073677628 ], [ 44.540039893717889, 41.868776247839165 ], [ 44.539960364544058, 41.868742558950977 ], [ 44.53989361024923, 41.86872558384534 ], [ 44.53981707696262, 41.86872766402319 ], [ 44.539759669503376, 41.868734594422648 ], [ 44.539711934981462, 41.86872012817765 ], [ 44.539638981334015, 41.868676917266733 ], [ 44.539557654854505, 41.868667043992559 ], [ 44.539459053469606, 41.868638051918353 ], [ 44.539328693029987, 41.868585109275919 ], [ 44.539173016653251, 41.86850824271054 ], [ 44.539087410775473, 41.868448318022018 ], [ 44.539023848147764, 41.868414693461496 ], [ 44.538953839548697, 41.868397748880582 ], [ 44.53888714416987, 41.868364110767345 ], [ 44.538871401198683, 41.86833306402005 ], [ 44.538878129842452, 41.868285444838712 ], [ 44.538856112360293, 41.868247212456218 ], [ 44.538779889301466, 41.868206375583597 ], [ 44.538674910814436, 41.868167855005609 ], [ 44.538557400640848, 41.868112576288212 ], [ 44.538466728506407, 41.86807884249275 ], [ 44.538377621126585, 41.868061775773107 ], [ 44.538307716442546, 41.868030466201652 ], [ 44.538257115027683, 41.867970772573308 ], [ 44.538209879225128, 41.867887134252108 ], [ 44.53814004288229, 41.867846367667298 ], [ 44.538000130522839, 41.867798159626552 ], [ 44.537732710054442, 41.867744617799453 ], [ 44.537474825938261, 41.86768877287691 ], [ 44.53725845242802, 41.867633094635444 ], [ 44.537175810518335, 41.867597004459867 ], [ 44.537089856288105, 41.867577609469443 ], [ 44.536976797195834, 41.867565263780889 ], [ 44.536760097813755, 41.867554842675133 ], [ 44.536661336092763, 41.867540123396502 ], [ 44.536607381876088, 41.867511308985137 ], [ 44.536575587421318, 41.86749213122156 ], [ 44.536425908448713, 41.867470090866455 ], [ 44.536183604334376, 41.86747627301402 ], [ 44.535861293574065, 41.867515456666453 ], [ 44.535760602210743, 41.867550806864408 ], [ 44.535651666384325, 41.867626609400943 ], [ 44.535539450829617, 41.867714332636389 ], [ 44.535426855455732, 41.867854474049722 ], [ 44.535326609125249, 41.86804474335819 ], [ 44.535214116432037, 41.868170564090022 ], [ 44.535084401881861, 41.868253442425413 ], [ 44.534930474945, 41.868376753357708 ], [ 44.534811931079403, 41.868464450242215 ], [ 44.534706211674987, 41.868528375864166 ], [ 44.534619789356817, 41.868573285079982 ], [ 44.534539684262789, 41.868627722051002 ], [ 44.534469226736888, 41.868672785922641 ], [ 44.53434759289366, 41.868729487163627 ], [ 44.534200611762472, 41.868783696859957 ], [ 44.534074399448855, 41.868823670649604 ], [ 44.533930516088475, 41.868882667993333 ], [ 44.533840839032941, 41.868927607544393 ], [ 44.533700156927523, 41.86899373209522 ], [ 44.533585124182025, 41.869029023044575 ], [ 44.533393472213326, 41.869078276653838 ], [ 44.533287941029222, 41.869115991819633 ], [ 44.533220822646037, 41.869149089391648 ], [ 44.5331055039996, 41.869215316293221 ], [ 44.532923023204312, 41.869312298518253 ], [ 44.532852642077039, 41.869354884820503 ], [ 44.532722852565648, 41.869447307411427 ], [ 44.532581891195306, 41.869534910760834 ], [ 44.532450803086228, 41.869598731039503 ], [ 44.532361141716443, 41.869641238545306 ], [ 44.532306639767683, 41.869679160575224 ], [ 44.532184914127498, 41.869764454952517 ], [ 44.532117734250861, 41.869797551624345 ], [ 44.532012027384631, 41.869859087985098 ], [ 44.531903083218218, 41.869934886893006 ], [ 44.531706058873482, 41.870067520006543 ], [ 44.531581182457664, 41.870138525049747 ], [ 44.531529994489496, 41.870159798472542 ], [ 44.531465955124617, 41.870200022072233 ], [ 44.531357131437794, 41.870259158296804 ], [ 44.531216401057215, 41.870322892774979 ], [ 44.531065960374931, 41.870396179714518 ], [ 44.530944276170132, 41.870467152059689 ], [ 44.530905774932464, 41.87050036514232 ], [ 44.530876833484079, 41.870536004073834 ], [ 44.530783984420907, 41.870585657754077 ], [ 44.530628860611671, 41.870656538171154 ], [ 44.530542649680413, 41.870680008886531 ], [ 44.530443657885336, 41.870696266846664 ], [ 44.530379844951732, 41.870705553174865 ], [ 44.530344613627818, 41.870719684942749 ], [ 44.530328516699328, 41.870745874046364 ], [ 44.530286820858869, 41.870779028820699 ], [ 44.530139700256974, 41.870842780870007 ], [ 44.529941374315733, 41.870930146246451 ], [ 44.52978788521861, 41.87099148496489 ], [ 44.529644028087269, 41.871045702490065 ], [ 44.529524047273, 41.871097630835663 ], [ 44.529396226884728, 41.871142411530428 ], [ 44.529306725120676, 41.871170641453581 ], [ 44.52918196684768, 41.871224891637418 ], [ 44.529012465117439, 41.871300484539489 ], [ 44.528785457044037, 41.871387730280233 ], [ 44.528545552814869, 41.871491585278179 ], [ 44.528356925044591, 41.871562325068965 ], [ 44.528264160302058, 41.871600042988227 ], [ 44.527981192420832, 41.871701378130751 ], [ 44.527738328034694, 41.871781397088448 ], [ 44.527492312438198, 41.871863787575954 ], [ 44.527204645233347, 41.87194839378423 ], [ 44.526945847645564, 41.872023570942908 ], [ 44.526496896450716, 41.872155202119416 ], [ 44.526065670477543, 41.872260649760911 ], [ 44.525733562160895, 41.872333134815648 ], [ 44.52536146077388, 41.872419774497367 ], [ 44.5252082107286, 41.872447737738227 ], [ 44.52502946663504, 41.872468479942015 ], [ 44.52487003167353, 41.872477277629415 ], [ 44.524646860502429, 41.872476354130072 ], [ 44.524449193031515, 41.872473194928631 ], [ 44.524265794967341, 41.872479594905506 ], [ 44.524128616827092, 41.872493347447524 ], [ 44.524042411663352, 41.872507266050611 ], [ 44.523917911375342, 41.872525800369516 ], [ 44.523755246710387, 41.872539445909979 ], [ 44.523579765800612, 41.872550697178397 ], [ 44.523509527417808, 41.872564636581529 ], [ 44.523439235476538, 41.872585782087057 ], [ 44.523340274130689, 41.872597304551839 ], [ 44.523247866406265, 41.872594489138024 ], [ 44.523137811365402, 41.872598850877317 ], [ 44.522939931320444, 41.872624238957073 ], [ 44.522831467833001, 41.872633335601456 ], [ 44.522662487704018, 41.872637317842781 ], [ 44.522509341907025, 41.87265104711566 ], [ 44.522365698699737, 41.872667111546917 ], [ 44.522238099764174, 41.872680902568774 ], [ 44.522142313956898, 41.872694778987608 ], [ 44.522044318245122, 41.872706035949193 ], [ 44.521924702288821, 41.87273201726876 ], [ 44.521808026107259, 41.872549503411882 ], [ 44.521714875890012, 41.87240383529133 ], [ 44.521657754924419, 41.872347394749511 ], [ 44.521592034501339, 41.872264483299247 ], [ 44.521500371914755, 41.872105446046604 ], [ 44.5214567876872, 41.872019294214205 ], [ 44.521439468266465, 41.871966351928265 ], [ 44.521435415266389, 41.871920039910442 ], [ 44.521449237449481, 41.871844079823155 ], [ 44.521454104322231, 41.871781278331738 ], [ 44.521456580150293, 41.871748232663961 ], [ 44.521456851214879, 41.871711891215099 ], [ 44.521413306680898, 41.871612545413541 ], [ 44.521256492725598, 41.871294535094343 ], [ 44.521186745644613, 41.87116202398331 ], [ 44.521081917405212, 41.870983071405412 ], [ 44.520865695460522, 41.870625138557145 ], [ 44.52062538182598, 41.870234094667609 ], [ 44.520504899989227, 41.870078178735284 ], [ 44.520308195354616, 41.869769953948001 ], [ 44.520058685821468, 41.86942512052606 ], [ 44.519697656472871, 41.868911213090662 ], [ 44.519671408714373, 41.868868139794699 ], [ 44.519650161801295, 41.868833104396018 ], [ 44.519594990674946, 41.868742220694543 ], [ 44.519581983977567, 41.86870906525229 ], [ 44.519433214237218, 41.868493630619895 ], [ 44.519227392454184, 41.868221662421448 ], [ 44.518881436988515, 41.867764062246721 ], [ 44.518296611173405, 41.867024445908534 ], [ 44.517733997893529, 41.866265060599623 ], [ 44.516982683209648, 41.865316499042663 ], [ 44.51648078963273, 41.864730606715675 ], [ 44.516283529351362, 41.864500328495062 ], [ 44.516270411486637, 41.864482259554499 ], [ 44.516195579893932, 41.86437922127778 ], [ 44.516184726894814, 41.864364404332221 ], [ 44.51598602999352, 41.864090849748074 ], [ 44.515441252781173, 41.863340840220914 ], [ 44.515424530692826, 41.863321449080587 ], [ 44.51537018522842, 41.863258261911739 ], [ 44.515360868990399, 41.863247414383231 ], [ 44.514325163310822, 41.862042831759354 ], [ 44.514292378021217, 41.862004729245371 ], [ 44.513424809549278, 41.860995668295921 ], [ 44.511971007002288, 41.859304677396452 ], [ 44.511889499305759, 41.859344681723911 ], [ 44.511777627277127, 41.859384737058384 ], [ 44.511653112754587, 41.859408030816873 ], [ 44.511506255207415, 41.859438389859278 ], [ 44.511400139450927, 41.859458338992525 ], [ 44.511308320861893, 41.859475646807056 ], [ 44.51123693676265, 41.859483359144846 ], [ 44.511180685339468, 41.859489470478437 ], [ 44.511072315230102, 41.859489009193034 ], [ 44.510927278059611, 41.859485958920715 ], [ 44.510841220278905, 41.859490366059624 ], [ 44.510774071031079, 41.859511517256628 ], [ 44.510713239972993, 41.859549402141219 ], [ 44.51064602384136, 41.859587213853224 ], [ 44.510585241590668, 41.859610777982496 ], [ 44.51050549053506, 41.859617598559922 ], [ 44.510374813511064, 41.859619428358037 ], [ 44.510307851344166, 41.859623916502279 ], [ 44.510234376672109, 41.859645039512273 ], [ 44.51009364300262, 41.859701632799023 ], [ 44.509953060094332, 41.859746337511368 ], [ 44.509833121206874, 41.859793471939753 ], [ 44.509750091905275, 41.859819327492289 ], [ 44.509676707649106, 41.859828561486175 ], [ 44.509603245234445, 41.859840137781525 ], [ 44.509501023166415, 41.859870684833204 ], [ 44.509376324462863, 41.85991784258848 ], [ 44.509245428508628, 41.859948221884487 ], [ 44.509104851778289, 41.859976217872642 ], [ 44.509002926509382, 41.859975782179959 ], [ 44.50891376075819, 41.859961125996648 ], [ 44.508824802623344, 41.859927374305812 ], [ 44.508688006275477, 41.859886303401098 ], [ 44.508557626135605, 41.859857148831985 ], [ 44.508512024906544, 41.859856953697651 ], [ 44.508487386990375, 41.859856848260861 ], [ 44.508420351680648, 41.859870837219141 ], [ 44.508249376920951, 41.85992729970188 ], [ 44.5081088642211, 41.859962454290724 ], [ 44.507987558272752, 41.85998337099636 ], [ 44.507923587332414, 41.860014080500349 ], [ 44.507872180825672, 41.86006389329664 ], [ 44.507811365845214, 41.860099389891538 ], [ 44.507705743478894, 41.860148970260241 ], [ 44.50765483086083, 41.860165774966674 ], [ 44.507613098142762, 41.860179556677394 ], [ 44.50747892923269, 41.860212351775054 ], [ 44.507370429730805, 41.860228594148367 ], [ 44.507274756316455, 41.860237685964805 ], [ 44.507131246906084, 41.860239457017322 ], [ 44.507037358960801, 41.860220004581592 ], [ 44.506926032993825, 41.860188543129098 ], [ 44.506897387511195, 41.86017465857875 ], [ 44.506877358155812, 41.86016496227311 ], [ 44.506846568697831, 41.860150057936046 ], [ 44.506795702862433, 41.860145065883557 ], [ 44.506696777758691, 41.86015414325491 ], [ 44.506546832059556, 41.860170206824833 ], [ 44.506406355821419, 41.860200586754146 ], [ 44.506272039725864, 41.860252430197889 ], [ 44.506224104353684, 41.860273704558239 ], [ 44.506204599915243, 41.860318880124844 ], [ 44.506193571087714, 41.860335135105586 ], [ 44.506159448712829, 41.860385426751527 ], [ 44.506053793012235, 41.860446939529702 ], [ 44.505948265713073, 41.86049174505532 ], [ 44.50585544891095, 41.860536605170935 ], [ 44.505816957947474, 41.860567423121317 ], [ 44.505781494267111, 41.860619735422318 ], [ 44.505728629655081, 41.860655220086052 ], [ 44.505664712121089, 41.860678768110652 ], [ 44.505616661169896, 41.860707158930474 ], [ 44.505555637360608, 41.860761702012141 ], [ 44.505472459188603, 41.860806649245248 ], [ 44.505389384998708, 41.860830114628889 ], [ 44.505303245233264, 41.860836904076599 ], [ 44.50520450635058, 41.860829318290826 ], [ 44.505144014694721, 41.860814780910147 ], [ 44.505093138415766, 41.860795467168153 ], [ 44.505042156748551, 41.860797635186003 ], [ 44.505013317079204, 41.860818946296597 ], [ 44.50496831120406, 41.860866444488273 ], [ 44.504885108227988, 41.860906570721959 ], [ 44.504770092874068, 41.86093944521599 ], [ 44.504626642095836, 41.860941213389566 ], [ 44.504484959906819, 41.860916779083475 ], [ 44.504335215857367, 41.860906585665951 ], [ 44.504252416956369, 41.860894340158154 ], [ 44.504182481239951, 41.860870214245992 ], [ 44.504109242538597, 41.860860350786638 ], [ 44.504023251361239, 41.860848045395358 ], [ 44.503899173326182, 41.860814139127704 ], [ 44.503756018581534, 41.860777808520595 ], [ 44.503689330068411, 41.860746536793876 ], [ 44.503641738957704, 41.860715347564422 ], [ 44.503578023323371, 41.860712685367588 ], [ 44.503475865705447, 41.860726564654541 ], [ 44.50331630432558, 41.860747311027474 ], [ 44.503159991003187, 41.860760910784407 ], [ 44.502957454191012, 41.86077678717875 ], [ 44.502836348441114, 41.860771444338155 ], [ 44.502788876836881, 41.860787090888671 ], [ 44.502743699921055, 41.860802026806617 ], [ 44.502634940028756, 41.860851588915949 ], [ 44.502500508559592, 41.860917748328127 ], [ 44.502324729032694, 41.860978907952926 ], [ 44.502286147937568, 41.860982253436362 ], [ 44.502193914805694, 41.860990275103738 ], [ 44.502107868290466, 41.860985128483627 ], [ 44.50205374920121, 41.860980120227971 ], [ 44.502015403955276, 41.860991888046499 ], [ 44.501996082036683, 41.861013285600364 ], [ 44.501951188757289, 41.861053576714212 ], [ 44.501861653395274, 41.861086558783683 ], [ 44.501767322227025, 41.861124249474599 ], [ 44.501677878986115, 41.861145341859292 ], [ 44.50160137348697, 41.861145009886151 ], [ 44.501512189679325, 41.861132688760812 ], [ 44.501426166192402, 41.861132315359498 ], [ 44.501340008291749, 41.861141488569395 ], [ 44.501266750839314, 41.861134055065527 ], [ 44.501114092368766, 41.861088042570458 ], [ 44.500964589046959, 41.861046907279913 ], [ 44.500808570841251, 41.861022406147917 ], [ 44.500649211811137, 41.861016939763104 ], [ 44.5005439577372, 41.861026030248219 ], [ 44.500379858317203, 41.861018155159336 ], [ 44.500290470513029, 41.861032088061656 ], [ 44.500204275778948, 41.861045987954007 ], [ 44.500115055209072, 41.861038439213551 ], [ 44.500029180255133, 41.861019015928314 ], [ 44.499962490078374, 41.860980581588755 ], [ 44.499924683044654, 41.86092322349063 ], [ 44.499890106007456, 41.860861105814685 ], [ 44.499861695762014, 41.860834817205543 ], [ 44.499813916370748, 41.860820288242273 ], [ 44.499734311915795, 41.860807962420843 ], [ 44.499642255546163, 41.860762392059776 ], [ 44.499626418083146, 41.860738409878095 ], [ 44.499591568270418, 41.86071920945728 ], [ 44.499524770211998, 41.860702254825711 ], [ 44.499470758499577, 41.860675809520956 ], [ 44.499407415047131, 41.860625456268785 ], [ 44.499350192116708, 41.860601382824811 ], [ 44.499292917745514, 41.860591630918393 ], [ 44.499251640208335, 41.860569969621565 ], [ 44.499199106208955, 41.86056262605188 ], [ 44.49914804605379, 41.860567131090384 ], [ 44.499061832719498, 41.86058346279561 ], [ 44.498956519257945, 41.860592506533784 ], [ 44.498892863860654, 41.860589886134271 ], [ 44.498826086311283, 41.860570500237252 ], [ 44.498730420896827, 41.860562922297845 ], [ 44.498631631642965, 41.860569651531641 ], [ 44.498567837501739, 41.860569373027687 ], [ 44.498472366849491, 41.860552293498188 ], [ 44.498386600692008, 41.860511388124912 ], [ 44.498316779199456, 41.860472985086766 ], [ 44.498265849308716, 41.86046082763167 ], [ 44.498202096859146, 41.860462935921753 ], [ 44.498116032736625, 41.860460173049439 ], [ 44.497959906623599, 41.860449943431668 ], [ 44.497731905946814, 41.860463268350962 ], [ 44.497422582907333, 41.860476190150905 ], [ 44.497247487985213, 41.860487943336658 ], [ 44.497056415209826, 41.860509128513144 ], [ 44.496887184573183, 41.860541262307329 ], [ 44.496688501300405, 41.860121393178112 ], [ 44.496632737666495, 41.860003609408317 ], [ 44.49608517470633, 41.858846530056567 ], [ 44.495443030934105, 41.856468378562639 ], [ 44.495433080342004, 41.856431496812505 ], [ 44.495292716962354, 41.85591158985207 ], [ 44.494998388291563, 41.85474098094474 ], [ 44.49496280342521, 41.854631886534513 ], [ 44.494948275213481, 41.854587373807625 ], [ 44.495114304643799, 41.854546807337066 ], [ 44.495355464290178, 41.854488917317667 ], [ 44.495796015165759, 41.854368448972629 ], [ 44.495843764696474, 41.854355373466454 ], [ 44.495985619693457, 41.854340189024185 ], [ 44.496108303568391, 41.854327036911208 ], [ 44.496262164787616, 41.854324739573862 ], [ 44.496482780782642, 41.854367004311271 ], [ 44.496695388196024, 41.854424002976309 ], [ 44.496845065935624, 41.854448256757024 ], [ 44.496971446614886, 41.854439938586452 ], [ 44.497097882385894, 41.854416894304855 ], [ 44.497224364269215, 41.854387950593619 ], [ 44.497360909195983, 41.854335452813835 ], [ 44.497495522412343, 41.854268220205867 ], [ 44.497630055031927, 41.854218640529304 ], [ 44.497796127998527, 41.854172170874229 ], [ 44.497906850690832, 41.854140230271092 ], [ 44.497981873979782, 41.854128759233042 ], [ 44.498076653969029, 41.854117374486734 ], [ 44.49812397494226, 41.854120509404915 ], [ 44.498254063584049, 41.854138775356979 ], [ 44.498427504195256, 41.854151331898798 ], [ 44.498561691300118, 41.854146018331264 ], [ 44.498647772207491, 41.854137837603155 ], [ 44.498680143156918, 41.854134736433252 ], [ 44.498822082691568, 41.854147154877097 ], [ 44.498970055536397, 41.854150772743353 ], [ 44.499151571078812, 41.854139765446831 ], [ 44.499333101992747, 41.854134657422932 ], [ 44.499500931291017, 41.854117690419869 ], [ 44.499741956793308, 41.854068572282216 ], [ 44.499994893595385, 41.854013651034819 ], [ 44.500334406105381, 41.853979731613641 ], [ 44.500515922155607, 41.853968722161845 ], [ 44.500713064585526, 41.853993177311992 ], [ 44.500827165861701, 41.854037942886144 ], [ 44.500964945909331, 41.854073892640599 ], [ 44.501063571561083, 41.854071394794815 ], [ 44.501142615510894, 41.854054038763749 ], [ 44.501267479535933, 41.853992658874091 ], [ 44.501425446609872, 41.853957947752825 ], [ 44.501615004884385, 41.853935172488157 ], [ 44.501745207610114, 41.85393866463297 ], [ 44.501835713524272, 41.853965627463282 ], [ 44.501898403906857, 41.85402192202492 ], [ 44.501976898387412, 41.854075358753356 ], [ 44.502032018674534, 41.854090323064781 ], [ 44.502160233672953, 41.854093851155469 ], [ 44.502270565504205, 41.854112027821174 ], [ 44.502345337867958, 41.854132977538399 ], [ 44.50238866059756, 41.854139065638968 ], [ 44.502451807300304, 41.854136411079175 ], [ 44.502601775388513, 41.854131161153248 ], [ 44.502692525318245, 41.854134481358834 ], [ 44.502814640220521, 41.854155680784807 ], [ 44.50294077667504, 41.8541709529581 ], [ 44.503106389139042, 41.854183468556279 ], [ 44.503258276370119, 41.854187097832607 ], [ 44.503400180922654, 41.854196538204405 ], [ 44.503522355213128, 41.854217737134803 ], [ 44.503608925634836, 41.854247608784959 ], [ 44.503715327102526, 41.854259867583124 ], [ 44.503869430585155, 41.854233963128735 ], [ 44.504035666806153, 41.85415798768625 ], [ 44.504253441461252, 41.854061608761363 ], [ 44.504403849965875, 41.853991464857877 ], [ 44.504562291841665, 41.853918426378684 ], [ 44.504720476694892, 41.853863040917936 ], [ 44.504906322934133, 41.853813719008038 ], [ 44.505005063165392, 41.853796446119013 ], [ 44.505127419140813, 41.853794046152053 ], [ 44.505249898279885, 41.853768003576661 ], [ 44.505332728034624, 41.853759443556683 ], [ 44.505387827140957, 41.853777380232984 ], [ 44.505433068887648, 41.853807882240055 ], [ 44.505639527809052, 41.853889877856098 ], [ 44.505757518303234, 41.853938302154106 ], [ 44.505851213712596, 41.853942398121916 ], [ 44.505920383433441, 41.853924276668934 ], [ 44.506039310439519, 41.853851022023058 ], [ 44.506207451171399, 41.853785409508617 ], [ 44.506262246972035, 41.853756507885926 ], [ 44.506346194454402, 41.853712239737256 ], [ 44.506440422231599, 41.853631537918325 ], [ 44.506509991106519, 41.853569104068349 ], [ 44.506588981416463, 41.853558455967338 ], [ 44.506692439542746, 41.853569887845381 ], [ 44.506763850030822, 41.853581318010811 ], [ 44.506814748542752, 41.853581536581494 ], [ 44.506837816768652, 41.853581635634683 ], [ 44.506850077031999, 41.853577410018467 ], [ 44.506986146566923, 41.853530663127025 ], [ 44.507149576687695, 41.853442872128575 ], [ 44.507474054592656, 41.853263586399159 ], [ 44.50764735406861, 41.853161110789983 ], [ 44.507909751433914, 41.853025781368999 ], [ 44.508008921408319, 41.852959870678873 ], [ 44.508176945347103, 41.852908935951326 ], [ 44.508398927770486, 41.852898852892963 ], [ 44.508461672834578, 41.852901419089015 ], [ 44.508596135112086, 41.852907082441313 ], [ 44.508744065871447, 41.852907715268067 ], [ 44.508877466426014, 41.852878788299087 ], [ 44.508986058775818, 41.852864481339928 ], [ 44.509094594606331, 41.85285755966364 ], [ 44.509223083695815, 41.852824963520867 ], [ 44.509381175515905, 41.852788755842802 ], [ 44.509568732763796, 41.852774785616582 ], [ 44.509696992355678, 41.852764299810651 ], [ 44.50984529017569, 41.852716971241549 ], [ 44.509919283796506, 41.852713639215096 ], [ 44.510047234596357, 41.852743592514052 ], [ 44.510214753184293, 41.852766508920162 ], [ 44.510426804599447, 41.852771105811499 ], [ 44.510517580639053, 41.852794505248291 ], [ 44.510686532579435, 41.85285858843757 ], [ 44.510839718901984, 41.852991776938126 ], [ 44.511077824329291, 41.853079211619978 ], [ 44.511100486150092, 41.852871789973499 ], [ 44.51110404723341, 41.852839201189447 ], [ 44.511115703249601, 41.852732338441839 ], [ 44.51105616702278, 41.852601080184051 ], [ 44.510993059870607, 41.852519704711703 ], [ 44.510951801347055, 41.85249570588762 ], [ 44.510894525489697, 41.852478799296556 ], [ 44.510856586640884, 41.852438106843387 ], [ 44.510838001099458, 41.852371331866024 ], [ 44.510803726818793, 41.852268687780651 ], [ 44.510788438340946, 41.852180445466438 ], [ 44.510801642148586, 41.852123308120902 ], [ 44.510836969699426, 41.852087701336018 ], [ 44.510864442830062, 41.852047332486784 ], [ 44.510871215419357, 41.851980620466861 ], [ 44.510839788417378, 41.851923293037956 ], [ 44.51076040433972, 41.851875308606125 ], [ 44.51069722962405, 41.85181068544199 ], [ 44.510659491051413, 41.851743783797374 ], [ 44.510634412535019, 41.851691256996084 ], [ 44.510602689484088, 41.851664911852474 ], [ 44.51053603206681, 41.851638417829349 ], [ 44.510462996384774, 41.851595278916868 ], [ 44.51038693865025, 41.85153771609157 ], [ 44.510333426508325, 41.851454084395286 ], [ 44.510326197427823, 41.851351555452432 ], [ 44.510317771358615, 41.851208535545048 ], [ 44.510347259194873, 41.851101434530968 ], [ 44.510379848517687, 41.851006235791203 ], [ 44.510381723257105, 41.850965757922431 ], [ 44.510346942665073, 41.850929852393683 ], [ 44.510289656119831, 41.850922447695737 ], [ 44.510203404236528, 41.850945903068634 ], [ 44.510133131393438, 41.85096708474466 ], [ 44.510040749545382, 41.850957143413304 ], [ 44.509939069485114, 41.850918565536432 ], [ 44.509891700839248, 41.850858782999055 ], [ 44.509882669667128, 41.850787274981371 ], [ 44.509884828751218, 41.850756931056949 ], [ 44.509886244166502, 41.850737212060636 ], [ 44.509825565692466, 41.850590456440266 ], [ 44.509794634050778, 41.850515792609947 ], [ 44.509788600548553, 41.850501355872687 ], [ 44.509747026237207, 41.85040061676046 ], [ 44.509653643291713, 41.850316815440486 ], [ 44.509517013896684, 41.85025665073109 ], [ 44.509424519162494, 41.85020644772829 ], [ 44.509371074147708, 41.850177397465778 ], [ 44.509273055676857, 41.85006975196891 ], [ 44.509095607863401, 41.849928441516902 ], [ 44.508892836959234, 41.849774998344969 ], [ 44.508741000422177, 41.849624204533356 ], [ 44.508734750938245, 41.849608595922284 ], [ 44.508701875678199, 41.849526357704697 ], [ 44.508706039821519, 41.849407214657504 ], [ 44.508761498900157, 41.849235871035994 ], [ 44.508806961970564, 41.849119291427229 ], [ 44.508812309114212, 41.849050186580605 ], [ 44.508784186723773, 41.848978596809424 ], [ 44.508746524828759, 41.848902147554547 ], [ 44.508670343623713, 41.848861335818178 ], [ 44.508597130721952, 41.848841928043889 ], [ 44.508571890605879, 41.848810881459265 ], [ 44.508559651112648, 41.848741701372603 ], [ 44.508534502739465, 41.84869867603625 ], [ 44.508448818256959, 41.848648321240596 ], [ 44.508363304474557, 41.848583556121007 ], [ 44.50831909457645, 41.848528560075664 ], [ 44.508313184476158, 41.848466612550027 ], [ 44.508342400910799, 41.848395223077027 ], [ 44.508390696875608, 41.848333462543316 ], [ 44.508424566651271, 41.848283619382933 ], [ 44.50842824634725, 41.848212075553192 ], [ 44.508365363850729, 41.84810219280201 ], [ 44.508327593306916, 41.848040063857233 ], [ 44.508280674003196, 41.847977130148486 ], [ 44.50821126190943, 41.847886268884707 ], [ 44.508128935395732, 41.847814446837418 ], [ 44.508072122438982, 41.84773791533177 ], [ 44.508028448349855, 41.847620954193843 ], [ 44.507985060624272, 41.847458779773042 ], [ 44.507987649278171, 41.847325309036734 ], [ 44.508007678058966, 41.847211007570714 ], [ 44.508040561038136, 41.847077666590145 ], [ 44.508086010941348, 41.846970634450273 ], [ 44.50816980926821, 41.84684228512014 ], [ 44.50829203891746, 41.846697482579813 ], [ 44.508484427301113, 41.846545774664236 ], [ 44.508758503659429, 41.846344382651772 ], [ 44.508950871631498, 41.846195060677211 ], [ 44.50924695554388, 41.84602951885693 ], [ 44.509500013804541, 41.845859018890245 ], [ 44.509663236605832, 41.845771538528545 ], [ 44.509778258695817, 41.845733885401501 ], [ 44.509968287093926, 41.845677502655199 ], [ 44.51004834796683, 41.845627811017962 ], [ 44.510115726232726, 41.845558970658956 ], [ 44.510148287809336, 41.84548286634557 ], [ 44.510139348082504, 41.845399424563539 ], [ 44.510079342519305, 41.845322925436513 ], [ 44.510000360745295, 41.845239140724516 ], [ 44.509978380575383, 41.845191399684786 ], [ 44.509975770717638, 41.845115101223001 ], [ 44.509998915208506, 41.845010404075104 ], [ 44.510056776051321, 41.844941523139418 ], [ 44.510172196243907, 41.844851451295867 ], [ 44.510258821135182, 41.844778009345994 ], [ 44.510462286520955, 41.844633460717844 ], [ 44.510657637610812, 41.844510358553251 ], [ 44.510758432067249, 41.844458367918605 ], [ 44.510906760568474, 41.84438856586457 ], [ 44.511013479111753, 41.844302013826542 ], [ 44.511130835699177, 41.844171012998061 ], [ 44.511264051205337, 41.843997522037249 ], [ 44.511385673351874, 41.843820108640493 ], [ 44.511455120639937, 41.843700522520081 ], [ 44.511536221591868, 41.843577112958442 ], [ 44.511591425143251, 41.843461294096969 ], [ 44.511651691160452, 41.843360988560448 ], [ 44.511696125109182, 41.843299300223777 ], [ 44.51176874809196, 41.843260924406898 ], [ 44.511887928412897, 41.843245939117828 ], [ 44.511983682629747, 41.843238645122668 ], [ 44.51204334459883, 41.843209806386362 ], [ 44.512098121500628, 41.843150143345049 ], [ 44.512158533181989, 41.843030518400958 ], [ 44.512194182911834, 41.842935872417051 ], [ 44.512215515107748, 41.842847020088264 ], [ 44.512239585312464, 41.842746560507869 ], [ 44.512270187566287, 41.842634509784403 ], [ 44.512260695439871, 41.842520397354946 ], [ 44.512266432763141, 41.842446925584312 ], [ 44.51227469944002, 41.842373464552885 ], [ 44.512257014539117, 41.842323086034973 ], [ 44.512228793443398, 41.842288154602954 ], [ 44.512227807846379, 41.842251402349262 ], [ 44.512277610457176, 41.842164607379281 ], [ 44.512332445397419, 41.842097153509684 ], [ 44.512381836775859, 41.842064488093712 ], [ 44.512432360819467, 41.842049210742452 ], [ 44.512572618859366, 41.841970545498761 ], [ 44.512653083448704, 41.841930265909667 ], [ 44.512738903031178, 41.841866816264826 ], [ 44.512791089247948, 41.841807051818023 ], [ 44.512825487027129, 41.841710508860942 ], [ 44.512877773684259, 41.841629533595281 ], [ 44.512915732431729, 41.841571645228207 ], [ 44.51295217498172, 41.841538969684677 ], [ 44.513027344058521, 41.841521860092307 ], [ 44.513190215879476, 41.841526423469439 ], [ 44.513330032677906, 41.841505715600313 ], [ 44.513420825089149, 41.841469352187303 ], [ 44.513475467889187, 41.84142702524521 ], [ 44.513512100750944, 41.841369176096464 ], [ 44.513512613430329, 41.84130149155645 ], [ 44.513520631075195, 41.841268650398661 ], [ 44.513544171316425, 41.84123781146247 ], [ 44.513629842795638, 41.841193680275616 ], [ 44.513689428133048, 41.841174612812992 ], [ 44.513777352144842, 41.841174985046791 ], [ 44.513894537774455, 41.841184262766902 ], [ 44.514116297014716, 41.841190244931973 ], [ 44.514300670213345, 41.841170624142514 ], [ 44.514454523158065, 41.841125339533306 ], [ 44.514584643755668, 41.841064642724028 ], [ 44.514632727731062, 41.841021432755198 ], [ 44.514650232968513, 41.840960304964774 ], [ 44.51463378814811, 41.840881110016731 ], [ 44.514607471552495, 41.840753461356435 ], [ 44.514619995386632, 41.84068208970497 ], [ 44.514671894837875, 41.840580216001243 ], [ 44.514706523367771, 41.840516593587424 ], [ 44.51477180204018, 41.840453100648986 ], [ 44.514854011464152, 41.840412602603564 ], [ 44.51493625682383, 41.840359358110078 ], [ 44.514977748973891, 41.840295764597165 ], [ 44.514976348223534, 41.840249823578944 ], [ 44.514925703321545, 41.840185840975046 ], [ 44.514892232472441, 41.840096396369795 ], [ 44.514895916597247, 41.840063266599131 ], [ 44.514930308884786, 41.840022565632033 ], [ 44.514940913908063, 41.839974108350965 ], [ 44.514951573979374, 41.839918040484399 ], [ 44.515010009638182, 41.839859607394374 ], [ 44.515167525096182, 41.839791370627744 ], [ 44.515277225094941, 41.839722930065491 ], [ 44.515325518957795, 41.839651709271571 ], [ 44.515336372511015, 41.839570107665701 ], [ 44.515348893177261, 41.839491035019599 ], [ 44.515349316560496, 41.839434923916883 ], [ 44.515357064705796, 41.839309941053735 ], [ 44.515343955461191, 41.839243550034574 ], [ 44.515317058299544, 41.839184756684283 ], [ 44.515246034391502, 41.839107899338153 ], [ 44.515215670082775, 41.839061835171599 ], [ 44.515207503077619, 41.83901073166362 ], [ 44.515228379514554, 41.838949617991418 ], [ 44.515266437924268, 41.838886009865121 ], [ 44.515270294228827, 41.838829869110697 ], [ 44.515250454713204, 41.838745615138706 ], [ 44.515249057099894, 41.838707375011616 ], [ 44.515259679823345, 41.838656350801905 ], [ 44.515249750742463, 41.838615462672109 ], [ 44.515209321127685, 41.838546435298014 ], [ 44.515189289735979, 41.838487624954091 ], [ 44.515179533727661, 41.838423815923761 ], [ 44.515180226789809, 41.838331992745971 ], [ 44.51519801999239, 41.838232541757009 ], [ 44.515226069415732, 41.838130612122626 ], [ 44.515211329741277, 41.838048902486818 ], [ 44.51523642815657, 41.837883146598983 ], [ 44.515267719933533, 41.837814375975917 ], [ 44.515257809663701, 41.837771011026447 ], [ 44.515220601979905, 41.837729962727572 ], [ 44.515102074179943, 41.83761210267167 ], [ 44.51502100271275, 41.837494400650087 ], [ 44.514977801659519, 41.837353890927268 ], [ 44.5149684316292, 41.837239013542892 ], [ 44.514958945676945, 41.837139492409804 ], [ 44.514932184734327, 41.83706282085182 ], [ 44.51486447800206, 41.836993633107973 ], [ 44.514789677327776, 41.83696273786439 ], [ 44.514656730658686, 41.836944297505006 ], [ 44.514584791633524, 41.836940996013276 ], [ 44.514472581762654, 41.836935863385186 ], [ 44.514257662750353, 41.836927298848899 ], [ 44.514165684691612, 41.836914165094484 ], [ 44.514104474614193, 41.836885849718144 ], [ 44.514033201634518, 41.83683448003567 ], [ 44.51389723051858, 41.836770135004727 ], [ 44.513788422413043, 41.836721217408474 ], [ 44.513669281319522, 41.836684955671402 ], [ 44.513495445163514, 41.836658730010882 ], [ 44.51341374474719, 41.836640505259268 ], [ 44.513359359304374, 41.836609651432845 ], [ 44.513332467261876, 41.836558513470976 ], [ 44.513329440857206, 41.836504909660995 ], [ 44.513309256561286, 41.836466589895494 ], [ 44.513190406294186, 41.836392049615974 ], [ 44.513034117694581, 41.836307217745528 ], [ 44.512836804578939, 41.836232389455652 ], [ 44.512639395237265, 41.836170305166043 ], [ 44.512459124802852, 41.83609550350338 ], [ 44.512314586517576, 41.836033688093544 ], [ 44.512071170074066, 41.835963796656181 ], [ 44.51195183772009, 41.835953021819577 ], [ 44.511794776312072, 41.835970233031297 ], [ 44.511789407569857, 41.835971926024342 ], [ 44.511722943477665, 41.835992895259324 ], [ 44.511579589878039, 41.836005075555292 ], [ 44.511392089505932, 41.835986399427846 ], [ 44.511279677555478, 41.835960431688761 ], [ 44.511164107381184, 41.835906348904359 ], [ 44.511022943270923, 41.835844501194366 ], [ 44.510965070952423, 41.835828943099749 ], [ 44.51089006024597, 41.835826057646692 ], [ 44.510811597644178, 41.835825723506041 ], [ 44.510753647547006, 41.835820386892316 ], [ 44.510562851818264, 41.835783816699696 ], [ 44.51046750114169, 41.835755398935085 ], [ 44.510375760853663, 41.835711549666144 ], [ 44.510250166403672, 41.835621800981819 ], [ 44.510129576825783, 41.835554905969637 ], [ 44.510081941461564, 41.835539437023769 ], [ 44.510063218290611, 41.835538649221 ], [ 44.510013735628512, 41.835536578221799 ], [ 44.509928505921295, 41.835523469861542 ], [ 44.509853807275597, 41.835479737918106 ], [ 44.509827009725448, 41.835448368754506 ], [ 44.509816624478624, 41.83543621106891 ], [ 44.50981693580183, 41.835395411186759 ], [ 44.509824147964629, 41.83534185097038 ], [ 44.509800495303395, 41.835308559640126 ], [ 44.509756253708019, 41.835298193034596 ], [ 44.509705264662642, 41.835272440862852 ], [ 44.509664668143628, 41.835226332427744 ], [ 44.5095715328642, 41.835136632388476 ], [ 44.509398542147309, 41.835008356069274 ], [ 44.509269695996394, 41.834903189732564 ], [ 44.509229197382489, 41.834844336809269 ], [ 44.509169950707047, 41.834780269830517 ], [ 44.509027438102578, 41.83468270157617 ], [ 44.50887806134093, 41.834585103794581 ], [ 44.508762827630001, 41.834487606809645 ], [ 44.508722467785731, 41.834418576510679 ], [ 44.508682358521938, 41.834301045158831 ], [ 44.508652194909772, 41.834229491482532 ], [ 44.508614895328385, 41.834201275452529 ], [ 44.508584205131868, 41.834198578091197 ], [ 44.508532866037584, 41.834218758143891 ], [ 44.508481643705245, 41.834223672892875 ], [ 44.5084151839527, 41.834213165657339 ], [ 44.508262163813761, 41.834151263801111 ], [ 44.508085179559117, 41.834096960005581 ], [ 44.507907981049826, 41.834070666452234 ], [ 44.507836336899693, 41.834060467223573 ], [ 44.507778474675902, 41.834052232869304 ], [ 44.507649026704051, 41.834026188567272 ], [ 44.507536854808755, 41.833969549724259 ], [ 44.507421408438681, 41.833900197011666 ], [ 44.507310844587948, 41.833853787665412 ], [ 44.507188340133979, 41.833817549804834 ], [ 44.507062441484948, 41.833768507460661 ], [ 44.506892519794036, 41.833688697596187 ], [ 44.506797371443852, 41.833634698074547 ], [ 44.506709183174934, 41.833567984513103 ], [ 44.506632703357852, 41.833529375843185 ], [ 44.506540850584329, 41.833500924803104 ], [ 44.506479686581656, 41.833467471622917 ], [ 44.506371281796319, 41.833367524671417 ], [ 44.506259602249777, 41.833247117893364 ], [ 44.506212264090202, 41.833193324288388 ], [ 44.506205891147978, 41.833137183048713 ], [ 44.506193819268042, 41.833109569158388 ], [ 44.506175711450069, 41.833068150572032 ], [ 44.506047168764539, 41.832924703504553 ], [ 44.505982847618235, 41.832855569183351 ], [ 44.505893133721685, 41.832768401878262 ], [ 44.505787869108296, 41.832706702137003 ], [ 44.505740471186037, 41.832652952210054 ], [ 44.505720449911308, 41.832594186144583 ], [ 44.505720842797643, 41.83254311874844 ], [ 44.505748768447909, 41.832466725352766 ], [ 44.505762888346567, 41.832408107096718 ], [ 44.505746160797422, 41.832359532095111 ], [ 44.505688724627852, 41.83228786026433 ], [ 44.505617502658424, 41.832231395754974 ], [ 44.5055376737347, 41.832190251805443 ], [ 44.505404875774353, 41.832153966824116 ], [ 44.505255078315017, 41.832112475440184 ], [ 44.505173365041443, 41.832089155870634 ], [ 44.505132657084488, 41.832066013815066 ], [ 44.50509539827101, 41.832025051153984 ], [ 44.505054984035041, 41.831955974273903 ], [ 44.505048808568688, 41.831874345199182 ], [ 44.505049752196527, 41.831751855497423 ], [ 44.505018145346789, 41.831657282005303 ], [ 44.50497096534923, 41.831575431179139 ], [ 44.504909980626792, 41.831519055379317 ], [ 44.50489660729383, 41.831480718431663 ], [ 44.504900294829476, 41.831447588951832 ], [ 44.504952124511256, 41.831363597872219 ], [ 44.504955947311082, 41.831297278563085 ], [ 44.504929498083129, 41.831197639272595 ], [ 44.504888887781064, 41.831154095128561 ], [ 44.504827667867765, 41.831128296678742 ], [ 44.50474260353807, 41.831102441323864 ], [ 44.504686491724541, 41.831077969922376 ], [ 44.504635803188201, 41.831013937475589 ], [ 44.504580580943205, 41.83099140724179 ], [ 44.504555235718577, 41.830959368476144 ], [ 44.504551207712346, 41.830927466690184 ], [ 44.504543295686339, 41.830844524084142 ], [ 44.504526723079039, 41.830783836186825 ], [ 44.504475862318422, 41.830742185060998 ], [ 44.504454744181729, 41.830716559404017 ], [ 44.504455113040812, 41.830668734375685 ], [ 44.504472694147218, 41.830598646499368 ], [ 44.504499145154867, 41.830487120123827 ], [ 44.504491319311875, 41.83040098133209 ], [ 44.504500522506518, 41.83030851930144 ], [ 44.504518483512697, 41.830196956291218 ], [ 44.504518999908797, 41.830129992238142 ], [ 44.504553965095305, 41.830015305118728 ], [ 44.504584887241784, 41.829878308476857 ], [ 44.504632898588845, 41.829805244429565 ], [ 44.504661834765919, 41.829769611832866 ], [ 44.504671615399914, 41.829750604421363 ], [ 44.5046686948454, 41.829707673958559 ], [ 44.504646857656503, 41.829650385985353 ], [ 44.504599399036628, 41.82960492164699 ], [ 44.504545484846318, 41.829568932621704 ], [ 44.504475748324332, 41.829523371235538 ], [ 44.504422023002967, 41.829470719304275 ], [ 44.504387287916593, 41.829422877909174 ], [ 44.504317901147502, 41.829332014137037 ], [ 44.504273836368611, 41.829260354233 ], [ 44.504213981622854, 41.829167144705195 ], [ 44.504163761933462, 41.829073976737021 ], [ 44.504145225519196, 41.82900242697648 ], [ 44.50415550278376, 41.828919067456752 ], [ 44.504138541597278, 41.828830817595851 ], [ 44.504107334026493, 41.828747278082879 ], [ 44.504060212637853, 41.82866605758089 ], [ 44.503993774169338, 41.828599029581333 ], [ 44.503876807842509, 41.828486523643079 ], [ 44.503734344911116, 41.82836197328799 ], [ 44.503679013934075, 41.828306927234692 ], [ 44.503665227919278, 41.828291015521657 ], [ 44.503612709846557, 41.82823039731246 ], [ 44.503549560494321, 41.828158609608629 ], [ 44.503515218212819, 41.828067897693472 ], [ 44.503468737655822, 41.827896114425272 ], [ 44.503466117599395, 41.827822201479755 ], [ 44.503458587547698, 41.827760336555343 ], [ 44.50345711467186, 41.827748351010278 ], [ 44.503441716720779, 41.827683930139784 ], [ 44.503410487274316, 41.827595617571042 ], [ 44.503357224556787, 41.82748343151016 ], [ 44.503338889440663, 41.827378376798627 ], [ 44.503323951501933, 41.827254467313026 ], [ 44.503232802415191, 41.827089608025226 ], [ 44.503150767077749, 41.826960903958394 ], [ 44.503138393783203, 41.82694144056331 ], [ 44.503071994264914, 41.826869728592911 ], [ 44.503052885188332, 41.826848796744997 ], [ 44.503015155439186, 41.826807470162592 ], [ 44.503041031875313, 41.826536789597306 ], [ 44.503025535490522, 41.826274981955741 ], [ 44.503019745617898, 41.82612053355065 ], [ 44.502985655532335, 41.826005232791225 ], [ 44.502923407100567, 41.825910751219823 ], [ 44.503022052922276, 41.825822189854676 ], [ 44.502994522519764, 41.825754023580288 ], [ 44.502938954218074, 41.825706677024712 ], [ 44.502980841553288, 41.825662499274934 ], [ 44.502988367700659, 41.825654560729937 ], [ 44.502960938015192, 41.825581170877037 ], [ 44.502958425025113, 41.825578505668346 ], [ 44.502926241168012, 41.825544362634382 ], [ 44.502835956553334, 41.825454983685205 ], [ 44.502745995906267, 41.825323768995261 ], [ 44.502718283324917, 41.825286990923054 ], [ 44.502676724053785, 41.825234480880241 ], [ 44.502719417254838, 41.825140454394159 ], [ 44.502608182766167, 41.825050983661455 ], [ 44.502573667943665, 41.824982787934545 ], [ 44.502475995527838, 41.824945705919895 ], [ 44.502364051679294, 41.824939996993962 ], [ 44.502294335042748, 41.824908260840097 ], [ 44.502203748506346, 41.82485031417685 ], [ 44.502176461541502, 41.824766431701633 ], [ 44.502156422471806, 41.824640743556529 ], [ 44.5021709776601, 41.824572759468325 ], [ 44.502031567047226, 41.824498884003035 ], [ 44.501926910556321, 41.824461772142627 ], [ 44.501829584735241, 41.824372361857158 ], [ 44.501830153048829, 41.824299048108038 ], [ 44.501886631201856, 41.824236514902218 ], [ 44.501880215217078, 41.824163215898267 ], [ 44.501824568117378, 41.824126316462383 ], [ 44.50170594690983, 41.824073471816419 ], [ 44.50166422807105, 41.824041901763003 ], [ 44.501601941746607, 41.823952643288813 ], [ 44.501595688510996, 41.823858403914137 ], [ 44.501631520402569, 41.823748630086442 ], [ 44.501681420529202, 41.823633693271475 ], [ 44.501759702253032, 41.823461280370921 ], [ 44.5018446412966, 41.823346495456391 ], [ 44.501957678470639, 41.82319521922873 ], [ 44.502056868348546, 41.823043837824166 ], [ 44.502105307251142, 41.822991758190092 ], [ 44.502134458987484, 41.822960410806019 ], [ 44.502197919756959, 41.822897861760147 ], [ 44.502128489031847, 41.822829513653915 ], [ 44.50205917987374, 41.822745494011464 ], [ 44.501961653682535, 41.822682248915271 ], [ 44.501801863368762, 41.822534967651151 ], [ 44.501760834116332, 41.822414412357325 ], [ 44.501609326977267, 41.822099729206393 ], [ 44.501484314368817, 41.821978764350369 ], [ 44.501415109206192, 41.821873803695219 ], [ 44.50136681341862, 41.82178983069641 ], [ 44.501283194851389, 41.821742360643654 ], [ 44.501213847421532, 41.821663564319401 ], [ 44.501109746291618, 41.821547958892097 ], [ 44.50106155350803, 41.821443044241207 ], [ 44.501047932361921, 41.821390655827408 ], [ 44.500999372122365, 41.821348606886055 ], [ 44.501042024937611, 41.821259758857423 ], [ 44.501126699023821, 41.821171138352973 ], [ 44.501155343557578, 41.821087498482953 ], [ 44.501058490302711, 41.820945759397837 ], [ 44.501038007745478, 41.82087762411502 ], [ 44.501059302738255, 41.820841102619326 ], [ 44.500989896692836, 41.820762260859745 ], [ 44.500871261430923, 41.820719863284673 ], [ 44.500752666902883, 41.820672241755354 ], [ 44.500711031886816, 41.820630223687019 ], [ 44.5007533580999, 41.820583256473803 ], [ 44.500725648331404, 41.82054652294088 ], [ 44.500621406435378, 41.820457127453665 ], [ 44.500549699351545, 41.820403358769113 ], [ 44.500424828158543, 41.820350080288343 ], [ 44.500339284662921, 41.820279499339144 ], [ 44.50024594696103, 41.820197040326406 ], [ 44.500176133479506, 41.820108874141397 ], [ 44.500169172551622, 41.819997563450627 ], [ 44.500310834239933, 41.819904417822222 ], [ 44.500366497630147, 41.819799234037625 ], [ 44.500414183411536, 41.819705724514741 ], [ 44.500493234086363, 41.819612351365279 ], [ 44.50063494079113, 41.819513396066206 ], [ 44.500816382917058, 41.819344314315408 ], [ 44.500911296225468, 41.819215882840787 ], [ 44.500927721635286, 41.819116382773579 ], [ 44.500873484469579, 41.81904584815215 ], [ 44.500772079297697, 41.818986817506769 ], [ 44.500733372619351, 41.818939813324846 ], [ 44.500891305050352, 41.818758920262937 ], [ 44.500892533101435, 41.818600765079708 ], [ 44.500940201262495, 41.818524817823878 ], [ 44.500956990051627, 41.818378483360974 ], [ 44.501004810592221, 41.818267365633965 ], [ 44.50105253973171, 41.818168001512312 ], [ 44.501241575472257, 41.818028269538985 ], [ 44.501343737554848, 41.81798183208209 ], [ 44.501391011146509, 41.81794110085864 ], [ 44.501352517621577, 41.817858880761094 ], [ 44.501345146126624, 41.817800258772856 ], [ 44.501447625610695, 41.817712841130685 ], [ 44.501463822764528, 41.817642612446853 ], [ 44.50146445876139, 41.817560608134507 ], [ 44.501433836378808, 41.817472611857745 ], [ 44.501418941971131, 41.817367121251756 ], [ 44.501380495012633, 41.817279091896523 ], [ 44.501326166493634, 41.817220311097586 ], [ 44.501334537734479, 41.817150049352406 ], [ 44.501483926534846, 41.817068643858342 ], [ 44.501664208999827, 41.817040198668352 ], [ 44.501750535907711, 41.817017111026921 ], [ 44.501844325014297, 41.817040979919859 ], [ 44.501898652655548, 41.81709976047209 ], [ 44.501953615416014, 41.817076580805583 ], [ 44.502008819749875, 41.817029984174965 ], [ 44.502102927077622, 41.817012783594066 ], [ 44.502126903526147, 41.816948488056894 ], [ 44.502158676021494, 41.816895845225673 ], [ 44.502213683500081, 41.816866856165554 ], [ 44.502315979009992, 41.816802854920446 ], [ 44.502402577271646, 41.816744640983664 ], [ 44.50251254709854, 41.81669242593258 ], [ 44.502599010347787, 41.816651773850943 ], [ 44.502693341867271, 41.81660534630609 ], [ 44.502795591204112, 41.81654719892687 ], [ 44.502874257044041, 41.816494848926737 ], [ 44.502929460559386, 41.816448206809518 ], [ 44.502968951807723, 41.8164015417155 ], [ 44.503016737052256, 41.816302131948802 ], [ 44.50304102947154, 41.81619681106374 ], [ 44.503080746754819, 41.816120874420498 ], [ 44.503057767565345, 41.816056330506804 ], [ 44.502995508848642, 41.816003325639926 ], [ 44.502918202128534, 41.81588000165236 ], [ 44.502871731015532, 41.815809501541573 ], [ 44.502801933542607, 41.815727191453689 ], [ 44.502747319601241, 41.815697682564206 ], [ 44.502708463004737, 41.815662342333539 ], [ 44.502661357845263, 41.815673847393455 ], [ 44.502606760119278, 41.815650193004934 ], [ 44.502599477104106, 41.815579862461284 ], [ 44.502584233352962, 41.815527105972869 ], [ 44.502529861434866, 41.815474135901859 ], [ 44.502443899717647, 41.815450344701958 ], [ 44.502420739800371, 41.815409262897887 ], [ 44.502419991108376, 41.815373772390252 ], [ 44.502265944819037, 41.815139915847553 ], [ 44.502206168627367, 41.814813155951327 ], [ 44.502212308185314, 41.814020258228929 ], [ 44.502246047868567, 41.813682238634165 ], [ 44.502109041826408, 41.813261878143557 ], [ 44.501862211077075, 41.812922643989914 ], [ 44.501631184248936, 41.812571812086745 ], [ 44.501461737886238, 41.812314559613803 ], [ 44.501323413445327, 41.812057441990362 ], [ 44.501169741304885, 41.811776885473193 ], [ 44.500922347595896, 41.811519293661512 ], [ 44.500643473686708, 41.811308174407273 ], [ 44.500224380927214, 41.811084781435135 ], [ 44.499556363056627, 41.810802072969508 ], [ 44.498748737734481, 41.810437103718783 ], [ 44.498143548686535, 41.810096251233887 ], [ 44.497944463352226, 41.810006482919974 ], [ 44.497568847175984, 41.809837221734391 ], [ 44.497334632548586, 41.809790757134394 ], [ 44.496666306907557, 41.809658356110354 ], [ 44.495794433718437, 41.809537937863837 ], [ 44.495599630141783, 41.809493984505899 ], [ 44.494845408465245, 41.809323862874322 ], [ 44.494332902755076, 41.809088372671646 ], [ 44.494116634225641, 41.808842567104598 ], [ 44.493993721285619, 41.808620456195669 ], [ 44.493576230212049, 41.808198847576527 ], [ 44.493235312781522, 41.807952490731957 ], [ 44.492562041565797, 41.807351908781769 ], [ 44.492058881140814, 41.806926989759425 ], [ 44.491944180997258, 41.806649519378233 ], [ 44.491634824825482, 41.806356641406424 ], [ 44.491442297986531, 41.806064279862284 ], [ 44.491229640075908, 41.805859287046822 ], [ 44.490725461232337, 41.805565542672817 ], [ 44.490221749288153, 41.805213479151917 ], [ 44.490125922663417, 41.805009001771403 ], [ 44.489777872812972, 41.804686764516077 ], [ 44.489623722265122, 41.804467436402597 ], [ 44.489529115543704, 41.804117231706115 ], [ 44.489590796303204, 41.80370935648245 ], [ 44.489690722453361, 41.803389153489825 ], [ 44.48987659839149, 41.803106620817466 ], [ 44.49004907783246, 41.802881402552664 ], [ 44.490314358510126, 41.802543153416536 ], [ 44.490506883320251, 41.802347566133385 ], [ 44.490581191917606, 41.802008514229165 ], [ 44.490774645822853, 41.801687824207931 ], [ 44.491110687233473, 41.801457159455914 ], [ 44.491447151522486, 41.801172859250933 ], [ 44.491400918902976, 41.800976169063887 ], [ 44.490831197441899, 41.800580716591227 ], [ 44.490451395316576, 41.800311121090452 ], [ 44.489880633085811, 41.800040632376728 ], [ 44.489139971684921, 41.800126644853137 ], [ 44.488304425803683, 41.800140803998858 ], [ 44.487899321101736, 41.800049695001462 ], [ 44.487628837164536, 41.799854659527156 ], [ 44.487400902231137, 41.799690256743808 ], [ 44.48688022406089, 41.799134230428734 ], [ 44.486314765914877, 41.798202907300286 ], [ 44.486150128025763, 41.797898501857254 ], [ 44.486034356440292, 41.79745146465126 ], [ 44.485704028634707, 41.796967709377121 ], [ 44.485515874559859, 41.796609651388025 ], [ 44.485328698007919, 41.796144415679166 ], [ 44.484810211741518, 41.795320476935302 ], [ 44.484573772484097, 41.795033625866083 ], [ 44.484241523287295, 41.794799935540375 ], [ 44.483767629500498, 41.794369121219205 ], [ 44.483341689352756, 41.793902808036165 ], [ 44.483130073030573, 41.79350892789239 ], [ 44.482656052384613, 41.793095988037592 ], [ 44.482324335033219, 41.792790823438118 ], [ 44.482256318400211, 41.792343997254619 ], [ 44.482162748257679, 41.792111376267165 ], [ 44.481902934580525, 41.791770822829314 ], [ 44.4817151632733, 41.79137704748738 ], [ 44.481240015622092, 41.79110694598041 ], [ 44.480451727577602, 41.791192687600194 ], [ 44.479853529751139, 41.791368633621644 ], [ 44.478799859566649, 41.791810378681973 ], [ 44.478440199130631, 41.792023065917292 ], [ 44.47810583983707, 41.79203947126441 ], [ 44.477676825368455, 41.791966051306801 ], [ 44.477297128469161, 41.791696367476668 ], [ 44.477084395059265, 41.791445366329469 ], [ 44.476753815803164, 41.790997296355883 ], [ 44.476421529416236, 41.790781462841245 ], [ 44.476300407354465, 41.790704987533218 ], [ 44.475709152784759, 41.790331693248447 ], [ 44.475401808572435, 41.789973029315242 ], [ 44.475316170809648, 41.789767324673257 ], [ 44.475237971078343, 41.789579352605273 ], [ 44.475242778236783, 41.788989914304167 ], [ 44.475226318432867, 41.788078921368061 ], [ 44.475166990846084, 41.787746427783063 ], [ 44.474844407991789, 41.787502035944691 ], [ 44.474561903110342, 41.787029184835667 ], [ 44.474373198326802, 41.786756851827363 ], [ 44.474127213694274, 41.786484166245366 ], [ 44.47405272543179, 41.786255273624363 ], [ 44.473768947402178, 41.785939631160197 ], [ 44.473522850070061, 41.785681264805042 ], [ 44.473164181705833, 41.785179508998461 ], [ 44.473153185767131, 41.785023277841681 ], [ 44.473130011894831, 41.784693517623126 ], [ 44.473170732048679, 41.784379360439281 ], [ 44.473267973713696, 41.784165440586129 ], [ 44.473402893246806, 41.784008887577329 ], [ 44.473404530048207, 41.783808850399517 ], [ 44.473235029823066, 41.783522282338843 ], [ 44.473008311992523, 41.783235451563343 ], [ 44.472628846917992, 41.782828622886797 ], [ 44.472583379222442, 41.782584009231833 ], [ 44.472517172314127, 41.782212167891835 ], [ 44.472438916962552, 41.781900797985109 ], [ 44.472233146978688, 41.781657970770688 ], [ 44.471635273312593, 41.781370107083887 ], [ 44.470575461479861, 41.781123345902962 ], [ 44.469756946456329, 41.780998607436381 ], [ 44.469353709574712, 41.780910368791282 ], [ 44.468988386241911, 41.780843155109864 ], [ 44.469113003397965, 41.780710563906624 ], [ 44.469426248481575, 41.780541057823072 ], [ 44.469873372590776, 41.780282461113842 ], [ 44.470389550279101, 41.779864845896427 ], [ 44.470837321965654, 41.779526580822733 ], [ 44.471109547837727, 41.779361295477237 ], [ 44.471425628019396, 41.779160003231169 ], [ 44.471767554978555, 41.778748831395859 ], [ 44.472080421429325, 41.77835923177922 ], [ 44.472674233596216, 41.777898550125059 ], [ 44.473209212367173, 41.77753887902773 ], [ 44.473849899982604, 41.777266696954456 ], [ 44.474722391130136, 41.777038984980976 ], [ 44.475352438678428, 41.776882575551809 ], [ 44.475467417003323, 41.776837435192519 ], [ 44.47609971203206, 41.776589070688821 ], [ 44.476629317486875, 41.776294614592103 ], [ 44.477000629338043, 41.776107585923803 ], [ 44.477270390149442, 41.77597170582348 ], [ 44.477543583393896, 41.775683329141359 ], [ 44.477837614464214, 41.775213961197018 ], [ 44.47791767977921, 41.774873996362423 ], [ 44.477890093654416, 41.774707331950573 ], [ 44.477514950017856, 41.774444919463171 ], [ 44.477153720540144, 41.774262280840055 ], [ 44.476914940845319, 41.773884657109541 ], [ 44.476901652345298, 41.773809748596499 ], [ 44.476886237324784, 41.773722755639831 ], [ 44.47686869169339, 41.773623739467006 ], [ 44.476909491327845, 41.773363263198341 ], [ 44.477156266358598, 41.772756145013979 ], [ 44.477177121572552, 41.7727257431795 ], [ 44.477577190190566, 41.772142522594883 ], [ 44.477801177760441, 41.771910755398572 ], [ 44.477821076458191, 41.77189021984816 ], [ 44.477827251953393, 41.771855706132584 ], [ 44.477861517655391, 41.771665904570234 ], [ 44.477737611116439, 41.771440887331146 ], [ 44.477710612910741, 41.771194558670175 ], [ 44.477761367226918, 41.770988081781731 ], [ 44.47779061622694, 41.770869094647239 ], [ 44.478180648582452, 41.770487079138448 ], [ 44.478586259769592, 41.770253297910116 ], [ 44.478753919278589, 41.770156603094605 ], [ 44.479317211321678, 41.769883993869961 ], [ 44.479521993200279, 41.769682174473267 ], [ 44.479611260825692, 41.769407415361499 ], [ 44.479662958729612, 41.768987653642185 ], [ 44.4796164692901, 41.76876294388363 ], [ 44.479418365231354, 41.768496340238705 ], [ 44.479405927843025, 41.768479620952299 ], [ 44.479291941120188, 41.768225647707297 ], [ 44.479303733526564, 41.767965038859032 ], [ 44.479504632093999, 41.767640076256093 ], [ 44.480017751475437, 41.767230690147741 ], [ 44.480371028022567, 41.766948838455242 ], [ 44.48109144426013, 41.766365604162942 ], [ 44.48133523669015, 41.766120498832755 ], [ 44.48136510445692, 41.766012009320661 ], [ 44.481357929485796, 41.765707855782168 ], [ 44.481388672120239, 41.765490700817637 ], [ 44.481496652507914, 41.765295736396027 ], [ 44.481710863438813, 41.765115662323048 ], [ 44.481896136294097, 41.764928251755258 ], [ 44.482101768934704, 41.764617807025004 ], [ 44.482219427101576, 41.764415589847275 ], [ 44.482315903552639, 41.764326855328733 ], [ 44.482328377119487, 41.764264087730957 ], [ 44.482330265444418, 41.764254414618549 ], [ 44.482332578728197, 41.76424276008018 ], [ 44.482924157392816, 41.761255235443997 ], [ 44.482941711795227, 41.761166460376593 ], [ 44.482979264133441, 41.760976716737915 ], [ 44.482972344978002, 41.760872069274804 ], [ 44.482762069843005, 41.760819062364035 ], [ 44.482545898990345, 41.760773729502382 ], [ 44.482314019076391, 41.760692297445225 ], [ 44.4821188236645, 41.7604994785559 ], [ 44.481996256552435, 41.760318694101649 ], [ 44.481918441056877, 41.760203911073468 ], [ 44.481867185120073, 41.759913519335278 ], [ 44.481944266255091, 41.759587993529763 ], [ 44.482250944700773, 41.759267915947632 ], [ 44.482413901428174, 41.759018660751089 ], [ 44.482439177789558, 41.758844669210276 ], [ 44.482339053775327, 41.758692450106622 ], [ 44.482220870137603, 41.758572169431574 ], [ 44.482114319842943, 41.758463785282842 ], [ 44.482031988643023, 41.75832051800294 ], [ 44.482051347339542, 41.758142041381248 ], [ 44.482229791679721, 41.757821430650139 ], [ 44.482308440901051, 41.757674430422128 ], [ 44.482613996468892, 41.757492784394543 ], [ 44.482882940876351, 41.757413652659068 ], [ 44.483021393216205, 41.757249087198993 ], [ 44.483091783435974, 41.757021706744418 ], [ 44.482980731388629, 41.756739963243938 ], [ 44.482838906207142, 41.756583098395019 ], [ 44.482523025343909, 41.756568255697395 ], [ 44.482391950562651, 41.756563206808501 ], [ 44.482243861782464, 41.756437567325037 ], [ 44.482130793294722, 41.756414720366486 ], [ 44.481736743284792, 41.756479910702623 ], [ 44.481301121832189, 41.756531491575657 ], [ 44.481128212338177, 41.75653071084335 ], [ 44.480980102716721, 41.756422903516096 ], [ 44.480927546633787, 41.756279814934516 ], [ 44.480983123624441, 41.756047955383082 ], [ 44.480940788063613, 41.755748641352149 ], [ 44.480822930171279, 41.755574003354354 ], [ 44.480424802359551, 41.75540701509847 ], [ 44.480217144260948, 41.755285562060152 ], [ 44.480170605254486, 41.755142455292763 ], [ 44.480177963672134, 41.754968428104959 ], [ 44.480012237681279, 41.754815865030459 ], [ 44.479730176307527, 41.754680653905211 ], [ 44.479410227215403, 41.754433673554608 ], [ 44.47927428175867, 41.754235623820826 ], [ 44.479045070893349, 41.753901910796436 ], [ 44.478807610227719, 41.753302137750595 ], [ 44.478665629917849, 41.752884198686878 ], [ 44.478571442001765, 41.752728985748512 ], [ 44.478470516300128, 41.752685519190877 ], [ 44.478393203379603, 41.752652292633925 ], [ 44.478096168253849, 41.752525926427481 ], [ 44.47784159382595, 41.752310492911619 ], [ 44.477721793177381, 41.752006366978655 ], [ 44.477738645624925, 41.751403784180887 ], [ 44.477777696209124, 41.750993241737127 ], [ 44.477742261080316, 41.750586774146612 ], [ 44.477773789117087, 41.750377144015992 ], [ 44.477905959769863, 41.750252772300541 ], [ 44.477978764267668, 41.750092372864508 ], [ 44.47798884082583, 41.749583477072633 ], [ 44.477883909450441, 41.74929283918221 ], [ 44.477641327502262, 41.749068542663274 ], [ 44.477397456612913, 41.748995963009655 ], [ 44.477248730904819, 41.748959573622919 ], [ 44.477136437778505, 41.74884300722475 ], [ 44.47688654218679, 41.748779361053906 ], [ 44.4765822688993, 41.74881368818842 ], [ 44.476146925241444, 41.748829583111146 ], [ 44.475938788359763, 41.748770583735038 ], [ 44.47577118517345, 41.748667139141162 ], [ 44.475486626172007, 41.748665840486225 ], [ 44.475219704318036, 41.748684617265916 ], [ 44.474997982374354, 41.748610287239075 ], [ 44.474910344762385, 41.748450102235829 ], [ 44.474732906019533, 41.748402679875817 ], [ 44.474500987694036, 41.748494842074415 ], [ 44.474143007364574, 41.74877291726601 ], [ 44.473848950062745, 41.748844798150103 ], [ 44.473503184049875, 41.748716710698218 ], [ 44.473211946824144, 41.748531857786219 ], [ 44.473069738293624, 41.748441675928035 ], [ 44.472832180569675, 41.748127592296356 ], [ 44.472771630382915, 41.747920873565583 ], [ 44.472657523070275, 41.747740614819705 ], [ 44.472552475039869, 41.747533646690172 ], [ 44.472474726507009, 41.747253576713881 ], [ 44.472228826946377, 41.74687955678354 ], [ 44.471910592770136, 41.746651658058667 ], [ 44.471537433538373, 41.74660999624161 ], [ 44.471056560471958, 41.746694341029091 ], [ 44.470637705055253, 41.746805630327614 ], [ 44.46993517362138, 41.746809056704713 ], [ 44.469126295221429, 41.746771996303153 ], [ 44.468211565483081, 41.746634597512902 ], [ 44.467794576045662, 41.746519403518725 ], [ 44.467591494060542, 41.746345347723029 ], [ 44.467379403369286, 41.746184580197912 ], [ 44.467238505945666, 41.746017432172088 ], [ 44.467062671589495, 41.745770229636065 ], [ 44.466744902103606, 41.745489042200759 ], [ 44.466541661049646, 41.74533493434447 ], [ 44.466459566632707, 41.745161978596826 ], [ 44.466376665718805, 41.744861344473954 ], [ 44.466067190772115, 41.744646845631664 ], [ 44.465650659423162, 41.744478414450121 ], [ 44.465562006467486, 41.744451386375793 ], [ 44.465179633409129, 41.744449607211514 ], [ 44.464894651544988, 41.744501511891343 ], [ 44.464037879154148, 41.744883784849186 ], [ 44.463355529346615, 41.745282448304856 ], [ 44.46316511077417, 41.745300968929797 ], [ 44.462984220277058, 41.745222438063529 ], [ 44.462760904986837, 41.745046612844739 ], [ 44.462467528240659, 41.744986965293592 ], [ 44.462095579336491, 41.745011119819708 ], [ 44.461610216904113, 41.745157732675132 ], [ 44.46134048467853, 41.745370115053241 ], [ 44.461228757648882, 41.745384228529367 ], [ 44.460994347417305, 41.745413842181271 ], [ 44.460579269662659, 41.745424774317584 ], [ 44.460568205399255, 41.745424722373933 ], [ 44.460466883205818, 41.745424246644646 ], [ 44.459922817059081, 41.74536346021123 ], [ 44.459741309961153, 41.745330096067043 ], [ 44.459344496536069, 41.745257159668434 ], [ 44.458991167230785, 41.74512602061526 ], [ 44.45893772335058, 41.745044707560993 ], [ 44.458837503702064, 41.744892240277309 ], [ 44.458776463206391, 41.744857005522263 ], [ 44.458622425163128, 41.744768191160553 ], [ 44.458411948652646, 41.744755077614982 ], [ 44.458285492628065, 41.744747193008472 ], [ 44.457990754697022, 41.744842898757206 ], [ 44.457496730617407, 41.744995983461926 ], [ 44.457206990566135, 41.744962099738679 ], [ 44.456590739141326, 41.744790980757735 ], [ 44.456064761286001, 41.744604433496605 ], [ 44.455961580250339, 41.744567871869585 ], [ 44.455591842521265, 41.744429934435196 ], [ 44.45509627117633, 41.74415408705854 ], [ 44.454513464229954, 41.743720425682419 ], [ 44.454221076280966, 41.743623742902791 ], [ 44.454043667135181, 41.743668475616765 ], [ 44.45372634286872, 41.743903131564949 ], [ 44.453559820970426, 41.743968631442741 ], [ 44.453360925107276, 41.743930396295937 ], [ 44.453190382321516, 41.743817717584932 ], [ 44.453064974952341, 41.743601672701296 ], [ 44.45304460552282, 41.743394369152369 ], [ 44.453140828278585, 41.743137946817335 ], [ 44.453086844995511, 41.74298024708586 ], [ 44.452789061148401, 41.742875248509669 ], [ 44.452524806915868, 41.742716546915268 ], [ 44.452188886461691, 41.742528455396403 ], [ 44.451892677147839, 41.742224586873448 ], [ 44.45167417776775, 41.741904470478147 ], [ 44.45125248873596, 41.741697869055542 ], [ 44.451161775092672, 41.74165343016135 ], [ 44.450826431157708, 41.741596389628619 ], [ 44.450786202059156, 41.74158953214728 ], [ 44.45049511974041, 41.741419078560362 ], [ 44.450314069508877, 41.741313010494395 ], [ 44.450263320496958, 41.741277640297504 ], [ 44.4484086587318, 41.740132515381362 ], [ 44.447345092598411, 41.739585451884693 ], [ 44.446210867277728, 41.739244434069043 ], [ 44.446060800892361, 41.739158819455163 ], [ 44.445826367164081, 41.739025150587842 ], [ 44.444900317823794, 41.738810366411109 ], [ 44.444363629113077, 41.738752919593352 ], [ 44.443630098655795, 41.738818994467699 ], [ 44.443217730225001, 41.738687926274061 ], [ 44.442601493401121, 41.738220400972303 ], [ 44.441917882879714, 41.737799201548157 ], [ 44.440988682148735, 41.737438276483992 ], [ 44.440471854398936, 41.737435760935753 ], [ 44.440367068110866, 41.737489064936874 ], [ 44.440222972696972, 41.737562358499808 ], [ 44.440001153430813, 41.737798973190998 ], [ 44.439716636077748, 41.73822740168692 ], [ 44.438947166801888, 41.738409056788633 ], [ 44.438238450689845, 41.738339077155224 ], [ 44.437655124417468, 41.738025301136041 ], [ 44.436865192914539, 41.737609946280394 ], [ 44.436194184295239, 41.737560945077121 ], [ 44.435507726627137, 41.737669577157547 ], [ 44.43495367143997, 41.737976560605823 ], [ 44.434569725307661, 41.738542474985337 ], [ 44.434049203403184, 41.738952884594518 ], [ 44.433392681635375, 41.739156090115031 ], [ 44.4324930947393, 41.739300266513858 ], [ 44.43211583019437, 41.739316010416623 ], [ 44.431806054498772, 41.739328936174132 ], [ 44.431321186263695, 41.739287131738806 ], [ 44.430979564465581, 41.739263508361866 ], [ 44.430608343367837, 41.739268965097892 ], [ 44.430295081724786, 41.739220485720047 ], [ 44.429984374947303, 41.739141529377214 ], [ 44.429602584978355, 41.73911153281869 ], [ 44.42922415988928, 41.739244804063155 ], [ 44.428848769110736, 41.739435824176248 ], [ 44.428354290202144, 41.739982883817795 ], [ 44.428186047205344, 41.740376194082245 ], [ 44.427821568003495, 41.740725518502131 ], [ 44.427482044285071, 41.740952380498996 ], [ 44.427241600601867, 41.74111294833672 ], [ 44.426758875167046, 41.741464562085845 ], [ 44.426486948213764, 41.741838122429058 ], [ 44.426302230083607, 41.742020087866138 ], [ 44.426061223026586, 41.742087833026964 ], [ 44.425441168529744, 41.742058929035906 ], [ 44.424581492396037, 41.741848186127555 ], [ 44.423739641443717, 41.741729262700822 ], [ 44.423007363630603, 41.741696314993348 ], [ 44.422956864735895, 41.74171524635171 ], [ 44.422877526622628, 41.741744976370178 ], [ 44.422448677284841, 41.741905668509396 ], [ 44.421525387706041, 41.742486255049911 ], [ 44.421092982677656, 41.742733932005237 ], [ 44.420713465523932, 41.74278367451258 ], [ 44.420231283172733, 41.742755392381703 ], [ 44.419061066089462, 41.742594651076935 ], [ 44.417718992967878, 41.742381371820123 ], [ 44.416928072671304, 41.742196680171197 ], [ 44.416694056805163, 41.742088759226917 ], [ 44.416315926239221, 41.741779609547592 ], [ 44.416102354247741, 41.741632205389735 ], [ 44.415761190666792, 41.741557289146172 ], [ 44.41553648666364, 41.741563487098773 ], [ 44.415055545927878, 41.741817064263437 ], [ 44.414574196461267, 41.74212184222101 ], [ 44.414211030137587, 41.742317515232216 ], [ 44.413956581829389, 41.742367422625833 ], [ 44.413634426064142, 41.742351142642768 ], [ 44.413342285149909, 41.74225458233132 ], [ 44.412904945581218, 41.742010915408436 ], [ 44.412408310625011, 41.74184746635423 ], [ 44.412067483891796, 41.741735972373398 ], [ 44.411580327085424, 41.74160179601418 ], [ 44.411307066208778, 41.74157846420718 ], [ 44.411111443647783, 41.741606734590739 ], [ 44.41072953113801, 41.741714482089257 ], [ 44.410395704698288, 41.741902997821938 ], [ 44.410129439238354, 41.742179587793878 ], [ 44.409697022043581, 41.742470005089743 ], [ 44.409432091515697, 41.742600326306075 ], [ 44.409060440826195, 41.74265691607571 ], [ 44.408415531873374, 41.742682870286444 ], [ 44.407830121884764, 41.742614013432544 ], [ 44.407601813423184, 41.742520835286811 ], [ 44.407383517135855, 41.742431750675614 ], [ 44.40697031484018, 41.742318427161692 ], [ 44.406596425466738, 41.742193596075438 ], [ 44.406211398689564, 41.742116038094501 ], [ 44.405659702364481, 41.742089272073272 ], [ 44.405191261148552, 41.74204586612133 ], [ 44.404980001282901, 41.742074045106712 ], [ 44.404970077560883, 41.742302231536073 ], [ 44.404865602827059, 41.742617701642125 ], [ 44.404675466685724, 41.742897645509608 ], [ 44.404477242027689, 41.743206774890687 ], [ 44.404359347231363, 41.743282228036428 ], [ 44.404218758962884, 41.743275644586518 ], [ 44.404008637128364, 41.743186781507703 ], [ 44.403751825851636, 41.743068402969477 ], [ 44.403481212645325, 41.742953555009208 ], [ 44.402979782588467, 41.742900601474553 ], [ 44.4024132008538, 41.742922200260303 ], [ 44.402095330308093, 41.743059795071552 ], [ 44.401709658119003, 41.743356234964914 ], [ 44.401699722152536, 41.743584466016642 ], [ 44.401745265419038, 41.743730977071607 ], [ 44.401720619635981, 41.743859604014013 ], [ 44.401546860229203, 41.744057754136954 ], [ 44.401326966178765, 41.744179464285097 ], [ 44.40110831601308, 41.744160761152344 ], [ 44.400812590800079, 41.744030464111646 ], [ 44.40059421922831, 41.743988343218049 ], [ 44.400197464292347, 41.744020499415939 ], [ 44.399400562848385, 41.744480873370094 ], [ 44.399136612957562, 41.744664137120374 ], [ 44.398727701546356, 41.744948150788069 ], [ 44.397934926231372, 41.745775526717154 ], [ 44.397686976898513, 41.746021604748968 ], [ 44.397489830240872, 41.746217239179174 ], [ 44.397319038142157, 41.746340369972586 ], [ 44.397137584302428, 41.74646533604016 ], [ 44.396632302210655, 41.746673717994689 ], [ 44.396458065501683, 41.746734140625854 ], [ 44.395962093741446, 41.746885464089566 ], [ 44.395791056702897, 41.746925186407381 ], [ 44.395606369637839, 41.746907101746118 ], [ 44.395211198768408, 41.746813150897992 ], [ 44.394584031677844, 41.746731487023524 ], [ 44.393550464600366, 41.746586697976824 ], [ 44.392072660137885, 41.746208610351957 ], [ 44.390840914487519, 41.745744530586407 ], [ 44.390443879741319, 41.745575750247504 ], [ 44.39006257037628, 41.745340445177042 ], [ 44.389939158860336, 41.745335826904224 ], [ 44.389775010122762, 41.745378459093395 ], [ 44.389468204700165, 41.745499189480242 ], [ 44.389064339525916, 41.745607423683204 ], [ 44.388811612163913, 41.74565633873042 ], [ 44.388589428707434, 41.745699336026149 ], [ 44.388364335093385, 41.745706784750816 ], [ 44.38819156719434, 41.745662631296405 ], [ 44.388016506650636, 41.745562306670919 ], [ 44.387678630673726, 41.745288224679001 ], [ 44.387484477403319, 41.745071066646176 ], [ 44.387209117480801, 41.744901077257879 ], [ 44.386846905818103, 41.744752195551392 ], [ 44.386680385620011, 41.744664839514456 ], [ 44.386503020063671, 41.744503973160285 ], [ 44.386296628712145, 41.744360199925246 ], [ 44.38603805697776, 41.744246501131677 ], [ 44.385726980205924, 41.74418431137849 ], [ 44.385530776293706, 41.744183262275364 ], [ 44.385348737281369, 41.74420390543753 ], [ 44.385105547457613, 41.744293394914486 ], [ 44.384879386014376, 41.744413193556412 ], [ 44.384531693338943, 41.744558281012445 ], [ 44.384264667946688, 41.744725416548484 ], [ 44.383811763125998, 41.745012563932896 ], [ 44.38335003038214, 41.745316910555154 ], [ 44.382960367533386, 41.745630334118907 ], [ 44.382730731390588, 41.745810636921753 ], [ 44.382573877148218, 41.745913509842097 ], [ 44.382347953519492, 41.746007409585445 ], [ 44.382040447819072, 41.746174322280673 ], [ 44.381651229734175, 41.746440186740841 ], [ 44.381371961494658, 41.746672054997838 ], [ 44.381179322985759, 41.746900110838425 ], [ 44.380989777547711, 41.747106521161669 ], [ 44.380797925667423, 41.747252436696272 ], [ 44.38060648846394, 41.747355120518883 ], [ 44.380322496759881, 41.747483290094472 ], [ 44.380049657472306, 41.747646015964349 ], [ 44.37981714269123, 41.747817650603643 ], [ 44.3795992016329, 41.747980761769924 ], [ 44.379367226182595, 41.748096149662466 ], [ 44.379094880915353, 41.748207085641987 ], [ 44.378654516523419, 41.748386196193195 ], [ 44.378156313952466, 41.748582330513337 ], [ 44.377490570142513, 41.748790480104304 ], [ 44.377024111858759, 41.748986781475892 ], [ 44.376821159539119, 41.749085073148429 ], [ 44.3765599337315, 41.749239251966202 ], [ 44.37625793782037, 41.749436442466482 ], [ 44.376016998287149, 41.749582083442135 ], [ 44.375720921368583, 41.74975768785928 ], [ 44.375465649030637, 41.749898926431108 ], [ 44.375164089637572, 41.750044236080953 ], [ 44.374786827352573, 41.750262585098604 ], [ 44.374606623986431, 41.750395583488434 ], [ 44.374507493641794, 41.750503127855744 ], [ 44.374465782229393, 41.750636834840698 ], [ 44.37442925561713, 41.750831142098626 ], [ 44.374427619059034, 41.75099969915378 ], [ 44.374458196154691, 41.75112087464484 ], [ 44.374531945649302, 41.75125525522904 ], [ 44.374663449847006, 41.751381348431003 ], [ 44.375031382951953, 41.751530299512524 ], [ 44.375405426178851, 41.751644695761769 ], [ 44.375514511200052, 41.751701447337823 ], [ 44.375554168941903, 41.751779483331241 ], [ 44.375547558227943, 41.751865869536196 ], [ 44.375563955886321, 41.75196107253862 ], [ 44.375620724294997, 41.752060773253518 ], [ 44.375619886811066, 41.752147190831721 ], [ 44.375569264982133, 41.752306834942388 ], [ 44.375475320201943, 41.752474890265795 ], [ 44.375253023071579, 41.75278055007594 ], [ 44.375095068309129, 41.753000092255725 ], [ 44.37498445387704, 41.7530946044484 ], [ 44.374943412360892, 41.753159186507673 ], [ 44.374942783215047, 41.753224033445093 ], [ 44.374965498820778, 41.753263067236134 ], [ 44.375068537552991, 41.75335437318904 ], [ 44.375311560947956, 41.753584742623637 ], [ 44.375534522955185, 41.753806400825326 ], [ 44.375585603815914, 41.753897378866981 ], [ 44.375584765357978, 41.753983886482089 ], [ 44.37552636192467, 41.754052697739517 ], [ 44.375328787385349, 41.754189926102761 ], [ 44.37506730378395, 41.75437436345031 ], [ 44.374660645107213, 41.754644432234002 ], [ 44.374396210904393, 41.754828851975077 ], [ 44.374210094441736, 41.754974787489807 ], [ 44.374118863875147, 41.755104126336839 ], [ 44.374057400051186, 41.755246237067226 ], [ 44.374027233184989, 41.755280794666092 ], [ 44.374004850872034, 41.755306477749457 ], [ 44.373998280467298, 41.755314187963222 ], [ 44.373888097794442, 41.755444143915788 ], [ 44.37376593085073, 41.755538546896773 ], [ 44.373574415760572, 41.755645541735255 ], [ 44.373487074775191, 41.755727209255951 ], [ 44.373439607746597, 41.755852282679434 ], [ 44.373386613452247, 41.755964355870447 ], [ 44.373252831698515, 41.756071665014446 ], [ 44.373125285357034, 41.756131496151568 ], [ 44.372928372647507, 41.756199550254109 ], [ 44.372788798050877, 41.756302503880441 ], [ 44.372666098161389, 41.756457474764822 ], [ 44.372583290679465, 41.756660085160291 ], [ 44.372524183308954, 41.756806756422606 ], [ 44.372436611239614, 41.756905670244592 ], [ 44.372302825503851, 41.757013023273068 ], [ 44.372139952611249, 41.757111795661075 ], [ 44.372021010503246, 41.757146272870841 ], [ 44.37185099768751, 41.757187676344778 ], [ 44.371716521694367, 41.757279307716132 ], [ 44.371592044541011, 41.757394051504214 ], [ 44.371488848698043, 41.757435819872391 ], [ 44.371391102746848, 41.757442986099534 ], [ 44.371201121049296, 41.757422716595485 ], [ 44.370992706265227, 41.757448506672525 ], [ 44.370786426115934, 41.757520513904424 ], [ 44.370621486228323, 41.757565771304684 ], [ 44.370420866523951, 41.757587775073837 ], [ 44.370173824420505, 41.757621052965973 ], [ 44.369864963286489, 41.757665520239414 ], [ 44.369376087406359, 41.757728273716715 ], [ 44.368786598518319, 41.757832805233683 ], [ 44.368446866996202, 41.757884800060481 ], [ 44.368261355377932, 41.757929986019164 ], [ 44.368178763299831, 41.757967991689192 ], [ 44.368029125587825, 41.758028776488494 ], [ 44.367884600165695, 41.758089544183555 ], [ 44.367734584409952, 41.758188786344419 ], [ 44.367558109437084, 41.758360974346374 ], [ 44.367438530221165, 41.75850271647947 ], [ 44.367350121961309, 41.75860612526936 ], [ 44.367246641422952, 41.758682520098944 ], [ 44.367102053214531, 41.758743331488674 ], [ 44.3667796932694, 41.758856979795773 ], [ 44.366547609343712, 41.758940366108014 ], [ 44.366439083968558, 41.758997502479062 ], [ 44.366407775862157, 41.759043535657476 ], [ 44.366402117670845, 41.759099257683204 ], [ 44.366396453771713, 41.759155069746463 ], [ 44.366364805335905, 41.759235687851152 ], [ 44.366312208396316, 41.759354740295308 ], [ 44.366239026843225, 41.759481335103303 ], [ 44.366160975719389, 41.7595770991162 ], [ 44.366124252193885, 41.75965386118213 ], [ 44.366096980037582, 41.759815341017237 ], [ 44.366060044571128, 41.759907503829517 ], [ 44.366005110153317, 41.760007268278585 ], [ 44.365982949829856, 41.760168776283869 ], [ 44.366042840041651, 41.760353839957617 ], [ 44.366016075477795, 41.76045758780365 ], [ 44.36592251177661, 41.760564840006715 ], [ 44.365746464258187, 41.760698567689381 ], [ 44.36552912496218, 41.760847469016781 ], [ 44.365466733614987, 41.760916388136742 ], [ 44.365445443408575, 41.760989407233886 ], [ 44.365451268676118, 41.761185701507664 ], [ 44.365408726151422, 41.761327866892117 ], [ 44.365335730464771, 41.76143518716583 ], [ 44.365180173337855, 41.761576728110157 ], [ 44.36504021825634, 41.761691424198418 ], [ 44.364993093518279, 41.761779657320808 ], [ 44.364981616590256, 41.761906592291716 ], [ 44.364975510945683, 41.761995097147334 ], [ 44.364943935226279, 41.762068014251696 ], [ 44.364886145346418, 41.762194693205707 ], [ 44.364745906964082, 41.762344019185768 ], [ 44.364636827090074, 41.762462713439298 ], [ 44.364559187136905, 41.762516190818822 ], [ 44.364482002973027, 41.762523464870021 ], [ 44.364266174375089, 41.762518397820408 ], [ 44.364014165368154, 41.76252857706028 ], [ 44.36389276242403, 41.762554970934758 ], [ 44.363720664668186, 41.76259234266174 ], [ 44.363385119131927, 41.762729056240111 ], [ 44.363105828580608, 41.762900667485056 ], [ 44.362994738804417, 41.762966748275723 ], [ 44.362851322533785, 41.762998918562602 ], [ 44.362730589224817, 41.763018289476527 ], [ 44.362624977316202, 41.763035267233754 ], [ 44.362472946202082, 41.76316597061345 ], [ 44.362252836684981, 41.763216404033805 ], [ 44.361995199956432, 41.763247894133968 ], [ 44.361908515193491, 41.763266867799175 ], [ 44.361832680575276, 41.763283514818156 ], [ 44.361796412972978, 41.763368159077601 ], [ 44.361804485115776, 41.763627965099658 ], [ 44.361800965036508, 41.763983180654002 ], [ 44.361755715585097, 41.764263946907434 ], [ 44.361639453046237, 41.764560215894299 ], [ 44.361527736953263, 41.764755767011245 ], [ 44.361482853643281, 41.764999426421632 ], [ 44.361508923759416, 41.765227537799461 ], [ 44.361587467326572, 41.765514305937693 ], [ 44.361635566690133, 41.765668322223327 ], [ 44.36162657713772, 41.765859130016729 ], [ 44.361646075779056, 41.76603419878785 ], [ 44.361742470573375, 41.766310437740202 ], [ 44.361769435175425, 41.766448439232121 ], [ 44.361775586730836, 41.766543947299077 ], [ 44.361723763250424, 41.766771625836249 ], [ 44.361725945840746, 41.766909489647006 ], [ 44.361724684423933, 41.767036751131037 ], [ 44.361679950709146, 41.767259154903364 ], [ 44.361712489024406, 41.767550981360003 ], [ 44.361781080620013, 41.767774014694183 ], [ 44.361814933576632, 41.767933265818613 ], [ 44.361814040054796, 41.76802342061363 ], [ 44.361727206352015, 41.768208481791106 ], [ 44.361665837897256, 41.768324781079421 ], [ 44.361572806271568, 41.76842500708868 ], [ 44.361337694796092, 41.768566866111705 ], [ 44.360896424804046, 41.76878179542728 ], [ 44.360519448059115, 41.768949343989981 ], [ 44.360128799998783, 41.769063809166923 ], [ 44.35968110971853, 41.769209794733641 ], [ 44.359311270558131, 41.769366795906201 ], [ 44.359061592862446, 41.769550946779177 ], [ 44.358826102716947, 41.769729862171296 ], [ 44.358632709199476, 41.769946210852964 ], [ 44.358460918860864, 41.770125526104025 ], [ 44.35817485297629, 41.770404990677122 ], [ 44.358032166230537, 41.770597392847037 ], [ 44.358064944061091, 41.770869721409568 ], [ 44.35819649621687, 41.771009839141719 ], [ 44.358558688159327, 41.771144624542465 ], [ 44.358805949586497, 41.771252196883403 ], [ 44.359018128668666, 41.771306476917609 ], [ 44.359033803261759, 41.771387717105597 ], [ 44.358995785408197, 41.77146604571189 ], [ 44.358903544767834, 41.77150408082808 ], [ 44.35885683954622, 41.771572768493591 ], [ 44.358824918103863, 41.771691302114796 ], [ 44.358822973555817, 41.771886562206085 ], [ 44.358856232853348, 41.772147184124748 ], [ 44.358890424175335, 41.772308194229595 ], [ 44.358941137414376, 41.772350584760567 ], [ 44.358981738094101, 41.77238148000486 ], [ 44.359098831543406, 41.77243955265245 ], [ 44.359376625755239, 41.772544501915455 ], [ 44.359606157343464, 41.772614729868252 ], [ 44.359667536751509, 41.772631194448266 ], [ 44.359912214752427, 41.772696822588365 ], [ 44.360054533171486, 41.772789531458521 ], [ 44.360104790572734, 41.772877899470423 ], [ 44.36010838163017, 41.773031082840028 ], [ 44.36014813043424, 41.77315384392287 ], [ 44.360254977135462, 41.773208075395623 ], [ 44.360469894976859, 41.773205444001881 ], [ 44.360576818519931, 41.773251974651927 ], [ 44.360627365237541, 41.773317376291139 ], [ 44.360626757005818, 41.773378620236102 ], [ 44.360564195829582, 41.773493155827261 ], [ 44.360486354525669, 41.773607606326337 ], [ 44.360449381816601, 41.773726112242358 ], [ 44.360458505368257, 41.773837218842559 ], [ 44.36040632231277, 41.77393650027841 ], [ 44.360318709811665, 41.77400496076379 ], [ 44.360282345580615, 41.77406217764873 ], [ 44.360312226750864, 41.774142776175239 ], [ 44.360373207192936, 41.774181395273807 ], [ 44.360459548249018, 41.774246996255528 ], [ 44.360468976082551, 41.774327480879286 ], [ 44.360401947209475, 41.774376871180827 ], [ 44.3602789970478, 41.774399154368318 ], [ 44.360166517826279, 41.774390872080943 ], [ 44.360110019420667, 41.774409742233651 ], [ 44.360104449440144, 41.77445564669835 ], [ 44.360047745212121, 41.774501266340131 ], [ 44.359970716863764, 41.774527677978355 ], [ 44.359878294592889, 41.774565442631065 ], [ 44.359749103945163, 41.774694918315248 ], [ 44.359645534088187, 41.774813052787778 ], [ 44.35962437848395, 41.774889539043983 ], [ 44.359583264457839, 41.774916105565929 ], [ 44.359515179424704, 41.774950582940967 ], [ 44.359455395562875, 41.775069816993394 ], [ 44.359406575909702, 41.775157317588942 ], [ 44.359309650602924, 41.775260537247782 ], [ 44.359226687940051, 41.775296732870665 ], [ 44.359093148557079, 41.775349083991479 ], [ 44.358931762685728, 41.775527422002988 ], [ 44.358823551181246, 41.775712631637113 ], [ 44.358813259424579, 41.77585195684469 ], [ 44.358820973026155, 41.775971477165207 ], [ 44.35878635415029, 41.776034422711405 ], [ 44.358619309206006, 41.776188725137636 ], [ 44.358570263806406, 41.776244339475788 ], [ 44.358541777732469, 41.776319703748804 ], [ 44.35847791099075, 41.776401580634435 ], [ 44.358201351943379, 41.776497085931169 ], [ 44.357752115544351, 41.776683856579297 ], [ 44.357413416159773, 41.776844583195519 ], [ 44.357051927518199, 41.776997840602299 ], [ 44.356941059432508, 41.777062745670989 ], [ 44.355438720123132, 41.779014734768332 ], [ 44.355278945009893, 41.779030320953538 ], [ 44.354081442827329, 41.779147079710555 ], [ 44.35118159021885, 41.779235760160581 ], [ 44.349871432491391, 41.779199035833166 ], [ 44.348787034268391, 41.779113092541529 ], [ 44.347982624723727, 41.778993916557503 ], [ 44.346860863296676, 41.778653656997164 ], [ 44.34585248939095, 41.778299080623981 ], [ 44.344927937465677, 41.778080302799054 ], [ 44.343507177258132, 41.777812252261469 ], [ 44.341639220300387, 41.777527436364778 ], [ 44.340893743776903, 41.777508210364019 ], [ 44.33919079411762, 41.777631910717325 ], [ 44.339016068388155, 41.777527325655576 ], [ 44.338606139238109, 41.777173199998074 ], [ 44.339303929119581, 41.776726642377781 ], [ 44.34055247231646, 41.776165387182076 ], [ 44.341075722343412, 41.775493948874626 ], [ 44.341004925555993, 41.774981272327025 ], [ 44.340343573661897, 41.774593240195749 ], [ 44.339547641536583, 41.774346740534256 ], [ 44.338692700131212, 41.774299129535791 ], [ 44.338218041169675, 41.774239472371143 ], [ 44.337953075466174, 41.774124097871812 ], [ 44.337935968221025, 41.77393899644045 ], [ 44.338088236793538, 41.773739874396135 ], [ 44.338207575539741, 41.773414059767141 ], [ 44.337828789005194, 41.773269567279435 ], [ 44.33735645394777, 41.773242119817553 ], [ 44.335751207654901, 41.77324753118215 ], [ 44.335352249361911, 41.773210321846598 ], [ 44.33412287472575, 41.772983928694806 ], [ 44.333086059550446, 41.772823355329784 ], [ 44.332779314507988, 41.772776045013792 ], [ 44.332381513632953, 41.772714692545343 ], [ 44.331709823561901, 41.772645982275257 ], [ 44.331370925018433, 41.772584204234931 ], [ 44.330994031761058, 41.772438934647298 ], [ 44.3306748160065, 41.772301070323223 ], [ 44.330400504804693, 41.772213135696816 ], [ 44.329978150950957, 41.77207773513372 ], [ 44.328928881100317, 41.771827387375865 ], [ 44.327965825987896, 41.771617435198884 ], [ 44.327699728333087, 41.771595972973834 ], [ 44.326881794919551, 41.771511427053127 ], [ 44.326416714707676, 41.771418991944572 ], [ 44.325640502377574, 41.771165260943576 ], [ 44.325143675857575, 41.770928117715954 ], [ 44.324906328413611, 41.7707124477717 ], [ 44.324596387319076, 41.770426546669654 ], [ 44.324364980919917, 41.770275670545296 ], [ 44.323828493840956, 41.770018337955335 ], [ 44.323504495971633, 41.7698171966994 ], [ 44.323134436810392, 41.769545799096775 ], [ 44.323557152999577, 41.769030838974288 ], [ 44.323566048785644, 41.769020082999717 ], [ 44.323162353324243, 41.768160513051399 ], [ 44.323116022593652, 41.768024234989426 ], [ 44.32279049280605, 41.76706618262368 ], [ 44.322795485335817, 41.76532732766691 ], [ 44.323074475020462, 41.763221251546739 ], [ 44.323667064156709, 41.761933952721407 ], [ 44.323662489134051, 41.761739555365857 ], [ 44.323160265267191, 41.761319575046116 ], [ 44.323023910138232, 41.761256398405052 ], [ 44.322481023716492, 41.761134711562924 ], [ 44.322274838448358, 41.761088550710568 ], [ 44.322255404086107, 41.761083437199972 ], [ 44.321382697510586, 41.760855993743533 ], [ 44.319043649686719, 41.760087459998282 ], [ 44.316090088902271, 41.758717204305057 ], [ 44.315777721847525, 41.758589472024767 ], [ 44.315516943256675, 41.75848609486912 ], [ 44.315195822710081, 41.758367270794217 ], [ 44.314641332101111, 41.758175403478397 ], [ 44.314111742963497, 41.758006334685305 ], [ 44.31388842406205, 41.757938349686619 ], [ 44.313479195202291, 41.757813950710762 ], [ 44.312801746484531, 41.757579862616048 ], [ 44.312390163441421, 41.757445402902064 ], [ 44.312223992711303, 41.757444408286453 ], [ 44.311999523417974, 41.757473237708446 ], [ 44.311403733657869, 41.75761301446569 ], [ 44.310699627142789, 41.757752048260258 ], [ 44.310440310148955, 41.757794363363139 ], [ 44.31000836898464, 41.757864854529835 ], [ 44.309605075255547, 41.757900126016658 ], [ 44.30938304811292, 41.757936530852312 ], [ 44.308852298624963, 41.758118117363814 ], [ 44.308427620629011, 41.758262645756346 ], [ 44.308212602690922, 41.758351871374451 ], [ 44.308198236127524, 41.758356693670137 ], [ 44.307843575249564, 41.758477908093319 ], [ 44.307504589321731, 41.758522836772727 ], [ 44.307354309932514, 41.758542782030965 ], [ 44.306608519069137, 41.758579760610047 ], [ 44.305999055405927, 41.758579863726496 ], [ 44.30574534774253, 41.758564099925266 ], [ 44.305460504920504, 41.758546436027522 ], [ 44.305035303970655, 41.758509908564093 ], [ 44.304773547014065, 41.758493238265913 ], [ 44.304536642699468, 41.758486586750109 ], [ 44.304259993771502, 41.758478825804197 ], [ 44.303459321661677, 41.75846267073495 ], [ 44.302683259077142, 41.758495657374333 ], [ 44.302013026568837, 41.758525543857424 ], [ 44.301699969210112, 41.758602857873512 ], [ 44.301270648814111, 41.758713375271761 ], [ 44.300922450229216, 41.758775341733177 ], [ 44.300740997365061, 41.758785586298139 ], [ 44.300587762059656, 41.758750697295199 ], [ 44.300221585603765, 41.758612732552542 ], [ 44.299910433651313, 41.758508968152633 ], [ 44.299694476342879, 41.758451088252528 ], [ 44.299482915115732, 41.758453581452883 ], [ 44.298942727589072, 41.758570979976568 ], [ 44.298679782183264, 41.758663588126034 ], [ 44.298516074631173, 41.75866258871342 ], [ 44.298204450107995, 41.758607949833817 ], [ 44.297641979028803, 41.758457428900869 ], [ 44.296707880882153, 41.758206590100336 ], [ 44.296346749566574, 41.75806481593208 ], [ 44.295911625651279, 41.757786852160024 ], [ 44.295559931898183, 41.757475442015668 ], [ 44.29522265406856, 41.757232031779743 ], [ 44.295042649729716, 41.757110234035558 ], [ 44.294937274472922, 41.757071893252004 ], [ 44.294695279491222, 41.757096798374931 ], [ 44.294246181803508, 41.757173256889615 ], [ 44.293892519597655, 41.757272907709648 ], [ 44.293604060591768, 41.757399348769731 ], [ 44.293467668074946, 41.757436204278569 ], [ 44.29334446490266, 41.757416622006488 ], [ 44.293203847983982, 41.757378017839343 ], [ 44.293018813883585, 41.757259968918177 ], [ 44.292812423782252, 41.757075996828895 ], [ 44.292639641852453, 41.756921990318304 ], [ 44.292302189831879, 41.7567011779335 ], [ 44.29199706467675, 41.756510737120053 ], [ 44.291511406913244, 41.756247531918 ], [ 44.291183073931478, 41.756105988786082 ], [ 44.290827973277906, 41.755877497315858 ], [ 44.290578659960872, 41.755649703021042 ], [ 44.290316945989375, 41.755406699867549 ], [ 44.290107971117706, 41.75517537076783 ], [ 44.289924842574123, 41.754880071367523 ], [ 44.289826313344207, 41.754679597633618 ], [ 44.289807580290379, 41.754551267561553 ], [ 44.289778305770184, 41.75446808733404 ], [ 44.289671326811394, 41.754346777565033 ], [ 44.289347156262487, 41.754058125959929 ], [ 44.288863318323521, 41.753632705126535 ], [ 44.288466522325351, 41.753309735246425 ], [ 44.288242257993787, 41.753097177618926 ], [ 44.288077539521879, 41.75296037692155 ], [ 44.287942361813776, 41.752887888741448 ], [ 44.287736621463374, 41.75282243877723 ], [ 44.287480652310165, 41.752741725380417 ], [ 44.287285414037264, 41.752634907642936 ], [ 44.287080717633735, 41.7524752500007 ], [ 44.286950700356165, 41.752387705984681 ], [ 44.286754000498703, 41.752190358148106 ], [ 44.286579662156797, 41.752015801370689 ], [ 44.2864161604708, 41.75176970615496 ], [ 44.286392384086042, 41.751641299116265 ], [ 44.286425012852952, 41.751426550229588 ], [ 44.28651327680771, 41.751189494274911 ], [ 44.286567430161853, 41.751072919960968 ], [ 44.286654171131303, 41.750967896742345 ], [ 44.286675444117819, 41.750866159880694 ], [ 44.286646633954206, 41.750741549588597 ], [ 44.286603045901458, 41.750582891216716 ], [ 44.286615027742002, 41.750413229074972 ], [ 44.286662187617189, 41.75024383037222 ], [ 44.286729970082362, 41.750036820421961 ], [ 44.286759987964636, 41.749829575998618 ], [ 44.286723955949938, 41.749444709179812 ], [ 44.286647426656891, 41.749078415490906 ], [ 44.286512154973053, 41.748787190443743 ], [ 44.28636360705147, 41.748559967448926 ], [ 44.286189446578661, 41.748370324395957 ], [ 44.285994474115881, 41.748240898532366 ], [ 44.285778563964108, 41.748182992738364 ], [ 44.285310569108852, 41.748146126307056 ], [ 44.284736856447864, 41.74811994869566 ], [ 44.284115512507753, 41.748067035959053 ], [ 44.283549718661625, 41.747999424602874 ], [ 44.283349156672145, 41.747918957386695 ], [ 44.283204749786833, 41.747774755476364 ], [ 44.282951762944791, 41.747433748737343 ], [ 44.282742528407724, 41.747225011916498 ], [ 44.282517026482893, 41.7471217800191 ], [ 44.282245951985637, 41.74704469849808 ], [ 44.281792000418946, 41.746887211878708 ], [ 44.281491522895017, 41.746734511283414 ], [ 44.281211083005246, 41.746596976920728 ], [ 44.280696056404381, 41.746265629339412 ], [ 44.280285684464324, 41.746040586979412 ], [ 44.279937453738114, 41.745883755206506 ], [ 44.279385431765185, 41.745710602754883 ], [ 44.278727451463148, 41.745559390078782 ], [ 44.277918047941618, 41.745441178443869 ], [ 44.277395477122106, 41.745339852088755 ], [ 44.276996445405032, 41.745220431167446 ], [ 44.276748943971704, 41.745064223529873 ], [ 44.27648462973815, 41.744836303945881 ], [ 44.276225393042353, 41.744600849863957 ], [ 44.276005258147286, 41.744471248506954 ], [ 44.275880318100896, 41.744432316579413 ], [ 44.275819615608469, 41.744413424641756 ], [ 44.275568406665293, 41.744362888074036 ], [ 44.275272073793623, 41.744293151671457 ], [ 44.274722493987888, 41.744135078917147 ], [ 44.274310568713787, 41.744045695645376 ], [ 44.273978663592061, 41.744005904637291 ], [ 44.273616277544285, 41.743992265412665 ], [ 44.273276286644844, 41.743997681367667 ], [ 44.272797752680837, 41.744013523316781 ], [ 44.272434880732767, 41.744037616565166 ], [ 44.271975679963653, 41.744125228088073 ], [ 44.271526775986736, 41.744190205450479 ], [ 44.271067110912064, 41.744308028829956 ], [ 44.270763566371919, 41.744445620903399 ], [ 44.270498544019823, 41.744526712749277 ], [ 44.270108543785526, 41.744641461844537 ], [ 44.269867304009729, 41.744714461914192 ], [ 44.269716167700089, 41.744811857677554 ], [ 44.269534265528165, 41.744970890598964 ], [ 44.269387206872203, 41.745037372855521 ], [ 44.269223477919034, 41.745078484305751 ], [ 44.268562609347391, 41.745285087591576 ], [ 44.267816584639689, 41.745550095142846 ], [ 44.267233710970139, 41.745824559978772 ], [ 44.266808672458012, 41.74607904286529 ], [ 44.26625745911916, 41.746534970241363 ], [ 44.265734679064195, 41.746970045334749 ], [ 44.265303687230052, 41.747249704079337 ], [ 44.264959855866572, 41.747389905321455 ], [ 44.264432100145747, 41.747543024115814 ], [ 44.264233534244141, 41.747584896157321 ], [ 44.264093006735443, 41.747583996171805 ], [ 44.26393866230066, 41.747534459881464 ], [ 44.263794463672831, 41.747544344387791 ], [ 44.263602652131496, 41.747621340800706 ], [ 44.263418148592969, 41.747690277461039 ], [ 44.263270341644926, 41.747700138176143 ], [ 44.263036435594444, 41.747677066391695 ], [ 44.26287043510002, 41.747700275328128 ], [ 44.262370578512183, 41.747937148377382 ], [ 44.262022967855884, 41.748091412454045 ], [ 44.261610007750207, 41.748291101033622 ], [ 44.2611202725626, 41.748488853298113 ], [ 44.26090808965904, 41.748548285681963 ], [ 44.26070624911678, 41.748565856742772 ], [ 44.260515112048338, 41.748583496338028 ], [ 44.260265285249517, 41.748689836768719 ], [ 44.260120371515733, 41.748761725086013 ], [ 44.259931199001898, 41.748922407143702 ], [ 44.259797139324398, 41.748991662868804 ], [ 44.259688679527258, 41.749020642064927 ], [ 44.259519345391844, 41.749019550865846 ], [ 44.259336011692632, 41.74898598909261 ], [ 44.258458571367882, 41.74884815204701 ], [ 44.257897221691103, 41.748793278017715 ], [ 44.257429592830775, 41.748730900722023 ], [ 44.257019165682884, 41.748709332757649 ], [ 44.256661990267695, 41.74875291305122 ], [ 44.256395267205384, 41.748764652562556 ], [ 44.256125278176839, 41.748746737359724 ], [ 44.255819385106854, 41.748739442383496 ], [ 44.255491207025614, 41.748750736700515 ], [ 44.255257853065316, 41.748799483287179 ], [ 44.254966774966704, 41.748930764312149 ], [ 44.25450713385127, 41.749108552871242 ], [ 44.253989318297577, 41.749339913649166 ], [ 44.253728839841365, 41.749435317263682 ], [ 44.253530481945695, 41.749452943361682 ], [ 44.253314457231717, 41.749443433383199 ], [ 44.253124097121777, 41.749393648520694 ], [ 44.252923445399396, 41.749297905892412 ], [ 44.252719029621467, 41.749215648892999 ], [ 44.25255389565428, 41.749168684210872 ], [ 44.252363286676974, 41.749140468171824 ], [ 44.252150873249541, 41.74912562035616 ], [ 44.251769061005469, 41.749120432437579 ], [ 44.251405477036961, 41.749099149463362 ], [ 44.251096205567663, 41.749051288514643 ], [ 44.25083362141288, 41.749017196589264 ], [ 44.250520394918595, 41.749004390466254 ], [ 44.249646554000201, 41.748863762499894 ], [ 44.249492123492985, 41.748822312539275 ], [ 44.249399065441956, 41.748767752865461 ], [ 44.249246113351681, 41.748599449001496 ], [ 44.249071007827403, 41.748479637805616 ], [ 44.248727546488823, 41.748275050840206 ], [ 44.248447805669166, 41.748170676948035 ], [ 44.248081504029933, 41.74806848305149 ], [ 44.24791688292985, 41.747972967467263 ], [ 44.247670941092046, 41.747750146020579 ], [ 44.247396894244289, 41.747462379795586 ], [ 44.247091259523387, 41.747104196540185 ], [ 44.246982649775667, 41.746847326373256 ], [ 44.246766562651075, 41.7465301703986 ], [ 44.246251593942389, 41.745895494209712 ], [ 44.245965715274416, 41.745391839684501 ], [ 44.245778972624464, 41.745034478063936 ], [ 44.245616696380289, 41.744744739038858 ], [ 44.245422394095307, 41.744417050204419 ], [ 44.245211796512571, 41.74425376647239 ], [ 44.244918125116584, 41.744103446910074 ], [ 44.244502508700037, 41.743911883483548 ], [ 44.244394219184194, 41.743844429663049 ], [ 44.244081198537543, 41.743590760710177 ], [ 44.243163616338656, 41.742891362832381 ], [ 44.24290674578792, 41.742736822057573 ], [ 44.241996124394099, 41.742311723276835 ], [ 44.241217181455909, 41.742077264060356 ], [ 44.240954662515321, 41.742040492942202 ], [ 44.239468325103559, 41.741925417677706 ], [ 44.237909962000501, 41.741809890521992 ], [ 44.237679822525259, 41.741775983742656 ], [ 44.236982701236457, 41.741631072683802 ], [ 44.236314795015957, 41.741456673574504 ], [ 44.235761932902491, 41.741296501283053 ], [ 44.235575601754121, 41.74121437906873 ], [ 44.235028912825825, 41.74083839198029 ], [ 44.234857174809576, 41.740742810245507 ], [ 44.234502080223237, 41.74061367174604 ], [ 44.234276885190553, 41.740553805948622 ], [ 44.234049220905838, 41.740529726007011 ], [ 44.233638790767628, 41.740513478756064 ], [ 44.233230424175723, 41.740531019995885 ], [ 44.233097869574529, 41.740563821443956 ], [ 44.233010383124977, 41.74064956940591 ], [ 44.232859152626347, 41.740948041956933 ], [ 44.232742126735381, 41.741095650584533 ], [ 44.232585991976684, 41.7411998094083 ], [ 44.232329154803061, 41.741292531897898 ], [ 44.232190992138747, 41.741402214443234 ], [ 44.231924563845745, 41.74168910747327 ], [ 44.231779602684398, 41.741763661877457 ], [ 44.231610280105826, 41.74177333802669 ], [ 44.231361564167393, 41.74177973570616 ], [ 44.231268421639385, 41.741825138241985 ], [ 44.230947360745326, 41.742169803495543 ], [ 44.230790620445312, 41.742263777910452 ], [ 44.230617131552243, 41.742310038072034 ], [ 44.230374917119342, 41.742325709300175 ], [ 44.230265014782532, 41.74235951485332 ], [ 44.230177573759974, 41.74244093757509 ], [ 44.230043345248781, 41.742578160184884 ], [ 44.229921597109545, 41.742642104439184 ], [ 44.229782936594269, 41.742667070079804 ], [ 44.229593065941906, 41.742639902066252 ], [ 44.229402679635704, 41.742655873708593 ], [ 44.229171741527502, 41.742688866387567 ], [ 44.228975014470919, 41.742752306592905 ], [ 44.228708160014577, 41.742897284264231 ], [ 44.22849417602886, 41.742960562762882 ], [ 44.228303727863299, 41.742976577200508 ], [ 44.228100157768687, 41.74294850408134 ], [ 44.22792153206305, 41.742926317653655 ], [ 44.227800890889398, 41.742962885877859 ], [ 44.22766858669641, 41.743049409338965 ], [ 44.227543220059559, 41.743174168871363 ], [ 44.227257908473106, 41.743243225353403 ], [ 44.226856533353256, 41.743267861392575 ], [ 44.226098610213626, 41.743224524239622 ], [ 44.225676404652795, 41.743156108881863 ], [ 44.225153023398249, 41.743010585510682 ], [ 44.224891160916776, 41.742959686208685 ], [ 44.224694240482805, 41.742963806823767 ], [ 44.224568571178004, 41.743003310023624 ], [ 44.224411694776585, 41.743052690248469 ], [ 44.224196337219531, 41.743129777169003 ], [ 44.223983358741407, 41.743253941204053 ], [ 44.223874119538962, 41.743242259877427 ], [ 44.223583370309449, 41.743158377071076 ], [ 44.223306963911021, 41.743101881624135 ], [ 44.223117186420801, 41.74311699129624 ], [ 44.222955588320467, 41.743208760461577 ], [ 44.22282203214877, 41.743393535966064 ], [ 44.222687013825919, 41.743709442979316 ], [ 44.222605684346476, 41.743801709615319 ], [ 44.222375428775855, 41.743927014724534 ], [ 44.222209273100759, 41.744017490999695 ], [ 44.221878848336338, 41.744206426771314 ], [ 44.221767243304697, 41.744290467052572 ], [ 44.221569720488674, 41.744439189695818 ], [ 44.221041183521308, 41.744725091768771 ], [ 44.220302689784347, 41.744883919529663 ], [ 44.219638252319065, 41.74495042868157 ], [ 44.218481324176224, 41.744927343405344 ], [ 44.217615177929893, 41.744450564165291 ], [ 44.215818649288487, 41.744173379373855 ], [ 44.215581031304872, 41.744136717543242 ], [ 44.213747130648009, 41.743631861485191 ], [ 44.212220311656274, 41.74329260363649 ], [ 44.212055316767461, 41.743306784107915 ], [ 44.210403074845487, 41.743448920300601 ], [ 44.209730073732722, 41.743444293341057 ], [ 44.207739243156226, 41.742864549791427 ], [ 44.207739193974376, 41.742864539544634 ], [ 44.207227220095604, 41.743310546158575 ], [ 44.207169410483949, 41.743360989823906 ], [ 44.207087295690641, 41.743432525787519 ], [ 44.207481734907397, 41.744383320952643 ], [ 44.208424169193499, 41.745555679841402 ], [ 44.208367770158702, 41.746142545616131 ], [ 44.20901250753208, 41.747379139153708 ], [ 44.209697558271074, 41.748341383799414 ], [ 44.211029480557443, 41.75012770170671 ], [ 44.208352874124579, 41.750203773540818 ], [ 44.207646533230658, 41.750161075292532 ], [ 44.206583245984064, 41.750418452152481 ], [ 44.20590379068819, 41.750243616589223 ], [ 44.205368647971476, 41.750655768061883 ], [ 44.20450878755728, 41.750782130120314 ], [ 44.203094001183999, 41.750885813558511 ], [ 44.20195872388809, 41.750840014360023 ], [ 44.199811570796072, 41.750957302562441 ], [ 44.199280254693797, 41.75104826407113 ], [ 44.19849802777405, 41.751023895293322 ], [ 44.197767725789227, 41.75088648615997 ], [ 44.197308646179408, 41.75126130179239 ], [ 44.196704094798854, 41.751162503525926 ], [ 44.196379243011762, 41.750895697478725 ], [ 44.195949892827713, 41.750911608215695 ], [ 44.195218370017002, 41.751228755474095 ], [ 44.194248823146836, 41.751967826156431 ], [ 44.193315401481378, 41.752653821000159 ], [ 44.191881575630845, 41.75352273347201 ], [ 44.191204428628481, 41.753624520886135 ], [ 44.190333879892748, 41.752126747784843 ], [ 44.190417145854909, 41.751310583866669 ], [ 44.189445137591314, 41.750978849739298 ], [ 44.186792159809833, 41.750902998729053 ], [ 44.186405302449941, 41.750554032568722 ], [ 44.18548388120837, 41.75028107829219 ], [ 44.185270218109629, 41.750337664544901 ], [ 44.185007190819789, 41.750407353036714 ], [ 44.18391725342159, 41.750695990321148 ], [ 44.18164492032119, 41.750273839142494 ], [ 44.181142815512338, 41.75038343408859 ], [ 44.179473492511697, 41.750185080616134 ], [ 44.178613507559085, 41.749846038689562 ], [ 44.17848621784335, 41.749797121546102 ], [ 44.178320089622076, 41.749733245173118 ], [ 44.175459277688539, 41.748633176464679 ], [ 44.174836680907575, 41.748393715233419 ], [ 44.172950965822537, 41.748118234440781 ], [ 44.172919513364704, 41.748113639657966 ], [ 44.172870312617327, 41.748095807473163 ], [ 44.172421737143097, 41.747933203709962 ], [ 44.171382295953549, 41.747329001138155 ], [ 44.169579656488885, 41.747656809659659 ], [ 44.169484294433225, 41.747637288632937 ], [ 44.167854109638611, 41.747303501843568 ], [ 44.16693899405621, 41.747654896798849 ], [ 44.166278144623057, 41.747902478187662 ], [ 44.164416560641726, 41.7474163598065 ], [ 44.162445754978066, 41.747572106366079 ], [ 44.161893338107561, 41.747360152521715 ], [ 44.160468590370272, 41.747458239545026 ], [ 44.160402682930552, 41.747462756802413 ], [ 44.159113850443596, 41.748080575582918 ], [ 44.157455926070618, 41.748896708894719 ], [ 44.156424037409543, 41.748662252103372 ], [ 44.155204374400398, 41.74845801992906 ], [ 44.154270565544834, 41.750497484675641 ], [ 44.154247718676771, 41.750547440159387 ], [ 44.15416481498265, 41.750728590051587 ], [ 44.154142712599786, 41.750776794638362 ], [ 44.15409713781937, 41.75093173886448 ], [ 44.154006890359462, 41.751191194992778 ], [ 44.153904255228412, 41.751450514777765 ], [ 44.153864105137856, 41.751673141000701 ], [ 44.153787523572809, 41.751839790924137 ], [ 44.153753384653413, 41.752071738519099 ], [ 44.15368815223303, 41.752322056400182 ], [ 44.153660998428016, 41.75249834745135 ], [ 44.153696025362692, 41.752665819382351 ], [ 44.153756682753524, 41.752768404915173 ], [ 44.153805074384522, 41.752861622924513 ], [ 44.153800803986861, 41.753186742127106 ], [ 44.15382295578992, 41.753391272811967 ], [ 44.15379616798257, 41.753539690071172 ], [ 44.153720072555501, 41.753669144800739 ], [ 44.15360669204594, 41.753798369842784 ], [ 44.153493127433229, 41.753946147712981 ], [ 44.153409189644343, 41.754196327529662 ], [ 44.153334191067906, 41.754242205653298 ], [ 44.153181569216493, 41.754529032748749 ], [ 44.152954374169092, 41.754824632035444 ], [ 44.152678053237445, 41.75508266989975 ], [ 44.152365298246025, 41.755284730368736 ], [ 44.152102706128687, 41.755440684383125 ], [ 44.151939521759722, 41.755588094458517 ], [ 44.151700785159022, 41.755818575904932 ], [ 44.151312594615291, 41.756094338668426 ], [ 44.151100037401491, 41.756222828513081 ], [ 44.150900602627914, 41.75629566199909 ], [ 44.150664065835322, 41.756386189704131 ], [ 44.150638737327334, 41.756395910089829 ], [ 44.150474889654134, 41.756606857086268 ], [ 44.150452352763125, 41.756783406541416 ], [ 44.150468830343584, 41.757066301152143 ], [ 44.150505841549673, 41.75732912700294 ], [ 44.150492348803809, 41.757581491643201 ], [ 44.150477273081371, 41.757707612369806 ], [ 44.150509086386066, 41.757849256481919 ], [ 44.150681797183367, 41.758047424965063 ], [ 44.1507546778939, 41.75814897648214 ], [ 44.150780423053611, 41.75824000171815 ], [ 44.150771889676719, 41.758376303629362 ], [ 44.150784029985459, 41.758477361098613 ], [ 44.150835845618012, 41.758639328482701 ], [ 44.150867387841345, 41.758806189886137 ], [ 44.150861623433613, 41.758987952235174 ], [ 44.150885571537792, 41.759215329121332 ], [ 44.150936656075991, 41.759432818778301 ], [ 44.150955459199722, 41.75954405825108 ], [ 44.151001212575892, 41.759650407959931 ], [ 44.151107575277464, 41.759767338293678 ], [ 44.151287287745035, 41.759950470937518 ], [ 44.151429967173378, 41.760123196978071 ], [ 44.151648966942503, 41.76039241024057 ], [ 44.151828356869949, 41.760595715168805 ], [ 44.151954193064284, 41.76077336007873 ], [ 44.151965736775203, 41.760919897982589 ], [ 44.151984017090115, 41.761066440571518 ], [ 44.151948010602808, 41.761242890767832 ], [ 44.151932084766777, 41.761424578093006 ], [ 44.151954125918628, 41.761545883997506 ], [ 44.152066631267942, 41.761708298715916 ], [ 44.152159792743518, 41.761804955090142 ], [ 44.152252628808547, 41.761921784508118 ], [ 44.152296983891915, 41.762139223816341 ], [ 44.152281053720046, 41.762325864942262 ], [ 44.152279325328685, 41.762457173206897 ], [ 44.152202176787348, 41.762683848726283 ], [ 44.152167239680111, 41.762774470811031 ], [ 44.152126297296732, 41.762809520854852 ], [ 44.152045204180027, 41.762824053996532 ], [ 44.151882558596455, 41.762883425028491 ], [ 44.151671967488937, 41.76299801455297 ], [ 44.15138378299708, 41.763117074450562 ], [ 44.151064426066171, 41.763296474866387 ], [ 44.15082528951158, 41.763532040087135 ], [ 44.150694584095682, 41.763728010363018 ], [ 44.150628532943365, 41.763878928485084 ], [ 44.150492227910355, 41.763984022274137 ], [ 44.150247882799974, 41.764103403441432 ], [ 44.149976265199932, 41.764242757817264 ], [ 44.149751793541498, 41.764387549381858 ], [ 44.149588274327122, 41.76451261618719 ], [ 44.149430485134779, 41.764718427219584 ], [ 44.149305449289074, 41.764990141031575 ], [ 44.149187075052168, 41.765272036815375 ], [ 44.149086802333223, 41.765463141646542 ], [ 44.148995172080177, 41.765760366913817 ], [ 44.148965830306416, 41.76593691041554 ], [ 44.149003573621179, 41.766144214100244 ], [ 44.149136015787015, 41.76633199861935 ], [ 44.149395112107804, 41.76662677728379 ], [ 44.149490778229783, 41.766789069711457 ], [ 44.14953559392147, 41.766971161139871 ], [ 44.149512976685976, 41.767157842277015 ], [ 44.149389076543073, 41.767338684642418 ], [ 44.149129909267728, 41.767558921162006 ], [ 44.148856872820765, 41.767804318743266 ], [ 44.148702380663792, 41.76801019810091 ], [ 44.148612941313345, 41.768145855039144 ], [ 44.148422136447905, 41.768290893368366 ], [ 44.14815716058515, 41.768440380281106 ], [ 44.147891654354062, 41.768625304864116 ], [ 44.147761598798667, 41.768770702573761 ], [ 44.147590124701857, 41.76898658719562 ], [ 44.147420388159532, 41.769071163598447 ], [ 44.14724041237892, 41.769165751492523 ], [ 44.14709108576757, 41.769235347280116 ], [ 44.146820109111694, 41.76932416997375 ], [ 44.146542594248793, 41.769397901904341 ], [ 44.146204120196991, 41.769491310601651 ], [ 44.145959679320733, 41.769615725640584 ], [ 44.145755189674333, 41.769775789369298 ], [ 44.145606743087676, 41.770037237049813 ], [ 44.145551045825123, 41.77016809860109 ], [ 44.145440990599077, 41.770328864064417 ], [ 44.145350616254554, 41.770525127967048 ], [ 44.145327047588083, 41.770782460301916 ], [ 44.14533050044686, 41.771029905904676 ], [ 44.145308949234803, 41.77113071307231 ], [ 44.145131401201319, 41.77129097606857 ], [ 44.14493384271146, 41.771435913202957 ], [ 44.144824447401575, 41.771551243072238 ], [ 44.144794455082909, 41.771657931860076 ], [ 44.144789025373619, 41.771677211267466 ], [ 44.145240295213902, 41.771825040570278 ], [ 44.145565425697278, 41.771976568581522 ], [ 44.145833230211821, 41.772159553931239 ], [ 44.14629822630117, 41.772493068543326 ], [ 44.146530202090815, 41.772697087354892 ], [ 44.14664183545478, 41.772857609159004 ], [ 44.146639859748326, 41.773006658857014 ], [ 44.146538470465622, 41.773144341900959 ], [ 44.146293324458675, 41.773398046502834 ], [ 44.146262330095553, 41.773589483217762 ], [ 44.146330327257736, 41.773824168157297 ], [ 44.146442868202513, 41.773920882919214 ], [ 44.146598422734705, 41.773985942575138 ], [ 44.146781079982851, 41.774157664976492 ], [ 44.146949058441052, 41.774361207580405 ], [ 44.147314881986475, 41.774662052062013 ], [ 44.1475611255538, 41.7748661746351 ], [ 44.147601942801558, 41.775004913671403 ], [ 44.147600251799005, 41.7751326190767 ], [ 44.147683920569833, 41.775261047867723 ], [ 44.147908812227882, 41.775465011268302 ], [ 44.148191679017842, 41.775584288831411 ], [ 44.14847545345949, 41.775639578350422 ], [ 44.148787620911705, 41.775695167617791 ], [ 44.149242058946918, 41.775751764674389 ], [ 44.149710051788418, 41.775861691080884 ], [ 44.149993125394175, 41.77597024752064 ], [ 44.150204191241677, 41.776142174638963 ], [ 44.150542709649436, 41.776357646513141 ], [ 44.15069791378135, 41.776454582467331 ], [ 44.150882354174243, 41.776487920374926 ], [ 44.151181173455363, 41.776479500479098 ], [ 44.151693931245887, 41.776430012059031 ], [ 44.152092309824873, 41.776422324911103 ], [ 44.15231904186416, 41.776487902132025 ], [ 44.152558770640603, 41.776649363231556 ], [ 44.152676623705695, 41.776873783950556 ], [ 44.152716672290317, 41.77707641947449 ], [ 44.15265709997896, 41.777278320236938 ], [ 44.15256829211912, 41.777543864264921 ], [ 44.152421512759304, 41.777894140803852 ], [ 44.152446903384671, 41.778117924534961 ], [ 44.152543802483258, 41.778320934451493 ], [ 44.152769140468116, 41.778492962097275 ], [ 44.15310942204583, 41.778580586364818 ], [ 44.153378814845702, 41.778646521003608 ], [ 44.153562423265328, 41.778743707426031 ], [ 44.153660447070152, 41.778861519367219 ], [ 44.153714837824481, 41.779053586961687 ], [ 44.153819121144124, 41.779235348851316 ], [ 44.153931823075425, 41.779321384231501 ], [ 44.154115714172931, 41.779397270520178 ], [ 44.154228137493838, 41.779504559847489 ], [ 44.154254694702871, 41.779653819601563 ], [ 44.154195544826145, 41.779823749684859 ], [ 44.154135714471614, 41.780036277367756 ], [ 44.154217365009153, 41.780324333798823 ], [ 44.154326791694011, 41.780655242308832 ], [ 44.154337692693048, 41.780910848329199 ], [ 44.154377969099102, 41.781092138472161 ], [ 44.154475917279065, 41.781220667334189 ], [ 44.154687991052356, 41.781318061435499 ], [ 44.154943139834856, 41.781383797518494 ], [ 44.155254982055936, 41.78147129628595 ], [ 44.155432518194729, 41.781509349777878 ], [ 44.155636835176942, 41.781528595278495 ], [ 44.156012255585509, 41.781562607941183 ], [ 44.156204248086816, 41.781576537885812 ], [ 44.156437523178631, 41.781622024598825 ], [ 44.156670389108378, 41.781698761777662 ], [ 44.156836512486365, 41.78174006187222 ], [ 44.156864699513413, 41.78174706895814 ], [ 44.156903561158082, 41.781756766379189 ], [ 44.157114126272006, 41.781804381808406 ], [ 44.157312984170986, 41.781827096966047 ], [ 44.157697197583047, 41.781819286539438 ], [ 44.158073137696668, 41.781896574435045 ], [ 44.158412747482949, 41.782037498912139 ], [ 44.158738796624156, 41.782125047268337 ], [ 44.158909338231354, 41.782136924158522 ], [ 44.159066237621069, 41.782106143331184 ], [ 44.159252507024789, 41.782001045139268 ], [ 44.159373249366361, 41.78188240716355 ], [ 44.1594777402902, 41.781805667345694 ], [ 44.159598424190435, 41.781705267674241 ], [ 44.159710682090711, 41.781646508192878 ], [ 44.15995025964363, 41.781582735132801 ], [ 44.160229179899432, 41.781560951125684 ], [ 44.160459649879002, 41.781586458883915 ], [ 44.160682256199188, 41.781605964173089 ], [ 44.160808842046826, 41.781666469598058 ], [ 44.160910767107708, 41.781786375411954 ], [ 44.160924863391052, 41.781923518367833 ], [ 44.160873288907219, 41.782215055304036 ], [ 44.160879270805232, 41.782370017680968 ], [ 44.160941991112502, 41.782441945547383 ], [ 44.161029372201725, 41.782454517872374 ], [ 44.161125376547361, 41.782419461564707 ], [ 44.161205981168621, 41.78234259078836 ], [ 44.161246447578748, 41.782289250156651 ], [ 44.161398394371396, 41.782236768387762 ], [ 44.161670479766684, 41.782125537505827 ], [ 44.161926465837411, 41.782026122671859 ], [ 44.162094992536822, 41.781920124834457 ], [ 44.162239789670224, 41.781802019557155 ], [ 44.162424102892111, 41.781708070497359 ], [ 44.162599622299005, 41.781679537212987 ], [ 44.162766829548119, 41.781674811371339 ], [ 44.162917689572033, 41.781705678536696 ], [ 44.163044062410449, 41.781778114093981 ], [ 44.163106104322921, 41.781897727389818 ], [ 44.163182505964009, 41.782148495662547 ], [ 44.163299157639933, 41.78235785508474 ], [ 44.163399539573511, 41.78259690874058 ], [ 44.163446147554112, 41.78268659660143 ], [ 44.163579673050165, 41.782824608845864 ], [ 44.163714128926898, 41.782891067885814 ], [ 44.163912546022658, 41.782934259112601 ], [ 44.164115227103892, 41.782959557291576 ], [ 44.164353876838121, 41.782967283097385 ], [ 44.164537494747421, 41.782926916663811 ], [ 44.164729595740631, 41.782844864632715 ], [ 44.164937174929577, 41.782798727220452 ], [ 44.165239846430481, 41.782783048257784 ], [ 44.16554205420244, 41.782803122524278 ], [ 44.165851508566732, 41.782876884707434 ], [ 44.166065716891069, 41.782932030952061 ], [ 44.166351887991809, 41.782963920817387 ], [ 44.166678136329544, 41.782972232406571 ], [ 44.166980268560323, 41.782998246897314 ], [ 44.167500426963962, 41.783091411016478 ], [ 44.167976480530378, 41.783208031573864 ], [ 44.16834888304524, 41.783341823570559 ], [ 44.168721056785465, 41.78349344636699 ], [ 44.169014097140959, 41.783608738172646 ], [ 44.16920465582885, 41.783645873829585 ], [ 44.169419407266673, 41.783659360836651 ], [ 44.169705447121416, 41.783697140922591 ], [ 44.169876630082079, 41.783692433475927 ], [ 44.169940727624414, 41.783663128825545 ], [ 44.170021092838105, 41.783604128830426 ], [ 44.170148630115925, 41.783587171494517 ], [ 44.170347652161645, 41.783588608997391 ], [ 44.170648867379505, 41.783686122011837 ], [ 44.170965660538869, 41.783807524874398 ], [ 44.171195895951627, 41.783856877696692 ], [ 44.171315031375649, 41.78387561584541 ], [ 44.171466361145164, 41.783870717782044 ], [ 44.171586340091153, 41.783823936531668 ], [ 44.171691109502611, 41.783729353951962 ], [ 44.171787202927263, 41.783682400266237 ], [ 44.171954414924649, 41.783677661094103 ], [ 44.172160799304685, 41.783714860885418 ], [ 44.172359668379457, 41.783728227944231 ], [ 44.172590594165712, 41.78372394685146 ], [ 44.17280947088603, 41.783725523089949 ], [ 44.173071840947408, 41.783751235249127 ], [ 44.173318021909068, 41.78380065356528 ], [ 44.173579430208399, 41.783891927884383 ], [ 44.173888271627263, 41.784019255079237 ], [ 44.174188501041094, 41.784194166040621 ], [ 44.174393572490501, 41.784338624570459 ], [ 44.174495756533695, 41.784440641493383 ], [ 44.174574207950528, 41.784530598694758 ], [ 44.174652660163076, 41.784620510812779 ], [ 44.17469135961079, 41.784704192738054 ], [ 44.174666082377236, 41.7848172278715 ], [ 44.174568859427623, 41.784947579732716 ], [ 44.174467741423264, 41.785071958964032 ], [ 44.17444231055395, 41.785196927077578 ], [ 44.174487958903669, 41.785358073297701 ], [ 44.17457374216638, 41.785495729668341 ], [ 44.174660808630286, 41.785538057168957 ], [ 44.174788043134058, 41.785544915764042 ], [ 44.174979374826037, 41.785522466761968 ], [ 44.175250993006642, 41.785446957788501 ], [ 44.175466591407705, 41.785394914388007 ], [ 44.175658151442413, 41.78535458719724 ], [ 44.175785827686575, 41.785331635019809 ], [ 44.175921292302981, 41.785320717746487 ], [ 44.176175897056218, 41.785328488422437 ], [ 44.17632767112822, 41.78529381934429 ], [ 44.17655932045939, 41.785224010276046 ], [ 44.176695776229835, 41.785135594819856 ], [ 44.176816423440563, 41.78504116640184 ], [ 44.176960286973376, 41.784994505656734 ], [ 44.177107892027472, 41.784965795263375 ], [ 44.17725084093636, 41.784990642389992 ], [ 44.177369431453982, 41.785057016862098 ], [ 44.17748697208421, 41.78520084303495 ], [ 44.177548555017665, 41.785368136763751 ], [ 44.177616193407559, 41.785678413298598 ], [ 44.177612387135206, 41.785976244202644 ], [ 44.177627417314703, 41.786047866575849 ], [ 44.177666654348407, 41.786089849394578 ], [ 44.177714350443679, 41.78609613536149 ], [ 44.177770749159578, 41.786042947996535 ], [ 44.177852556651438, 41.785870736140957 ], [ 44.177981982452216, 41.785710844142884 ], [ 44.17816675733355, 41.785575126186089 ], [ 44.178398907257801, 41.78547545911772 ], [ 44.1785059068485, 41.785511981713007 ], [ 44.178568421242431, 41.785601822215817 ], [ 44.178574842761392, 41.785720984379232 ], [ 44.178516847467435, 41.785899311592317 ], [ 44.178338112843292, 41.786184002379329 ], [ 44.178199679326063, 41.786427279240968 ], [ 44.178166405341194, 41.786540257914972 ], [ 44.178148939366274, 41.786659294223227 ], [ 44.178083380730463, 41.786807754244428 ], [ 44.177929304892821, 41.787027095589337 ], [ 44.177887767903449, 41.787169782833644 ], [ 44.17793785348325, 41.787295247055276 ], [ 44.178023935218953, 41.78741502426773 ], [ 44.178181480714656, 41.787541257230409 ], [ 44.178316341245576, 41.787577979305695 ], [ 44.178491445587568, 41.787573242054727 ], [ 44.178707108785126, 41.787521193062119 ], [ 44.178914579724768, 41.787483946489552 ], [ 44.179036703471944, 41.787448386404712 ], [ 44.179151228781876, 41.787376384031653 ], [ 44.179282559757219, 41.787255819328955 ], [ 44.179413346419764, 41.787177898244231 ], [ 44.179567727715366, 41.787160761939909 ], [ 44.179745659501371, 41.787198465454658 ], [ 44.179898802253362, 41.787278504285801 ], [ 44.180099306393053, 41.787462054956634 ], [ 44.180299209411302, 41.787688158572493 ], [ 44.180387820002657, 41.78773733798797 ], [ 44.180509324638003, 41.787750364129842 ], [ 44.180631430795962, 41.787720881880318 ], [ 44.180827156241918, 41.787637252626595 ], [ 44.180917698899052, 41.787534679194273 ], [ 44.180991515117597, 41.787474498995785 ], [ 44.181121451481083, 41.787463265979852 ], [ 44.181234446933004, 41.787506583942815 ], [ 44.181322671277009, 41.78758615816507 ], [ 44.181377847796519, 41.787714043998967 ], [ 44.181505544924107, 41.787878879429996 ], [ 44.181657456191751, 41.788056046521099 ], [ 44.18180228360275, 41.788142058195653 ], [ 44.181972354523928, 41.788173622618579 ], [ 44.182175275742701, 41.788162953142219 ], [ 44.182353426550655, 41.78818849486737 ], [ 44.182579559233943, 41.788269049608722 ], [ 44.182911108276272, 41.788350308715486 ], [ 44.18321825532189, 41.788443597713616 ], [ 44.183432407211214, 41.788505826626078 ], [ 44.183577974307141, 41.788543294147559 ], [ 44.1836836042785, 41.788531885492247 ], [ 44.183765404576768, 41.788477839908445 ], [ 44.183946405615707, 41.788278767411164 ], [ 44.184086005317553, 41.788146186717817 ], [ 44.184306557629775, 41.788026294965107 ], [ 44.184616183794567, 41.787919239399642 ], [ 44.184876826104002, 41.787836063992017 ], [ 44.185064253014389, 41.78777060759549 ], [ 44.185169804490968, 41.787765276668402 ], [ 44.185299125597822, 41.787802626777548 ], [ 44.185507555539644, 41.787998383542913 ], [ 44.185714910837916, 41.788279157420114 ], [ 44.185858942702204, 41.788438024146451 ], [ 44.185995159545577, 41.788572561725829 ], [ 44.186114823775554, 41.788731300491577 ], [ 44.186235240152918, 41.788835372595138 ], [ 44.186460092369728, 41.789013004974258 ], [ 44.186596985519607, 41.789098999449671 ], [ 44.186734449672628, 41.789130325943383 ], [ 44.186864772045105, 41.789088735929575 ], [ 44.186939351614569, 41.788967850838098 ], [ 44.187006055159877, 41.78882259133475 ], [ 44.186967955919719, 41.78862804292892 ], [ 44.18680850322832, 41.788408316910022 ], [ 44.186665390034406, 41.788176592071267 ], [ 44.186626754830023, 41.788024552297337 ], [ 44.186660413285047, 41.787927651210708 ], [ 44.186767192510779, 41.787825188110922 ], [ 44.186917712015692, 41.787789820655739 ], [ 44.187128907620504, 41.787767041674762 ], [ 44.187396365410898, 41.787787127824799 ], [ 44.18768803795605, 41.787819543893228 ], [ 44.18789748782671, 41.787877858276403 ], [ 44.187979037469425, 41.787900546681684 ], [ 44.188318391139994, 41.788012243643728 ], [ 44.188633071752321, 41.788148038933549 ], [ 44.188859365622179, 41.788216423151717 ], [ 44.189020967990892, 41.788266111282319 ], [ 44.189068649455848, 41.788345393343278 ], [ 44.189067425307137, 41.788442524097199 ], [ 44.189001065634365, 41.788551354342516 ], [ 44.188873761436362, 41.788702176732684 ], [ 44.188787019771254, 41.788804828311847 ], [ 44.188648423617316, 41.788858476353148 ], [ 44.188437301026077, 41.788875224013097 ], [ 44.188233858645837, 41.788922333764873 ], [ 44.188087045698467, 41.788988082373805 ], [ 44.188029173115446, 41.789072698440464 ], [ 44.187995209780802, 41.789193871343045 ], [ 44.188041604737997, 41.789370284100158 ], [ 44.188149105259477, 41.789534969382288 ], [ 44.18832557748869, 41.78969406225373 ], [ 44.18854959571712, 41.789938515804657 ], [ 44.188669405607023, 41.790091173262432 ], [ 44.188749749692533, 41.790152447149325 ], [ 44.188846339921291, 41.790213835696342 ], [ 44.188902315319574, 41.790274937403559 ], [ 44.188975208917803, 41.790287611362061 ], [ 44.189040302485694, 41.790269831939959 ], [ 44.189130223573429, 41.790215839874982 ], [ 44.189373995002406, 41.790187207069835 ], [ 44.189560659736763, 41.790182444463554 ], [ 44.189706539976363, 41.790195632846647 ], [ 44.189852207582319, 41.790220933819306 ], [ 44.190014487037203, 41.79022207815423 ], [ 44.190274596959611, 41.790181399328326 ], [ 44.190549029895628, 41.790116682356604 ], [ 44.190624533455768, 41.790098885317228 ], [ 44.191071704650497, 41.790017009942957 ], [ 44.191295349434888, 41.789976117052916 ], [ 44.19157179612376, 41.789923390980206 ], [ 44.191807366116052, 41.789900774943497 ], [ 44.192042707499681, 41.789896350746282 ], [ 44.192220867255394, 41.789921877237788 ], [ 44.192382323378745, 41.78998376395333 ], [ 44.192526756490771, 41.790112271889178 ], [ 44.192623654886908, 41.790149385847336 ], [ 44.19275336658508, 41.790156332035309 ], [ 44.19300466594472, 41.790170256970704 ], [ 44.193256178041779, 41.790172023540357 ], [ 44.19350793423046, 41.79014951768707 ], [ 44.193702645468825, 41.790150884493983 ], [ 44.193945517971663, 41.790189021810498 ], [ 44.194232885525352, 41.790239584995284 ], [ 44.194395012967817, 41.790252881385406 ], [ 44.194581769678543, 41.790235951953342 ], [ 44.194695203375382, 41.790254986164982 ], [ 44.194799862357712, 41.790316426277933 ], [ 44.19484749229067, 41.790395705566461 ], [ 44.19482174015139, 41.790510858377907 ], [ 44.194746777136942, 41.790668223820049 ], [ 44.194711549629098, 41.790886529205309 ], [ 44.194750297031, 41.791026452735011 ], [ 44.19489472132652, 41.791161037275437 ], [ 44.194930105962086, 41.791252344972115 ], [ 44.194928966607002, 41.791343396696156 ], [ 44.194952896110706, 41.791373917631667 ], [ 44.195017365364272, 41.791410802301534 ], [ 44.195081242693192, 41.791490195331107 ], [ 44.195200843448831, 41.791661038430071 ], [ 44.19528878726711, 41.791764873524933 ], [ 44.195433246036593, 41.791887298310463 ], [ 44.195634415993119, 41.792022279328044 ], [ 44.195738910920568, 41.792101956385139 ], [ 44.195819415711, 41.792151112175105 ], [ 44.195940341166953, 41.792206585454309 ], [ 44.195988246164923, 41.79227370686781 ], [ 44.196058504416953, 41.792492750856169 ], [ 44.196112803981322, 41.792693489193823 ], [ 44.196224741481863, 41.792827844691267 ], [ 44.196299259986567, 41.793028724399456 ], [ 44.19642715724428, 41.793181430308955 ], [ 44.196676558661594, 41.793353179739341 ], [ 44.196943057596883, 41.79345218239267 ], [ 44.197185489948346, 41.793526742664312 ], [ 44.19746740421229, 41.79369263793545 ], [ 44.197757156367111, 41.793876781170994 ], [ 44.197999045722653, 41.793999928113081 ], [ 44.198127630354278, 41.794097965081974 ], [ 44.198218765969507, 41.794274685935328 ], [ 44.198330423717103, 41.794427231324427 ], [ 44.198467284189185, 41.794513211393799 ], [ 44.198701357178045, 41.794611938671771 ], [ 44.198927684130119, 41.79468034830294 ], [ 44.199299391817263, 41.7947982730212 ], [ 44.19956537190771, 41.794939778490694 ], [ 44.199903952585352, 41.795118221897411 ], [ 44.200125134707093, 41.795271528310167 ], [ 44.200294811192322, 41.795327381471573 ], [ 44.200545589521248, 41.795389833445633 ], [ 44.200739939856824, 41.795421539058246 ], [ 44.20087810317267, 41.795398226703014 ], [ 44.201033177379308, 41.795326439626798 ], [ 44.201180052095971, 41.795260674973079 ], [ 44.20135883374504, 41.795237599450139 ], [ 44.201513469570628, 41.795196206930171 ], [ 44.20172596554773, 41.795070191241933 ], [ 44.201921897656256, 41.794974368270687 ], [ 44.202117903466984, 41.794872555891764 ], [ 44.202289237450628, 41.794794800390704 ], [ 44.202459893275218, 41.794771711756056 ], [ 44.20267073116166, 41.794779209962861 ], [ 44.202995103288053, 41.794793620229655 ], [ 44.203210559172902, 41.794758681990949 ], [ 44.203413949348516, 41.794711545410202 ], [ 44.203592728721034, 41.79468846638801 ], [ 44.203771041441414, 41.794707941417521 ], [ 44.203956606932273, 41.79478812784712 ], [ 44.20410934751483, 41.794904564471068 ], [ 44.204294237804298, 41.795039417508512 ], [ 44.20439919897639, 41.795082657026668 ], [ 44.204585501909143, 41.795108220748624 ], [ 44.20469905240838, 41.795109006938496 ], [ 44.204836448397934, 41.795152470605693 ], [ 44.204981668267131, 41.795220261828554 ], [ 44.205353600271309, 41.79532605425166 ], [ 44.205660529679832, 41.795437430623274 ], [ 44.205878294272999, 41.795542155199776 ], [ 44.20603180420941, 41.79559180848225 ], [ 44.206234191864183, 41.795635719656481 ], [ 44.206380103579299, 41.795642762409948 ], [ 44.206595410617666, 41.795619976103509 ], [ 44.206798951057849, 41.795560675270409 ], [ 44.207034776428607, 41.795513711208123 ], [ 44.207279308619206, 41.795424339250175 ], [ 44.207426251643575, 41.795352532453023 ], [ 44.207515641566431, 41.795340989857309 ], [ 44.207620979290219, 41.795353875805681 ], [ 44.207677126811674, 41.79540281023241 ], [ 44.207692163156416, 41.795506132921496 ], [ 44.207707154069389, 41.795603375641711 ], [ 44.207771574772309, 41.795640252811673 ], [ 44.207990390299067, 41.795659955579367 ], [ 44.208201679751362, 41.795631058909592 ], [ 44.208299342729994, 41.795607458459209 ], [ 44.208356671690858, 41.795565341019874 ], [ 44.208455156237711, 41.795474959994678 ], [ 44.20855326709497, 41.795414929534942 ], [ 44.208715724551332, 41.795397809740187 ], [ 44.208902030218525, 41.79542336648268 ], [ 44.209055243838868, 41.79549728726245 ], [ 44.209265249071436, 41.795577678426817 ], [ 44.209377681449958, 41.795669511973941 ], [ 44.209425169897116, 41.795766978131184 ], [ 44.209431652199036, 41.79590059494587 ], [ 44.209494880568556, 41.796034602268008 ], [ 44.209606404305603, 41.79620537473442 ], [ 44.209730009578706, 41.796382309854771 ], [ 44.209858392980045, 41.796498571260379 ], [ 44.210115683715429, 41.796688539681739 ], [ 44.210244217697479, 41.796792642385697 ], [ 44.210341509137088, 41.796799390871676 ], [ 44.210495696564692, 41.796794371021221 ], [ 44.210706900239416, 41.796777583431286 ], [ 44.21102316071682, 41.796791915306819 ], [ 44.211249970400978, 41.796817746425688 ], [ 44.211404291972798, 41.79680669165981 ], [ 44.211583074504858, 41.796783600235557 ], [ 44.211769533822427, 41.796797039116285 ], [ 44.211939373641506, 41.796840716904022 ], [ 44.212125535921317, 41.796878426739852 ], [ 44.212376346968838, 41.79693472843578 ], [ 44.212521355658446, 41.797020747631699 ], [ 44.21268158618799, 41.79718581636638 ], [ 44.212842472858235, 41.797302252163448 ], [ 44.213007614580683, 41.797400522966981 ], [ 44.213104623982005, 41.79742550613409 ], [ 44.213242699378512, 41.797414292577976 ], [ 44.213430200536038, 41.797342710856739 ], [ 44.21366697758225, 41.797222964035697 ], [ 44.213887358985303, 41.797115128723171 ], [ 44.214041917811443, 41.797079753432747 ], [ 44.21427735889597, 41.797069204757321 ], [ 44.214504230588872, 41.797095074911333 ], [ 44.214803431168775, 41.797176020788136 ], [ 44.215061539719983, 41.797305322319644 ], [ 44.215205826273255, 41.797445959985865 ], [ 44.21531825701441, 41.797543822314445 ], [ 44.215374027586357, 41.797629228304899 ], [ 44.215452407467126, 41.797854395480059 ], [ 44.215547035967738, 41.798079673554376 ], [ 44.215622805313785, 41.798183409901171 ], [ 44.215711531237922, 41.79822652822233 ], [ 44.215881793274264, 41.798245974530921 ], [ 44.216157900956773, 41.798217415603929 ], [ 44.21648303343072, 41.79817108655778 ], [ 44.216776025524034, 41.798100218854096 ], [ 44.216930585196323, 41.798064839689602 ], [ 44.217043993256553, 41.798077772014587 ], [ 44.217132780183697, 41.79812088965582 ], [ 44.217196248726182, 41.798236655404189 ], [ 44.217242568872649, 41.798431249653724 ], [ 44.217306614813658, 41.79850455178665 ], [ 44.217403036973522, 41.798578074457026 ], [ 44.217450170454882, 41.798705888071069 ], [ 44.217457334188197, 41.79878488225539 ], [ 44.217505072256294, 41.798858073180135 ], [ 44.217560464427663, 41.798979863349942 ], [ 44.217574436798948, 41.799162122842446 ], [ 44.21758100967368, 41.799289705151388 ], [ 44.217643654086508, 41.799478330744108 ], [ 44.217694009007438, 41.79967290721887 ], [ 44.217708042057751, 41.799855167087628 ], [ 44.217763818325764, 41.799940526897217 ], [ 44.217909002623422, 41.800008301520322 ], [ 44.218095398854388, 41.800027809362192 ], [ 44.21835479404627, 41.800047768607925 ], [ 44.218621797275709, 41.800110291527275 ], [ 44.218920929151473, 41.800203430534509 ], [ 44.219276517764392, 41.800321181007092 ], [ 44.219567762127845, 41.800389946127382 ], [ 44.219924383589344, 41.800422721631911 ], [ 44.220330132422397, 41.80041944165594 ], [ 44.220602348313079, 41.80038485607345 ], [ 44.221049393603217, 41.800321147318577 ], [ 44.221561447142406, 41.800251707652286 ], [ 44.221813307433131, 41.800223060903541 ], [ 44.221959364728924, 41.800224050252353 ], [ 44.222040120502484, 41.800254950400571 ], [ 44.222104173191788, 41.800328294928164 ], [ 44.222110829754534, 41.800449707816853 ], [ 44.222068946277801, 41.800558722764698 ], [ 44.22188100489565, 41.800666703392011 ], [ 44.22159613088315, 41.800737639086904 ], [ 44.221245940335969, 41.800844564149038 ], [ 44.220862134485984, 41.801048399414469 ], [ 44.220722213743272, 41.801211375626401 ], [ 44.220614435844773, 41.801398843306821 ], [ 44.220629286190338, 41.801514367302893 ], [ 44.220725496765297, 41.801606034599295 ], [ 44.220871115837383, 41.801643455216173 ], [ 44.221147135055581, 41.801633167711174 ], [ 44.221520674458191, 41.801611426209604 ], [ 44.221829645062549, 41.801558892901618 ], [ 44.222074120105297, 41.801469489154847 ], [ 44.22244070866342, 41.801350513283829 ], [ 44.222611522100649, 41.801315236521511 ], [ 44.222733268693752, 41.801316060367043 ], [ 44.222830068046328, 41.801359227809208 ], [ 44.222934245326257, 41.801469231140615 ], [ 44.222973267366086, 41.801596987576453 ], [ 44.222987389170072, 41.801773167719126 ], [ 44.222944919766277, 41.801930726112658 ], [ 44.222841252730092, 41.802112144029159 ], [ 44.222666547896047, 41.802469210788828 ], [ 44.222590978608167, 41.802681171793211 ], [ 44.222605332768538, 41.80283307996875 ], [ 44.222669242761583, 41.802918492413127 ], [ 44.222741804105461, 41.802955416255159 ], [ 44.222839399637252, 41.802937882671287 ], [ 44.223002739645068, 41.802853962642466 ], [ 44.223304177778672, 41.80275273726172 ], [ 44.223613138202644, 41.802706368820274 ], [ 44.22379955784411, 41.802719742889252 ], [ 44.223944815030549, 41.80278751036483 ], [ 44.224048716824996, 41.802915704710834 ], [ 44.224095207591297, 41.803098137941518 ], [ 44.224109039907376, 41.803298589503058 ], [ 44.224059106496227, 41.803401471106625 ], [ 44.223920434110845, 41.803461240703712 ], [ 44.223757959973781, 41.803478381839824 ], [ 44.223505513721726, 41.80354958637858 ], [ 44.223253128732885, 41.803620655671665 ], [ 44.223069871930214, 41.803674088142259 ], [ 44.222858635725771, 41.803696932803689 ], [ 44.222671493053952, 41.803738179056161 ], [ 44.222581507152341, 41.803798276478879 ], [ 44.222548040421159, 41.803883074950456 ], [ 44.222595775250994, 41.803962298301172 ], [ 44.222602505413647, 41.804077722009453 ], [ 44.222560180446251, 41.804223121881115 ], [ 44.222582586182057, 41.804381164157228 ], [ 44.222686328053825, 41.804527552518699 ], [ 44.222773526724374, 41.804698147431267 ], [ 44.222847394735574, 41.804965791296723 ], [ 44.222877192794805, 41.805184589883957 ], [ 44.222914896728774, 41.805421590801693 ], [ 44.22294440191083, 41.805664660914893 ], [ 44.223015486333544, 41.805829066962538 ], [ 44.223083004799811, 41.805944901764519 ], [ 44.223021504416394, 41.806008479671874 ], [ 44.222514159328568, 41.806580901674138 ], [ 44.222503541566404, 41.806592853990821 ], [ 44.221997836225533, 41.807163303224691 ], [ 44.221756543380025, 41.807435567844465 ], [ 44.221300621541587, 41.807949878066026 ], [ 44.220631462699771, 41.808704754561717 ], [ 44.220419024789656, 41.808944427030873 ], [ 44.21970358520737, 41.809751448885713 ], [ 44.219283089326964, 41.810225730762333 ], [ 44.218307196081987, 41.811326533628495 ], [ 44.217183869628307, 41.812593534880016 ], [ 44.216465817263114, 41.814077520077319 ], [ 44.215221989865285, 41.815651760001209 ], [ 44.214874870699013, 41.816091129464276 ], [ 44.213976633327505, 41.817227866900389 ], [ 44.212435429254846, 41.819178283179838 ], [ 44.211721540511334, 41.820081772607537 ], [ 44.211754485245507, 41.820252498451858 ], [ 44.211753598307155, 41.820324817406672 ], [ 44.211752126512501, 41.820444823640344 ], [ 44.2117590925318, 41.820593529571305 ], [ 44.211757377181812, 41.820733394240754 ], [ 44.211774554445824, 41.820815294348925 ], [ 44.211784965648917, 41.820864723350851 ], [ 44.21184807903915, 41.820961349625001 ], [ 44.211968675156101, 41.821132676782597 ], [ 44.212014056752508, 41.821246654604941 ], [ 44.212082956687468, 41.821347688765329 ], [ 44.212290944295511, 41.82154582495496 ], [ 44.212452371734926, 41.821726168244183 ], [ 44.212541199084185, 41.82186665366212 ], [ 44.21261535073139, 41.822015820088588 ], [ 44.212718540031759, 41.822178245429441 ], [ 44.212810588678217, 41.822296685922829 ], [ 44.21281621949629, 41.822303929993623 ], [ 44.212827896474266, 41.822318916357617 ], [ 44.212838082943705, 41.822342539083373 ], [ 44.21284677608368, 41.822362641604357 ], [ 44.212884745380563, 41.822450445695139 ], [ 44.212894925346447, 41.822572918563814 ], [ 44.212886785198506, 41.822618167244059 ], [ 44.212863526070116, 41.822747571407554 ], [ 44.21285034794878, 41.82286988420217 ], [ 44.212860902400351, 41.822961781373628 ], [ 44.212921397789486, 41.823036502442022 ], [ 44.212995662650989, 41.823156937520153 ], [ 44.213018803404807, 41.823194519534489 ], [ 44.213110208927581, 41.823365645437221 ], [ 44.213219989848632, 41.823466958942383 ], [ 44.213295429278716, 41.823511203915757 ], [ 44.213383036455902, 41.82352054055729 ], [ 44.213610312034959, 41.823570193371303 ], [ 44.21383786246188, 41.823602329293941 ], [ 44.214079392697265, 41.823603982165174 ], [ 44.214122136085997, 41.823604274619406 ], [ 44.214176859664882, 41.823604649019998 ], [ 44.214375632927215, 41.823597272096933 ], [ 44.21455115456456, 41.823580999188955 ], [ 44.214726996910315, 41.82353847323688 ], [ 44.214853119122701, 41.823499975484097 ], [ 44.215164138561796, 41.823397216275495 ], [ 44.21522018452837, 41.82338296308221 ], [ 44.215398649213036, 41.823337616857344 ], [ 44.215550865507794, 41.823316769866068 ], [ 44.215696386283362, 41.823317763602098 ], [ 44.215720333319958, 41.823317927114566 ], [ 44.215736883295257, 41.823318490458881 ], [ 44.215790204978191, 41.823320250580267 ], [ 44.215883908280944, 41.823323412207898 ], [ 44.216053702741959, 41.82330272958108 ], [ 44.216129192915716, 41.823278791182624 ], [ 44.216188606232741, 41.823259921967825 ], [ 44.216458319513379, 41.823191823950324 ], [ 44.21669282825227, 41.823132221870999 ], [ 44.216936758223994, 41.823015850307222 ], [ 44.217071986805436, 41.822951202253208 ], [ 44.21721846854782, 41.822921577313608 ], [ 44.217312014460767, 41.822917846461152 ], [ 44.217405773126281, 41.822896643689567 ], [ 44.217511424069073, 41.822858003529596 ], [ 44.217599236704189, 41.822845496739227 ], [ 44.217652012158275, 41.822832751243389 ], [ 44.217663894599681, 41.822823442532702 ], [ 44.217740516460289, 41.822763415819402 ], [ 44.217830640837754, 41.822705497635752 ], [ 44.217881902720094, 41.822672553768236 ], [ 44.218010804195153, 41.822642853141218 ], [ 44.218110462491218, 41.822621644922641 ], [ 44.218223459945769, 41.822622414058202 ], [ 44.218243326307444, 41.822622549270335 ], [ 44.218289569015027, 41.822617234705994 ], [ 44.218306709298894, 41.822623701185528 ], [ 44.218333126079393, 41.822624826679963 ], [ 44.21840840479706, 41.822628040998978 ], [ 44.218583717507421, 41.8226336021146 ], [ 44.218646611201336, 41.822645288530957 ], [ 44.21870614131921, 41.822656321554334 ], [ 44.218746653299043, 41.822691543696045 ], [ 44.218886383469453, 41.822731853947381 ], [ 44.219020494286511, 41.822758975817067 ], [ 44.219122457197855, 41.822785924016351 ], [ 44.219349794996418, 41.822835565904548 ], [ 44.219506786376385, 41.822902202653822 ], [ 44.219611215066024, 41.822964113760989 ], [ 44.219680872414905, 41.823003901908571 ], [ 44.219826397560539, 41.823052987030799 ], [ 44.219936613339812, 41.823119305471806 ], [ 44.220058356079043, 41.823203220404807 ], [ 44.220133746973133, 41.823251828889461 ], [ 44.220284635641839, 41.823340264754684 ], [ 44.220390486250757, 41.823402508149442 ], [ 44.22048770955027, 41.823459677882596 ], [ 44.220650331355621, 41.823543824568937 ], [ 44.220806742716015, 41.823658552189919 ], [ 44.220922753910749, 41.823733690675489 ], [ 44.220998411369443, 41.823760413749596 ], [ 44.221115210904927, 41.823765574152013 ], [ 44.221135079337948, 41.823770436574847 ], [ 44.221225905637723, 41.823792579693752 ], [ 44.221352392759812, 41.823852882432931 ], [ 44.221365382455851, 41.823859095147675 ], [ 44.221497475053745, 41.823928847884886 ], [ 44.221667037933464, 41.82401177921426 ], [ 44.221806374992937, 41.824065053113628 ], [ 44.221896230015751, 41.824102725039339 ], [ 44.221918334617328, 41.8241119716984 ], [ 44.221941277699443, 41.82412158430698 ], [ 44.221966290179793, 41.824144270862242 ], [ 44.222032156280626, 41.824204027108863 ], [ 44.222089155955253, 41.824240935035967 ], [ 44.222118957533347, 41.824260232289376 ], [ 44.222170543507019, 41.824335833871594 ], [ 44.222239865825472, 41.824388633093427 ], [ 44.222276308010358, 41.824427068893371 ], [ 44.222329267105771, 41.824453907604209 ], [ 44.222347877399351, 41.824463355693439 ], [ 44.222457197091003, 41.824504626596784 ], [ 44.222482059514583, 41.824619362034589 ], [ 44.222489562546599, 41.824720784923564 ], [ 44.222471193209664, 41.824795912811666 ], [ 44.222471087807214, 41.824797259522953 ], [ 44.222465286993589, 41.824871034994523 ], [ 44.222463773398552, 41.824996129893478 ], [ 44.222500973364838, 41.825210834795321 ], [ 44.222562854888373, 41.825366171463202 ], [ 44.222617954741928, 41.825420180178064 ], [ 44.22273689467918, 41.825462686811093 ], [ 44.222811150737428, 41.825495393262742 ], [ 44.222942915491316, 41.82555342870085 ], [ 44.223195454410018, 41.825745766845685 ], [ 44.223385306075222, 41.825854322216571 ], [ 44.223590477225322, 41.826010582020615 ], [ 44.223642115648246, 41.826072132595549 ], [ 44.223680812931725, 41.826118419142205 ], [ 44.223782493939588, 41.826273979088604 ], [ 44.223972868393325, 41.826668504432959 ], [ 44.224137672181719, 41.82687218176337 ], [ 44.224247374328336, 41.827021850943716 ], [ 44.224349201615205, 41.827165522319106 ], [ 44.224498844113739, 41.827303571924119 ], [ 44.224593228444526, 41.827405491125894 ], [ 44.224719749338973, 41.827483804057593 ], [ 44.224917628123606, 41.827586421503995 ], [ 44.225051953034068, 41.8276767208012 ], [ 44.225193723248488, 41.827808726827286 ], [ 44.225311603649068, 41.827934627033564 ], [ 44.22548594302674, 41.828346875184316 ], [ 44.225625550175806, 41.828663551437671 ], [ 44.225726819876144, 41.828848964526621 ], [ 44.225836385815853, 41.829010520266849 ], [ 44.225956001869655, 41.829167665424372 ], [ 44.226032405115724, 41.829268040963264 ], [ 44.226221626622362, 41.829430178080592 ], [ 44.226331900242812, 41.829538147383488 ], [ 44.226418211531076, 41.829645955195389 ], [ 44.226457004833385, 41.829729619832378 ], [ 44.226559557913802, 41.829813758850833 ], [ 44.226670274438, 41.829880029122094 ], [ 44.226832913739486, 41.829934714743366 ], [ 44.22690944347368, 41.829944799640487 ], [ 44.227023787237876, 41.829959867563815 ], [ 44.227098701595409, 41.829979105926775 ], [ 44.227139160530726, 41.829989465835425 ], [ 44.227166713187508, 41.82999654146149 ], [ 44.227324805981873, 41.830098887029344 ], [ 44.227530633228945, 41.830207497934538 ], [ 44.227672986245921, 41.830291903616192 ], [ 44.227767678060886, 41.83036400959093 ], [ 44.22783852695995, 41.830436000236212 ], [ 44.227869589885337, 41.830501733837288 ], [ 44.227868516203699, 41.830591074497264 ], [ 44.227866940848521, 41.830722158497331 ], [ 44.227921334339669, 41.830835695111489 ], [ 44.228039131209606, 41.830979470490966 ], [ 44.22812516109235, 41.831111098206534 ], [ 44.228144909041113, 41.831141358799847 ], [ 44.228234664385297, 41.831278685775651 ], [ 44.228280395728767, 41.831451744262466 ], [ 44.228305982637728, 41.831642590998996 ], [ 44.228336975214035, 41.831714268504143 ], [ 44.228423220831026, 41.831828063887457 ], [ 44.228518047323341, 41.831894225619706 ], [ 44.228660537475619, 41.831972641433545 ], [ 44.2288585193985, 41.832063318673995 ], [ 44.22910401127546, 41.832184127095189 ], [ 44.229333322800287, 41.832328649518935 ], [ 44.229546965256048, 41.832449243287002 ], [ 44.229641733076434, 41.832515448728522 ], [ 44.229728696909106, 41.832569622659257 ], [ 44.229919008887094, 41.832642368054188 ], [ 44.230030472946311, 41.832697201393508 ], [ 44.230164504988778, 41.832763174231879 ], [ 44.230401554660403, 41.832925624956466 ], [ 44.230543632699316, 41.833033803270389 ], [ 44.230612829037675, 41.833108528196618 ], [ 44.230638034976081, 41.833135717554896 ], [ 44.230660889239566, 41.83319837810177 ], [ 44.230688175622468, 41.833273092459557 ], [ 44.2307656955943, 41.833452307337687 ], [ 44.230882872448618, 41.833643766811981 ], [ 44.231047216735043, 41.833889132634539 ], [ 44.231125096446569, 41.834033403131542 ], [ 44.231140766290416, 41.834062465010099 ], [ 44.231211206056287, 41.834164263436485 ], [ 44.231297651835817, 41.834282156078331 ], [ 44.231320936980325, 41.834313925914472 ], [ 44.231325214472228, 41.834323817028263 ], [ 44.231367462098774, 41.834421508704715 ], [ 44.231397746602248, 41.834552760847373 ], [ 44.231411279542399, 41.834755415169951 ], [ 44.231412046291318, 41.835023508793306 ], [ 44.231346273593061, 41.835195864800767 ], [ 44.231272349913333, 41.835380055234964 ], [ 44.231238928911623, 41.835510881007544 ], [ 44.231252889390511, 41.835677781040197 ], [ 44.231298927814166, 41.835821072678606 ], [ 44.231313589959989, 41.835934386723395 ], [ 44.231336293877732, 41.836029876015537 ], [ 44.23140652324134, 41.836149461382398 ], [ 44.231453641890447, 41.836207555522094 ], [ 44.231508594132393, 41.836275294334385 ], [ 44.231578812649502, 41.8364008690641 ], [ 44.231608884609344, 41.8365499982526 ], [ 44.231627176441592, 41.836687159602569 ], [ 44.231617814266428, 41.836800267837916 ], [ 44.231592401200139, 41.836931192287629 ], [ 44.231590690880822, 41.837074164325827 ], [ 44.231605233903643, 41.837187432479233 ], [ 44.231650621730338, 41.837390299789654 ], [ 44.23167331574772, 41.837491733436373 ], [ 44.231704457013649, 41.837551521947574 ], [ 44.2318222142843, 41.837695293051233 ], [ 44.231932166318508, 41.83782707778397 ], [ 44.231992048535623, 41.837975025433899 ], [ 44.232009551862589, 41.838018269885147 ], [ 44.232071112465519, 41.838203366581304 ], [ 44.232112895403901, 41.838370452454377 ], [ 44.232111399880637, 41.838495547343001 ], [ 44.232062021013007, 41.838626311629667 ], [ 44.232028802723114, 41.838745204863606 ], [ 44.232032528571153, 41.838811339913839 ], [ 44.232041921700372, 41.838977668811971 ], [ 44.232071853181708, 41.839138730927921 ], [ 44.232137725089061, 41.839235319241105 ], [ 44.232165839839439, 41.839276353171378 ], [ 44.232181688282481, 41.839305731317722 ], [ 44.232313889299469, 41.839551420647602 ], [ 44.23245420548983, 41.839808512653036 ], [ 44.232476474310324, 41.83994570037261 ], [ 44.232475762378549, 41.840005275789146 ], [ 44.232443408954204, 41.840046761200483 ], [ 44.232426514836284, 41.840130051534416 ], [ 44.232442828070475, 41.840165917663825 ], [ 44.232480852566944, 41.840249575001216 ], [ 44.232591308486981, 41.84033966080618 ], [ 44.23280853087207, 41.840496029423988 ], [ 44.232864675414923, 41.840539997483724 ], [ 44.233076841875565, 41.840706329400668 ], [ 44.233250643790782, 41.840832594636517 ], [ 44.233353070730395, 41.840934560150032 ], [ 44.2334668031597, 41.841078302635054 ], [ 44.233571477665976, 41.841168619109197 ], [ 44.233703394136285, 41.841282444927415 ], [ 44.233924028580262, 41.841486480299771 ], [ 44.233978227887768, 41.841617936159174 ], [ 44.234000856087242, 41.841725313347681 ], [ 44.234054985393549, 41.841862668170592 ], [ 44.234094008482955, 41.841928498097907 ], [ 44.23422000138234, 41.842054443026115 ], [ 44.234345852509044, 41.842192320913632 ], [ 44.234495480362384, 41.842336301639868 ], [ 44.234629566624108, 41.842450320976248 ], [ 44.234716689171947, 41.842492648149133 ], [ 44.23480373040978, 41.842546863723911 ], [ 44.234884305715454, 41.842562486945688 ], [ 44.234930872160326, 41.842571533764243 ], [ 44.235026359426783, 41.842584103827996 ], [ 44.235089788510024, 41.842608349325104 ], [ 44.235296187876152, 41.84268165403148 ], [ 44.235311921945858, 41.842687242143498 ], [ 44.235343270827741, 41.842735141997281 ], [ 44.235343278539602, 41.842735505924374 ], [ 44.235345826681083, 41.842854319312487 ], [ 44.23542372523066, 41.843003765756755 ], [ 44.235517522908204, 41.843153272938174 ], [ 44.235579675441926, 41.843284825983375 ], [ 44.235649980162343, 41.843404454168578 ], [ 44.235673320800792, 41.843452255598457 ], [ 44.235664804076272, 41.843499890056478 ], [ 44.235699561718924, 41.843595413558148 ], [ 44.235777614489969, 41.843726982226883 ], [ 44.235816498994197, 41.843804699638106 ], [ 44.235911208710007, 41.843882788436879 ], [ 44.236013513230823, 41.843990740262669 ], [ 44.23609176928872, 41.844110376021952 ], [ 44.236201953560453, 41.844224279555036 ], [ 44.236359114376071, 41.844404065000823 ], [ 44.236413452494929, 41.844529531043271 ], [ 44.236460570775314, 41.844583479922058 ], [ 44.236508174448055, 41.844601674921286 ], [ 44.236691076060374, 41.844632658166027 ], [ 44.236834322797854, 41.84464554412353 ], [ 44.236929965744984, 41.844640235096847 ], [ 44.236949839003948, 41.844640367129905 ], [ 44.237148972377121, 41.844653578939585 ], [ 44.237312708806243, 41.84465466634952 ], [ 44.237340177272102, 41.844654848750828 ], [ 44.237475414671295, 41.844667680724413 ], [ 44.237610500109554, 41.844698390073681 ], [ 44.237833057402227, 41.844747513268224 ], [ 44.238071311883068, 41.84480867420671 ], [ 44.238238386723864, 41.844833605490663 ], [ 44.238413350808933, 41.844858588844978 ], [ 44.238580153726275, 41.844901396372215 ], [ 44.238869979123542, 41.844986675543197 ], [ 44.239004712654342, 41.845047193504172 ], [ 44.239139517401902, 41.845101722241587 ], [ 44.239250767730653, 41.845126237189895 ], [ 44.239441621060273, 41.845157313758961 ], [ 44.239696190036113, 41.845188811811425 ], [ 44.239927334856723, 41.845184352166648 ], [ 44.24010265281786, 41.845179567741006 ], [ 44.240221782181344, 41.845210123415498 ], [ 44.240356728954559, 41.845252762658369 ], [ 44.240443919871858, 41.845295040896652 ], [ 44.240690259382589, 41.845350260334399 ], [ 44.240864662134321, 41.84542292737035 ], [ 44.241031187184561, 41.845489507513363 ], [ 44.241221127298068, 41.845598033764674 ], [ 44.241379210589336, 41.845706304252893 ], [ 44.241537575244401, 41.845790798369954 ], [ 44.241636631644418, 41.84583315405731 ], [ 44.241771651934407, 41.845869757551291 ], [ 44.241930369434606, 41.84592444087432 ], [ 44.242017291065707, 41.845984594680623 ], [ 44.24209619268494, 41.846050685034434 ], [ 44.242175306508457, 41.846098808124196 ], [ 44.24226242911147, 41.84614707406525 ], [ 44.242412505780543, 41.846255290302466 ], [ 44.242578331365024, 41.846381488743496 ], [ 44.242705062132437, 41.846441904548989 ], [ 44.242879741166085, 41.846496691801022 ], [ 44.243022843420789, 41.846527402597793 ], [ 44.243157795388846, 41.846569993547291 ], [ 44.243268627957114, 41.846630303965583 ], [ 44.243418777494483, 41.846732574861583 ], [ 44.24349733133522, 41.846828384466626 ], [ 44.243591493138098, 41.846954154421319 ], [ 44.243694106380339, 41.847032288834086 ], [ 44.243796920630182, 41.847098490440608 ], [ 44.243932014828374, 41.847129147378041 ], [ 44.244139046399539, 41.847142444103298 ], [ 44.244258391250582, 41.84715516350245 ], [ 44.244361486612902, 41.847197543412605 ], [ 44.244424573049628, 41.84725159406986 ], [ 44.244622535088354, 41.847360077385524 ], [ 44.244765019011382, 41.847438473058638 ], [ 44.24485940464151, 41.847540375364339 ], [ 44.244961870379981, 41.847636386208649 ], [ 44.24511237544165, 41.847708844643961 ], [ 44.245255270835031, 41.847757474870846 ], [ 44.245450386414156, 41.847857291502457 ], [ 44.245334481542358, 41.847956595748322 ], [ 44.245151665457286, 41.848055505165732 ], [ 44.245016836156886, 41.848140408898374 ], [ 44.244876851650901, 41.848253920261833 ], [ 44.244492065118855, 41.84845152126509 ], [ 44.244212598602267, 41.848635538270585 ], [ 44.243981118020493, 41.848805594660426 ], [ 44.243817305323937, 41.84891174240699 ], [ 44.243639410751406, 41.848996360955262 ], [ 44.243398182625377, 41.849180672801339 ], [ 44.243273009037964, 41.849258477650622 ], [ 44.243091137134655, 41.849271600042563 ], [ 44.242966637293513, 41.849292215707756 ], [ 44.242851063192283, 41.849362922948508 ], [ 44.242792402340186, 41.849469807406514 ], [ 44.242790378979194, 41.849641373923546 ], [ 44.242826684137576, 41.849806032708365 ], [ 44.242797004439247, 41.849891626961657 ], [ 44.242691089089561, 41.849955282326022 ], [ 44.242585872414189, 41.849954588499465 ], [ 44.242452722654591, 41.849896517055107 ], [ 44.242300589958262, 41.849823999385848 ], [ 44.242205118069386, 41.849809093695185 ], [ 44.242070872852217, 41.849843874853768 ], [ 44.241964534208208, 41.849943328847147 ], [ 44.241848113438266, 41.850085543594965 ], [ 44.241769851932666, 41.850235170566144 ], [ 44.241738421868781, 41.850463736170887 ], [ 44.241717135383141, 41.850649406223205 ], [ 44.241715723344576, 41.850768962364306 ], [ 44.24171553081738, 41.850785263427433 ], [ 44.241714770812052, 41.850849612098749 ], [ 44.241705188837265, 41.850880531375722 ], [ 44.241694858316968, 41.850913834316557 ], [ 44.241674330526521, 41.851035245737265 ], [ 44.241614930919425, 41.851199272913526 ], [ 44.241622709979666, 41.851356583247203 ], [ 44.241707171686258, 41.851493008710491 ], [ 44.24178188934512, 41.851643600546367 ], [ 44.241780200301626, 41.851786617587095 ], [ 44.241740013266252, 41.851950771641881 ], [ 44.241747647904475, 41.852115241409891 ], [ 44.241761036687343, 41.852190311515898 ], [ 44.241767998532445, 41.852223052206163 ], [ 44.241793214230619, 41.852301442839028 ], [ 44.241772770173164, 41.852415739419293 ], [ 44.241741821995156, 41.852608506042714 ], [ 44.241644235421298, 41.852772281065604 ], [ 44.241532627109542, 41.852914527191388 ], [ 44.241377278087121, 41.853113677540087 ], [ 44.241290364298919, 41.853184617490626 ], [ 44.24115602635127, 41.853226602382904 ], [ 44.241021881410646, 41.85324715218394 ], [ 44.240935304616265, 41.853289542501166 ], [ 44.240780629697987, 41.853431458202209 ], [ 44.24061536219228, 41.853659138550846 ], [ 44.240479753770913, 41.853808385348245 ], [ 44.240286152722064, 41.854007281208112 ], [ 44.240072466284268, 41.85428467327565 ], [ 44.23989776227225, 41.854505129698651 ], [ 44.239762029915873, 41.854654374800845 ], [ 44.239664410556315, 41.854825308265376 ], [ 44.239533699066421, 41.854967470048322 ], [ 44.239292692854981, 41.855130249125487 ], [ 44.23899442715976, 41.855285577051781 ], [ 44.238826873143225, 41.85529874248401 ], [ 44.238702105545428, 41.855340832942332 ], [ 44.23854809856401, 41.855425601810062 ], [ 44.238470755967057, 41.855496558010742 ], [ 44.238412167044508, 41.855596280163226 ], [ 44.238372308152961, 41.855731838480715 ], [ 44.23825569939698, 41.855888323955135 ], [ 44.238149175859235, 41.856002003812357 ], [ 44.238043075815916, 41.856079974394085 ], [ 44.237993978247474, 41.856186874666783 ], [ 44.237991687135278, 41.856379875299183 ], [ 44.237931993757314, 41.856572495051793 ], [ 44.237911286881747, 41.856708225297858 ], [ 44.23794358873193, 41.856808505231875 ], [ 44.237894659903347, 41.856901130782639 ], [ 44.237874062619113, 41.857022540922983 ], [ 44.237815617131261, 41.857115058249924 ], [ 44.237707477333402, 41.857364594573113 ], [ 44.237633446423722, 41.857557118970334 ], [ 44.237478413622824, 41.857727669347561 ], [ 44.237371060836026, 41.857905696537976 ], [ 44.237311933733295, 41.85805544729422 ], [ 44.237300233247701, 41.858234064545691 ], [ 44.237250768098043, 41.858376719018089 ], [ 44.237182851971298, 41.858454942352864 ], [ 44.236999993914381, 41.858553793231465 ], [ 44.236740212033823, 41.858687844585027 ], [ 44.236571347450969, 41.858815474433342 ], [ 44.2363589901002, 41.858978436743278 ], [ 44.236252712538857, 41.859070725251463 ], [ 44.23615592799694, 41.859170147135451 ], [ 44.236067298509873, 41.859384054574562 ], [ 44.235999355412389, 41.859469392384064 ], [ 44.235959999225692, 41.859562080739977 ], [ 44.235911321099231, 41.859633225844789 ], [ 44.235860677669379, 41.859661980860771 ], [ 44.235738145016263, 41.859717863322977 ], [ 44.235555025310127, 41.859838191344132 ], [ 44.235342235477326, 41.860036950881486 ], [ 44.235158596556872, 41.860231040483121 ], [ 44.235007480589388, 41.860380177329702 ], [ 44.234856395479689, 41.86052161336589 ], [ 44.234726613161207, 41.86060933050048 ], [ 44.234617050183594, 41.860724112562167 ], [ 44.234501907440446, 41.860877361383373 ], [ 44.234366806527902, 41.860976526319533 ], [ 44.234293338507932, 41.861095421609534 ], [ 44.234262319480806, 41.861180779363998 ], [ 44.234174960750103, 41.861287422781167 ], [ 44.234078084174953, 41.86139400265445 ], [ 44.233971483774262, 41.861507677988705 ], [ 44.233826350812379, 41.861649692742617 ], [ 44.233690624072899, 41.861806090876719 ], [ 44.233592892494215, 41.861984133544503 ], [ 44.233552957966467, 41.862119779580198 ], [ 44.233551763550331, 41.862219792067286 ], [ 44.23355048308219, 41.862327009414152 ], [ 44.233482276937991, 41.862433825130026 ], [ 44.233450956534178, 41.862655228259435 ], [ 44.233333981424863, 41.862840302634517 ], [ 44.233265201949365, 41.862989986721118 ], [ 44.233196311287401, 41.863153990821246 ], [ 44.233165758421144, 41.863311045431445 ], [ 44.233087947694301, 41.863424912127627 ], [ 44.232914270029625, 41.863545298886486 ], [ 44.23278890979234, 41.863630251201485 ], [ 44.232720237604525, 41.863670007753548 ], [ 44.232694637659684, 41.863684787993627 ], [ 44.232654261651867, 41.863705954392422 ], [ 44.232634113887663, 41.863723247915651 ], [ 44.232619505555427, 41.863735759815135 ], [ 44.232515622667819, 41.863792934278436 ], [ 44.23243212382188, 41.863818090637196 ], [ 44.232363048114081, 41.863841181711337 ], [ 44.232288697891157, 41.863877117197774 ], [ 44.232020015197087, 41.863946834738385 ], [ 44.231828410791771, 41.863974149868966 ], [ 44.231732467487262, 41.864002104652158 ], [ 44.231617196825326, 41.864044205809904 ], [ 44.231443831688289, 41.864143156251977 ], [ 44.231203343029271, 41.864263048240375 ], [ 44.231097160595098, 41.864341011705413 ], [ 44.230975845052718, 41.86449029758915 ], [ 44.23077346042809, 41.864617649244316 ], [ 44.230684538247424, 41.8646779395172 ], [ 44.230648155516235, 41.86470259956895 ], [ 44.230532025451346, 41.864816207786326 ], [ 44.230473501388104, 41.864908765730597 ], [ 44.230423870174207, 41.86505853131613 ], [ 44.230411865731995, 41.865265787170678 ], [ 44.23042813296744, 41.865501829023344 ], [ 44.230397657462987, 41.865651767975784 ], [ 44.230284827002194, 41.865886899610139 ], [ 44.23004195357781, 41.866199788601001 ], [ 44.229915614561186, 41.866370565850175 ], [ 44.229885163105394, 41.866513344406819 ], [ 44.229863578005705, 41.866720535903198 ], [ 44.229899112349557, 41.86694238618049 ], [ 44.229897567776625, 41.867071082804358 ], [ 44.229838586400327, 41.86720650962075 ], [ 44.229732200338731, 41.867305906558833 ], [ 44.229640956467918, 41.867388562279331 ], [ 44.229538696848088, 41.86749046357972 ], [ 44.229467774840145, 41.867591629334918 ], [ 44.229406449283417, 41.867681330750678 ], [ 44.229394033701453, 41.867706781679111 ], [ 44.229275859747602, 41.86767892327611 ], [ 44.229125587292145, 41.867644904820402 ], [ 44.228808850177153, 41.867585720339108 ], [ 44.228420068832378, 41.867515513037695 ], [ 44.228168903115829, 41.86747469081898 ], [ 44.228142547002314, 41.867476990550351 ], [ 44.228038932538233, 41.867485976412148 ], [ 44.227840447535897, 41.867448209609961 ], [ 44.227532379796088, 41.867409750470749 ], [ 44.227272830092573, 41.867389810676066 ], [ 44.227061798150679, 41.86738839055279 ], [ 44.226890871510363, 41.867423627443486 ], [ 44.226769059697794, 41.867422807362267 ], [ 44.226639102028876, 41.867428011877777 ], [ 44.226517569757206, 41.867408999706043 ], [ 44.22642880179616, 41.867365889785894 ], [ 44.226267983121801, 41.867237360409604 ], [ 44.226114578868035, 41.867163506923681 ], [ 44.226001326173431, 41.867132435871632 ], [ 44.225757837304762, 41.867124715022769 ], [ 44.225514275127665, 41.867123072743468 ], [ 44.22521778074676, 41.867139266564678 ], [ 44.225055206313471, 41.867156363364579 ], [ 44.224933321631177, 41.867161620425144 ], [ 44.224714377565519, 41.867141948884743 ], [ 44.224519992185037, 41.867104204021388 ], [ 44.224269177645169, 41.867029690271103 ], [ 44.22397789384339, 41.866948822941637 ], [ 44.223662639407088, 41.866837485003146 ], [ 44.223412120676116, 41.866738698093535 ], [ 44.223194060048591, 41.866646209768682 ], [ 44.223024308925169, 41.866584355710437 ], [ 44.222821719920674, 41.866552632051679 ], [ 44.222570381672469, 41.866526657621534 ], [ 44.222311058278656, 41.866488469408168 ], [ 44.22206801352074, 41.866444356332543 ], [ 44.22177644086203, 41.866387754750491 ], [ 44.221411721264914, 41.866336736130954 ], [ 44.221119721057711, 41.866310482851247 ], [ 44.220811429134777, 41.866296232421945 ], [ 44.220527414368213, 41.866282190976001 ], [ 44.220316607454002, 41.866262566282984 ], [ 44.220049448885916, 41.866200046483691 ], [ 44.219834914951491, 41.866150042727739 ], [ 44.219552081883144, 41.86603891374908 ], [ 44.219236692372668, 41.865939676871449 ], [ 44.218978038265334, 41.865846859528574 ], [ 44.218788360937999, 41.865754555861749 ], [ 44.218587033026473, 41.865619660579597 ], [ 44.218426160508322, 41.865497199430472 ], [ 44.218329932947483, 41.865399451357149 ], [ 44.218233853249728, 41.865289590080678 ], [ 44.218153595644218, 41.865216223856152 ], [ 44.218024617119895, 41.86513644626416 ], [ 44.217814776439425, 41.865037924108975 ], [ 44.217669889825991, 41.864933764478572 ], [ 44.217573442444341, 41.864854207977686 ], [ 44.217493939663122, 41.864714106138216 ], [ 44.217487347260949, 41.864592694760596 ], [ 44.21752188907098, 41.864422972029658 ], [ 44.217596231668253, 41.86431427122524 ], [ 44.217719530552984, 41.86418766510635 ], [ 44.217842223443782, 41.864115680895395 ], [ 44.217988735531662, 41.864086325752979 ], [ 44.218045985174626, 41.864050328142049 ], [ 44.218079637444248, 41.863953464087814 ], [ 44.218105675171181, 41.863814036137576 ], [ 44.218090283805246, 41.863747191043046 ], [ 44.218026158640818, 41.863680014130786 ], [ 44.217929195181412, 41.863642921410452 ], [ 44.217804688932475, 41.863616629303969 ], [ 44.217646599740739, 41.863592540125453 ], [ 44.217474391934381, 41.863609740725096 ], [ 44.217253200868761, 41.863617420298532 ], [ 44.217059529387441, 41.863596465335483 ], [ 44.216798251050257, 41.863541994097197 ], [ 44.216517129188922, 41.863464779852166 ], [ 44.216094436131407, 41.863431767723121 ], [ 44.215787768035881, 41.863384459993242 ], [ 44.215455643502587, 41.863359629620703 ], [ 44.215234635847267, 41.863312950589574 ], [ 44.215014305264688, 41.863206020343107 ], [ 44.214845132601724, 41.863039184012486 ], [ 44.214675255307391, 41.862925077362867 ], [ 44.214646213421418, 41.862826974967064 ], [ 44.214828360641718, 41.862760489351068 ], [ 44.214889425130487, 41.862708172064501 ], [ 44.214890346763688, 41.86263283656843 ], [ 44.214820880813178, 41.862549544230042 ], [ 44.214660880605578, 41.862450546418692 ], [ 44.214308918520985, 41.862402970036399 ], [ 44.213856054320352, 41.862369743262555 ], [ 44.213271987470911, 41.862350702373448 ], [ 44.212799036670845, 41.862309813161623 ], [ 44.212477224111268, 41.862269958490565 ], [ 44.212296646682582, 41.862208464665009 ], [ 44.212086292271046, 41.862109117888622 ], [ 44.211885595641576, 41.862047530418366 ], [ 44.211684252248197, 41.862038627879556 ], [ 44.211365961331062, 41.862119260083425 ], [ 44.211143790462671, 41.862162903294617 ], [ 44.210952599043608, 41.862146548535044 ], [ 44.210762241707073, 41.862062378062916 ], [ 44.210591415406654, 41.862031121313912 ], [ 44.210430218694611, 41.862030013192793 ], [ 44.210198790052836, 41.862013290471189 ], [ 44.209836991682018, 41.861943070734924 ], [ 44.209329549463035, 41.861841674503012 ], [ 44.208927639992616, 41.861756089373273 ], [ 44.208364782199823, 41.861654307157323 ], [ 44.207993300049687, 41.861553887151793 ], [ 44.207701859636288, 41.861499142180996 ], [ 44.207108733783059, 41.861404710697627 ], [ 44.20664594740159, 41.861356300625609 ], [ 44.206334202757937, 41.861316543329238 ], [ 44.206123488565439, 41.861247265827238 ], [ 44.205983590992233, 41.861155960593472 ], [ 44.205773031010835, 41.861079162844533 ], [ 44.205602056546937, 41.861055418321534 ], [ 44.205349986785471, 41.861076236471227 ], [ 44.205073204085025, 41.861059234633437 ], [ 44.204986077527401, 41.861021658666594 ], [ 44.204842745135025, 41.860959780469095 ], [ 44.204771172396896, 41.8608824119475 ], [ 44.204754140872495, 41.86079353209783 ], [ 44.20472095523143, 41.860627622392421 ], [ 44.204672589630476, 41.860461652584547 ], [ 44.204583020978234, 41.860378169798885 ], [ 44.204502737966166, 41.860347486021716 ], [ 44.204323353845524, 41.86019564981175 ], [ 44.204073340987563, 41.86005084452961 ], [ 44.203892590912844, 41.860004422668169 ], [ 44.203741799634116, 41.859980770249628 ], [ 44.20363199306707, 41.859897191436517 ], [ 44.203542799830309, 41.859783627754723 ], [ 44.203444455386247, 41.859587138047466 ], [ 44.203375848781974, 41.859436068624035 ], [ 44.203226554375519, 41.859291960067971 ], [ 44.203096631102341, 41.859208241170727 ], [ 44.202885519534654, 41.859176648388491 ], [ 44.20273438956076, 41.859175599345541 ], [ 44.202593379098133, 41.85917462036609 ], [ 44.202503159762614, 41.859143866198409 ], [ 44.202403977305821, 41.859015145879852 ], [ 44.202355338499409, 41.858871735180799 ], [ 44.202406597223124, 41.858804315060631 ], [ 44.202407719716511, 41.858713984724318 ], [ 44.202337900423942, 41.858660765048207 ], [ 44.20216721472535, 41.858614410369739 ], [ 44.20200636764045, 41.85859073085016 ], [ 44.201799509427083, 41.858619376036657 ], [ 44.201456607359795, 41.858654640709844 ], [ 44.201123764119878, 41.858689974327838 ], [ 44.200962636403354, 41.858688853410243 ], [ 44.20071145139098, 41.858634415803529 ], [ 44.200359145885578, 41.858616922017724 ], [ 44.200006934878758, 41.858591862103872 ], [ 44.199795672955467, 41.858567783268228 ], [ 44.199464425475924, 41.8584751366744 ], [ 44.199154579476826, 41.858284689492457 ], [ 44.199015731741667, 41.858110565611554 ], [ 44.198997338626512, 41.857967364422045 ], [ 44.198958639795691, 41.857839062944002 ], [ 44.198808983029807, 41.857725073825769 ], [ 44.198678411007116, 41.857694035139339 ], [ 44.198428232913336, 41.85756425773598 ], [ 44.19819760905969, 41.857479830409872 ], [ 44.197921031955659, 41.857447771442224 ], [ 44.197789895908151, 41.85746194191109 ], [ 44.19757345119811, 41.857452864133833 ], [ 44.197362442302413, 41.85741374124752 ], [ 44.197181421913562, 41.8573899139855 ], [ 44.197000119433227, 41.857388646483933 ], [ 44.196768838841237, 41.857356901441044 ], [ 44.196285971564919, 41.857308354235549 ], [ 44.195863142153932, 41.857290308078014 ], [ 44.195420194535835, 41.857272164458841 ], [ 44.195038228085465, 41.857209232459439 ], [ 44.1947970789032, 41.857162372933146 ], [ 44.194636744778222, 41.857093517623149 ], [ 44.194506898064915, 41.857009744505802 ], [ 44.194301553784875, 41.856917920950167 ], [ 44.193830358569215, 41.856741413734525 ], [ 44.193590158496981, 41.856619216505862 ], [ 44.193461009793594, 41.856475281719767 ], [ 44.193452938072596, 41.856317065727275 ], [ 44.193546236488295, 41.856106871839117 ], [ 44.19358785608901, 41.8560017395478 ], [ 44.193591261015513, 41.855730703956873 ], [ 44.193574299392694, 41.855474566696884 ], [ 44.193535801806995, 41.855331223422041 ], [ 44.19345640794608, 41.855240282693998 ], [ 44.193286589597932, 41.855126144765421 ], [ 44.193096181472036, 41.855049510334929 ], [ 44.192925477344026, 41.855010707498522 ], [ 44.192683804904995, 41.855001443231082 ], [ 44.192472144404753, 41.855014996538721 ], [ 44.192301001485134, 41.855006317422408 ], [ 44.192170309197429, 41.85499031184019 ], [ 44.191939608872765, 41.854913347041958 ], [ 44.191639007124643, 41.854790765751339 ], [ 44.19141865087402, 41.854691310687549 ], [ 44.191177703951226, 41.854629358601493 ], [ 44.191077851633821, 41.854560924238022 ], [ 44.19103873076196, 41.854462744809645 ], [ 44.19105074647409, 41.854312280836417 ], [ 44.191032622999181, 41.854153948791172 ], [ 44.190963706214269, 41.854025476749058 ], [ 44.190824036220455, 41.853919068216008 ], [ 44.190633255412948, 41.853872509775044 ], [ 44.190371910447993, 41.853833019306435 ], [ 44.190099877382082, 41.853838621961721 ], [ 44.18983771230377, 41.853859379968654 ], [ 44.18958585613742, 41.853865123735147 ], [ 44.189394980895692, 41.853826128281661 ], [ 44.189184750088771, 41.853726740391707 ], [ 44.189003933886163, 41.853687815303196 ], [ 44.18881777297026, 41.853671459241632 ], [ 44.188716878725067, 41.853685787929251 ], [ 44.188565250978947, 41.853729930865839 ], [ 44.188403660281239, 41.853766437487778 ], [ 44.188262186184978, 41.85380308606517 ], [ 44.188089905288159, 41.853884685773146 ], [ 44.187888020075249, 41.853920906803054 ], [ 44.187716691062363, 41.853927215859507 ], [ 44.187605355969389, 41.853971642492532 ], [ 44.187483772510248, 41.854030992829806 ], [ 44.187412290048819, 41.854105783910903 ], [ 44.187340009159868, 41.854248390471341 ], [ 44.187318688465758, 41.854338577769532 ], [ 44.187357648128156, 41.854444277990922 ], [ 44.18738645421687, 41.854557427030329 ], [ 44.187348679953594, 41.854753012518103 ], [ 44.187287411074884, 41.854820310071993 ], [ 44.187155897362693, 41.854864548431593 ], [ 44.186979280315583, 41.854893426011209 ], [ 44.186736810456111, 41.854951964750214 ], [ 44.186464772465818, 41.854957558749035 ], [ 44.186192890003994, 41.854955632531812 ], [ 44.185972159783027, 41.854886292111651 ], [ 44.185740989380839, 41.854847004976754 ], [ 44.185670961696772, 41.854816380740623 ], [ 44.185571150214408, 41.854740421216619 ], [ 44.185440592022672, 41.854709277513834 ], [ 44.185299495960699, 41.854715842415082 ], [ 44.185122973421691, 41.854737242170344 ], [ 44.18494158406407, 41.85474343066609 ], [ 44.18477053970846, 41.854727130287081 ], [ 44.184529407660108, 41.854680249329554 ], [ 44.184348687269846, 41.854633796924041 ], [ 44.184238879954457, 41.854557720218381 ], [ 44.184038330471495, 41.854488519423008 ], [ 44.183687142064706, 41.854380599272183 ], [ 44.18342656595928, 41.854280843010308 ], [ 44.182986326629432, 41.854051821644489 ], [ 44.182627001291998, 41.853793246745617 ], [ 44.182341924847321, 41.853640578860578 ], [ 44.182053419938953, 41.853553815594658 ], [ 44.181865199974268, 41.853505414441685 ], [ 44.181651204528983, 41.853503889829767 ], [ 44.181398784933926, 41.853549151459589 ], [ 44.181133237001937, 41.853641379436297 ], [ 44.180816374948655, 41.853808582640113 ], [ 44.180411094898361, 41.853993933189983 ], [ 44.179955039486586, 41.854216568163132 ], [ 44.179612694510119, 41.854402410260946 ], [ 44.179244630380303, 41.854635082993454 ], [ 44.178813711677542, 41.85473319397876 ], [ 44.178119673906544, 41.854859998766258 ], [ 44.177703479060561, 41.854913492216866 ], [ 44.177124299862648, 41.85491875601609 ], [ 44.176708828072059, 41.854915778451691 ], [ 44.176294141146911, 41.854856332425506 ], [ 44.175784892546559, 41.854805618412044 ], [ 44.174953708856201, 41.854818474560986 ], [ 44.174046752897972, 41.854859016079075 ], [ 44.173378911747903, 41.854901271712365 ], [ 44.172660110422562, 41.854990216849735 ], [ 44.17221940195023, 41.854987041239283 ], [ 44.171993238267284, 41.854957174626215 ], [ 44.17174110956374, 41.854983592896801 ], [ 44.171286415286964, 41.855093257999101 ], [ 44.17090718717462, 41.855212923244551 ], [ 44.170465989741722, 41.855256797851581 ], [ 44.170063348088497, 41.855235064718002 ], [ 44.169509404049741, 41.855231060363252 ], [ 44.169182230931206, 41.855219281941089 ], [ 44.169056713769848, 41.855190137586199 ], [ 44.168882306496648, 41.855047649120856 ], [ 44.168618868569133, 41.854970445638095 ], [ 44.168242137511534, 41.854892421110243 ], [ 44.167965623378947, 41.854862181906647 ], [ 44.167814991350426, 41.854832854243725 ], [ 44.167589381933723, 41.854746510402073 ], [ 44.167297492080095, 41.854689678183924 ], [ 44.16708277683589, 41.854873345836502 ], [ 44.166932257312638, 41.854960700795509 ], [ 44.166654888859348, 41.855121576315881 ], [ 44.166333811208609, 41.85531771070513 ], [ 44.166028721349107, 41.855646224974592 ], [ 44.165529364319724, 41.855946847091474 ], [ 44.165049146878637, 41.85614182144252 ], [ 44.164586971509394, 41.856297160049813 ], [ 44.164336826702275, 41.856480564769079 ], [ 44.164173499705306, 41.856796865462144 ], [ 44.163868736045053, 41.857098941334549 ], [ 44.163512568190598, 41.857268332310426 ], [ 44.163227750133885, 41.857398522126516 ], [ 44.162907340686701, 41.857541736826633 ], [ 44.162587680928432, 41.857631996199821 ], [ 44.162418311702652, 41.857681064000261 ], [ 44.162107275468529, 41.857825875967279 ], [ 44.161977554716188, 41.858077029366335 ], [ 44.161945311852328, 41.858391896410012 ], [ 44.161806072689131, 41.858832077532377 ], [ 44.161688462422461, 41.859230399692684 ], [ 44.161431207015177, 41.859564609639698 ], [ 44.161358381464339, 41.859753220271593 ], [ 44.161284639328393, 41.860025767352198 ], [ 44.161168258853955, 41.860329571713514 ], [ 44.161010811141992, 41.860548997646987 ], [ 44.160908661391915, 41.860842367742229 ], [ 44.160862925329056, 41.861115164146092 ], [ 44.160751331267001, 41.861587024440283 ], [ 44.160719002787431, 41.861912428240466 ], [ 44.160659092564316, 41.862195613820603 ], [ 44.160500401450953, 41.862509601039754 ], [ 44.160214994766307, 41.862843647287242 ], [ 44.160078482950915, 41.86307376284735 ], [ 44.160062110631323, 41.863252202429038 ], [ 44.160004258521319, 41.863377829119592 ], [ 44.160101802820286, 41.863441589963642 ], [ 44.160296695065654, 41.863579557825261 ], [ 44.160490549172017, 41.863801550972759 ], [ 44.160724862743074, 41.864149934308628 ], [ 44.160988135514096, 41.864435436271052 ], [ 44.161112243514928, 41.864614947217326 ], [ 44.161237176207479, 41.8647314166355 ], [ 44.161405024212087, 41.86479564477262 ], [ 44.161615194128984, 41.864839195850053 ], [ 44.161810428195771, 41.864956177837165 ], [ 44.16197678494698, 41.865125458260941 ], [ 44.162086098691276, 41.86536786255926 ], [ 44.162320701076915, 41.865695213865934 ], [ 44.162426027191387, 41.865809422371328 ], [ 44.162570635727718, 41.865928150412884 ], [ 44.162692008118455, 41.866105478046045 ], [ 44.162767173611115, 41.866375013271487 ], [ 44.162887670894186, 41.8666195248178 ], [ 44.162953217906754, 41.866762849967721 ], [ 44.163031125847745, 41.866822277029001 ], [ 44.163254743027558, 41.866916315987602 ], [ 44.163355838895839, 41.866925518892295 ], [ 44.163467812787097, 41.866959884801425 ], [ 44.163635005843737, 41.867070354664044 ], [ 44.163834949211079, 41.867256719609699 ], [ 44.163933687227363, 41.867442302428458 ], [ 44.163965561865538, 41.867585381842574 ], [ 44.163951291112831, 41.867820579804302 ], [ 44.163965421997226, 41.868030765564747 ], [ 44.163974327810926, 41.868207318031821 ], [ 44.164018744026656, 41.868247946652865 ], [ 44.164081435222407, 41.868268578150897 ], [ 44.164197666124664, 41.868323239560624 ], [ 44.164304659411982, 41.868397918725393 ], [ 44.164401739742303, 41.868539851256209 ], [ 44.164437004856737, 41.868593878248156 ], [ 44.164535224444471, 41.868648363233589 ], [ 44.16476762894451, 41.868757639562737 ], [ 44.164884124479748, 41.868792082006237 ], [ 44.164992020769148, 41.868792866562814 ], [ 44.165100414421723, 41.868760059388947 ], [ 44.165227285467047, 41.868687036102138 ], [ 44.165299478654731, 41.868667385681704 ], [ 44.165398485739992, 41.868661395204313 ], [ 44.165577701173675, 41.868709712822181 ], [ 44.165819144249994, 41.868819052697873 ], [ 44.16608687855657, 41.86898235338451 ], [ 44.166328062001114, 41.869111820429332 ], [ 44.166462571397766, 41.869146437072445 ], [ 44.166686556169289, 41.869208543010302 ], [ 44.166820133279494, 41.869310342957128 ], [ 44.166836749330422, 41.869418049344688 ], [ 44.166835702059103, 41.869498697349435 ], [ 44.166861469427836, 41.869593005004518 ], [ 44.166941067386787, 41.869694503260014 ], [ 44.167011254192914, 41.869829438369941 ], [ 44.166982492570725, 41.869970365783686 ], [ 44.166918139984254, 41.870077484803403 ], [ 44.166907183087886, 41.870225296423925 ], [ 44.166908095586962, 41.870507665159955 ], [ 44.166942142462041, 41.870655758200492 ], [ 44.167065288924668, 41.870865113025665 ], [ 44.167313538123125, 41.871142565339085 ], [ 44.167482564074263, 41.8712849267894 ], [ 44.167535497428567, 41.871366011119335 ], [ 44.167597320536501, 41.871453869899625 ], [ 44.167775035567253, 41.871623224120754 ], [ 44.16789877070218, 41.871792186954607 ], [ 44.167987585748946, 41.871880196058349 ], [ 44.168076078610738, 41.87198842294346 ], [ 44.168156352972524, 41.872042774815348 ], [ 44.168286177039221, 41.87209077545765 ], [ 44.168429523305576, 41.872132163830265 ], [ 44.168572930006214, 41.872173552461483 ], [ 44.168698933410106, 41.872167709562866 ], [ 44.168951102661005, 41.872087663188253 ], [ 44.169212966225786, 41.872063888597047 ], [ 44.169492223010288, 41.872032313241682 ], [ 44.169689812714587, 41.872053872123018 ], [ 44.16990541575553, 41.872075605904165 ], [ 44.170049632797593, 41.872049763055323 ], [ 44.170211689349244, 41.872037514039448 ], [ 44.170328280593154, 41.872065241608304 ], [ 44.170409191988298, 41.872065826127461 ], [ 44.170625403666278, 41.872040502609828 ], [ 44.170760182914286, 41.87205489597909 ], [ 44.17099365319369, 41.872083466770995 ], [ 44.171119568974611, 41.872084375656058 ], [ 44.171242613001432, 41.872055630522787 ], [ 44.172050287553802, 41.872303829263778 ], [ 44.172534804393536, 41.872465345071184 ], [ 44.173279003542227, 41.872683759872714 ], [ 44.174734264040012, 41.872985820859277 ], [ 44.178683126503572, 41.874940136552119 ], [ 44.182378759586804, 41.8770952557309 ], [ 44.185540299084025, 41.878070591637105 ], [ 44.187853147416483, 41.879658200538721 ], [ 44.191063374398382, 41.88108992081149 ], [ 44.191109773602804, 41.881104388253497 ], [ 44.19495473673917, 41.882303321001324 ], [ 44.196382441613054, 41.882911144150299 ], [ 44.196477990792886, 41.882951802743996 ], [ 44.197423895396227, 41.88335453446409 ], [ 44.198098210226163, 41.883636337950207 ], [ 44.198175006096385, 41.88366844286022 ], [ 44.201265256267924, 41.884959750461505 ], [ 44.204387339080512, 41.886808938389947 ], [ 44.199328104649005, 41.888922829929186 ], [ 44.197285394334372, 41.889999330880421 ], [ 44.197243896358913, 41.890021197380761 ], [ 44.195872930006111, 41.890743628308748 ], [ 44.193624809139088, 41.892055817492164 ], [ 44.193591779686187, 41.892132548135493 ], [ 44.193573960543382, 41.892173989100897 ], [ 44.193107733645391, 41.893258457785926 ], [ 44.193961666291564, 41.894399799130824 ], [ 44.194173968494297, 41.894388679717203 ], [ 44.194356956837851, 41.89441279575837 ], [ 44.1946182865561, 41.894519602418775 ], [ 44.194752340208993, 41.894547968047384 ], [ 44.194941932648554, 41.894531013718499 ], [ 44.195272869447059, 41.894446598494838 ], [ 44.195652568107761, 41.894371665718118 ], [ 44.196068511143523, 41.89433350774997 ], [ 44.1964785892728, 41.894267926755965 ], [ 44.196900618819654, 41.894229763326351 ], [ 44.197248389918776, 41.894268717323499 ], [ 44.197434278113164, 41.89430199057167 ], [ 44.197746032509883, 41.894285885340452 ], [ 44.197972839929257, 41.894228160306646 ], [ 44.198138532999927, 41.894165369613873 ], [ 44.198334441452602, 41.894134808575451 ], [ 44.198676353880991, 41.894155478704839 ], [ 44.198981446822565, 41.89418039435386 ], [ 44.199226115160513, 41.894154720313637 ], [ 44.199532692862306, 41.89406557452125 ], [ 44.199991874217979, 41.8939866330021 ], [ 44.200175942865911, 41.893919418976175 ], [ 44.200354268021492, 41.893829422644565 ], [ 44.200664141248417, 41.893717419653782 ], [ 44.20094636025398, 41.893618958672043 ], [ 44.201069776891963, 41.893523985693427 ], [ 44.201144597855638, 41.893401249003738 ], [ 44.20125532508743, 41.893342664837341 ], [ 44.201438707935502, 41.89333025001222 ], [ 44.201725536610937, 41.893355076387827 ], [ 44.202073646904992, 41.893366637642607 ], [ 44.20231205367071, 41.893354603749664 ], [ 44.202617658316335, 41.893343035995386 ], [ 44.20297151162822, 41.893377466491494 ], [ 44.20333140012265, 41.893420989540971 ], [ 44.203563436262932, 41.893431740937061 ], [ 44.203656289264067, 41.893506690496395 ], [ 44.204281310218853, 41.893953793618614 ], [ 44.204162069249151, 41.893979853303506 ], [ 44.203939515739414, 41.894020732431905 ], [ 44.203799972383713, 41.894031338637724 ], [ 44.203593015152194, 41.894068497366881 ], [ 44.203453075657585, 41.894106120618872 ], [ 44.203354288462826, 41.894159430723469 ], [ 44.203296796863476, 41.894216900155598 ], [ 44.20324999382477, 41.894243640675491 ], [ 44.203151877380982, 41.894242959862567 ], [ 44.203058896412131, 41.894246142470166 ], [ 44.202944667916903, 41.894295472158035 ], [ 44.202887606974912, 41.894318268430972 ], [ 44.202814757692678, 41.89436018445636 ], [ 44.202757169667173, 41.894425353706623 ], [ 44.202683564416986, 41.894532878483403 ], [ 44.20264625183566, 41.894625208665715 ], [ 44.202608410939845, 41.894760001932127 ], [ 44.202576137256635, 41.894863940734886 ], [ 44.202534085207155, 41.894925389888392 ], [ 44.202440430919104, 41.894982607738726 ], [ 44.202284567641279, 41.895054839927106 ], [ 44.202232593642471, 41.895085326934172 ], [ 44.202185454385237, 41.895138994821011 ], [ 44.202174559631921, 41.895181385889998 ], [ 44.202194223663916, 41.895262538104468 ], [ 44.202162380598132, 41.8953318038375 ], [ 44.202099848334683, 41.895377618943257 ], [ 44.202011699865913, 41.895404026623162 ], [ 44.201928794183715, 41.895430515705954 ], [ 44.201845253464171, 41.895503159836714 ], [ 44.201802479769867, 41.895622471975273 ], [ 44.201785501247905, 41.895741963405264 ], [ 44.201732265016027, 41.895868903543452 ], [ 44.201653377266396, 41.895984091663706 ], [ 44.201562203734554, 41.896045198926394 ], [ 44.201469075363647, 41.896059997904167 ], [ 44.201401658508239, 41.896086549275438 ], [ 44.20134938285468, 41.896136308189924 ], [ 44.201301472836668, 41.896251711507396 ], [ 44.201201718731937, 41.896382200720971 ], [ 44.201086474779814, 41.896512582077811 ], [ 44.200950858162045, 41.896623547143392 ], [ 44.20085676769672, 41.896715436568869 ], [ 44.200718594366535, 41.896818682804593 ], [ 44.200552719631204, 41.896871523479483 ], [ 44.200257588172967, 41.89693120956494 ], [ 44.200065579773337, 41.897010887721848 ], [ 44.200002766875457, 41.897083764944867 ], [ 44.199918775398118, 41.897187342633082 ], [ 44.199814315470817, 41.897279203975501 ], [ 44.199684649165611, 41.897328467836559 ], [ 44.199472339245858, 41.897373282545068 ], [ 44.199301808643682, 41.897383667235907 ], [ 44.199146719249157, 41.897398032259638 ], [ 44.198970522960821, 41.897446970792174 ], [ 44.198778499576093, 41.897522773784843 ], [ 44.198559763060452, 41.897671704815259 ], [ 44.198309550969206, 41.897855181663985 ], [ 44.198230606726717, 41.897974194844835 ], [ 44.198184798614626, 41.898128205331936 ], [ 44.198100380290029, 41.898270372524976 ], [ 44.197949120098848, 41.898392798399279 ], [ 44.197771954725212, 41.898518870954774 ], [ 44.197646972881458, 41.898602886168504 ], [ 44.197516710895314, 41.898694565098673 ], [ 44.197319111799622, 41.898801219742424 ], [ 44.197167897934719, 41.898919726968124 ], [ 44.19697063551024, 41.898999408205199 ], [ 44.196882540822003, 41.899025767261001 ], [ 44.196696321848563, 41.899051484886122 ], [ 44.196501941450016, 41.899107948114853 ], [ 44.196263197194625, 41.899202784403293 ], [ 44.196092370968088, 41.899236309538516 ], [ 44.195890950816036, 41.899238817173199 ], [ 44.195730673912536, 41.899253051175336 ], [ 44.195590682217002, 41.899298365170822 ], [ 44.195424348871882, 41.899382088261632 ], [ 44.195227482413834, 41.899434749080832 ], [ 44.195062117560376, 41.899441290770568 ], [ 44.194922028835215, 41.899494258986529 ], [ 44.194781405269218, 41.899589780069896 ], [ 44.194619186992647, 41.899758419251562 ], [ 44.194457804064214, 41.899865322941487 ], [ 44.19424435538324, 41.899994963324367 ], [ 44.193978886128875, 41.900162877028301 ], [ 44.193776153418646, 41.900269489495052 ], [ 44.193645882539435, 41.900361163929468 ], [ 44.193561791140823, 41.900476309825528 ], [ 44.193544747117826, 41.900599672341023 ], [ 44.193501857573253, 41.9007266811875 ], [ 44.193391822444212, 41.90085321837509 ], [ 44.193269324632624, 41.900944992004824 ], [ 44.193196559056929, 41.900979156660235 ], [ 44.193099664257247, 41.901086511493602 ], [ 44.192902256506336, 41.901181586169407 ], [ 44.192721056097632, 41.901215033347476 ], [ 44.192508351434903, 41.901294553266638 ], [ 44.192347046689349, 41.90138988085743 ], [ 44.192263146257297, 41.9014895805865 ], [ 44.192231289302477, 41.90155884336972 ], [ 44.192158278977061, 41.901612325063006 ], [ 44.19204921211783, 41.901661725158149 ], [ 44.191985985184616, 41.901761570138525 ], [ 44.191849271932362, 41.901957359927145 ], [ 44.191744062339559, 41.902107121773639 ], [ 44.191674397377142, 41.90231108400922 ], [ 44.1916353608745, 41.902538454126848 ], [ 44.191509098039965, 41.902722743409583 ], [ 44.191450651776528, 41.902849641900119 ], [ 44.191455756197421, 41.90297541168141 ], [ 44.191443547930639, 41.903121234611163 ], [ 44.191357621039586, 41.903328684795149 ], [ 44.191290902945553, 41.903456560710325 ], [ 44.191253699693128, 41.903514617208366 ], [ 44.1912085360131, 41.903592027108068 ], [ 44.191202677585245, 41.903640667170237 ], [ 44.191204838373366, 41.903708277829239 ], [ 44.191266248372017, 41.903762210278217 ], [ 44.19139641785609, 41.903808385761671 ], [ 44.19158695518032, 41.903876467145238 ], [ 44.191834306013121, 41.903994980416499 ], [ 44.192049590488367, 41.904122814656581 ], [ 44.192219970894683, 41.904274110353803 ], [ 44.192446804510212, 41.904499748000994 ], [ 44.19266746131315, 41.904708589267734 ], [ 44.192923020412621, 41.904932041142864 ], [ 44.193053590495246, 41.905075940462631 ], [ 44.193093952182174, 41.905164354842071 ], [ 44.19313458330199, 41.905231380142205 ], [ 44.193228985199454, 41.905332108090704 ], [ 44.193316997498634, 41.90543760966677 ], [ 44.193335085992317, 41.905518752173577 ], [ 44.193321317374888, 41.905602057659749 ], [ 44.193281990551448, 41.905685183586421 ], [ 44.193267651325186, 41.905809015285833 ], [ 44.193316397443688, 41.905992869624249 ], [ 44.19341318554158, 41.906157967170842 ], [ 44.193437485032206, 41.906258157453898 ], [ 44.193448913357493, 41.90636077920373 ], [ 44.193419500337221, 41.906412991694388 ], [ 44.193393072931585, 41.906496208256016 ], [ 44.193381748646537, 41.906629563217329 ], [ 44.193389863466209, 41.906751165862097 ], [ 44.193375823852918, 41.906846403332501 ], [ 44.193316277408812, 41.907012789404909 ], [ 44.193293591653614, 41.907172274070817 ], [ 44.193311080212702, 41.907301102903027 ], [ 44.193310060334113, 41.907382111145111 ], [ 44.193290501338574, 41.907417730396091 ], [ 44.193232784307696, 41.907438760874477 ], [ 44.193137119571475, 41.907442862254833 ], [ 44.192856184530569, 41.90745273166246 ], [ 44.192634172106828, 41.907475083692674 ], [ 44.19242023812145, 41.907492628483475 ], [ 44.192171130463116, 41.907512312205291 ], [ 44.192014823386778, 41.907511212442124 ], [ 44.191858426017006, 41.907517272169109 ], [ 44.191781599544015, 41.907538167423589 ], [ 44.191739615395434, 41.907578402122247 ], [ 44.19160028270484, 41.907751385970393 ], [ 44.191480900352943, 41.907857770367016 ], [ 44.191326313685984, 41.907973453829278 ], [ 44.191252109596121, 41.908039670966758 ], [ 44.191175102706467, 41.908079568707883 ], [ 44.191021476905071, 41.908114288164477 ], [ 44.190813719188448, 41.908148580922635 ], [ 44.190554722928937, 41.908192014201227 ], [ 44.190430302884948, 41.908195910614097 ], [ 44.190399951946013, 41.908198038368958 ], [ 44.190351877713596, 41.908214406856636 ], [ 44.190287166557702, 41.908287850637876 ], [ 44.190209555561459, 41.908370705490675 ], [ 44.190100356681754, 41.908429514738884 ], [ 44.189978649515311, 41.90846675463446 ], [ 44.189824480597963, 41.908549069130913 ], [ 44.189638542585499, 41.908621657136223 ], [ 44.189462671499491, 41.9086513989145 ], [ 44.189267419815764, 41.908702439562653 ], [ 44.189113430083665, 41.908770478724414 ], [ 44.188965106548842, 41.908895705288813 ], [ 44.188807348141459, 41.909008976145202 ], [ 44.188688682971993, 41.909058170049938 ], [ 44.188587408518352, 41.909119420616975 ], [ 44.188493728177086, 41.90921413966386 ], [ 44.188306429029858, 41.90939389574266 ], [ 44.188212417150986, 41.909509958115706 ], [ 44.18815038423466, 41.909623904769639 ], [ 44.188123767196402, 41.909707163751207 ], [ 44.188062488898439, 41.909761536298355 ], [ 44.187969592925178, 41.909789475692186 ], [ 44.187857436627489, 41.90982916764429 ], [ 44.187764086975328, 41.909897633858989 ], [ 44.187670193833839, 41.910004194535723 ], [ 44.187541729152066, 41.910070025361868 ], [ 44.187387794853798, 41.910133289020223 ], [ 44.187291340658184, 41.910194527506725 ], [ 44.187210044618332, 41.910315497626968 ], [ 44.187108585652446, 41.910391021198762 ], [ 44.186970806322378, 41.910440123024642 ], [ 44.186842582378695, 41.91048686054188 ], [ 44.18667535245757, 41.910590514237882 ], [ 44.186546491591791, 41.910696871323459 ], [ 44.186526898154497, 41.910725328816206 ], [ 44.186354783473057, 41.910838494544038 ], [ 44.186274816864412, 41.910854590285119 ], [ 44.186169380052142, 41.91086816370651 ], [ 44.186034885909017, 41.910905308764065 ], [ 44.185967214273141, 41.910964408410926 ], [ 44.185940351794159, 41.911066714308873 ], [ 44.185926148651518, 41.911178612027321 ], [ 44.185915473515436, 41.911264325235216 ], [ 44.18590096721573, 41.91140481709381 ], [ 44.185864670737494, 41.911504624267863 ], [ 44.185811974971422, 41.9116281829209 ], [ 44.185790662067802, 41.9116732904983 ], [ 44.18576137024364, 41.91171527921135 ], [ 44.185776316389834, 41.91179162697064 ], [ 44.185781858388772, 41.911858405966996 ], [ 44.185767867098221, 41.911953597711296 ], [ 44.185779557178655, 41.912039469486906 ], [ 44.185787052398688, 41.912203985094571 ], [ 44.185768563350429, 41.912401641254633 ], [ 44.18573126657536, 41.912575341295643 ], [ 44.185678721506221, 41.91269169556714 ], [ 44.185617074193836, 41.912774705478803 ], [ 44.185517115764981, 41.912859785352325 ], [ 44.18541746036869, 41.912916270998231 ], [ 44.18528591395696, 41.912977258803572 ], [ 44.185196297743957, 41.912998103901849 ], [ 44.184982010056572, 41.91304184178108 ], [ 44.184786741486846, 41.913092874621256 ], [ 44.184668186606153, 41.913132563027141 ], [ 44.184603949385952, 41.913167863495019 ], [ 44.184559844401619, 41.913246178813999 ], [ 44.184530025511194, 41.913334187714689 ], [ 44.184522725633947, 41.913410332588512 ], [ 44.184518438985108, 41.913491317447608 ], [ 44.184492240417441, 41.913545937174746 ], [ 44.184391824568443, 41.913661995864636 ], [ 44.184298314809027, 41.913742301878102 ], [ 44.184047267800608, 41.913912140906326 ], [ 44.183709492914254, 41.914131395087772 ], [ 44.18352437096101, 41.914261126410572 ], [ 44.183379916954614, 41.914331612364997 ], [ 44.183251530477179, 41.914390278546811 ], [ 44.183193985922237, 41.914401758059107 ], [ 44.183101324026644, 41.914410645966058 ], [ 44.182925889571258, 41.914409397719176 ], [ 44.182823642610522, 41.914418172161277 ], [ 44.182740504736373, 41.91443667466153 ], [ 44.182631319752801, 41.914488316485368 ], [ 44.182467571148983, 41.914572939558497 ], [ 44.182329385071704, 41.914648197329534 ], [ 44.18222604134202, 41.914747570845691 ], [ 44.182157875823023, 41.914840034506128 ], [ 44.182144273973165, 41.914904245471398 ], [ 44.182146647645844, 41.914968615258417 ], [ 44.182180274615014, 41.915083239873056 ], [ 44.182263064391549, 41.915219605525088 ], [ 44.182309897449443, 41.91530104438813 ], [ 44.182309228375651, 41.915353458621034 ], [ 44.182294713748547, 41.915489176299687 ], [ 44.182260449211974, 41.915670057022282 ], [ 44.182233882044898, 41.915762771924506 ], [ 44.182246800990157, 41.915870133727736 ], [ 44.182267738883773, 41.915977507603046 ], [ 44.182266096537226, 41.916106156609167 ], [ 44.182236243217424, 41.916196506359782 ], [ 44.182187552663819, 41.916260512441475 ], [ 44.182100852390967, 41.916307540331303 ], [ 44.182033567167068, 41.916326200262603 ], [ 44.181912297004303, 41.916327678040567 ], [ 44.181762389313953, 41.916324268136009 ], [ 44.181641088544957, 41.91633286070153 ], [ 44.181538655384763, 41.916355953314735 ], [ 44.181426513563451, 41.91639329727424 ], [ 44.181333299954801, 41.916449825248563 ], [ 44.181268449347741, 41.91652799133275 ], [ 44.181222830855518, 41.916601566004907 ], [ 44.181149808108493, 41.916701109686905 ], [ 44.181104007596346, 41.916784185077624 ], [ 44.181102819384954, 41.91687712572687 ], [ 44.181085836884556, 41.916960406630629 ], [ 44.181027375366455, 41.91704339168718 ], [ 44.180911061844618, 41.917156947075689 ], [ 44.180846178146076, 41.917242318031526 ], [ 44.180832635478936, 41.917301755684484 ], [ 44.180843649475293, 41.917440042027664 ], [ 44.180861054399642, 41.917573645443859 ], [ 44.180844224749031, 41.917640219969179 ], [ 44.18079857367885, 41.917720954547853 ], [ 44.180711474899532, 41.917794188014916 ], [ 44.180595859929504, 41.917852987337255 ], [ 44.180421252517334, 41.917908888636887 ], [ 44.180296417467162, 41.917938980550268 ], [ 44.180184089450506, 41.917990597563829 ], [ 44.180148542978557, 41.918026100342509 ], [ 44.18011536622771, 41.918060178959607 ], [ 44.180047920511797, 41.91810531625697 ], [ 44.179924586738004, 41.91820648131344 ], [ 44.179824460009399, 41.918303443759264 ], [ 44.179797687116107, 41.918355356248632 ], [ 44.179779345741586, 41.91842687349029 ], [ 44.179731939349281, 41.918493859881558 ], [ 44.17972534524889, 41.918556769572419 ], [ 44.179759109091677, 41.918641673706304 ], [ 44.179845010516757, 41.918742171568041 ], [ 44.179887549402991, 41.918829299947461 ], [ 44.179941219174296, 41.918951273648617 ], [ 44.180000565826774, 41.919081979324297 ], [ 44.180092234028535, 41.919188957965005 ], [ 44.180236201613155, 41.919294238394563 ], [ 44.18036887205006, 41.919377686834437 ], [ 44.180416141994904, 41.919434451190732 ], [ 44.180470086008363, 41.919530397247492 ], [ 44.180561338518146, 41.919669976771466 ], [ 44.180668988079653, 41.919890012930225 ], [ 44.180768256584955, 41.920081798234769 ], [ 44.180824355799686, 41.920245039488037 ], [ 44.180895762022978, 41.92045612537737 ], [ 44.180978163195043, 41.920604332865878 ], [ 44.18103771251306, 41.92072418635658 ], [ 44.181085537614024, 41.920846117802228 ], [ 44.181104195613045, 41.920980855879719 ], [ 44.181140967699029, 41.921057089574795 ], [ 44.181195224281566, 41.92113349297729 ], [ 44.181267969779128, 41.92124470395251 ], [ 44.181293062759082, 41.92129590578238 ], [ 44.181192508817816, 41.921341167912573 ], [ 44.181102988225682, 41.921325218112003 ], [ 44.181054816144126, 41.921343563422688 ], [ 44.18099876675273, 41.921364914800115 ], [ 44.181179494187745, 41.921562054262864 ], [ 44.181260446845634, 41.921658642857579 ], [ 44.181432271723921, 41.921863644321533 ], [ 44.181930784197547, 41.922381434174063 ], [ 44.181972669862965, 41.922430413751407 ], [ 44.182119654344042, 41.922602452840884 ], [ 44.182347590970593, 41.922861982792533 ], [ 44.18254945816868, 41.923099575533257 ], [ 44.182662575718432, 41.92329375441517 ], [ 44.182753759101573, 41.923486786326528 ], [ 44.182772390754593, 41.923633367686527 ], [ 44.182787342808517, 41.923836755050012 ], [ 44.182793451068818, 41.92416139953734 ], [ 44.18277439877599, 41.924279296567391 ], [ 44.182740945582168, 41.924377411479234 ], [ 44.182684013438546, 41.924481934132743 ], [ 44.182609502743439, 41.92458412497799 ], [ 44.182443587336699, 41.924717871078812 ], [ 44.182432077848546, 41.924727148874226 ], [ 44.182391788530659, 41.924789143221076 ], [ 44.182258616867514, 41.924899697618727 ], [ 44.182068879035185, 41.925090683916643 ], [ 44.181826496323353, 41.92527692652574 ], [ 44.181683146273066, 41.925386326911344 ], [ 44.181601834501947, 41.925562773759253 ], [ 44.181583645148848, 41.925612946442023 ], [ 44.181550329265072, 41.925700118837284 ], [ 44.181557763460638, 41.925807306339998 ], [ 44.181556366607865, 41.925916592495639 ], [ 44.181560875024722, 41.92602150746778 ], [ 44.181639817553339, 41.926139021943413 ], [ 44.181632823424394, 41.926228588595848 ], [ 44.181670256766147, 41.926276951086734 ], [ 44.181665016232415, 41.926460514978174 ], [ 44.18168982999704, 41.926580931049813 ], [ 44.18174442823171, 41.926772577072732 ], [ 44.181786705683272, 41.926899647416995 ], [ 44.181846618111656, 41.927024681801768 ], [ 44.182129475030131, 41.927451902464703 ], [ 44.182316202602713, 41.927728566673373 ], [ 44.182441396916303, 41.928007089139832 ], [ 44.18250895686846, 41.928104842336666 ], [ 44.182583771901932, 41.928205889548721 ], [ 44.182651621196975, 41.928394387026174 ], [ 44.182668766120486, 41.928414598475257 ], [ 44.182715072536773, 41.928469188846741 ], [ 44.182699387305362, 41.928549957185851 ], [ 44.18261224258864, 41.928611618026316 ], [ 44.182083390070432, 41.928765243618308 ], [ 44.181105697155814, 41.929032726247073 ], [ 44.180856941101865, 41.929100780588982 ], [ 44.180181987012489, 41.929238043608535 ], [ 44.179465777715833, 41.929370819724454 ], [ 44.178794305317716, 41.929504181545525 ], [ 44.178176819453462, 41.929612887299747 ], [ 44.177871006543228, 41.929645643883447 ], [ 44.1776095880589, 41.929672998401706 ], [ 44.177684814393182, 41.929999804074882 ], [ 44.177738626871054, 41.930449127258505 ], [ 44.178170421327188, 41.931689871049969 ], [ 44.17848656404567, 41.932521287895348 ], [ 44.178568030981324, 41.93275235063048 ], [ 44.178635125104798, 41.932942736321351 ], [ 44.178663056026281, 41.933022059747991 ], [ 44.17884717691657, 41.933544413599769 ], [ 44.178882453723361, 41.933596499288157 ], [ 44.178900327302713, 41.93362301666027 ], [ 44.178903382529008, 41.933634026648988 ], [ 44.17905393439154, 41.934178205490127 ], [ 44.179407708347149, 41.935171648333743 ], [ 44.179790448862533, 41.936159937905295 ], [ 44.180103982651396, 41.936915810196894 ], [ 44.180146377378584, 41.936991588801504 ], [ 44.180187571687789, 41.937156389716634 ], [ 44.180254648732493, 41.937278188448637 ], [ 44.18031379819368, 41.937453880471978 ], [ 44.180505285724166, 41.937869148721234 ], [ 44.180525452634207, 41.937985208446278 ], [ 44.180612317840698, 41.938252785962668 ], [ 44.180682911616003, 41.938382715521001 ], [ 44.180732311875992, 41.938472053881895 ], [ 44.180836005845968, 41.938692556372416 ], [ 44.180841723698187, 41.938707638297096 ], [ 44.180856600689879, 41.938746968461864 ], [ 44.180867803821741, 41.938776455149494 ], [ 44.180872295525639, 41.938788375992075 ], [ 44.180882914591976, 41.938816372411495 ], [ 44.180890265239043, 41.938835834214487 ], [ 44.180895400188597, 41.938849335811348 ], [ 44.180895542219488, 41.938849643051213 ], [ 44.180904615259067, 41.938869216214485 ], [ 44.180930559348653, 41.938925107517782 ], [ 44.181022089744218, 41.939106434130409 ], [ 44.181056180398357, 41.939265734977312 ], [ 44.181188039354282, 41.939684629635821 ], [ 44.181298627968239, 41.940073695491776 ], [ 44.1813646764138, 41.940238583066254 ], [ 44.181389635566546, 41.940300816928215 ], [ 44.181397438822643, 41.940313211691866 ], [ 44.181428296921112, 41.940362247810782 ], [ 44.182128855412465, 41.940245785577446 ], [ 44.182884012662576, 41.940104534031022 ], [ 44.183940393615593, 41.939896472924104 ], [ 44.184489780297717, 41.939799727056773 ], [ 44.185065159302205, 41.93973157907498 ], [ 44.185599497859698, 41.939665343733964 ], [ 44.186007424421639, 41.93962667080185 ], [ 44.186483135180154, 41.939555602406593 ], [ 44.187068999006918, 41.939468919899298 ], [ 44.187374395862363, 41.939429516097547 ], [ 44.187761698685755, 41.93939505918474 ], [ 44.188660700814623, 41.939347825963814 ], [ 44.188774827739316, 41.939366105330151 ], [ 44.188962586912453, 41.939352120483754 ], [ 44.189447540933408, 41.939246114190254 ], [ 44.190322205486254, 41.939038917877667 ], [ 44.190927684576963, 41.938907500782392 ], [ 44.192257554461939, 41.938622526627093 ], [ 44.192936368033948, 41.938495938019479 ], [ 44.193409521070187, 41.938392038630219 ], [ 44.193915439076846, 41.938253376422836 ], [ 44.194110510910406, 41.93824267688754 ], [ 44.194271855583686, 41.938232866171262 ], [ 44.194503961228463, 41.938188560781398 ], [ 44.194509695713684, 41.938188195712605 ], [ 44.194586173914047, 41.93818346333039 ], [ 44.194694643799266, 41.938176748658812 ], [ 44.194876301373704, 41.938182345869073 ], [ 44.195101592649166, 41.93821463823253 ], [ 44.195309522346328, 41.938227038836324 ], [ 44.195639632614323, 41.938197603493386 ], [ 44.196121177539887, 41.938130949244773 ], [ 44.19637111182238, 41.938069246932834 ], [ 44.196841114012415, 41.93798503592847 ], [ 44.19725277568778, 41.937882807070444 ], [ 44.198458325608286, 41.937580454493585 ], [ 44.198643231907162, 41.937557697409929 ], [ 44.198733684373238, 41.9375591843324 ], [ 44.199115661519222, 41.937785079775011 ], [ 44.199769012376997, 41.938206894576155 ], [ 44.200202143241896, 41.938486527243221 ], [ 44.200802986714727, 41.938878898625084 ], [ 44.201490517217735, 41.939299790449432 ], [ 44.202053137012939, 41.939648522306591 ], [ 44.202776372629806, 41.940090279814868 ], [ 44.20309496547808, 41.940274246127629 ], [ 44.203594753520214, 41.940564711471822 ], [ 44.203807615276602, 41.940680797639686 ], [ 44.204167494393388, 41.940877431435005 ], [ 44.204777995531849, 41.941273001205431 ], [ 44.205197788463458, 41.941546378218156 ], [ 44.205823239474036, 41.942070075642164 ], [ 44.206307654487986, 41.942488452527812 ], [ 44.206405259802004, 41.942589821738849 ], [ 44.206427770230441, 41.942613214525849 ], [ 44.206435650031807, 41.942619752887957 ], [ 44.20648598141274, 41.942661577350847 ], [ 44.206576971080686, 41.942737096597206 ], [ 44.206924118539064, 41.943071976086792 ], [ 44.20697883842989, 41.943119819176296 ], [ 44.207085708205824, 41.943199005332957 ], [ 44.207171039889701, 41.94323472060907 ], [ 44.207277475010102, 41.943349029572161 ], [ 44.207663473092964, 41.943786400666383 ], [ 44.207892780636364, 41.944027515130138 ], [ 44.208112787267133, 41.944284326636669 ], [ 44.208208149211785, 41.944367575429062 ], [ 44.208541159493457, 41.944608097752024 ], [ 44.208694441201963, 41.944739255537762 ], [ 44.208927755791258, 41.944881277216474 ], [ 44.208976299583803, 41.944926374790803 ], [ 44.20918836824513, 41.945123235221487 ], [ 44.209343716181813, 41.945268006423028 ], [ 44.209584025985563, 41.945469068561344 ], [ 44.210243759947303, 41.945987348526955 ], [ 44.210441509188428, 41.946142677482932 ], [ 44.210511191056369, 41.946195665495267 ], [ 44.210577406866278, 41.946246017701519 ], [ 44.21069158200703, 41.946144532078009 ], [ 44.210983362569102, 41.945885074322227 ], [ 44.211355849598668, 41.94557190508587 ], [ 44.211774288973153, 41.945239865920954 ], [ 44.212033649948054, 41.94506029712003 ], [ 44.212383544733228, 41.945302725510317 ], [ 44.212615275391165, 41.945515476156544 ], [ 44.212685947218809, 41.945571441843747 ], [ 44.212740082455326, 41.945588880686479 ], [ 44.212880077189162, 41.945589840549239 ], [ 44.21308868615337, 41.945593387108687 ], [ 44.213296893251744, 41.94562471608554 ], [ 44.213564827828677, 41.94567987114393 ], [ 44.2137839119139, 41.945753875250702 ], [ 44.213977012816152, 41.945851208440025 ], [ 44.214154340109658, 41.945955908867653 ], [ 44.214318650717999, 41.946074345168633 ], [ 44.214375115812231, 41.946128096027081 ], [ 44.214563708509353, 41.946361893318397 ], [ 44.214673080329618, 41.946533317710191 ], [ 44.214792052041936, 41.946733583928072 ], [ 44.214969064525761, 41.946982252389709 ], [ 44.215067127080282, 41.947136531442538 ], [ 44.215183323040804, 41.947214107562779 ], [ 44.21529138055265, 41.947261770864806 ], [ 44.215536593433626, 41.947306138160272 ], [ 44.215984814234915, 41.947339056924434 ], [ 44.216410227279461, 41.947367540112886 ], [ 44.216634145795297, 41.947402167634564 ], [ 44.216770813583942, 41.947443630025447 ], [ 44.217066950071619, 41.947526709809537 ], [ 44.217477450721695, 41.947610613404727 ], [ 44.217873493157178, 41.947702883298412 ], [ 44.218525675795533, 41.947888628400506 ], [ 44.21904961791364, 41.948039407356944 ], [ 44.219175088529909, 41.948059444938998 ], [ 44.219303918722446, 41.94809089865236 ], [ 44.219596405349705, 41.948191825311177 ], [ 44.219979484477946, 41.94830885820177 ], [ 44.220300574467544, 41.948404213133244 ], [ 44.220576717223452, 41.948455534708614 ], [ 44.220742521412809, 41.948497415336412 ], [ 44.220827739577864, 41.948538703810577 ], [ 44.220917992358565, 41.948597544336458 ], [ 44.22100327109078, 41.948638833091032 ], [ 44.221111987353062, 41.948672580095959 ], [ 44.221275411366875, 41.948696970889173 ], [ 44.221555757975445, 41.948720262882887 ], [ 44.222192814998515, 41.948797264295436 ], [ 44.222363808662607, 41.948839177739551 ], [ 44.22256603549426, 41.948877384532771 ], [ 44.222828110091427, 41.948910186814366 ], [ 44.22361902077543, 41.948945620188944 ], [ 44.224135777032551, 41.948974332154215 ], [ 44.224346046685419, 41.948996017012533 ], [ 44.224639343195243, 41.94902623492856 ], [ 44.22529845839648, 41.949100530982449 ], [ 44.22564638086385, 41.949128096782779 ], [ 44.22653677937226, 41.949207818293537 ], [ 44.227205179448511, 41.949592535411043 ], [ 44.228079805120409, 41.950120265064868 ], [ 44.228260385780828, 41.950228207953622 ], [ 44.228525603163924, 41.950386300966038 ], [ 44.228652879738142, 41.950462225736977 ], [ 44.229120907906548, 41.950741289090459 ], [ 44.229363444957762, 41.950884501987623 ], [ 44.230193101608016, 41.951372149235773 ], [ 44.230482242950941, 41.951533190186396 ], [ 44.230773522434767, 41.95172725412634 ], [ 44.231329631204176, 41.952057785261765 ], [ 44.231468916689245, 41.952144100822615 ], [ 44.231636772980359, 41.952232498827399 ], [ 44.231719655691379, 41.952258272131573 ], [ 44.23247161580786, 41.952718182796112 ], [ 44.232972078085147, 41.953031986840436 ], [ 44.233665115735704, 41.953431376565455 ], [ 44.233721801043444, 41.953468637170239 ], [ 44.23373686785699, 41.953515257099006 ], [ 44.233775581722561, 41.953536861250598 ], [ 44.233876973012862, 41.953533665028189 ], [ 44.23398852163966, 41.953553818687801 ], [ 44.23402964408794, 41.953590930268561 ], [ 44.234088217918107, 41.953692195566013 ], [ 44.234218312220399, 41.953896793887111 ], [ 44.234238692523228, 41.953927957745265 ], [ 44.234256608739607, 41.953953295873383 ], [ 44.234904748582075, 41.953845754370825 ], [ 44.235549440744556, 41.953733727953093 ], [ 44.236228945222564, 41.953611211588409 ], [ 44.236870737237055, 41.953499158444409 ], [ 44.237282720744929, 41.953428672063886 ], [ 44.237962218805983, 41.953306145379607 ], [ 44.238372701213294, 41.953239923278616 ], [ 44.238820588008906, 41.953158275224546 ], [ 44.238857833095992, 41.953247779010447 ], [ 44.239012559179905, 41.953619473585583 ], [ 44.239116688194088, 41.953857804326859 ], [ 44.239197115699454, 41.954065085079456 ], [ 44.239353427852912, 41.954501592532502 ], [ 44.239395471479376, 41.954700017456219 ], [ 44.239460137773463, 41.954969609682301 ], [ 44.239474862300298, 41.954994655652271 ], [ 44.239498928805638, 41.955035705278796 ], [ 44.239673725919843, 41.955333542165164 ], [ 44.239671111278852, 41.955710858536769 ], [ 44.239660441114665, 41.955740599888472 ], [ 44.239647183293087, 41.956028634865049 ], [ 44.239631108743936, 41.956279543768972 ], [ 44.239684122291486, 41.956402880683854 ], [ 44.239880266778641, 41.956859239608136 ], [ 44.240476058938661, 41.958245524132828 ], [ 44.240831856119144, 41.959073246609798 ], [ 44.240962172332488, 41.958992417983076 ], [ 44.241915911949761, 41.958312458154928 ], [ 44.242314565565977, 41.957922940363972 ], [ 44.242303155578419, 41.95777583151537 ], [ 44.242515717786098, 41.95757134218141 ], [ 44.243044884840408, 41.957251313510113 ], [ 44.243190005866829, 41.957193456822147 ], [ 44.243286368026389, 41.957289427398834 ], [ 44.243318964586607, 41.957400198874595 ], [ 44.243634907988429, 41.957218184873589 ], [ 44.243983702660294, 41.957125327004036 ], [ 44.244420603705976, 41.956933569504038 ], [ 44.245146592563678, 41.956672063535116 ], [ 44.245625191278798, 41.956504623339903 ], [ 44.245964511829541, 41.956375535468069 ], [ 44.246115669483459, 41.956332350522885 ], [ 44.246234362489801, 41.95630502910987 ], [ 44.246358505837819, 41.956265719471446 ], [ 44.246650115768929, 41.956171262172631 ], [ 44.246860500440484, 41.956124456909009 ], [ 44.24718759463763, 41.955988079877585 ], [ 44.247463223654727, 41.955877438837554 ], [ 44.247868152983386, 41.955755575370404 ], [ 44.248121783825866, 41.955689011292925 ], [ 44.248380642464909, 41.95563445972855 ], [ 44.24896837036313, 41.955517841964429 ], [ 44.24960430260537, 41.955421621105167 ], [ 44.250299117348447, 41.955345866081004 ], [ 44.250464223895982, 41.955342350727804 ], [ 44.250660529094759, 41.955322736727695 ], [ 44.251032045575542, 41.955307372846654 ], [ 44.251280798983423, 41.955301429778885 ], [ 44.251543456110497, 41.95527765357096 ], [ 44.251795232400831, 41.955307260349443 ], [ 44.251931776967716, 41.955285273231816 ], [ 44.252225612984006, 41.95521090107961 ], [ 44.252410113075655, 41.955168870689413 ], [ 44.252570337592864, 41.955159736389177 ], [ 44.252845367614064, 41.955094111768659 ], [ 44.253282413838988, 41.955010491292313 ], [ 44.253456805462889, 41.954955694084603 ], [ 44.253528500240094, 41.95494346087726 ], [ 44.253596875683257, 41.954920983490339 ], [ 44.253614244254976, 41.954895697637866 ], [ 44.253658612787383, 41.954888330420005 ], [ 44.253720378284761, 41.954848066876231 ], [ 44.253812464527542, 41.95484100976671 ], [ 44.253890768471607, 41.954846607434582 ], [ 44.2541538066953, 41.954784729567692 ], [ 44.254232140002394, 41.954787805329659 ], [ 44.254365156400965, 41.954778491779813 ], [ 44.254467644840268, 41.954753713555881 ], [ 44.254640005129282, 41.954728127955327 ], [ 44.255028705957166, 41.954692507650485 ], [ 44.255260831802886, 41.954658392321775 ], [ 44.255455168062646, 41.954646953400072 ], [ 44.255626090086487, 41.954599741013176 ], [ 44.255779525321401, 41.954588036346202 ], [ 44.25592264761913, 41.954586397124814 ], [ 44.256072882063663, 41.954559405037024 ], [ 44.256223440357971, 41.954499360418069 ], [ 44.256360248197232, 41.954454447787171 ], [ 44.256673294460555, 41.954340784526508 ], [ 44.256734704543497, 41.954336093350072 ], [ 44.25694370722487, 41.954235716042682 ], [ 44.257231631519097, 41.954082439492645 ], [ 44.257361946393488, 41.954014651775957 ], [ 44.257463116829172, 41.953988871612658 ], [ 44.257559748617524, 41.953938293698748 ], [ 44.25765738626896, 41.953920596510407 ], [ 44.257758140199144, 41.9539149874077 ], [ 44.257776700811782, 41.953932491153566 ], [ 44.257790844211875, 41.953956225067152 ], [ 44.257818137417388, 41.953990536744357 ], [ 44.257843587766814, 41.954012092080447 ], [ 44.257853798333031, 41.954031612466643 ], [ 44.257864129058625, 41.954040775971471 ], [ 44.257882375444247, 41.954048864810098 ], [ 44.257907113662093, 41.954085006315246 ], [ 44.257909947812074, 41.954137128152738 ], [ 44.257897551319289, 41.954160420302294 ], [ 44.257893811633195, 41.954181156476558 ], [ 44.257891595184311, 41.954221401911575 ], [ 44.257898367252757, 41.954240900066949 ], [ 44.257899634567558, 41.954261668605547 ], [ 44.257890767196137, 41.954292774324649 ], [ 44.25789106955299, 41.954318715454072 ], [ 44.257895533341923, 41.954334370859115 ], [ 44.257889968981353, 41.954361580031815 ], [ 44.257861812582888, 41.954391255098095 ], [ 44.257795980044904, 41.954444329073105 ], [ 44.257745159632734, 41.954487862943381 ], [ 44.257723790880924, 41.95452528255052 ], [ 44.257707030079686, 41.954565929309787 ], [ 44.257699540186472, 41.954587496861436 ], [ 44.257703873836689, 41.954614364720321 ], [ 44.257708304942476, 41.954684825430803 ], [ 44.257707650738276, 41.954741202875823 ], [ 44.257692368986305, 41.95478955988608 ], [ 44.257668887648805, 41.954827055888124 ], [ 44.257658027759732, 41.954858283802402 ], [ 44.257666085941608, 41.954886526742655 ], [ 44.257684568739883, 41.954921051678824 ], [ 44.257696613574133, 41.954969675437894 ], [ 44.257689970516473, 41.954996247157247 ], [ 44.257670870552829, 41.955014902540753 ], [ 44.257620141051603, 41.955050556113697 ], [ 44.257590658983368, 41.955064460887812 ], [ 44.257577814597013, 41.955084732872351 ], [ 44.257562846466485, 41.955111250747898 ], [ 44.257493016245135, 41.95516560465397 ], [ 44.257429750998753, 41.95519491744075 ], [ 44.257383238101127, 41.955225914718888 ], [ 44.257341755018288, 41.95527576842639 ], [ 44.257276038523941, 41.955339515731396 ], [ 44.257204096384413, 41.955393855796153 ], [ 44.257129964589204, 41.955449712778289 ], [ 44.257081260806856, 41.955497898468778 ], [ 44.257064071636961, 41.955533813860022 ], [ 44.257057246773769, 41.955576010911088 ], [ 44.25704411725355, 41.955626002952584 ], [ 44.25700771835546, 41.955689984852597 ], [ 44.256958760085674, 41.955744473500637 ], [ 44.256937505173596, 41.955777210227872 ], [ 44.256920207040743, 41.955822491812022 ], [ 44.256915456872164, 41.955867854609998 ], [ 44.256929704272608, 41.955908611873632 ], [ 44.256958586381685, 41.955946401590431 ], [ 44.256982353632836, 41.955977853538549 ], [ 44.256996720531397, 41.956013522806401 ], [ 44.256988301607343, 41.956047513477216 ], [ 44.256947611874601, 41.956080935022968 ], [ 44.25693040416003, 41.956118426434813 ], [ 44.256912627631223, 41.95619968650486 ], [ 44.256901045388865, 41.956298234407924 ], [ 44.256914123014788, 41.956434499670635 ], [ 44.256917982368186, 41.956465822774391 ], [ 44.256917618802603, 41.956497118545286 ], [ 44.256921144767738, 41.956551946858539 ], [ 44.256935095023373, 41.9566131022655 ], [ 44.25695064069788, 41.956630405590296 ], [ 44.256988223741892, 41.956646320406264 ], [ 44.257004703996309, 41.956671465561222 ], [ 44.257037500833349, 41.956735850218195 ], [ 44.25707011572652, 41.956815905265636 ], [ 44.257088435044402, 41.9568645246421 ], [ 44.257119247671334, 41.956917953349759 ], [ 44.257133458295193, 41.956961907705384 ], [ 44.257145497655024, 41.95700580297661 ], [ 44.257151414243438, 41.957041822840843 ], [ 44.257150559722326, 41.957115401671061 ], [ 44.257139571571081, 41.957157616810264 ], [ 44.257128820315103, 41.957179433411099 ], [ 44.257128565623603, 41.957201362963978 ], [ 44.257153104311456, 41.957254751063225 ], [ 44.257209924118101, 41.957328658020707 ], [ 44.257236865148741, 41.957357023148397 ], [ 44.257251143205657, 41.957389989805961 ], [ 44.257261076655119, 41.957438599930548 ], [ 44.257260222248263, 41.957512178757511 ], [ 44.257261588620466, 41.957576359998676 ], [ 44.25726921086229, 41.957642157875384 ], [ 44.257283198275786, 41.95770016114146 ], [ 44.257274140166182, 41.957758015317381 ], [ 44.257286276172216, 41.957798803898349 ], [ 44.257306883438808, 41.957827082999387 ], [ 44.257335936225836, 41.957855461762925 ], [ 44.257377337707979, 41.957901123102914 ], [ 44.257411348493115, 41.957954572410983 ], [ 44.257417350318789, 41.957978073560788 ], [ 44.257400197246575, 41.958010836891518 ], [ 44.257393413824758, 41.958054655409967 ], [ 44.2574051085085, 41.958128270368384 ], [ 44.2574021427289, 41.958201835531021 ], [ 44.257418247333462, 41.958264580962165 ], [ 44.257453187537564, 41.958321143561285 ], [ 44.257511057958105, 41.958398209481416 ], [ 44.25752108270553, 41.958438984379278 ], [ 44.25752518062194, 41.958532950255886 ], [ 44.257518325088149, 41.958582982900886 ], [ 44.257526335256067, 41.958620592440269 ], [ 44.257552829089349, 41.95867714541459 ], [ 44.257594000969796, 41.9587478436762 ], [ 44.257626654137695, 41.958824746460223 ], [ 44.25764068415608, 41.958884326111232 ], [ 44.257659167542116, 41.958918896066628 ], [ 44.257683997890695, 41.958947247435162 ], [ 44.257738190589855, 41.958977364804163 ], [ 44.257792469323363, 41.958994873392726 ], [ 44.257819616898082, 41.959010720467873 ], [ 44.257829817782536, 41.959031141443134 ], [ 44.25781679133889, 41.959067038801322 ], [ 44.257783498288198, 41.959138831738592 ], [ 44.257745386301615, 41.959168352319033 ], [ 44.257692523671025, 41.959205568265908 ], [ 44.257679533175086, 41.95923835854537 ], [ 44.257683356469137, 41.959272833703565 ], [ 44.257701930922721, 41.959299568453119 ], [ 44.257761944667656, 41.959368812308121 ], [ 44.257824233130648, 41.959424020462301 ], [ 44.25785304522239, 41.959468024070397 ], [ 44.257858762296671, 41.959521290328766 ], [ 44.257857999431934, 41.95958703394129 ], [ 44.257872127045673, 41.959627835323012 ], [ 44.257913536035758, 41.95967817996447 ], [ 44.25794239034586, 41.959723759985081 ], [ 44.257972324649465, 41.959764663520744 ], [ 44.257997082844867, 41.959799273973232 ], [ 44.258007826346052, 41.959830146150587 ], [ 44.257975452520419, 41.959853894600357 ], [ 44.257970890564387, 41.959888270515556 ], [ 44.257985096407388, 41.959927541256732 ], [ 44.258014150438555, 41.95995591984839 ], [ 44.258053569629993, 41.959990580007307 ], [ 44.258070087191747, 41.960012617943981 ], [ 44.258069905407105, 41.960028288338776 ], [ 44.258057211377142, 41.960040725545255 ], [ 44.258056975261702, 41.960061079046376 ], [ 44.25807136350172, 41.960084634351986 ], [ 44.258112948707677, 41.960114625030222 ], [ 44.258137961484174, 41.960127305905388 ], [ 44.258150316275909, 41.960149316930604 ], [ 44.25816443192609, 41.960196377816615 ], [ 44.258190975544657, 41.960259145539638 ], [ 44.258240619483217, 41.960317424085744 ], [ 44.258264195484962, 41.960370760669015 ], [ 44.258286515565736, 41.960433546113997 ], [ 44.258323405844067, 41.960504216433783 ], [ 44.25835844388704, 41.960557717110355 ], [ 44.258412385024677, 41.960609673652527 ], [ 44.25848318870441, 41.96065394833321 ], [ 44.258491338787671, 41.960674355998684 ], [ 44.258493117528396, 41.960697874839205 ], [ 44.258488392369983, 41.960746345120597 ], [ 44.258504565702751, 41.960798102707834 ], [ 44.25853772894088, 41.96083119116085 ], [ 44.258575296569809, 41.960848681514022 ], [ 44.258631766804612, 41.960864672725705 ], [ 44.25868186571072, 41.960883775095716 ], [ 44.258756832765322, 41.960928076489907 ], [ 44.258802515243211, 41.960969036446642 ], [ 44.258806351441258, 41.960997252021372 ], [ 44.258811146278852, 41.961036461895191 ], [ 44.258835814611416, 41.961078907364055 ], [ 44.258864960337299, 41.961099450544623 ], [ 44.258894305934888, 41.961102747277678 ], [ 44.258934233998936, 41.961093593073215 ], [ 44.258974348647605, 41.961073542015392 ], [ 44.259012237589076, 41.961058115001656 ], [ 44.259039453303195, 41.961062974114043 ], [ 44.259083223203021, 41.961086763950661 ], [ 44.259143408935067, 41.961146641263483 ], [ 44.25916163418146, 41.961198411996897 ], [ 44.259175533285124, 41.961264250214285 ], [ 44.259197951406385, 41.961323883780352 ], [ 44.259241069581066, 41.961403960896561 ], [ 44.259275583679688, 41.961502806374803 ], [ 44.259310514581436, 41.96156567297534 ], [ 44.259335328946733, 41.961595555003413 ], [ 44.259361005236876, 41.961639583022283 ], [ 44.259369047253351, 41.961669356838236 ], [ 44.25940005162127, 41.961711798023934 ], [ 44.259466476310237, 41.961774867735713 ], [ 44.259541203183268, 41.961834838629343 ], [ 44.259566059845021, 41.961866297042441 ], [ 44.259570005390145, 41.961885101347448 ], [ 44.25955519963496, 41.961897525095956 ], [ 44.259519288636596, 41.961919269696267 ], [ 44.259514812480766, 41.961941081943223 ], [ 44.259537393815826, 41.961986666121163 ], [ 44.259562027016557, 41.962032218494777 ], [ 44.259597230618262, 41.962071579415138 ], [ 44.259632615678164, 41.962095269930145 ], [ 44.259670269453963, 41.962100196206748 ], [ 44.259724828016324, 41.962099016890569 ], [ 44.259802434222756, 41.962097941116149 ], [ 44.259869530416665, 41.962103057152262 ], [ 44.259946937050906, 41.962119227721331 ], [ 44.26000744458586, 41.962146232388704 ], [ 44.260080284153041, 41.962192095362681 ], [ 44.260117853526189, 41.962209540186834 ], [ 44.26012394685209, 41.962225251020833 ], [ 44.260111343425379, 41.962229853251429 ], [ 44.260052567078155, 41.962235734055653 ], [ 44.260008397432614, 41.962246392436583 ], [ 44.259978761536551, 41.962268132593088 ], [ 44.259958459176424, 41.962307135601115 ], [ 44.259966386505049, 41.962341637122243 ], [ 44.260018236501786, 41.962392048288862 ], [ 44.260087190956988, 41.962419107358407 ], [ 44.260177074907389, 41.96244161780637 ], [ 44.260260521763463, 41.962478137074442 ], [ 44.260343606228417, 41.962545997074329 ], [ 44.260401791681204, 41.962596448884256 ], [ 44.26046830322295, 41.962646954298556 ], [ 44.26050967356155, 41.962695766604845 ], [ 44.26054245872011, 41.962761726291809 ], [ 44.260568951039808, 41.962829221600984 ], [ 44.260587437645732, 41.962863746053173 ], [ 44.260612451467459, 41.962876471425524 ], [ 44.260645942768377, 41.962881370574109 ], [ 44.260677406626634, 41.962889408982385 ], [ 44.260722198380492, 41.962908476281278 ], [ 44.260746850993357, 41.962952452357356 ], [ 44.260783570476335, 41.963043475780552 ], [ 44.260793416863159, 41.963099920778347 ], [ 44.260820308279328, 41.963132923145857 ], [ 44.260853437486006, 41.963169163026905 ], [ 44.260865643415933, 41.963198963540123 ], [ 44.260865208831916, 41.963236563484401 ], [ 44.260864485390819, 41.963299155007832 ], [ 44.260886670535612, 41.963379141743658 ], [ 44.260919673442373, 41.963426323864333 ], [ 44.260969648587178, 41.963456367507945 ], [ 44.261021626718851, 41.963495835966164 ], [ 44.261076941051982, 41.963518123182986 ], [ 44.261091445615421, 41.963536995392623 ], [ 44.261089008206675, 41.963565170501688 ], [ 44.261070014182401, 41.963574414258716 ], [ 44.261052303219984, 41.9635774733025 ], [ 44.261017475010512, 41.963583488024454 ], [ 44.260937701189107, 41.96358923411811 ], [ 44.26089347662159, 41.96360457593736 ], [ 44.260863749825546, 41.963634151511997 ], [ 44.260860941114807, 41.963641611645457 ], [ 44.26085080333209, 41.963668519473181 ], [ 44.260858755722921, 41.963706128379208 ], [ 44.260898274997807, 41.963737680897069 ], [ 44.26096519190822, 41.96375846670054 ], [ 44.261038413845355, 41.963771457268606 ], [ 44.261086349933471, 41.963795228117704 ], [ 44.261136089236096, 41.963845715251331 ], [ 44.261163108082371, 41.963867730249632 ], [ 44.261206880688647, 41.963891519286662 ], [ 44.261248541619359, 41.963915294718539 ], [ 44.261299921143568, 41.96391783195682 ], [ 44.261323827647779, 41.963937665296363 ], [ 44.261348588730513, 41.963972320058282 ], [ 44.26135659606333, 41.964005200793906 ], [ 44.261373134511516, 41.964025617182003 ], [ 44.261406481368304, 41.964043079447372 ], [ 44.261452510996172, 41.964054318643008 ], [ 44.261492042729792, 41.964079611418164 ], [ 44.261874470006596, 41.964152998171024 ], [ 44.262146833225273, 41.964253056508817 ], [ 44.262307759172081, 41.964352353160436 ], [ 44.262398576241971, 41.964383199007877 ], [ 44.262529878710559, 41.96441425982534 ], [ 44.261578915628938, 41.968694767303262 ], [ 44.260385418274417, 41.970720737448474 ], [ 44.261069494279546, 41.972448876872996 ], [ 44.264906494458423, 41.975323657998388 ], [ 44.267744237360652, 41.978781649039966 ], [ 44.273995820067213, 41.979214494574272 ], [ 44.274616752690903, 41.977670901620691 ], [ 44.276711443037115, 41.976956878291155 ], [ 44.276669740420935, 41.975788906232317 ], [ 44.280865386520865, 41.976214754635258 ], [ 44.281431743277679, 41.977119684431024 ], [ 44.284447224572965, 41.976913173992067 ], [ 44.286705782707806, 41.976261414483972 ], [ 44.286846324476436, 41.97596524896921 ], [ 44.287055082091499, 41.975710442068319 ], [ 44.287182721433332, 41.975342548225456 ], [ 44.28727114630162, 41.974800177456515 ], [ 44.287295687262585, 41.974467782414848 ], [ 44.287320193958884, 41.974135837467507 ], [ 44.28739290406979, 41.973909366690954 ], [ 44.287419286738135, 41.973827118852739 ], [ 44.287489309686087, 41.973608963359958 ], [ 44.287930300213979, 41.973097330608233 ], [ 44.288315919661947, 41.972680147703699 ], [ 44.288538096700307, 41.97227541559414 ], [ 44.288814548956424, 41.971884574255832 ], [ 44.289055033194785, 41.971466444534684 ], [ 44.289263250968837, 41.970682670136988 ], [ 44.289287522449662, 41.970127831255141 ], [ 44.289313358406979, 41.969437632182341 ], [ 44.289445879417173, 41.968937638169578 ], [ 44.289648971366219, 41.968614025410261 ], [ 44.289960010740955, 41.968372319884182 ], [ 44.290380350401271, 41.968090624166337 ], [ 44.29081523721328, 41.967764659032277 ], [ 44.291492590843347, 41.967328371370847 ], [ 44.291866189941906, 41.967054127387499 ], [ 44.292130032175422, 41.966779160435479 ], [ 44.29242927687973, 41.96640200549151 ], [ 44.292681682868043, 41.965922155587741 ], [ 44.29294704189973, 41.965503810200339 ], [ 44.293127381192136, 41.965330822219215 ], [ 44.293416966002589, 41.965209664137738 ], [ 44.293857223460058, 41.965109967346024 ], [ 44.294386123857215, 41.965042652222614 ], [ 44.294658213558641, 41.964920843068818 ], [ 44.294714244057765, 41.964895788548084 ], [ 44.295060612905594, 41.964735480976621 ], [ 44.295442435689303, 41.964643074915834 ], [ 44.295751318929881, 41.964604350136348 ], [ 44.295897050169117, 41.964537604066535 ], [ 44.296007237005043, 41.964416419818022 ], [ 44.296173126211194, 41.964173762014632 ], [ 44.296538988321018, 41.96389175449707 ], [ 44.297030987103874, 41.96367820321035 ], [ 44.297449034201939, 41.963599522224989 ], [ 44.297776485343881, 41.96350677562549 ], [ 44.298286934710326, 41.963266266794463 ], [ 44.298923433303649, 41.963107720467612 ], [ 44.299476074737647, 41.963035843353346 ], [ 44.299517223488721, 41.963030510304982 ], [ 44.299567753954904, 41.963016993392827 ], [ 44.299655014119942, 41.963021488667081 ], [ 44.299689382909314, 41.963023679785763 ], [ 44.299726233822625, 41.963041647677841 ], [ 44.299778802848394, 41.963045841181234 ], [ 44.299845268964532, 41.96304827305093 ], [ 44.299878316831645, 41.963049870624737 ], [ 44.299899183597091, 41.963050808474719 ], [ 44.299943147524367, 41.963052877896864 ], [ 44.300012160779154, 41.963021054885466 ], [ 44.300085926564861, 41.962990521737936 ], [ 44.300191948060657, 41.962929202277515 ], [ 44.300272004613859, 41.962908254408561 ], [ 44.30038078013235, 41.962887481500012 ], [ 44.300486227841837, 41.96287857699474 ], [ 44.300607377429799, 41.962895977412138 ], [ 44.300690344930082, 41.96290125634718 ], [ 44.300776692322181, 41.962889893498037 ], [ 44.30087291165092, 41.962847562778691 ], [ 44.300953410888809, 41.962786087186537 ], [ 44.301024316385728, 41.962724598160484 ], [ 44.301059821496899, 41.96268905790614 ], [ 44.301114772569548, 41.96262985845371 ], [ 44.301166605073277, 41.962563389634312 ], [ 44.301179009383475, 41.962532572315475 ], [ 44.301188932429255, 41.962507954483485 ], [ 44.301199433405934, 41.962480142805923 ], [ 44.301193558132525, 41.962432506874379 ], [ 44.301171755779585, 41.96238468392734 ], [ 44.301143263043478, 41.962358301121057 ], [ 44.301111476495969, 41.962346218837332 ], [ 44.301063649893294, 41.962338767387521 ], [ 44.30101915907705, 41.962324220970174 ], [ 44.300984245483576, 41.96230014076157 ], [ 44.300954680506628, 41.962289062692896 ], [ 44.300922592430638, 41.962288011672975 ], [ 44.300888062034346, 41.962300635886763 ], [ 44.300860512534612, 41.962303890648279 ], [ 44.30083530296713, 41.962302836459116 ], [ 44.3008273997158, 41.962291710142622 ], [ 44.300834455457071, 41.962275496100503 ], [ 44.300844283799819, 41.962254030049813 ], [ 44.300851330446093, 41.962194493941091 ], [ 44.300813410113122, 41.962158461551667 ], [ 44.300746770162114, 41.962122344294976 ], [ 44.300659893769797, 41.962093894487012 ], [ 44.300606081608301, 41.962087577250379 ], [ 44.300566147096951, 41.962070221317809 ], [ 44.300534480725801, 41.962030624274909 ], [ 44.30048748481704, 41.962013450458642 ], [ 44.300454769443867, 41.961992535811341 ], [ 44.300446868279906, 41.961970196195217 ], [ 44.300411762548599, 41.961930623193858 ], [ 44.300350929793765, 41.961904223248169 ], [ 44.300347269006018, 41.961874839242185 ], [ 44.30034369121595, 41.961843384211022 ], [ 44.300351885561348, 41.961794798210128 ], [ 44.300375530090832, 41.961734822876899 ], [ 44.300418265377154, 41.961683655294316 ], [ 44.300432968446302, 41.961641278506882 ], [ 44.30044997794726, 41.96158662168601 ], [ 44.300435185380614, 41.961537895607336 ], [ 44.300408650079262, 41.961509137779622 ], [ 44.300347664805976, 41.961480170004542 ], [ 44.300286648549836, 41.961454039104794 ], [ 44.300218126284442, 41.961413586871188 ], [ 44.300149478942942, 41.961384572287251 ], [ 44.300116323575828, 41.961343254783671 ], [ 44.300138987770218, 41.96129016361018 ], [ 44.300174059452608, 41.961244578556652 ], [ 44.300166837527463, 41.961198780719414 ], [ 44.300123829757283, 41.961170102543534 ], [ 44.300219219740448, 41.961181311872949 ], [ 44.300327806804596, 41.961194042617265 ], [ 44.300480550873701, 41.961240727214026 ], [ 44.300583551828566, 41.961284271477652 ], [ 44.300663660252461, 41.961319074844901 ], [ 44.300752056283144, 41.961296736366606 ], [ 44.300817780838663, 41.961239899355846 ], [ 44.300891821476355, 41.961128802808695 ], [ 44.300976824448099, 41.961063571808253 ], [ 44.301207469905151, 41.960999182290443 ], [ 44.301476331937828, 41.960943626196261 ], [ 44.301672466457511, 41.960879025758167 ], [ 44.301822999550978, 41.960824280162988 ], [ 44.302512261169319, 41.96081491472976 ], [ 44.302668384416762, 41.96078415969518 ], [ 44.302705933632225, 41.960776777137603 ], [ 44.302912122584068, 41.960736148319981 ], [ 44.303218872361221, 41.96066946889232 ], [ 44.303275663655938, 41.960657115069566 ], [ 44.303329883762146, 41.960659019367455 ], [ 44.303747071068209, 41.960673529957866 ], [ 44.304363162294955, 41.960717884682914 ], [ 44.30478088714576, 41.96066623996991 ], [ 44.30504669764774, 41.96056904626343 ], [ 44.305108606906622, 41.960546408988904 ], [ 44.305491479696855, 41.960359225684265 ], [ 44.306219050950276, 41.960160569622808 ], [ 44.307273217245935, 41.95995037004483 ], [ 44.307385401000374, 41.959892773803702 ], [ 44.30757536704408, 41.959795206698551 ], [ 44.307637920510217, 41.959763069913485 ], [ 44.308186672673344, 41.959333202618573 ], [ 44.308681816641091, 41.958821814808978 ], [ 44.308999945778233, 41.958756044943684 ], [ 44.309743103385699, 41.958787625512464 ], [ 44.310595244346629, 41.958806255698171 ], [ 44.311321093903935, 41.958769992017579 ], [ 44.312228381007081, 41.958721255796746 ], [ 44.31244549493266, 41.95876322133384 ], [ 44.312714760991149, 41.959022018843697 ], [ 44.313145770468992, 41.959417153618169 ], [ 44.313489158637765, 41.959527467569032 ], [ 44.3141943879899, 41.959721182635569 ], [ 44.315100092029311, 41.959821339435941 ], [ 44.315806861856196, 41.959866173673745 ], [ 44.316224656542943, 41.959800977712099 ], [ 44.316843411386898, 41.959601651119186 ], [ 44.317065128909768, 41.959625531923841 ], [ 44.317125514910131, 41.95963206068182 ], [ 44.317241948388578, 41.959644596934844 ], [ 44.317856512581471, 41.959837750293211 ], [ 44.318669959728894, 41.960086255893948 ], [ 44.319447525659832, 41.960293922992726 ], [ 44.319993337984307, 41.960247035104111 ], [ 44.320037483638082, 41.960243243575697 ], [ 44.320782450665526, 41.960112283234373 ], [ 44.320885376925609, 41.960073082672899 ], [ 44.321219355159187, 41.959945992294834 ], [ 44.32123765031988, 41.959939030231297 ], [ 44.321784674019774, 41.959658012774739 ], [ 44.322185283406206, 41.959511453479927 ], [ 44.322549163897733, 41.959391786114921 ], [ 44.322839929340581, 41.959339371443278 ], [ 44.323166523872942, 41.959327742287918 ], [ 44.323494059619577, 41.959221412676527 ], [ 44.323803924940769, 41.959074312962386 ], [ 44.324197340679, 41.959008223831923 ], [ 44.324335267241821, 41.958985077014766 ], [ 44.32434892886257, 41.958982726516851 ], [ 44.325589496397448, 41.958882390135258 ], [ 44.325676453433623, 41.958875336215606 ], [ 44.326107245791327, 41.9588404880217 ], [ 44.326140574589893, 41.958838070816121 ], [ 44.326088088776658, 41.958883517499018 ], [ 44.326006867204953, 41.958970495421845 ], [ 44.325938865679305, 41.959033908409189 ], [ 44.325852501247276, 41.959110768560237 ], [ 44.32577404128881, 41.959176101501725 ], [ 44.325677401613895, 41.959243219010354 ], [ 44.325606906846353, 41.959296980022074 ], [ 44.32549694803712, 41.959402702760677 ], [ 44.325334878411539, 41.959535229231534 ], [ 44.325222446591447, 41.959629363605849 ], [ 44.325099821331627, 41.959706010051249 ], [ 44.324964080481543, 41.959801943575108 ], [ 44.324713231459448, 41.959993886463742 ], [ 44.324634769252164, 41.960059218600193 ], [ 44.324548748488859, 41.960108969718746 ], [ 44.324467650800401, 41.960178159098668 ], [ 44.324420667073426, 41.960210756951668 ], [ 44.324337464751146, 41.960239268771105 ], [ 44.324254038355775, 41.960283270670942 ], [ 44.324155107009226, 41.96032713620248 ], [ 44.324115122847722, 41.960365359264955 ], [ 44.324102749819616, 41.960377175216635 ], [ 44.324063181296168, 41.960438863063118 ], [ 44.324057521945079, 41.960489086918699 ], [ 44.324010088594136, 41.960558474169197 ], [ 44.323986473383556, 41.960589273002789 ], [ 44.323863763398066, 41.960673618307524 ], [ 44.323790712793581, 41.96071772600574 ], [ 44.323720338756054, 41.960754058661195 ], [ 44.323639545413677, 41.960800012051514 ], [ 44.323579466460927, 41.960844151000089 ], [ 44.323537344280538, 41.960901905715644 ], [ 44.323497487500227, 41.960996465976045 ], [ 44.323496484838472, 41.961091255178275 ], [ 44.323508699494845, 41.961162885076632 ], [ 44.323505327356109, 41.961236404594153 ], [ 44.32347102763493, 41.961296141806706 ], [ 44.323428782148774, 41.961365514343214 ], [ 44.323379100271723, 41.961407778020849 ], [ 44.323295854477607, 41.961440206717796 ], [ 44.323223028476001, 41.961462969585362 ], [ 44.323170711081971, 41.961509090499518 ], [ 44.323121049416727, 41.961549417751193 ], [ 44.323095044702292, 41.961555073724234 ], [ 44.323081846967256, 41.961582060923149 ], [ 44.323096922674203, 41.961622769849811 ], [ 44.323117206400958, 41.961667382344196 ], [ 44.323109034505464, 41.961704081337146 ], [ 44.323067012173482, 41.961758008628287 ], [ 44.323032978892805, 41.961786809397331 ], [ 44.322962540587817, 41.961834759791664 ], [ 44.322913145729828, 41.961844150647096 ], [ 44.322845629168292, 41.961861180323687 ], [ 44.322767613855817, 41.961883912291761 ], [ 44.322715705435009, 41.961891351802812 ], [ 44.322640222852748, 41.961919907921178 ], [ 44.322580387801928, 41.961940855626089 ], [ 44.322484313282906, 41.961959607976269 ], [ 44.322414039237714, 41.961986303284391 ], [ 44.322346544609964, 41.96199554203551 ], [ 44.322312652810112, 41.96201664273034 ], [ 44.322296492187057, 41.962072658823452 ], [ 44.322269994441434, 41.9621305052897 ], [ 44.322250972636333, 41.962211678097511 ], [ 44.322200654093699, 41.962313876814974 ], [ 44.322160446015417, 41.962441308815094 ], [ 44.322141527071281, 41.96251275501595 ], [ 44.322099093358062, 41.96260536311329 ], [ 44.321889576854588, 41.962994519376473 ], [ 44.321569147705183, 41.963503844159064 ], [ 44.321426811302281, 41.964003998225238 ], [ 44.321175553760867, 41.964442172760037 ], [ 44.321296927314727, 41.964626896332398 ], [ 44.320867770496918, 41.965043573189526 ], [ 44.320892774470032, 41.965268662293461 ], [ 44.321191333936859, 41.965536259383114 ], [ 44.321420870447348, 41.965854605522175 ], [ 44.321459356763981, 41.966100174233823 ], [ 44.321360333621634, 41.966396132966217 ], [ 44.32139903649032, 41.966621302888065 ], [ 44.321437848575876, 41.966836205850896 ], [ 44.321667668599844, 41.967134062977138 ], [ 44.321642614566528, 41.967521966506276 ], [ 44.321477326296865, 41.968114302817547 ], [ 44.321249192969958, 41.96863502468964 ], [ 44.321117713213781, 41.969037700096052 ], [ 44.321747969025139, 41.969587228239035 ], [ 44.32244316272827, 41.969994786105396 ], [ 44.322981245833311, 41.970235240696944 ], [ 44.323837021051716, 41.970501341894142 ], [ 44.324566605767615, 41.970671764287886 ], [ 44.325742587963802, 41.970726142131433 ], [ 44.326345100316239, 41.970895806831855 ], [ 44.326854153580335, 41.970875060296656 ], [ 44.327396005386014, 41.970759573609769 ], [ 44.327874693697197, 41.970596249546688 ], [ 44.328415733170267, 41.970551950828181 ], [ 44.328986390681365, 41.970721415324846 ], [ 44.329493390450146, 41.970890505205929 ], [ 44.329937598796171, 41.970988028825211 ], [ 44.330576089265648, 41.970754428548531 ], [ 44.331401096153769, 41.970925363902843 ], [ 44.331849027890854, 41.970666914060828 ], [ 44.332266830614856, 41.970242159582305 ], [ 44.333033494282915, 41.969914405963507 ], [ 44.333863689947968, 41.969586925786594 ], [ 44.335174815708719, 41.968882640341306 ], [ 44.335686502001785, 41.968600857082698 ], [ 44.336260857659191, 41.968414273916046 ], [ 44.336932022171808, 41.968085941926596 ], [ 44.336802930273947, 41.968326214290414 ], [ 44.336731405915629, 41.968537322318866 ], [ 44.336616661671613, 41.968668291555481 ], [ 44.336399929627781, 41.968916162967894 ], [ 44.336322627107897, 41.969084951089435 ], [ 44.33620042324894, 41.969323956583544 ], [ 44.335907408176119, 41.969641908005705 ], [ 44.335752640674492, 41.969988849455454 ], [ 44.335770453337865, 41.970092348857634 ], [ 44.335693673620959, 41.970204712882996 ], [ 44.335566275848102, 41.970344974719573 ], [ 44.335467673169475, 41.970478377907995 ], [ 44.334797964203197, 41.971974421437181 ], [ 44.333153210510304, 41.975648416399629 ], [ 44.333124551389467, 41.975948531310657 ], [ 44.332848122430818, 41.976118501688624 ], [ 44.332756897326959, 41.976289547989388 ], [ 44.33277474479889, 41.976418311565254 ], [ 44.332734633315546, 41.976589654903371 ], [ 44.332733936661747, 41.97665639004888 ], [ 44.33257296328955, 41.97677938563919 ], [ 44.332545385500552, 41.976969850807862 ], [ 44.332424002113761, 41.977243036877354 ], [ 44.332502983864707, 41.977360402299908 ], [ 44.332452788111475, 41.977584150538036 ], [ 44.332271625623285, 41.977802318503308 ], [ 44.331943732692551, 41.978010130390047 ], [ 44.331676543858556, 41.978178350313236 ], [ 44.331493678568698, 41.978293471192721 ], [ 44.33019553318023, 41.978433568195456 ], [ 44.329827758286143, 41.978483930478959 ], [ 44.32960277546956, 41.978620823676408 ], [ 44.329282707222134, 41.978685648245062 ], [ 44.329046228875647, 41.978698586917211 ], [ 44.328898784336765, 41.979055153366886 ], [ 44.328710667690146, 41.979330512139619 ], [ 44.328694264582502, 41.979978578598008 ], [ 44.328709079106567, 41.980355187506696 ], [ 44.328591529153712, 41.980640460635115 ], [ 44.328462313596525, 41.980777911596824 ], [ 44.328334059369134, 41.980829579868569 ], [ 44.32835136562224, 41.980963159401881 ], [ 44.328548349367559, 41.981102518482935 ], [ 44.328607250532833, 41.98126966578738 ], [ 44.328541245237354, 41.981474225621064 ], [ 44.328372852937555, 41.981692461945535 ], [ 44.328166235132635, 41.981901017349792 ], [ 44.328086823597971, 41.982088836173737 ], [ 44.328058041897172, 41.982156937961676 ], [ 44.327879380181855, 41.98224942591127 ], [ 44.327794066572096, 41.982355564871561 ], [ 44.327480425908149, 41.982415603434823 ], [ 44.327206160711711, 41.982375943367259 ], [ 44.326956382347397, 41.982441173304416 ], [ 44.326528972600535, 41.982386248075613 ], [ 44.325846030084968, 41.982329820910081 ], [ 44.324989604378644, 41.982372433373364 ], [ 44.324458594041246, 41.982154861969086 ], [ 44.32388414931895, 41.98211811057319 ], [ 44.323747958328944, 41.982303205188813 ], [ 44.323253038199738, 41.982354238333564 ], [ 44.321401753369244, 41.982487821154493 ], [ 44.320732670737527, 41.983251498882829 ], [ 44.317920036410008, 41.983357266802514 ], [ 44.317594706155603, 41.983351955866084 ], [ 44.317222871358126, 41.983473676071341 ], [ 44.316686581583241, 41.983446662602972 ], [ 44.316131559072325, 41.983376618467325 ], [ 44.315722681875776, 41.983383728995257 ], [ 44.315465316137882, 41.983558544324382 ], [ 44.315112669186306, 41.983680327064725 ], [ 44.314792927840102, 41.983716562067912 ], [ 44.314563286138267, 41.98368659510276 ], [ 44.314234655210583, 41.983651262874254 ], [ 44.31386358929614, 41.983706237687507 ], [ 44.312825542325747, 41.9840050379293 ], [ 44.312509012314926, 41.984055001974085 ], [ 44.312462173346987, 41.98406239599997 ], [ 44.31216024574853, 41.984518123747947 ], [ 44.311984529592912, 41.984967762128441 ], [ 44.311954397861939, 41.985225002489898 ], [ 44.311951095526986, 41.985253206746485 ], [ 44.311660708145688, 41.985886297566466 ], [ 44.311423413633641, 41.986403475629338 ], [ 44.311446253699927, 41.986608513219366 ], [ 44.311565217644798, 41.986833221331111 ], [ 44.311607366268454, 41.987066970681802 ], [ 44.311438858469735, 41.987294773206024 ], [ 44.311219269726607, 41.987512676945279 ], [ 44.311045698144504, 41.987616472398194 ], [ 44.310891567277288, 41.987691833312098 ], [ 44.310713398495366, 41.987919531712784 ], [ 44.310572867795926, 41.988055927935569 ], [ 44.31051331638924, 41.988113728696476 ], [ 44.310296213714288, 41.988385955458597 ], [ 44.310100485955559, 41.988791563135791 ], [ 44.309875771204176, 41.98937694834872 ], [ 44.309700589404436, 41.990014599088305 ], [ 44.309577356580881, 41.990581588934234 ], [ 44.309460376780272, 41.990575437204086 ], [ 44.309334053597119, 41.990567966412776 ], [ 44.309264316993392, 41.990563854104465 ], [ 44.308782980507388, 41.990535333890641 ], [ 44.308082531586358, 41.990580102849435 ], [ 44.307284668353347, 41.990631094135558 ], [ 44.30720510095275, 41.990636327758217 ], [ 44.305989169940801, 41.990716307521069 ], [ 44.304039346140605, 41.991052564247099 ], [ 44.303512350760776, 41.991143441159473 ], [ 44.302874490634146, 41.991246448033237 ], [ 44.302262345862275, 41.991345298901379 ], [ 44.30130768897785, 41.991641979311439 ], [ 44.300337643173641, 41.991915410974649 ], [ 44.300427059637805, 41.992299907650313 ], [ 44.2982150923782, 41.992715796133659 ], [ 44.298162162162228, 41.992725785097726 ], [ 44.297948625726121, 41.99276592324788 ], [ 44.297957488305379, 41.992896585857622 ], [ 44.298212023399891, 41.993982399800124 ], [ 44.29853645922244, 41.995321632938797 ], [ 44.299050812049437, 41.997016216502111 ], [ 44.299260104758432, 41.997812615877493 ], [ 44.299493230579913, 41.998645301890456 ], [ 44.300063728550825, 41.999642684278953 ], [ 44.300777221151044, 42.000857784794739 ], [ 44.301035789534069, 42.001582197281209 ], [ 44.301124189860197, 42.002359785667828 ], [ 44.301140387263651, 42.003093563978688 ], [ 44.301102713425429, 42.004322157799521 ], [ 44.301068202375525, 42.005261635713524 ], [ 44.300932823236792, 42.00656191821151 ], [ 44.30077538705391, 42.007663285173756 ], [ 44.300635840839625, 42.00934303011573 ], [ 44.300595182667045, 42.010842667166493 ], [ 44.300538013763941, 42.011637438503129 ], [ 44.300528114655798, 42.012540923437065 ], [ 44.300590113257769, 42.013517129513687 ], [ 44.300732030803218, 42.01427536063612 ], [ 44.300756303734936, 42.014397752032558 ], [ 44.300769988580996, 42.014476806838552 ], [ 44.300860943267452, 42.015011619099013 ], [ 44.300887577278012, 42.015081241813768 ], [ 44.30092543576945, 42.015126418793464 ], [ 44.301010769136987, 42.015339408927289 ], [ 44.301025594973389, 42.015486592749646 ], [ 44.301022756507805, 42.015574630019557 ], [ 44.3010172983454, 42.015743959064324 ], [ 44.301031140014466, 42.015981027871305 ], [ 44.301050057183282, 42.016254903204775 ], [ 44.301058118464404, 42.016472576264718 ], [ 44.301065110682721, 42.016661371343986 ], [ 44.301101703833808, 42.017649484265029 ], [ 44.301108698840757, 42.017838374790365 ], [ 44.30112194998145, 42.018196172052647 ], [ 44.30116861862026, 42.019438587899963 ], [ 44.301173526835932, 42.020351325117147 ], [ 44.301181894621742, 42.020594022820212 ], [ 44.300646056119113, 42.020647490697108 ], [ 44.298422154862507, 42.020850887211658 ], [ 44.297531283978628, 42.020945591463686 ], [ 44.297546958008155, 42.02105206930883 ], [ 44.297548310016346, 42.02106124986674 ], [ 44.297582925024642, 42.021296307827029 ], [ 44.297820874201072, 42.022339237517663 ], [ 44.297809243872585, 42.022364339705682 ], [ 44.297795201334253, 42.022394605907522 ], [ 44.297771632729543, 42.022445348786142 ], [ 44.297759445965589, 42.022471618417214 ], [ 44.297737176719458, 42.022519532170968 ], [ 44.297765183749938, 42.022938103286968 ], [ 44.297798245100992, 42.02313338764224 ], [ 44.298005914386444, 42.023119571943489 ], [ 44.298117758426379, 42.023120255924809 ], [ 44.29820069889967, 42.023135083506432 ], [ 44.298366423514466, 42.023178967898822 ], [ 44.298783560715734, 42.023317426020974 ], [ 44.299426806255141, 42.023528639909728 ], [ 44.300162391209447, 42.023773782543174 ], [ 44.300515956231216, 42.023883160844456 ], [ 44.300636855173657, 42.023933974023016 ], [ 44.300665079540956, 42.023981790690264 ], [ 44.300654874597406, 42.024045429202708 ], [ 44.300654770844368, 42.024046078844108 ], [ 44.300656501309007, 42.024174748080881 ], [ 44.300685923739458, 42.024410854147135 ], [ 44.300723463527952, 42.024484936636426 ], [ 44.300846572895743, 42.024626278966807 ], [ 44.30093830076278, 42.024710283428746 ], [ 44.300992340781313, 42.024739208366306 ], [ 44.301049816923893, 42.024746673561978 ], [ 44.301110589338663, 42.024739928438251 ], [ 44.30115560156942, 42.024716335128495 ], [ 44.301246033972433, 42.024626369787953 ], [ 44.301307545566445, 42.024557618906016 ], [ 44.301352557102888, 42.024534070546586 ], [ 44.301465055849498, 42.024475176870553 ], [ 44.301548573085178, 42.024437542339825 ], [ 44.301666977311058, 42.024423987389682 ], [ 44.301785164909084, 42.024424706394903 ], [ 44.30197054296368, 42.024428220652396 ], [ 44.301970719269605, 42.024428225327213 ], [ 44.302085564078617, 42.024431306829435 ], [ 44.302165585318541, 42.024415086201188 ], [ 44.302306525361821, 42.024389733910816 ], [ 44.302447144018366, 42.024388246874729 ], [ 44.302610090916801, 42.024393965481138 ], [ 44.302846456470057, 42.024407335059195 ], [ 44.303063670017444, 42.024415769353404 ], [ 44.303210612615665, 42.024421434961866 ], [ 44.303296887082944, 42.02442434541031 ], [ 44.303338358787137, 42.024431757346491 ], [ 44.303344413861218, 42.024458003184215 ], [ 44.303360235927407, 42.024474761348905 ], [ 44.303379422910275, 42.024482038014177 ], [ 44.303404934517054, 42.02447980610799 ], [ 44.303446640239521, 42.024465783815231 ], [ 44.30348824223686, 42.024461262797445 ], [ 44.303522138860629, 42.024463050937676 ], [ 44.303539368458843, 42.024463959770337 ], [ 44.303644839447557, 42.024462212959989 ], [ 44.303836663091701, 42.024456216355404 ], [ 44.303948535645802, 42.024454508092575 ], [ 44.304002888706457, 42.024454837689085 ], [ 44.3040831255719, 42.024424341634656 ], [ 44.304162842365344, 42.02444153210137 ], [ 44.304204098147125, 42.02446321781192 ], [ 44.304274091876607, 42.024496966361042 ], [ 44.304382425491674, 42.0245262638201 ], [ 44.304519506476765, 42.024555690335362 ], [ 44.304679149700718, 42.024570887906648 ], [ 44.304826014337578, 42.024583756222285 ], [ 44.304912367103675, 42.024579505716467 ], [ 44.304986106537299, 42.024563290112333 ], [ 44.305034231642139, 42.024542100865574 ], [ 44.305079059880647, 42.024535257099842 ], [ 44.305136787319235, 42.024514125945693 ], [ 44.305258236359002, 42.024514861118924 ], [ 44.305315833324173, 42.024505707808515 ], [ 44.305408613524087, 42.024499109091551 ], [ 44.305517363258701, 42.024490220187097 ], [ 44.305667559019255, 42.024491128857278 ], [ 44.305817806711779, 42.024487264168563 ], [ 44.306051335439641, 42.024467240687912 ], [ 44.306239906240151, 42.024465993876234 ], [ 44.306361510380263, 42.024452453422562 ], [ 44.306435292676099, 42.024426690192136 ], [ 44.306525225960371, 42.02438193058952 ], [ 44.306592640992029, 42.024358515525989 ], [ 44.306672643637874, 42.024349451855855 ], [ 44.306762196280886, 42.024345264318981 ], [ 44.306822743947151, 42.02436467886718 ], [ 44.306902065031267, 42.024412802575071 ], [ 44.307057782555788, 42.024494756772341 ], [ 44.307181630123551, 42.024569403211217 ], [ 44.307346847180213, 42.024660961307426 ], [ 44.307483593651654, 42.024721364829311 ], [ 44.307591826552098, 42.024760115539941 ], [ 44.307655696055889, 42.024762887552562 ], [ 44.30772290493092, 42.024758474423166 ], [ 44.307815882786699, 42.0247280976361 ], [ 44.307908998600858, 42.024690561390543 ], [ 44.308015167695686, 42.024624462906125 ], [ 44.308137340567797, 42.024558460790047 ], [ 44.308291486139169, 42.024490309521617 ], [ 44.308391149456007, 42.024433718433073 ], [ 44.308442689721275, 42.024398227902552 ], [ 44.308478302105065, 42.024355616271208 ], [ 44.308497971872669, 42.024312818516314 ], [ 44.308521040130827, 42.024246218879782 ], [ 44.308553555522316, 42.024193996579548 ], [ 44.308605146243018, 42.024153822866744 ], [ 44.308698261246754, 42.024116240937573 ], [ 44.308832632797895, 42.024100388019853 ], [ 44.309018260168848, 42.024075251531549 ], [ 44.309136713913929, 42.024056915691837 ], [ 44.309156228123186, 42.024028437316346 ], [ 44.30917245531429, 42.02400232589244 ], [ 44.309201305214316, 42.02399295257338 ], [ 44.309239550746945, 42.024002729700271 ], [ 44.309255512153484, 42.024012327678349 ], [ 44.309309855682251, 42.024007926259287 ], [ 44.309425160104951, 42.023984797693025 ], [ 44.309575818612913, 42.023942832801268 ], [ 44.309688180229045, 42.023895818881996 ], [ 44.309816897137409, 42.023810805445414 ], [ 44.309897388070816, 42.023756484490846 ], [ 44.31002304146908, 42.023664292184861 ], [ 44.310142232610261, 42.023572060899767 ], [ 44.3102133096112, 42.023505794478709 ], [ 44.310281125814775, 42.023439463385657 ], [ 44.310364610781463, 42.023404208968337 ], [ 44.310464124664058, 42.0233667090776 ], [ 44.310576020513665, 42.023362652784947 ], [ 44.310713462859383, 42.023358659733816 ], [ 44.310918008329097, 42.023359887900575 ], [ 44.311061817022889, 42.02335359094613 ], [ 44.311106678923466, 42.023349086730683 ], [ 44.311225079227945, 42.023335521887702 ], [ 44.311333980285823, 42.023312352972759 ], [ 44.311430353605935, 42.023274788366848 ], [ 44.311513794194852, 42.023232372628051 ], [ 44.311578545173703, 42.023158907192389 ], [ 44.311659359059519, 42.023068830875914 ], [ 44.311720488708566, 42.023028712955501 ], [ 44.311778513087134, 42.02299091808942 ], [ 44.31183628793481, 42.022965055393449 ], [ 44.31198043860585, 42.022932550238259 ], [ 44.312175945544979, 42.022881303785141 ], [ 44.312490134088769, 42.022790238400354 ], [ 44.312666496316325, 42.022738876435156 ], [ 44.31270499868004, 42.02272478655393 ], [ 44.312733872710268, 42.022713070781222 ], [ 44.312859006996469, 42.022668516958092 ], [ 44.313112312125028, 42.022589019062963 ], [ 44.313403964639839, 42.022509749999621 ], [ 44.313577047663109, 42.022465527233365 ], [ 44.313836496374229, 42.022409886837131 ], [ 44.313923127919431, 42.022379377076831 ], [ 44.314048362378209, 42.022325365658496 ], [ 44.314189770990318, 42.022249925054574 ], [ 44.314388807627019, 42.022167713327839 ], [ 44.314542710601394, 42.022120987792619 ], [ 44.314750776471243, 42.022086474084283 ], [ 44.314923576101869, 42.022068456693155 ], [ 44.315083342884087, 42.022071796897883 ], [ 44.315239653409499, 42.022098938625149 ], [ 44.315402023906138, 42.022152325387488 ], [ 44.315567553370151, 42.02221527771551 ], [ 44.315714058155478, 42.022261409209733 ], [ 44.315838499181794, 42.02228124493557 ], [ 44.315985158283091, 42.022313011532795 ], [ 44.316189393754968, 42.022342869328746 ], [ 44.316380648164561, 42.022389311593329 ], [ 44.316555874286585, 42.022437999809341 ], [ 44.316705580531199, 42.02248419413317 ], [ 44.316782302127962, 42.022482264094108 ], [ 44.316811338383829, 42.022460956268155 ], [ 44.316836985305784, 42.022451606992909 ], [ 44.316945806732363, 42.022435547456688 ], [ 44.317073373060545, 42.022462515628561 ], [ 44.317146434738099, 42.022503479850798 ], [ 44.317238318694784, 42.022580267018775 ], [ 44.3173619104887, 42.022673949870494 ], [ 44.317495394420568, 42.022746255785641 ], [ 44.317733668598336, 42.022885878082874 ], [ 44.318289417721381, 42.023208507884391 ], [ 44.31855008174896, 42.023338714499666 ], [ 44.318718767230756, 42.023406454494349 ], [ 44.318811076586428, 42.023438029971885 ], [ 44.318905572639743, 42.023451470125323 ], [ 44.319042945854022, 42.023408648399325 ], [ 44.319944996582507, 42.023137900219339 ], [ 44.320687911807006, 42.022905697004418 ], [ 44.32111268950387, 42.022750460213985 ], [ 44.3216436286651, 42.022556400552133 ], [ 44.322388326048653, 42.022251829063386 ], [ 44.322717171486872, 42.022047069239413 ], [ 44.322919609641517, 42.022821477258738 ], [ 44.322920014701161, 42.022823145862738 ], [ 44.322941657182056, 42.022906539222951 ], [ 44.323187916920531, 42.023860390733176 ], [ 44.323198705673747, 42.023902334870641 ], [ 44.323204448080297, 42.023924659975584 ], [ 44.323208185700153, 42.023925312473601 ], [ 44.32321381496908, 42.02394691638581 ], [ 44.323569269662634, 42.025306255677037 ], [ 44.323571531920734, 42.025315050406668 ], [ 44.324146930647522, 42.027539367557978 ], [ 44.324152450483389, 42.027537148420748 ], [ 44.32433344535459, 42.028229332227674 ], [ 44.324575975272431, 42.029196983048159 ], [ 44.324817004919417, 42.030158680053638 ], [ 44.325129502481296, 42.031405448739356 ], [ 44.325135935746211, 42.031431110207137 ], [ 44.325167059257431, 42.031555223361067 ], [ 44.325173260957293, 42.031579937776684 ], [ 44.325178824942959, 42.031602126607879 ], [ 44.325188096831837, 42.031639243082395 ], [ 44.326047744971362, 42.034538909095737 ], [ 44.326051010931174, 42.034549961293955 ], [ 44.3260651011257, 42.034599940302719 ], [ 44.32609830157174, 42.034722173961136 ], [ 44.326104582404412, 42.034745177534454 ], [ 44.326115631182482, 42.034785726836084 ], [ 44.32611981793621, 42.034801107580869 ], [ 44.326295935498109, 42.034740716824565 ], [ 44.326480832471539, 42.034684070000331 ], [ 44.326556716722969, 42.034682713963058 ], [ 44.326674561127824, 42.034694888697054 ], [ 44.326989155072177, 42.034769371613883 ], [ 44.327395903640927, 42.034857768467681 ], [ 44.327650227994255, 42.034930905648011 ], [ 44.327772663944977, 42.03499466863542 ], [ 44.328013276923521, 42.035153827295645 ], [ 44.328448742098182, 42.035435443876544 ], [ 44.328555756185288, 42.035501097231581 ], [ 44.328942790878799, 42.035638098689347 ], [ 44.329310507926095, 42.035779804462592 ], [ 44.329522485286496, 42.035859399905718 ], [ 44.329635097850037, 42.035881087977472 ], [ 44.329791422245002, 42.03588772006443 ], [ 44.330009498329652, 42.035875618545468 ], [ 44.330298416287789, 42.03583623485666 ], [ 44.330691358242007, 42.035773499683174 ], [ 44.33108913244763, 42.035739522209319 ], [ 44.331567455457382, 42.035726052052318 ], [ 44.331949786526309, 42.035701528595041 ], [ 44.332216807415946, 42.035670568839045 ], [ 44.332689696471114, 42.035564385015689 ], [ 44.334209481232776, 42.035262575189257 ], [ 44.334869294663619, 42.035130041583351 ], [ 44.334541146535614, 42.037743370366925 ], [ 44.336217005089011, 42.037743887986132 ], [ 44.336811970400042, 42.037744084974136 ], [ 44.336809497555066, 42.037766947309386 ], [ 44.336789930483384, 42.037807093500717 ], [ 44.336765139015661, 42.037826809675352 ], [ 44.336758723411954, 42.037851225370915 ], [ 44.336760491097792, 42.037878750579473 ], [ 44.336811079993417, 42.03794010727372 ], [ 44.336843320687969, 42.037999916885688 ], [ 44.336863277540211, 42.038044299358056 ], [ 44.336879922929093, 42.038110863826134 ], [ 44.336877596209284, 42.038142913680787 ], [ 44.336858902343351, 42.038168789553708 ], [ 44.336832104717132, 42.03818390081279 ], [ 44.336805465804105, 42.038183746890368 ], [ 44.336793203447378, 42.038183676035104 ], [ 44.336766373958781, 42.038201849319655 ], [ 44.336716726997288, 42.03824740573009 ], [ 44.336685567423125, 42.03828694451375 ], [ 44.336676955576237, 42.03832503745673 ], [ 44.33666832685936, 42.038364751479179 ], [ 44.33664968061256, 42.038386034254714 ], [ 44.336645350553447, 42.038407399770136 ], [ 44.336665637550034, 42.038425845335993 ], [ 44.33670025340669, 42.038448967044936 ], [ 44.336747147621459, 42.038470628584975 ], [ 44.336777449429626, 42.038513584769383 ], [ 44.336781191810786, 42.038548731914538 ], [ 44.336765253058743, 42.038605921429031 ], [ 44.336742295928204, 42.038640914286518 ], [ 44.336721484363096, 42.03867290234632 ], [ 44.336682185666596, 42.038710862977538 ], [ 44.336634690888587, 42.0387411206625 ], [ 44.336583402710836, 42.038746948669115 ], [ 44.336550586202883, 42.038748290091867 ], [ 44.336519693261181, 42.038767970940228 ], [ 44.336498726042166, 42.03880909970016 ], [ 44.336492164053034, 42.0388533739576 ], [ 44.336495909596934, 42.038882396678865 ], [ 44.336507930350201, 42.038911512270452 ], [ 44.336515796166402, 42.038945152146191 ], [ 44.336531864171945, 42.038974291131098 ], [ 44.336531625744072, 42.038997211404343 ], [ 44.336525035671862, 42.03903837824263 ], [ 44.336489700928674, 42.03909014172968 ], [ 44.336468702194246, 42.039134287491237 ], [ 44.336433561338445, 42.039161599317964 ], [ 44.33637185745912, 42.039187226436681 ], [ 44.336324517705116, 42.039208343245889 ], [ 44.336275028965041, 42.039238589248718 ], [ 44.336254013630437, 42.039284311018513 ], [ 44.336255717865846, 42.039317915276904 ], [ 44.336257469433818, 42.03934697150499 ], [ 44.336265478097097, 42.039366877244511 ], [ 44.336287755386799, 42.039391458832796 ], [ 44.336295748132642, 42.039412895590189 ], [ 44.336289363578615, 42.039434294240351 ], [ 44.336258442150417, 42.039450867593757 ], [ 44.336169019114358, 42.039475568741999 ], [ 44.336107347167697, 42.039498088644265 ], [ 44.336033457304168, 42.039539451571549 ], [ 44.336029021343023, 42.039541947741256 ], [ 44.335979487267728, 42.039570707272674 ], [ 44.335939184564616, 42.03960636516549 ], [ 44.335908214668521, 42.039627576512345 ], [ 44.33588120942013, 42.03966254576752 ], [ 44.335866527194504, 42.039697586323072 ], [ 44.335832914880157, 42.039775298406973 ], [ 44.335805432135345, 42.039856108175734 ], [ 44.335782359035015, 42.03990794239337 ], [ 44.335750083902802, 42.03995585053719 ], [ 44.335700466733385, 42.039998344439809 ], [ 44.335636376835367, 42.04004994121874 ], [ 44.335607397148564, 42.040077243417699 ], [ 44.335578226037647, 42.040122917844492 ], [ 44.335559480280367, 42.040159465945905 ], [ 44.33555295231573, 42.040194598696331 ], [ 44.33557504207495, 42.040231383196513 ], [ 44.335589037233319, 42.040268120833986 ], [ 44.335578577000469, 42.040286388590864 ], [ 44.335555885901314, 42.04030152331724 ], [ 44.335524819830496, 42.04033192067206 ], [ 44.335499899837231, 42.040363839681198 ], [ 44.33550160369667, 42.040397443941849 ], [ 44.335520649176956, 42.040436507493773 ], [ 44.33555728766126, 42.040462703473978 ], [ 44.335576441780326, 42.040479746654157 ], [ 44.335591824927867, 42.040493435581681 ], [ 44.335612032526399, 42.04051953642724 ], [ 44.335611729957549, 42.040548580768075 ], [ 44.335570076369791, 42.040609449016685 ], [ 44.335505489711501, 42.040714451622442 ], [ 44.335457435453606, 42.040798204414486 ], [ 44.335434199244723, 42.040871428140271 ], [ 44.335437641761274, 42.040929495221157 ], [ 44.335446430959493, 42.040973047698088 ], [ 44.335435842936938, 42.041003563593328 ], [ 44.335421160149139, 42.041038604079809 ], [ 44.335402372513649, 42.041067541381032 ], [ 44.335404172063718, 42.04109195952298 ], [ 44.335426560823059, 42.041105869167865 ], [ 44.335477640677915, 42.041126024343122 ], [ 44.335544696817628, 42.041178335267453 ], [ 44.335544474437086, 42.041199679477977 ], [ 44.33552163896578, 42.041228638396532 ], [ 44.335482421133278, 42.041252819060439 ], [ 44.335459570130389, 42.041283263955336 ], [ 44.335450860933534, 42.041330587923873 ], [ 44.335419758987456, 42.041370171706106 ], [ 44.335368027119991, 42.041412563142565 ], [ 44.335353436049616, 42.041444586958342 ], [ 44.335359247651851, 42.0414782150024 ], [ 44.335387578742434, 42.04150742514846 ], [ 44.33542632295395, 42.041522915578888 ], [ 44.335471368594192, 42.041530831955946 ], [ 44.335504110192112, 42.041531021522289 ], [ 44.335541163565765, 42.041517456037347 ], [ 44.335568042659695, 42.041494690004413 ], [ 44.335574157665931, 42.041487610238832 ], [ 44.335597086816101, 42.04146126374976 ], [ 44.335640686585663, 42.041405000101207 ], [ 44.335669523801961, 42.041391432048094 ], [ 44.335694110152041, 42.041391574355785 ], [ 44.335734889409686, 42.041414686986506 ], [ 44.335767356958726, 42.041446983202682 ], [ 44.335795637483251, 42.041486865704265 ], [ 44.335860337893983, 42.04156820889628 ], [ 44.335917262520006, 42.041618884829028 ], [ 44.335932203222896, 42.041651890173974 ], [ 44.335948396845708, 42.041773437038934 ], [ 44.335941933155901, 42.041802400694912 ], [ 44.33590671134553, 42.041837322401889 ], [ 44.335818157392957, 42.041882653262959 ], [ 44.33573967279947, 42.041935652857582 ], [ 44.335706501337512, 42.041976710814481 ], [ 44.335685532514404, 42.042017839391661 ], [ 44.335680943777859, 42.042069780555451 ], [ 44.335686345268371, 42.042137000591843 ], [ 44.335658781536111, 42.042225465379168 ], [ 44.335588253946824, 42.042309088118373 ], [ 44.335503603449339, 42.042368176298055 ], [ 44.335391922525439, 42.04244710240733 ], [ 44.335385830870223, 42.042451930662779 ], [ 44.335348916583811, 42.042481078209384 ], [ 44.335278013949988, 42.04251367654895 ], [ 44.335228875451051, 42.042515823712023 ], [ 44.335189459491531, 42.042524151616441 ], [ 44.335148212148709, 42.042545888638735 ], [ 44.335095432293301, 42.04257859184419 ], [ 44.335041142766904, 42.042605432029596 ], [ 44.335256852506681, 42.042619605961434 ], [ 44.335285830944343, 42.042621530069937 ], [ 44.335326219812082, 42.042624195742029 ], [ 44.335412913973471, 42.042629921563972 ], [ 44.335435553605429, 42.042631403635824 ], [ 44.336043803121747, 42.042671445446977 ], [ 44.336091252987529, 42.042674827187447 ], [ 44.33618428658869, 42.042680949358832 ], [ 44.33617961306399, 42.042723658346347 ], [ 44.336678043686121, 42.042762566218173 ], [ 44.336797910774806, 42.042767762186777 ], [ 44.336930626496326, 42.042774833567741 ], [ 44.337125110815755, 42.042779424498995 ], [ 44.337237599995277, 42.042785342952506 ], [ 44.337353895499319, 42.042791238239104 ], [ 44.337506123730506, 42.042792612392731 ], [ 44.337635890647888, 42.042792775936185 ], [ 44.33775080940152, 42.042797446992779 ], [ 44.337933376820345, 42.042809353152862 ], [ 44.338065278575662, 42.042825019769516 ], [ 44.338180215775338, 42.042833743444319 ], [ 44.338327928660007, 42.042827795175754 ], [ 44.338469216396597, 42.042835544653101 ], [ 44.338599585487295, 42.042830081492014 ], [ 44.338799211243703, 42.042839923006518 ], [ 44.338926258229591, 42.04283439530311 ], [ 44.339076462962147, 42.042844492060055 ], [ 44.33922776654633, 42.042859323378877 ], [ 44.339398818962252, 42.04286895431165 ], [ 44.339543835762846, 42.042860827391159 ], [ 44.339699196511745, 42.042868926532243 ], [ 44.339900594521815, 42.042876839921625 ], [ 44.340108153959896, 42.04288483341584 ], [ 44.340355859649861, 42.042878106425214 ], [ 44.340509329808512, 42.042882095629196 ], [ 44.341051963982729, 42.042917410716903 ], [ 44.341211612397892, 42.042878923595374 ], [ 44.342637827467264, 42.042899755282704 ], [ 44.342639566696562, 42.042889272627441 ], [ 44.342640465355665, 42.042884144047889 ], [ 44.342672542719122, 42.042884372798284 ], [ 44.34343545051393, 42.04289000049755 ], [ 44.343473745968147, 42.042890669888912 ], [ 44.3434947055392, 42.042891059976327 ], [ 44.343512343474544, 42.042891340995226 ], [ 44.343522491003981, 42.04289153413545 ], [ 44.344005835134638, 42.042905871144335 ], [ 44.346917381149069, 42.042992095914926 ], [ 44.348414056125733, 42.043516508775973 ], [ 44.349483204440041, 42.043500439070229 ], [ 44.351683247528939, 42.043236214748852 ], [ 44.352635483473229, 42.043229028257649 ], [ 44.352882871886472, 42.043285724409003 ], [ 44.354742785636638, 42.043148128449921 ], [ 44.356436870754621, 42.042925181326318 ], [ 44.356476918348484, 42.042919866854071 ], [ 44.356496094806737, 42.042917362476345 ], [ 44.357546688411134, 42.042809720626849 ], [ 44.357621095793853, 42.042811938412456 ], [ 44.357675028614324, 42.04281359123943 ], [ 44.357683423836626, 42.042813818353508 ], [ 44.357719480189729, 42.042814875754729 ], [ 44.357760367557191, 42.042816140308538 ], [ 44.357841443254273, 42.042924087021426 ], [ 44.357978541320968, 42.042994204368952 ], [ 44.358113354769095, 42.043075251721909 ], [ 44.358366357206251, 42.043244503278672 ], [ 44.358504490770635, 42.043379968233566 ], [ 44.358623183970622, 42.043532211646827 ], [ 44.358804253002695, 42.043615633197113 ], [ 44.361364195466884, 42.043139184759724 ], [ 44.361603046607797, 42.043600432558556 ], [ 44.361709827826196, 42.043808807335942 ], [ 44.362137552467004, 42.044643434536638 ], [ 44.362578481189672, 42.045391220282241 ], [ 44.36264787180221, 42.045508825729925 ], [ 44.362685537221637, 42.045572711107269 ], [ 44.363336017913568, 42.046440228314523 ], [ 44.364017759824144, 42.047349390053022 ], [ 44.364216440503739, 42.047607312167472 ], [ 44.364120361763696, 42.047663205832286 ], [ 44.364261550464398, 42.047961023488099 ], [ 44.364441824130992, 42.048283825367911 ], [ 44.364609298165924, 42.04860588059887 ], [ 44.364769123302302, 42.048913527815486 ], [ 44.364993980629009, 42.04934060097964 ], [ 44.365193428462668, 42.049728805051032 ], [ 44.365364119492533, 42.05003799756399 ], [ 44.365483234306794, 42.050253957281058 ], [ 44.365674316257937, 42.050518004224386 ], [ 44.365705213913294, 42.050558254048774 ], [ 44.365765934810305, 42.050637441787714 ], [ 44.365777851257619, 42.050652971851065 ], [ 44.365799456923739, 42.050681128570524 ], [ 44.365811088800342, 42.050696233750926 ], [ 44.365827073855591, 42.050717127163303 ], [ 44.366030056504449, 42.05098168958105 ], [ 44.366077318900935, 42.051041168572809 ], [ 44.366081615283264, 42.051046596221163 ], [ 44.366090504604152, 42.051094469991845 ], [ 44.366127911435143, 42.051130342451593 ], [ 44.36622933474181, 42.051236143860983 ], [ 44.366304700554402, 42.051337478173416 ], [ 44.366335325996054, 42.05138087860567 ], [ 44.366350221173199, 42.051402036121615 ], [ 44.366356061184526, 42.051410219273222 ], [ 44.366431214404685, 42.051557305493155 ], [ 44.366467433954121, 42.051627576225741 ], [ 44.366445928962868, 42.051700005104429 ], [ 44.366434171922172, 42.051727860441204 ], [ 44.366415054065506, 42.051772877611143 ], [ 44.366410301111522, 42.051776904310273 ], [ 44.366338948101095, 42.051837124318702 ], [ 44.366266746862465, 42.05189148535483 ], [ 44.36618833574633, 42.051950540478543 ], [ 44.366042288327833, 42.052060559172752 ], [ 44.365722431504956, 42.052301472813284 ], [ 44.365267845841366, 42.052643864593279 ], [ 44.364624708507947, 42.053128279527677 ], [ 44.363678066271632, 42.053841260274815 ], [ 44.363790679754551, 42.053945909951409 ], [ 44.363844648702141, 42.054078109662171 ], [ 44.363939897311795, 42.05428808430171 ], [ 44.364060762104117, 42.054510629801698 ], [ 44.364257652124657, 42.054720086536236 ], [ 44.36451918129913, 42.054949445011779 ], [ 44.364809164350739, 42.055112942553826 ], [ 44.36497356490294, 42.055205628786787 ], [ 44.365126609814709, 42.055291857335838 ], [ 44.36515761458422, 42.055309411432141 ], [ 44.365200758302244, 42.055333697489651 ], [ 44.365209591499045, 42.055338654901796 ], [ 44.365252073750149, 42.055362622053025 ], [ 44.365628708474162, 42.055574961753862 ], [ 44.365884446242163, 42.055719173448345 ], [ 44.366119755159637, 42.055851833458306 ], [ 44.36635927183405, 42.055986812878366 ], [ 44.367338617924595, 42.056539001650023 ], [ 44.367960317770056, 42.056889493393619 ], [ 44.3680544204257, 42.056942564638177 ], [ 44.368059648281218, 42.056945520543429 ], [ 44.368102012725565, 42.056969395921861 ], [ 44.368122563856929, 42.05698099238608 ], [ 44.369096174839093, 42.056790907161776 ], [ 44.369536147867819, 42.056704970970266 ], [ 44.37036668655746, 42.056542774679954 ], [ 44.370419359518479, 42.056532480975903 ], [ 44.370550375633307, 42.056506900569666 ], [ 44.370881668829931, 42.056442248949018 ], [ 44.372909435721688, 42.056046206681529 ], [ 44.374052446365532, 42.055813728464251 ], [ 44.374473127340956, 42.055728073386007 ], [ 44.376164919343317, 42.055383865741021 ], [ 44.376422906315796, 42.055331408744884 ], [ 44.37790458483741, 42.055029895372982 ], [ 44.378202385201213, 42.054984044801394 ] ] ] ] } }
]
}
