{
"type": "FeatureCollection",
"name": "საზანო-ოცხანური",
"crs": { "type": "name", "properties": { "name": "urn:ogc:def:crs:OGC:1.3:CRS84" } },
"features": [
{ "type": "Feature", "properties": { "OBJECTID": 33, "NAME_GEO": "საზანოს ოცხანური", "NAME_ENG": "Sazanos Otskhanuri", "Location": "Imereti", "MoreInfo": "https://www.sakpatenti.gov.ge/media/django-summernote/2025-11-19/1dd80082-c3a6-46c6-8771-219b3b80e984.pdf" }, "geometry": { "type": "MultiPolygon", "coordinates": [ [ [ [ 43.042213768077659, 42.266716355242401 ], [ 43.042230961575513, 42.266757820378842 ], [ 43.042285413664885, 42.266812362273534 ], [ 43.042311994739563, 42.26686047183069 ], [ 43.042386671508133, 42.266909402633345 ], [ 43.042508982225286, 42.266974038591243 ], [ 43.042583659281931, 42.267022969270592 ], [ 43.042643225016548, 42.267041856332249 ], [ 43.042702699855745, 42.267063720909071 ], [ 43.042794145656813, 42.267089110353453 ], [ 43.042913739162501, 42.267112001127977 ], [ 43.043005091809917, 42.267140367011478 ], [ 43.043075577669875, 42.267195182222771 ], [ 43.043162738734779, 42.267229432828636 ], [ 43.043301820445841, 42.267270526815089 ], [ 43.043369771379886, 42.267277643821991 ], [ 43.043452925129145, 42.267311825816257 ], [ 43.043559666541974, 42.267361303062835 ], [ 43.043626973065919, 42.267389257202652 ], [ 43.043734451353821, 42.267414919481197 ], [ 43.043810050631173, 42.26743408042416 ], [ 43.043889013075919, 42.26747414788256 ], [ 43.04394692241987, 42.267546618961809 ], [ 43.044016488915304, 42.267631202584134 ], [ 43.044086790861201, 42.267691971331566 ], [ 43.044141245358666, 42.26774651238599 ], [ 43.04422776458275, 42.267801601316144 ], [ 43.044286871290332, 42.267835372482011 ], [ 43.044349986906219, 42.267869212001777 ], [ 43.044437611037985, 42.267888577652137 ], [ 43.044497638367069, 42.267892579738628 ], [ 43.044541081704338, 42.267914169916203 ], [ 43.044539885173393, 42.267952869674097 ], [ 43.04453804435623, 42.268012407624141 ], [ 43.044540396456959, 42.268066060695489 ], [ 43.044595035752302, 42.268114647390718 ], [ 43.044669991896789, 42.268154645980097 ], [ 43.044708967637504, 42.268191052684621 ], [ 43.044759231364928, 42.268251479265885 ], [ 43.044834002525143, 42.268297430987488 ], [ 43.044933191476268, 42.268331886271362 ], [ 43.044972719640754, 42.268350430422153 ], [ 43.04502436281016, 42.268366203851109 ], [ 43.045032839462074, 42.268351455609718 ], [ 43.045013720122057, 42.26832134490931 ], [ 43.044979395902182, 42.268264169348249 ], [ 43.044959999332534, 42.268242989403269 ], [ 43.044945715924854, 42.268186154680777 ], [ 43.044931248484112, 42.268135274112787 ], [ 43.044916873080233, 42.268081416914939 ], [ 43.044861497391636, 42.268056644292557 ], [ 43.044825701028678, 42.268047098337014 ], [ 43.04478635716535, 42.268022599983553 ], [ 43.044775161299711, 42.267995602568661 ], [ 43.044772718162633, 42.267944927046116 ], [ 43.044734478770856, 42.267884705541064 ], [ 43.04466717121371, 42.267856752032849 ], [ 43.044616079565024, 42.267823116865088 ], [ 43.044549048249465, 42.267786232506623 ], [ 43.044510072843657, 42.267749825752368 ], [ 43.044452069418746, 42.267680331549663 ], [ 43.044409730804453, 42.267623019112143 ], [ 43.044408208420357, 42.267542574610147 ], [ 43.044350757584802, 42.267455218795135 ], [ 43.04429676341006, 42.267385792902154 ], [ 43.044218261060109, 42.267330841684732 ], [ 43.044180022552766, 42.267270620007217 ], [ 43.044152979610857, 42.267237394889527 ], [ 43.044093689394622, 42.267209577818619 ], [ 43.044062821828227, 42.267170331035352 ], [ 43.044035778962005, 42.267137106791743 ], [ 43.043984412031712, 42.267112402138459 ], [ 43.043937422167907, 42.267075859352069 ], [ 43.043874675855861, 42.267030111314341 ], [ 43.043847449023623, 42.267002840282345 ], [ 43.043789631122714, 42.266927392511661 ], [ 43.043759317540683, 42.266870284111988 ], [ 43.043765166581402, 42.266810814559371 ], [ 43.043767652557719, 42.266730438436873 ], [ 43.043773134499467, 42.266682876309993 ], [ 43.043769954367257, 42.26665601646684 ], [ 43.043766775477017, 42.266629155744099 ], [ 43.043857435973777, 42.266550284113727 ], [ 43.043937500942107, 42.266554628376404 ], [ 43.044040970410542, 42.266580221968965 ], [ 43.044084321862947, 42.266604788950445 ], [ 43.044167935402676, 42.266624086382109 ], [ 43.044295267550005, 42.266656043226291 ], [ 43.044438816581255, 42.266682319249426 ], [ 43.044539291340108, 42.266675097533096 ], [ 43.044635113060139, 42.266688646455172 ], [ 43.044762905736945, 42.266705717844722 ], [ 43.044950817943757, 42.266723815212785 ], [ 43.045102751806219, 42.266738319697325 ], [ 43.045238837084085, 42.266746596462845 ], [ 43.045382293527318, 42.266775848825262 ], [ 43.045473464118274, 42.266810166035853 ], [ 43.045564082870797, 42.266862344755268 ], [ 43.045698604763956, 42.266921229091949 ], [ 43.045821840006013, 42.266956092603607 ], [ 43.045977229210408, 42.266988525816053 ], [ 43.046058288894322, 42.267025649331842 ], [ 43.046216123898922, 42.26710875777249 ], [ 43.04630429813453, 42.26711026038145 ], [ 43.04638819014302, 42.267120625446829 ], [ 43.046491568454094, 42.267149193475056 ], [ 43.046579560104725, 42.26715664915713 ], [ 43.046672202906599, 42.267143335730644 ], [ 43.046776685810478, 42.267136180343783 ], [ 43.046869786990783, 42.267107981775268 ], [ 43.046930458470058, 42.267091144371584 ], [ 43.046971365323678, 42.267065034749159 ], [ 43.047011996348687, 42.267047856808595 ], [ 43.04693294044985, 42.267010768101187 ], [ 43.046894147939241, 42.266968408870042 ], [ 43.046815551847992, 42.266916436023905 ], [ 43.046716915588277, 42.26686412169407 ], [ 43.046661080509409, 42.266854234903214 ], [ 43.046564798318883, 42.266855572619548 ], [ 43.046469159749336, 42.266836072034295 ], [ 43.046421615730218, 42.266817390907484 ], [ 43.046339472402025, 42.266750465399795 ], [ 43.046284281169051, 42.26671974020941 ], [ 43.046201218556746, 42.266682582719142 ], [ 43.046113687445853, 42.26666024180566 ], [ 43.046050663989178, 42.266623426624939 ], [ 43.045988377580088, 42.266562795684962 ], [ 43.045934197167675, 42.266499323772585 ], [ 43.045896049441474, 42.266436126005203 ], [ 43.045845419307462, 42.266387607355028 ], [ 43.045799071481923, 42.266330227081305 ], [ 43.04575691648121, 42.266266960060804 ], [ 43.04572240868422, 42.266215737973106 ], [ 43.045683065574813, 42.266191239936425 ], [ 43.04563989894546, 42.266160719410784 ], [ 43.045621054678726, 42.266121677996637 ], [ 43.045634642179017, 42.266071275746846 ], [ 43.045676100739144, 42.266027305896813 ], [ 43.045766206182755, 42.265966293365572 ], [ 43.045884917052213, 42.265887898242035 ], [ 43.045990685453489, 42.265839067093687 ], [ 43.046112117093379, 42.265802416484362 ], [ 43.046213876466496, 42.265753516803876 ], [ 43.046344059611918, 42.265693187697451 ], [ 43.046453375137723, 42.265659308456478 ], [ 43.046542192148813, 42.26563997263635 ], [ 43.04662363644767, 42.265599661938431 ], [ 43.046740690864176, 42.26557484977414 ], [ 43.046849086713578, 42.265570740074416 ], [ 43.046926063653835, 42.265545244947745 ], [ 43.046982265297572, 42.265543224156168 ], [ 43.047067349040006, 42.265514888834197 ], [ 43.047148241388207, 42.265492439352705 ], [ 43.047181224021116, 42.265463216468319 ], [ 43.047198358084209, 42.265427766327065 ], [ 43.047212495610033, 42.265359502253766 ], [ 43.047230364859587, 42.26530023723695 ], [ 43.047255882620838, 42.265253016187074 ], [ 43.047297155730178, 42.265214998977918 ], [ 43.04735800783903, 42.265192208014355 ], [ 43.047398821347336, 42.265169075736246 ], [ 43.04742647160986, 42.265143692967925 ], [ 43.047471631014169, 42.265083701228072 ], [ 43.047531218129777, 42.26502395607713 ], [ 43.047619882538392, 42.26495755640682 ], [ 43.047721320679628, 42.264944987173173 ], [ 43.047789312776324, 42.264924700480542 ], [ 43.047886161674349, 42.264904904196499 ], [ 43.048017007708395, 42.264874964429559 ], [ 43.048061504919851, 42.264836406553755 ], [ 43.048106112318813, 42.264794276156721 ], [ 43.048155638345648, 42.264748655100469 ], [ 43.048214122228885, 42.264724631899504 ], [ 43.048258509008598, 42.264689645544479 ], [ 43.048356680056322, 42.264626981514127 ], [ 43.048450152668934, 42.264560663942035 ], [ 43.048523615052339, 42.264519024547816 ], [ 43.048568332133023, 42.264473321453927 ], [ 43.048640251474353, 42.264481694334918 ], [ 43.048732180815591, 42.264465387977474 ], [ 43.048728473175132, 42.264429582877625 ], [ 43.048685409248804, 42.264421702076731 ], [ 43.048613379756482, 42.264416901729199 ], [ 43.04858999403821, 42.264395058307862 ], [ 43.04859065526108, 42.264373625084602 ], [ 43.048591757334627, 42.264337901845536 ], [ 43.048601608932053, 42.264278500132129 ], [ 43.04863403923212, 42.264267138417011 ], [ 43.048754639909667, 42.264257277336156 ], [ 43.048825861161802, 42.264288274157465 ], [ 43.048871567550144, 42.264366492412044 ], [ 43.048925105272808, 42.264450800320617 ], [ 43.048891205724068, 42.264509792809704 ], [ 43.048961693975194, 42.264564604469861 ], [ 43.048959490226302, 42.264636050960647 ], [ 43.048973684792387, 42.26469586101112 ], [ 43.049075317116383, 42.264780988189273 ], [ 43.049113558930266, 42.264841208323546 ], [ 43.049175480731591, 42.26491374507922 ], [ 43.049228101194089, 42.265027821929891 ], [ 43.049320432945414, 42.265154489029776 ], [ 43.04945596475374, 42.265180622357022 ], [ 43.049549031568773, 42.265283473481787 ], [ 43.049674896540559, 42.265363055084009 ], [ 43.049817526090592, 42.265419093422317 ], [ 43.050026485640707, 42.265404777582113 ], [ 43.050121939746873, 42.265430228459088 ], [ 43.050265488708739, 42.26545649718269 ], [ 43.05036057593793, 42.265493856220623 ], [ 43.050607779330619, 42.265539758159917 ], [ 43.050861897268973, 42.265621519116912 ], [ 43.051021845156043, 42.265636151995132 ], [ 43.051093802888744, 42.265643332532896 ], [ 43.05119109222202, 42.265609244325795 ], [ 43.051325525274208, 42.265671098764329 ], [ 43.051420246646856, 42.265720364404665 ], [ 43.051524818514658, 42.265710227987242 ], [ 43.051640680518673, 42.26572411073996 ], [ 43.051807910394359, 42.265762693671199 ], [ 43.051936713163094, 42.265747012228566 ], [ 43.052113059658538, 42.265750008525728 ], [ 43.05232330209499, 42.26569401099767 ], [ 43.052476152149218, 42.265678736568091 ], [ 43.052677645836866, 42.265646417170196 ], [ 43.052782582787692, 42.265624372104853 ], [ 43.052927049803898, 42.265620868391274 ], [ 43.053119428521526, 42.265624135413503 ], [ 43.053247679805864, 42.265626313228587 ], [ 43.053399062438508, 42.265658668348642 ], [ 43.05354971355159, 42.265714839149744 ], [ 43.05363042083291, 42.265698338341437 ], [ 43.053718776706646, 42.265693881020141 ], [ 43.05387780961648, 42.265738279981377 ], [ 43.054108802335797, 42.265789855601831 ], [ 43.054188043087883, 42.265820985210475 ], [ 43.054354177244122, 42.265895287834404 ], [ 43.054505011738463, 42.265945503193983 ], [ 43.054591721012237, 42.265994630259897 ], [ 43.054629236370474, 42.266078663636002 ], [ 43.0547066478304, 42.266169331246452 ], [ 43.054814327964557, 42.266318890304511 ], [ 43.054917435636185, 42.266356381648905 ], [ 43.054939469430408, 42.266422281264177 ], [ 43.055008682290463, 42.26651876687459 ], [ 43.05513510599053, 42.266580480975335 ], [ 43.055270277372308, 42.266618515022181 ], [ 43.05542839851006, 42.266692681069081 ], [ 43.055682893730641, 42.266762523154952 ], [ 43.055841564765188, 42.266818826959415 ], [ 43.056007519340909, 42.266899080544555 ], [ 43.056189507157974, 42.266979606629924 ], [ 43.056371495445497, 42.267060132434821 ], [ 43.056513037305031, 42.267151886015249 ], [ 43.056710692353626, 42.267244590561312 ], [ 43.056805238704634, 42.267299805193026 ], [ 43.056899418158721, 42.267366928128098 ], [ 43.05698576424826, 42.267427960928316 ], [ 43.057097257366735, 42.26745367782997 ], [ 43.057176137160212, 42.267496712958284 ], [ 43.057224964003105, 42.267473712974116 ], [ 43.057313689171103, 42.267457345447944 ], [ 43.057458707694373, 42.267435975280847 ], [ 43.057629421208041, 42.267361427261974 ], [ 43.057782090235541, 42.267352099999208 ], [ 43.057893400741911, 42.267383770333467 ], [ 43.057956430865964, 42.267420579134637 ], [ 43.05804296207981, 42.267475657877746 ], [ 43.058152992151584, 42.267549004670578 ], [ 43.058247540251628, 42.267604218145053 ], [ 43.058316942254855, 42.267694747665267 ], [ 43.058413134464359, 42.26769637675033 ], [ 43.058493294847004, 42.267697734263052 ], [ 43.058614449208001, 42.267670001201289 ], [ 43.058684765559036, 42.267730761283886 ], [ 43.0587386847007, 42.267803157378601 ], [ 43.058832868208093, 42.267870278797524 ], [ 43.058904098637335, 42.267901269523243 ], [ 43.05902397420693, 42.267915212777261 ], [ 43.059095204784057, 42.267946203386941 ], [ 43.059206334317842, 42.267983826684883 ], [ 43.059293414310268, 42.268021041875194 ], [ 43.05942859139558, 42.26805907202381 ], [ 43.059548650080032, 42.268067060529347 ], [ 43.05970040856144, 42.268087500004022 ], [ 43.059962929759415, 42.268157469335655 ], [ 43.060129442276789, 42.268219856306118 ], [ 43.06023783265875, 42.268346785455421 ], [ 43.06029138887839, 42.268431089280213 ], [ 43.060352961900911, 42.268515527810727 ], [ 43.060462267373467, 42.268612687529043 ], [ 43.060541333523531, 42.268649767099163 ], [ 43.060778166241498, 42.268772912095066 ], [ 43.060942855769056, 42.268894836446243 ], [ 43.061091512526289, 42.26901648941552 ], [ 43.061255290711188, 42.269168182601788 ], [ 43.06133089035815, 42.269318384494433 ], [ 43.061327787683879, 42.269419599815308 ], [ 43.061325415057695, 42.269496999182806 ], [ 43.061218647856755, 42.269578591388346 ], [ 43.061192043406578, 42.269661538264693 ], [ 43.061180012251121, 42.269792387278017 ], [ 43.061193671796303, 42.269870058661503 ], [ 43.061318464527631, 42.269985350458121 ], [ 43.061386779626162, 42.270111601722384 ], [ 43.061425401360992, 42.270159910478007 ], [ 43.061560584374746, 42.270197937318862 ], [ 43.061648581222805, 42.270205382431911 ], [ 43.061808361240622, 42.270225954749499 ], [ 43.061959578371031, 42.270264252189016 ], [ 43.062062330763744, 42.270313644808986 ], [ 43.062107510463235, 42.270409719877058 ], [ 43.062177103459248, 42.270494292979855 ], [ 43.062254713545009, 42.270579001544498 ], [ 43.062333965643312, 42.27061012572284 ], [ 43.062532734640307, 42.270667097979768 ], [ 43.062675389182999, 42.270723120768693 ], [ 43.062763752925321, 42.270718656630024 ], [ 43.062859949985814, 42.270720282079019 ], [ 43.062980196625595, 42.270722313781995 ], [ 43.06308331528416, 42.270759797979451 ], [ 43.06321103191609, 42.270779826639341 ], [ 43.063306864433535, 42.270793359252025 ], [ 43.063381017635884, 42.270729085194795 ], [ 43.063515839678175, 42.27077901823364 ], [ 43.063554463455198, 42.27082732630825 ], [ 43.06355172879173, 42.270916634197178 ], [ 43.0635335071292, 42.2709878095026 ], [ 43.063499253900694, 42.2710587140146 ], [ 43.063387023556729, 42.271056818266395 ], [ 43.063306311674197, 42.271073325842082 ], [ 43.063175859202978, 42.271142605142096 ], [ 43.063069091468108, 42.271224199041171 ], [ 43.062963236542586, 42.271276022670655 ], [ 43.062929528424014, 42.271329065222332 ], [ 43.06290292535413, 42.271412013402887 ], [ 43.062899824967587, 42.271513228780833 ], [ 43.062880874086083, 42.271608219042037 ], [ 43.062943000653526, 42.271674795422832 ], [ 43.063054684969899, 42.271694553377849 ], [ 43.063143050056581, 42.271690088974736 ], [ 43.063294817317768, 42.271710523859703 ], [ 43.063366602513049, 42.271723650193721 ], [ 43.063492496747543, 42.271803217137155 ], [ 43.063522193640942, 42.271881159119445 ], [ 43.063463706310955, 42.271957610667101 ], [ 43.063493220899034, 42.272041506873499 ], [ 43.063482286615077, 42.272136632638755 ], [ 43.063377523244633, 42.272152733993551 ], [ 43.063303915349458, 42.272199146248113 ], [ 43.063301544882613, 42.272276546568584 ], [ 43.063459142818822, 42.272368561901999 ], [ 43.063504326013863, 42.272464636460505 ], [ 43.063485374459077, 42.272559627699131 ], [ 43.063556796018588, 42.272584661467498 ], [ 43.063633316549378, 42.272705092665177 ], [ 43.063708925821309, 42.272855293104143 ], [ 43.063729328858813, 42.272974776432129 ], [ 43.063589945212591, 42.273073690013163 ], [ 43.063486457857017, 42.273048113735832 ], [ 43.063452931489635, 42.273095203098968 ], [ 43.063489733252432, 42.273203049770771 ], [ 43.063487362929642, 42.273280450086155 ], [ 43.063533458439196, 42.273346754450216 ], [ 43.063604515018447, 42.273383696617287 ], [ 43.063700169234508, 42.273403183194922 ], [ 43.063773050281576, 42.273380585808049 ], [ 43.063862145667173, 42.273352305808174 ], [ 43.063949236992947, 42.273389518556591 ], [ 43.064131982877633, 42.273446216561794 ], [ 43.064203039930035, 42.273483158366631 ], [ 43.064265169713202, 42.273549733176338 ], [ 43.064367017969808, 42.273628893145258 ], [ 43.064461945063265, 42.273672194196841 ], [ 43.064708825906131, 42.273729974946413 ], [ 43.064891755704366, 42.273780717550444 ], [ 43.065010732937509, 42.273824424990806 ], [ 43.065088715179677, 42.273897224208675 ], [ 43.065150845092127, 42.27396379854072 ], [ 43.065073774737563, 42.274123334908246 ], [ 43.065166880025814, 42.274226174890522 ], [ 43.065358193349397, 42.274265144546227 ], [ 43.065404654601039, 42.274319541537302 ], [ 43.065339061780094, 42.274366089431005 ], [ 43.06536876205449, 42.274444030973157 ], [ 43.065364572289994, 42.27458096997578 ], [ 43.065342891502993, 42.274765268576758 ], [ 43.065322484516869, 42.274907891196293 ], [ 43.065375507575276, 42.275010053691133 ], [ 43.065420329946356, 42.275118034172827 ], [ 43.065489569275556, 42.27521451385897 ], [ 43.065609094863845, 42.275240358045728 ], [ 43.065645537164173, 42.275360111631798 ], [ 43.065661939987635, 42.275467635014856 ], [ 43.066184953490712, 42.275628932684135 ], [ 43.066839148740399, 42.275871183525346 ], [ 43.067570703570667, 42.276129185231376 ], [ 43.068246564448849, 42.276299536609173 ], [ 43.069271630755672, 42.276504668523103 ], [ 43.06992717016103, 42.276703570784775 ], [ 43.070499627459284, 42.277074483721883 ], [ 43.071058429763276, 42.277893147237535 ], [ 43.071088886461432, 42.278818063376001 ], [ 43.07109314155344, 42.278984420469612 ], [ 43.071377877974527, 42.279768525742213 ], [ 43.072160423446299, 42.280423475917011 ], [ 43.07338187690975, 42.280856588157654 ], [ 43.07344241319386, 42.280866920105986 ], [ 43.074223449614571, 42.281000221446789 ], [ 43.074227135417523, 42.281000850722172 ], [ 43.07450908050302, 42.281182545556732 ], [ 43.074613228456883, 42.280769468094356 ], [ 43.074702156771188, 42.280417936768792 ], [ 43.074847310539418, 42.280000166743896 ], [ 43.075025119980602, 42.279694751042271 ], [ 43.075229224448748, 42.279318270967472 ], [ 43.075332538141524, 42.279087567394313 ], [ 43.075627633557332, 42.278685822029281 ], [ 43.075782931778804, 42.278330855862869 ], [ 43.075796545986776, 42.278080769857567 ], [ 43.075748330975976, 42.277686634941396 ], [ 43.075667609418332, 42.277372420644511 ], [ 43.075614833089162, 42.277130180938144 ], [ 43.075231029496727, 42.27688684190278 ], [ 43.074754679615971, 42.276717910896878 ], [ 43.074365167544642, 42.276662197759165 ], [ 43.073991810172565, 42.276669344589024 ], [ 43.073506752249941, 42.276786374464713 ], [ 43.073208577705508, 42.276893079734606 ], [ 43.072914758781906, 42.276856846301008 ], [ 43.072594558066214, 42.27669949168213 ], [ 43.072262843819615, 42.276524066179292 ], [ 43.071874963829742, 42.276218102530223 ], [ 43.071664361548258, 42.275821234690582 ], [ 43.071637159362162, 42.27553025196621 ], [ 43.071667212054713, 42.275334117112884 ], [ 43.071947868626694, 42.275209199779574 ], [ 43.072277186093324, 42.275067223583711 ], [ 43.072459996826197, 42.2750412087981 ], [ 43.072482938518988, 42.275030517454496 ], [ 43.072493598108096, 42.275024932997894 ], [ 43.072504195722352, 42.275019392527064 ], [ 43.072772180128126, 42.274820773249097 ], [ 43.07300648460906, 42.274636987054201 ], [ 43.073174067501625, 42.274469955410538 ], [ 43.073245960529036, 42.274283438972482 ], [ 43.073261623851707, 42.273966384851228 ], [ 43.07319243370307, 42.273670238887618 ], [ 43.0731717688139, 42.273361489876002 ], [ 43.07319479453821, 42.272999800905886 ], [ 43.073177949967366, 42.272762666715025 ], [ 43.07304436840743, 42.272603946751197 ], [ 43.072813602334477, 42.272474933006592 ], [ 43.072543861746738, 42.272439103422066 ], [ 43.072211555971222, 42.272482687510966 ], [ 43.072028641338093, 42.272560077963242 ], [ 43.071755223029037, 42.272644861652239 ], [ 43.071599362562345, 42.272624363708907 ], [ 43.071530049793857, 42.272529357957225 ], [ 43.071558058809771, 42.272400191401502 ], [ 43.071670435310288, 42.27226798607014 ], [ 43.071885721213349, 42.272115177146802 ], [ 43.072188506915758, 42.271856535719294 ], [ 43.072511193035453, 42.271535683140229 ], [ 43.072643393484675, 42.271345723045023 ], [ 43.072782681265757, 42.271120129111466 ], [ 43.072783292692186, 42.270901119615502 ], [ 43.072728216759465, 42.270734848248765 ], [ 43.072585848961694, 42.270468721561045 ], [ 43.072328184839947, 42.270231906103973 ], [ 43.072146263429509, 42.270087997235436 ], [ 43.071993348940623, 42.269967090258447 ], [ 43.071991860105001, 42.269966209674749 ], [ 43.07166229111067, 42.269769339748464 ], [ 43.071523461769033, 42.269588195450439 ], [ 43.07148693192817, 42.269404359019049 ], [ 43.071556780192935, 42.269284856898388 ], [ 43.071793661642388, 42.269212832632746 ], [ 43.072036329083012, 42.269149865895358 ], [ 43.072280024670988, 42.26905116310266 ], [ 43.072543214088661, 42.268903616124412 ], [ 43.072615918094407, 42.26869032143123 ], [ 43.07260172493951, 42.268368262323698 ], [ 43.072332257779976, 42.267930195005825 ], [ 43.071943612306711, 42.267651010609079 ], [ 43.071732845115847, 42.26745528316291 ], [ 43.071529350701866, 42.267223879797918 ], [ 43.071147120838575, 42.266931382041165 ], [ 43.070883263498501, 42.266703464831814 ], [ 43.07041973922685, 42.266512442419348 ], [ 43.070033565188943, 42.26634951237336 ], [ 43.069604327842455, 42.266020465311449 ], [ 43.069307367271705, 42.265693644271217 ], [ 43.069219465616271, 42.265419514789755 ], [ 43.069283724825276, 42.26508986065285 ], [ 43.069404213274474, 42.264689602611924 ], [ 43.069613338294566, 42.264130129152583 ], [ 43.069665950669133, 42.264001242057958 ], [ 43.069791673520818, 42.263627953838416 ], [ 43.069972460263195, 42.26342084805492 ], [ 43.07021503022527, 42.263362386283241 ], [ 43.070479702571305, 42.263362338078117 ], [ 43.07075744549207, 42.263331259228245 ], [ 43.070976172846244, 42.263263433902189 ], [ 43.071021824907497, 42.263147982709505 ], [ 43.071026183666781, 42.263005044616726 ], [ 43.071013713697553, 42.262821567640081 ], [ 43.070918114629428, 42.262600939107834 ], [ 43.070665919716525, 42.262189995387601 ], [ 43.070326042008666, 42.261692606006172 ], [ 43.07000578462246, 42.261146374435135 ], [ 43.069864810637135, 42.260835598981807 ], [ 43.069646362099753, 42.260304498847567 ], [ 43.06942958622669, 42.259915357227918 ], [ 43.069058617925897, 42.259551536248956 ], [ 43.068885282467335, 42.259316223137546 ], [ 43.06888075556698, 42.25916863251156 ], [ 43.068953625957519, 42.259049182668427 ], [ 43.06906308976253, 42.258912472644873 ], [ 43.069172448181298, 42.258681875662134 ], [ 43.06932106472162, 42.25834468102213 ], [ 43.069547067879832, 42.25803787781345 ], [ 43.069733729743433, 42.257933716920817 ], [ 43.069923690689748, 42.257820740580087 ], [ 43.069936228722106, 42.257803165263887 ], [ 43.070031478678459, 42.257669276953678 ], [ 43.070090310833208, 42.257586648756089 ], [ 43.07008724531201, 42.257565928924699 ], [ 43.070065386794155, 42.257414129046289 ], [ 43.070016015503974, 42.257160776314784 ], [ 43.069882609438984, 42.256997597526848 ], [ 43.069590245557563, 42.256720070802515 ], [ 43.069508179684085, 42.2566503352569 ], [ 43.069431904216465, 42.256585515239081 ], [ 43.069188903332737, 42.256563591790197 ], [ 43.069004428648277, 42.256596192830251 ], [ 43.068876339186836, 42.256652167659318 ], [ 43.06878258512625, 42.256766807886656 ], [ 43.068705478119476, 42.256832511947117 ], [ 43.068607786170794, 42.2568755799198 ], [ 43.068466369379244, 42.256877655417114 ], [ 43.06838324922996, 42.256840502178491 ], [ 43.068307755297845, 42.25675209948038 ], [ 43.068295526787665, 42.256660259790927 ], [ 43.068344215766459, 42.25654260927346 ], [ 43.068421756199399, 42.256367402647548 ], [ 43.06849466411208, 42.256147359264126 ], [ 43.068588266967375, 42.255942343849625 ], [ 43.068618823865798, 42.255840823270397 ], [ 43.068740953844873, 42.255664296204664 ], [ 43.068909160795812, 42.255554917588633 ], [ 43.069151704266261, 42.255482453477889 ], [ 43.069422278955656, 42.255395151054465 ], [ 43.069600752795616, 42.255173687395789 ], [ 43.069601159235276, 42.254933870638126 ], [ 43.069554923665443, 42.254647384163093 ], [ 43.069395648713176, 42.254466117895312 ], [ 43.069319482938759, 42.254260719586263 ], [ 43.069101156778146, 42.253986644687721 ], [ 43.068776545450383, 42.253598522224578 ], [ 43.06848103071281, 42.253379206854355 ], [ 43.06819895641614, 42.253170383759461 ], [ 43.068093639944593, 42.253020644423856 ], [ 43.068234961339193, 42.252890370608249 ], [ 43.068398341036087, 42.252714538809279 ], [ 43.068577528763427, 42.252467557304492 ], [ 43.068528714148307, 42.252267752461208 ], [ 43.068448665763377, 42.251965340984242 ], [ 43.06839982216659, 42.251895578930615 ], [ 43.068339513927505, 42.251822156480259 ], [ 43.068288318132836, 42.251759964626281 ], [ 43.068270143111206, 42.251737864439754 ], [ 43.067908086532469, 42.251451143941686 ], [ 43.067616069870667, 42.251119673338508 ], [ 43.067329906308842, 42.250818920275492 ], [ 43.066983203338843, 42.250476304661035 ], [ 43.066694466712882, 42.250037763317565 ], [ 43.066625159740909, 42.249832478780228 ], [ 43.066521410142762, 42.249631746667646 ], [ 43.066295391917116, 42.249388156243228 ], [ 43.066096444978214, 42.249155198515794 ], [ 43.066034201873045, 42.248944944488258 ], [ 43.06606181006439, 42.248715807943867 ], [ 43.066163865059259, 42.248523634972059 ], [ 43.066066099181121, 42.248442555013533 ], [ 43.065962895405711, 42.248356970413248 ], [ 43.06584230473154, 42.24806094263991 ], [ 43.065841514447101, 42.24805903809537 ], [ 43.065773039783338, 42.248052749656672 ], [ 43.065692539491778, 42.248041350149308 ], [ 43.06569103061949, 42.248041144578039 ], [ 43.065253144340453, 42.247987826835335 ], [ 43.065017893495579, 42.2478205821361 ], [ 43.064750480649565, 42.247581378296893 ], [ 43.064745542314455, 42.247570442983204 ], [ 43.064733853870379, 42.247544399117238 ], [ 43.064686243865481, 42.247438498090624 ], [ 43.064648794219437, 42.247355102872916 ], [ 43.064637217367206, 42.247329376082327 ], [ 43.064613440036084, 42.247276516075218 ], [ 43.064602603884666, 42.247252332765967 ], [ 43.064586083343293, 42.247221794486975 ], [ 43.064548913558056, 42.247153038345552 ], [ 43.06451931297967, 42.24709836892027 ], [ 43.064493728295702, 42.247051106987712 ], [ 43.064449098364989, 42.246968671183346 ], [ 43.064426326377514, 42.246926544981434 ], [ 43.064375389977158, 42.246832340202523 ], [ 43.064368622147192, 42.246819797975064 ], [ 43.064356326735393, 42.246773976141561 ], [ 43.064345021191315, 42.246731458126391 ], [ 43.064323702875384, 42.24665171229686 ], [ 43.064316309966955, 42.246623939749988 ], [ 43.064310709533423, 42.246602951797115 ], [ 43.064287708969374, 42.246516783456975 ], [ 43.064270030777209, 42.246450787852389 ], [ 43.064263496860647, 42.246406819404697 ], [ 43.06424782705524, 42.246300917080717 ], [ 43.06423858516834, 42.246238486096445 ], [ 43.06423787753851, 42.246233881202791 ], [ 43.064229288229988, 42.246175874065898 ], [ 43.064228173096069, 42.246168740674371 ], [ 43.064216969434241, 42.246093173159302 ], [ 43.064205311483605, 42.246014626065637 ], [ 43.064201687998342, 42.245990429403683 ], [ 43.064199909232059, 42.245965363309267 ], [ 43.064194366425532, 42.245887009516402 ], [ 43.064189626274192, 42.245820061583395 ], [ 43.064186923715241, 42.245781606310601 ], [ 43.064185530445798, 42.245761770075141 ], [ 43.06418403117236, 42.245741436732047 ], [ 43.064182515372849, 42.245719662185351 ], [ 43.064194005407231, 42.245546089686634 ], [ 43.064208119025828, 42.245332305646208 ], [ 43.064081197598206, 42.245217950694311 ], [ 43.064065978714829, 42.245182526162012 ], [ 43.064060889237282, 42.245170597628167 ], [ 43.064010607171213, 42.245053078749116 ], [ 43.064008627555147, 42.245048452375549 ], [ 43.064004218160761, 42.245038066304836 ], [ 43.064009086921388, 42.244878881310214 ], [ 43.064011137928361, 42.244811822885808 ], [ 43.064011237037242, 42.24480858247869 ], [ 43.064198103660559, 42.244536205775667 ], [ 43.064261290501314, 42.244491343098424 ], [ 43.06430341501212, 42.244461434626388 ], [ 43.064721133442447, 42.244723619796027 ], [ 43.064946363379661, 42.244768262440545 ], [ 43.065071550556723, 42.244719312386671 ], [ 43.065108578712525, 42.244628123336689 ], [ 43.065132083398225, 42.244634373747132 ], [ 43.065140800259385, 42.24463668223455 ], [ 43.065149456549506, 42.244638989699176 ], [ 43.065197393649456, 42.244644931934253 ], [ 43.065500630937827, 42.244709036471441 ], [ 43.065695422627009, 42.244750237202645 ], [ 43.065950178616156, 42.2447290484183 ], [ 43.066225937146925, 42.244692858438363 ], [ 43.066379590519787, 42.244608724161161 ], [ 43.066534022945376, 42.244499071423121 ], [ 43.066602493869404, 42.244505359333616 ], [ 43.066671278218969, 42.244501385897685 ], [ 43.067417217824762, 42.244585422346603 ], [ 43.068213062408219, 42.244609010434509 ], [ 43.068310373588254, 42.244569853748942 ], [ 43.068486019137012, 42.244440157658808 ], [ 43.068680702475881, 42.244361799733639 ], [ 43.068982245478466, 42.244382188480962 ], [ 43.069131634434086, 42.244435722117665 ], [ 43.069207945650732, 42.244411475815845 ], [ 43.069293622410605, 42.244408010412606 ], [ 43.069297322770382, 42.244407892607484 ], [ 43.069647432397765, 42.244340075245866 ], [ 43.06970706427925, 42.244332163465742 ], [ 43.069715582726218, 42.244331046067664 ], [ 43.070008140518958, 42.244292337994736 ], [ 43.070016117928887, 42.244291076380335 ], [ 43.070339300015725, 42.244241760804442 ], [ 43.070400396804381, 42.244038672956641 ], [ 43.070447957757914, 42.243830314036174 ], [ 43.07114741082065, 42.243637966857925 ], [ 43.071529083270413, 42.243506643554944 ], [ 43.07204979870766, 42.243770489410565 ], [ 43.072275651858156, 42.243794730034118 ], [ 43.072793025935916, 42.243716656734271 ], [ 43.073344586433358, 42.243644288852288 ], [ 43.073885654032765, 42.243464618212286 ], [ 43.074253941884635, 42.243322839387346 ], [ 43.074534422771343, 42.243358169594316 ], [ 43.075084212638927, 42.243341869633596 ], [ 43.075644712183205, 42.243427782351574 ], [ 43.076418160375539, 42.243282619332028 ], [ 43.076850548290658, 42.24306535830604 ], [ 43.077362275145383, 42.242721904082678 ], [ 43.077590730939853, 42.242434892753558 ], [ 43.077738049288797, 42.242105679430416 ], [ 43.077886292539311, 42.241745951769566 ], [ 43.078153452203175, 42.241541225573016 ], [ 43.078437023349728, 42.241474562394764 ], [ 43.078755496130618, 42.241388040192398 ], [ 43.079452516859249, 42.241272150521851 ], [ 43.08046353899465, 42.240993150547574 ], [ 43.081415906914472, 42.240835638955801 ], [ 43.081781939898733, 42.240765213972914 ], [ 43.082007896531877, 42.240559789367865 ], [ 43.082311898717045, 42.240498546597436 ], [ 43.082679781209208, 42.240366955286589 ], [ 43.082863003098616, 42.240211832180471 ], [ 43.08286474494804, 42.240186329874447 ], [ 43.082864391885956, 42.240165970873079 ], [ 43.082865474020267, 42.240130235958105 ], [ 43.083527728178851, 42.240029094960072 ], [ 43.083956305920893, 42.239934176954989 ], [ 43.084811047176089, 42.239826023400042 ], [ 43.085642571628064, 42.23980420165843 ], [ 43.085959485166349, 42.239768651151984 ], [ 43.086001441377974, 42.239743865126087 ], [ 43.086029496292575, 42.239723890281638 ], [ 43.086027089444464, 42.239609071210104 ], [ 43.086023917945383, 42.239453398077551 ], [ 43.086248191615695, 42.238849970653412 ], [ 43.086250074575254, 42.238845814384831 ], [ 43.086437903887798, 42.238437564320137 ], [ 43.086439261481587, 42.238434750150176 ], [ 43.086584911387966, 42.238247113410857 ], [ 43.086625516981528, 42.23819479188731 ], [ 43.08664645057744, 42.238167808609681 ], [ 43.08690496678085, 42.238019068665018 ], [ 43.086961442367276, 42.237968948055908 ], [ 43.086990419520291, 42.237918413659891 ], [ 43.087135489979765, 42.237890259265178 ], [ 43.087465988065986, 42.23786001945065 ], [ 43.087754183829858, 42.237906207877465 ], [ 43.087821242406449, 42.237916962440039 ], [ 43.087833777623608, 42.237919242823416 ], [ 43.088127008095945, 42.237973304295203 ], [ 43.08833382473756, 42.238011424973095 ], [ 43.088551911816175, 42.23805157935341 ], [ 43.088880113185127, 42.238125539326703 ], [ 43.089261159872187, 42.238211411118698 ], [ 43.089267128781152, 42.238212411167254 ], [ 43.089642062325517, 42.238271972939941 ], [ 43.089701042403831, 42.238281376023721 ], [ 43.089706591435551, 42.238282233966991 ], [ 43.08974030959471, 42.238287388684356 ], [ 43.089780449447552, 42.238296612929645 ], [ 43.090269876049852, 42.238385502705206 ], [ 43.090306277730122, 42.238392097851332 ], [ 43.090846718615637, 42.238457203946588 ], [ 43.090926155360322, 42.238278545631815 ], [ 43.090927841369826, 42.238274881324742 ], [ 43.091283482561849, 42.238092040538845 ], [ 43.091864565063432, 42.237948613567227 ], [ 43.092074426059696, 42.237903879742781 ], [ 43.092098882637124, 42.237898658067323 ], [ 43.092597094673685, 42.237792483296097 ], [ 43.092680617094679, 42.237773699685725 ], [ 43.092977309556154, 42.237706903424417 ], [ 43.093158500936639, 42.237618102677246 ], [ 43.093324797718672, 42.237703946684228 ], [ 43.093867190556054, 42.237983904451724 ], [ 43.093888134995218, 42.237994699367974 ], [ 43.094118578094879, 42.238113669241855 ], [ 43.094810471715164, 42.238395612144899 ], [ 43.095365835103884, 42.238649706547335 ], [ 43.095706859676838, 42.238726831919415 ], [ 43.095908031348912, 42.238658711787529 ], [ 43.095899496514591, 42.238485118258858 ], [ 43.095952894077925, 42.238307419885103 ], [ 43.096010589161338, 42.23821651874659 ], [ 43.09603440165003, 42.238109790110876 ], [ 43.096298727777707, 42.237996833381544 ], [ 43.096508983998326, 42.238081961702079 ], [ 43.096663141624987, 42.238206954722514 ], [ 43.096833347055693, 42.238255709586888 ], [ 43.096938402120976, 42.23841564025166 ], [ 43.097111008816206, 42.238612354909691 ], [ 43.097218670303164, 42.238685602667388 ], [ 43.097456479654021, 42.23854158349058 ], [ 43.098039275916996, 42.237882886408002 ], [ 43.098040537268886, 42.237881241256837 ], [ 43.098238959959431, 42.237636152328101 ], [ 43.098559272905028, 42.237258807850168 ], [ 43.099270393778035, 42.237586927331627 ], [ 43.099786206190494, 42.237784238549274 ], [ 43.100349467218024, 42.23800786503655 ], [ 43.100655888892319, 42.237864975892812 ], [ 43.100774685434267, 42.237763061696725 ], [ 43.100803734531461, 42.237762282047143 ], [ 43.100886879039336, 42.237760056872482 ], [ 43.101080883326794, 42.237754849561071 ], [ 43.101084886107387, 42.237754735735919 ], [ 43.101541800690242, 42.237859249417333 ], [ 43.101795389183231, 42.237873669455098 ], [ 43.102147329789688, 42.237813167520073 ], [ 43.102369389440334, 42.237735205167887 ], [ 43.102632176967425, 42.237448711390975 ], [ 43.103431070403623, 42.237594584035186 ], [ 43.104304950559595, 42.238221295298935 ], [ 43.104492854083816, 42.238367278945169 ], [ 43.104557294357818, 42.238506088072654 ], [ 43.104652472407587, 42.238767884265066 ], [ 43.104668026326372, 42.238936549993113 ], [ 43.1051278503665, 42.238731255348789 ], [ 43.105435534307318, 42.238736339717207 ], [ 43.105788228013424, 42.238951852696964 ], [ 43.106145483612053, 42.239014940975515 ], [ 43.106453167900767, 42.239020022621602 ], [ 43.10686797307455, 42.23887437316921 ], [ 43.107442312054502, 42.238540732262258 ], [ 43.107915793757279, 42.238148237271069 ], [ 43.108307226611494, 42.237925948266671 ], [ 43.108648395291773, 42.237495906752422 ], [ 43.10864079143537, 42.237494941082758 ], [ 43.10857412721279, 42.237493841419514 ], [ 43.108517492861573, 42.237500531494895 ], [ 43.108432880391909, 42.237499135667683 ], [ 43.108345933647172, 42.23749007694677 ], [ 43.108228673437701, 42.237465267583801 ], [ 43.108162180050037, 42.237458451808749 ], [ 43.108096371063944, 42.237428772524474 ], [ 43.107986233666388, 42.237423142142404 ], [ 43.107948001786134, 42.237414886952187 ], [ 43.107900367703039, 42.237377882242534 ], [ 43.107883331717041, 42.237347101133651 ], [ 43.107859228938182, 42.237295235172645 ], [ 43.107793305185055, 42.237269365981177 ], [ 43.107741113170391, 42.237213224284538 ], [ 43.107716556239787, 42.237176600340433 ], [ 43.107705500839167, 42.237117324449109 ], [ 43.107706867453196, 42.237071597474859 ], [ 43.107718831947061, 42.237014608018413 ], [ 43.107735980872775, 42.236955797589061 ], [ 43.107737404406983, 42.23690816502198 ], [ 43.107748230008838, 42.236889281974044 ], [ 43.107762415926835, 42.236843766553868 ], [ 43.107766232967776, 42.236801892176558 ], [ 43.107760135452544, 42.236748416797596 ], [ 43.10779181383802, 42.2367184395913 ], [ 43.107800872199775, 42.236672839546621 ], [ 43.107754377535869, 42.236597729268169 ], [ 43.107685606685472, 42.236581344781904 ], [ 43.107628687129065, 42.23659756146732 ], [ 43.107583561223215, 42.236562504549795 ], [ 43.107561226080023, 42.236537354622158 ], [ 43.107544815657, 42.236485615549725 ], [ 43.107578602767404, 42.236470923649527 ], [ 43.107656431895123, 42.236441708163724 ], [ 43.107624239242377, 42.236403051647294 ], [ 43.107578657898685, 42.23638323765536 ], [ 43.107514617388553, 42.236380274151891 ], [ 43.107458666086011, 42.236364101116251 ], [ 43.107406703280887, 42.236386118197593 ], [ 43.107304545537772, 42.236371088025308 ], [ 43.107254376827349, 42.236375978577712 ], [ 43.107179339776827, 42.236397614659715 ], [ 43.107104188767472, 42.236423060971759 ], [ 43.107059518862059, 42.23645854220365 ], [ 43.107030632464323, 42.236480940079609 ], [ 43.106973598899046, 42.236500967618568 ], [ 43.106898675558256, 42.236518792331537 ], [ 43.106795320162661, 42.236543773670526 ], [ 43.106738343476039, 42.236561894599689 ], [ 43.10665669547911, 42.236547203401578 ], [ 43.106627808900939, 42.236569601172015 ], [ 43.106588780114258, 42.236588018394841 ], [ 43.106562456597757, 42.236610459373232 ], [ 43.106534139732155, 42.236613803923802 ], [ 43.106454885153425, 42.236604869896297 ], [ 43.106383094479305, 42.236603684301606 ], [ 43.106300991872594, 42.236604234884801 ], [ 43.106263045664519, 42.236586452099822 ], [ 43.106201910085844, 42.236572098457906 ], [ 43.106095022599611, 42.236543646076719 ], [ 43.105965172600584, 42.236511001229594 ], [ 43.105901360033258, 42.236500416268612 ], [ 43.105850251552376, 42.236493853299251 ], [ 43.105752537519272, 42.236501769915698 ], [ 43.105713280518117, 42.236527808290852 ], [ 43.10564445209247, 42.236513328160598 ], [ 43.1055981302787, 42.236518281542679 ], [ 43.105541382512598, 42.236528781336958 ], [ 43.105466742591688, 42.236537078943485 ], [ 43.10540218776265, 42.236551261833249 ], [ 43.105337292015498, 42.236576877335175 ], [ 43.105273250248985, 42.236573912557809 ], [ 43.105139754161911, 42.2365774252007 ], [ 43.10505252293305, 42.236577890134726 ], [ 43.104947344967847, 42.236578058389966 ], [ 43.104850142752419, 42.236568826623198 ], [ 43.104788323190938, 42.236577335685155 ], [ 43.1047424004704, 42.236568952306513 ], [ 43.104691293311681, 42.23656238794171 ], [ 43.10460429025963, 42.236555231085369 ], [ 43.10448674816648, 42.236539944991698 ], [ 43.104415413986622, 42.236523515269319 ], [ 43.104374333621465, 42.236524742648079 ], [ 43.104302886596749, 42.236512124050812 ], [ 43.104203234345377, 42.236499039069059 ], [ 43.10407589397569, 42.236468340108537 ], [ 43.103950717468024, 42.236451020699768 ], [ 43.103912600873649, 42.236438953011366 ], [ 43.103847079102785, 42.236399744290914 ], [ 43.103781159203862, 42.236373872860021 ], [ 43.103676780475851, 42.236347366246015 ], [ 43.103620944396035, 42.236327380184591 ], [ 43.103480727183175, 42.236298374123308 ], [ 43.103407171652321, 42.236270469652034 ], [ 43.103292594264737, 42.236241887463265 ], [ 43.103188786772783, 42.236196326353031 ], [ 43.103031021829054, 42.236153685542035 ], [ 43.102992563105268, 42.236153049268644 ], [ 43.102913252596558, 42.236146018399253 ], [ 43.102854968004088, 42.236122179294256 ], [ 43.102803574735631, 42.236125142006429 ], [ 43.10275566045523, 42.236097661378594 ], [ 43.102682333838253, 42.236062135910771 ], [ 43.102657436532944, 42.236036942636133 ], [ 43.102609750739134, 42.236001841408175 ], [ 43.10253112561994, 42.235971946855294 ], [ 43.102472727123569, 42.235951918731963 ], [ 43.10244270132776, 42.235926640539105 ], [ 43.102415412371784, 42.235895688941405 ], [ 43.102375417314448, 42.235860714893647 ], [ 43.10237371072246, 42.2358320931978 ], [ 43.102371831619841, 42.235809187337217 ], [ 43.102380893716266, 42.235763587789926 ], [ 43.102395140295727, 42.235716167512827 ], [ 43.102386027499236, 42.235677892395273 ], [ 43.102387397884534, 42.235632165550257 ], [ 43.102369964156139, 42.235614720052915 ], [ 43.102357773191976, 42.23559355006109 ], [ 43.102359029402592, 42.235551633486544 ], [ 43.102342395074075, 42.235507515192545 ], [ 43.102341372494081, 42.235456030052347 ], [ 43.102342914201607, 42.235404587351013 ], [ 43.102351348160653, 42.235379945640091 ], [ 43.102371065829523, 42.235321178527798 ], [ 43.102382463722009, 42.235283242855161 ], [ 43.102376085379326, 42.235239293397512 ], [ 43.102387025262168, 42.235216599686247 ], [ 43.102403264988673, 42.235188274993178 ], [ 43.10240446404454, 42.235148263999974 ], [ 43.102418426157797, 42.235110370759237 ], [ 43.102409426422817, 42.235068284450186 ], [ 43.102400712178323, 42.235016672013238 ], [ 43.102383394008136, 42.234995416268703 ], [ 43.102363396152704, 42.234977929234184 ], [ 43.10239291273168, 42.234934574728278 ], [ 43.10241707236618, 42.234898755881304 ], [ 43.102459863345388, 42.234840370596615 ], [ 43.102537808065321, 42.234807348334186 ], [ 43.102581055594747, 42.23473372101428 ], [ 43.102623333706227, 42.234692483253639 ], [ 43.102708968510775, 42.234659588125467 ], [ 43.102791583483473, 42.234641893410917 ], [ 43.102879724116001, 42.234610945246239 ], [ 43.10293692839285, 42.234585204771257 ], [ 43.103019714471465, 42.234561793130005 ], [ 43.103161411548349, 42.234541262534847 ], [ 43.10323259569747, 42.234540485845201 ], [ 43.103274151476811, 42.234534025351529 ], [ 43.103391812023233, 42.234523819179579 ], [ 43.103445440092983, 42.234499687172288 ], [ 43.103507250652335, 42.23449141643016 ], [ 43.103553442707167, 42.234490751210366 ], [ 43.103618863652336, 42.234490403098228 ], [ 43.103694754392137, 42.234493802509157 ], [ 43.103754127895698, 42.234502648305707 ], [ 43.103849194556773, 42.234492068009239 ], [ 43.103932156209972, 42.234484146809663 ], [ 43.103983946379628, 42.234489292679726 ], [ 43.104057485802791, 42.234506949699984 ], [ 43.104115643060787, 42.23449218446779 ], [ 43.104178286924018, 42.234488216611055 ], [ 43.104209331203052, 42.234479436794494 ], [ 43.104255865496924, 42.234467339565448 ], [ 43.104311202811658, 42.234450383325935 ], [ 43.10438115394242, 42.234427234906093 ], [ 43.104436619506174, 42.23440599215693 ], [ 43.104479286569131, 42.234394545065463 ], [ 43.104514433152261, 42.234377255844578 ], [ 43.10453697375614, 42.234363331732517 ], [ 43.104564257707402, 42.234351630311281 ], [ 43.104589640764651, 42.234339182399168 ], [ 43.10463378155162, 42.234310603533636 ], [ 43.104679932511594, 42.234279199432613 ], [ 43.104692025828086, 42.234260813129303 ], [ 43.104725248821111, 42.234243491146223 ], [ 43.104740952625264, 42.234233028393973 ], [ 43.104753857945774, 42.234219660037091 ], [ 43.104789239603257, 42.23419451073854 ], [ 43.104793427505108, 42.234183142573734 ], [ 43.1047983638639, 42.234146766823791 ], [ 43.104787575035544, 42.234121569443445 ], [ 43.104768175753925, 42.234094799617729 ], [ 43.104732518499489, 42.234064901712372 ], [ 43.10471076926585, 42.234052390666477 ], [ 43.104691156200197, 42.234032765209562 ], [ 43.104681200847523, 42.234011871065825 ], [ 43.104650754470725, 42.234000644569953 ], [ 43.104624475813822, 42.233978765535817 ], [ 43.104586959367367, 42.233946692567713 ], [ 43.104563844025677, 42.233915571809071 ], [ 43.104518997864048, 42.233903393078343 ], [ 43.104485519048197, 42.233897120940902 ], [ 43.104452532148393, 42.233874415909156 ], [ 43.104439061138706, 42.23385846635518 ], [ 43.104407632932762, 42.233847939525837 ], [ 43.104370800352619, 42.233825170893688 ], [ 43.104326511633182, 42.233794415101613 ], [ 43.104289636348284, 42.233773074960283 ], [ 43.104244085286773, 42.233752306428812 ], [ 43.104203321532523, 42.23373233209346 ], [ 43.104164715380598, 42.233704529539565 ], [ 43.104137390927946, 42.233685492448842 ], [ 43.10409322954483, 42.233650450102701 ], [ 43.104055670791993, 42.233619805484075 ], [ 43.104018197617741, 42.233586303822307 ], [ 43.103988137832253, 42.233562216934367 ], [ 43.103960576967275, 42.233551038869884 ], [ 43.103924813453894, 42.233524712463627 ], [ 43.103905115193221, 42.233507945710272 ], [ 43.103874777361028, 42.233493147295917 ], [ 43.103838210905465, 42.233477530809452 ], [ 43.103798409188727, 42.233457572239452 ], [ 43.103767985826082, 42.23344563172892 ], [ 43.103733909331673, 42.233427197040648 ], [ 43.103713997209432, 42.233417574633584 ], [ 43.103681500631247, 42.233410604345003 ], [ 43.103652765420364, 42.233406554700863 ], [ 43.103605869189025, 42.233398630277868 ], [ 43.103572690285723, 42.23338235557231 ], [ 43.103544403238615, 42.23336330151912 ], [ 43.103512036320325, 42.233352043857074 ], [ 43.103493939505228, 42.233346025844916 ], [ 43.103461636793639, 42.233332624945916 ], [ 43.103441917338046, 42.233316571923694 ], [ 43.103429696697205, 42.233307076687353 ], [ 43.103404914226573, 42.233299518853819 ], [ 43.103360047357178, 42.233288053489304 ], [ 43.10332761631868, 42.233278938999383 ], [ 43.10330212773524, 42.233262791424089 ], [ 43.103269461319542, 42.233261536001919 ], [ 43.103246077478154, 42.233255430493067 ], [ 43.103231827624953, 42.233249476076452 ], [ 43.103202193778642, 42.233243267169399 ], [ 43.103174655815664, 42.233231374233384 ], [ 43.103151005136667, 42.233218116374992 ], [ 43.103126542576291, 42.233199840548849 ], [ 43.10306356011872, 42.233183071746801 ], [ 43.102995876065279, 42.233162651618038 ], [ 43.102933854195548, 42.233145898637083 ], [ 43.10287582905972, 42.233124209019408 ], [ 43.102819575186338, 42.233107551410065 ], [ 43.102771847201232, 42.233095324314966 ], [ 43.102738496215018, 42.233084765214031 ], [ 43.102711108278022, 42.233067870117473 ], [ 43.102668443426836, 42.233047148718363 ], [ 43.102649536115344, 42.233036113530517 ], [ 43.102618001609841, 42.233029157960125 ], [ 43.102585655238038, 42.233017185315191 ], [ 43.102559420538043, 42.232993876411889 ], [ 43.102538676662171, 42.232979951467627 ], [ 43.102500883574542, 42.232957165440105 ], [ 43.10245802617672, 42.232942874531211 ], [ 43.102438242850532, 42.232928965464893 ], [ 43.102408974425849, 42.232910609952796 ], [ 43.102373936903128, 42.232892158956453 ], [ 43.102353899656812, 42.232854655839361 ], [ 43.102342576738117, 42.232847320529793 ], [ 43.102318904989488, 42.232834776312465 ], [ 43.102294699754005, 42.232807926528181 ], [ 43.102284659759576, 42.232789889220825 ], [ 43.102275112225342, 42.23275541904551 ], [ 43.102278147840252, 42.23271829778124 ], [ 43.102278940064309, 42.232691861711942 ], [ 43.102285522772355, 42.232664807316702 ], [ 43.102273645012403, 42.232643880245568 ], [ 43.102254183011574, 42.232619253240202 ], [ 43.102251022524094, 42.232596326158777 ], [ 43.102247776392495, 42.232576257006386 ], [ 43.102259934263081, 42.232555728640421 ], [ 43.102275061732833, 42.232532389174416 ], [ 43.102285318811298, 42.232511113384014 ], [ 43.102299634415061, 42.232482756846217 ], [ 43.102313225013418, 42.232446525329181 ], [ 43.102322327648352, 42.232431664184027 ], [ 43.102342497928213, 42.232400545189194 ], [ 43.102361235466041, 42.232385128435794 ], [ 43.102374269334589, 42.232367473901164 ], [ 43.102393392216207, 42.23233919690955 ], [ 43.102409245797148, 42.232323732419935 ], [ 43.102432790618614, 42.232308396112508 ], [ 43.102445824477897, 42.232290740668674 ], [ 43.102474219456688, 42.232274054494276 ], [ 43.102495669579973, 42.232264401301961 ], [ 43.102505840877868, 42.232245984318347 ], [ 43.102518831900667, 42.232229757380175 ], [ 43.102539109036833, 42.232195066609336 ], [ 43.102550262250951, 42.232175949908033 ], [ 43.102575154042, 42.232147768349279 ], [ 43.10260604911673, 42.232111823146418 ], [ 43.102623975847791, 42.232091389299931 ], [ 43.102632180861484, 42.232074368990467 ], [ 43.102671707432798, 42.23203928075916 ], [ 43.102698168888026, 42.232006836575842 ], [ 43.102709107947099, 42.23199486513235 ], [ 43.102738721297214, 42.231969621010009 ], [ 43.102771602307591, 42.231963731314274 ], [ 43.102800593660604, 42.231959207374921 ], [ 43.102807601456554, 42.231950030222343 ], [ 43.102807240293679, 42.231930008817535 ], [ 43.102812774149903, 42.231905796380545 ], [ 43.102849993025053, 42.231883537415264 ], [ 43.1028755240078, 42.231866088691106 ], [ 43.102908961458056, 42.231841621955873 ], [ 43.102931587093479, 42.231824840211942 ], [ 43.102971989408381, 42.23179262661116 ], [ 43.102999550748791, 42.231771637040936 ], [ 43.103009593416914, 42.231757506452695 ], [ 43.103031492707515, 42.231732849692413 ], [ 43.103038032190469, 42.231707223756551 ], [ 43.103047625569168, 42.23167592964883 ], [ 43.103059036538895, 42.231648240018885 ], [ 43.103072923560283, 42.231634173024332 ], [ 43.103095528907474, 42.231618105072791 ], [ 43.10313447709224, 42.231602308378065 ], [ 43.103176330558789, 42.231585844669084 ], [ 43.103221965405886, 42.231571587782526 ], [ 43.10324848045191, 42.231553441090817 ], [ 43.103256621032976, 42.231538563953833 ], [ 43.103273798481936, 42.231510968789451 ], [ 43.103294480306793, 42.231494869880088 ], [ 43.103316380605079, 42.231470213080286 ], [ 43.103324499753676, 42.231456050645626 ], [ 43.103332982678715, 42.231429741776424 ], [ 43.103348259254837, 42.231401400995935 ], [ 43.103360282366701, 42.231369288795833 ], [ 43.103368017532162, 42.231335819636762 ], [ 43.103376500421298, 42.231309510763133 ], [ 43.103390559689167, 42.23128972788313 ], [ 43.10341122000662, 42.231274343658015 ], [ 43.10342901665441, 42.231258196100292 ], [ 43.103453565334775, 42.231241446058462 ], [ 43.10347337091499, 42.231222473274947 ], [ 43.103485506740647, 42.23120265856906 ], [ 43.103495934355827, 42.231175666789369 ], [ 43.103509073428143, 42.231154439450876 ], [ 43.103534669325541, 42.231134847364352 ], [ 43.103560178413353, 42.231118113183705 ], [ 43.103590388977274, 42.231105031164624 ], [ 43.103606348934065, 42.231085993854023 ], [ 43.103618484690905, 42.231066179132263 ], [ 43.103625813182532, 42.231046284903371 ], [ 43.103635855591925, 42.231032154253448 ], [ 43.10365145177542, 42.23102526427278 ], [ 43.103666214641883, 42.231014071036675 ], [ 43.103671620937291, 42.230994145014684 ], [ 43.10367702601787, 42.230974218972278 ], [ 43.103693690878906, 42.230963771349543 ], [ 43.103711445776199, 42.230949053180211 ], [ 43.103730268093756, 42.230930779151748 ], [ 43.103746825960954, 42.230923904161351 ], [ 43.103778723249839, 42.230918712966961 ], [ 43.103792396006533, 42.230911791158434 ], [ 43.103813932250389, 42.230899279791451 ], [ 43.103839163062659, 42.23089183405061 ], [ 43.103860442558847, 42.230887897372519 ], [ 43.103874329232802, 42.230873830272174 ], [ 43.103897061229027, 42.230853475682011 ], [ 43.10391665265297, 42.230841647197352 ], [ 43.103950537435743, 42.230834344534692 ], [ 43.103970545523616, 42.230824667216261 ], [ 43.103983363508959, 42.230814156840708 ], [ 43.10399552170248, 42.230793627386461 ], [ 43.104022184739556, 42.230770478424695 ], [ 43.104043826608631, 42.230754395251175 ], [ 43.104048014393292, 42.23074302710522 ], [ 43.104066752231951, 42.230727610070637 ], [ 43.10408328737612, 42.230721450618034 ], [ 43.104112300682473, 42.230716211644385 ], [ 43.104126123102446, 42.23070428773611 ], [ 43.104158405260556, 42.230686235283542 ], [ 43.104180689148087, 42.230680885027951 ], [ 43.10423582942822, 42.230670359303033 ], [ 43.104268239848842, 42.23064802036842 ], [ 43.104314281335256, 42.230620188087308 ], [ 43.104361026622946, 42.230600945466392 ], [ 43.104424776784548, 42.230591992114626 ], [ 43.104472974938083, 42.230588499429125 ], [ 43.104487224323833, 42.230594453684375 ], [ 43.104506088470401, 42.230606917982342 ], [ 43.104529012021004, 42.230612300562399 ], [ 43.104571975255169, 42.230623018937905 ], [ 43.10460296381833, 42.230632109230811 ], [ 43.104655240979909, 42.230652988802539 ], [ 43.104692800065365, 42.230651465350228 ], [ 43.104722902078173, 42.23064195474506 ], [ 43.10474655263242, 42.230623045291502 ], [ 43.104769903843469, 42.230614138152589 ], [ 43.104796993674363, 42.230608867212581 ], [ 43.10483933738756, 42.230608136955979 ], [ 43.104871576525234, 42.230591513714508 ], [ 43.104884481048444, 42.230578145319392 ], [ 43.104902982225909, 42.230570588117594 ], [ 43.104926162357991, 42.230567396815054 ], [ 43.104943594935641, 42.23056339635567 ], [ 43.104965985622314, 42.230554473301808 ], [ 43.105003479304202, 42.230555092952301 ], [ 43.105041956059587, 42.230555013774953 ], [ 43.105083295280622, 42.230555696951782 ], [ 43.105106496757017, 42.23055179180384 ], [ 43.10513775275404, 42.230535866401425 ], [ 43.105168026849398, 42.230520640727001 ], [ 43.105205371154355, 42.230494093586259 ], [ 43.105269165081971, 42.230483710362549 ], [ 43.105310142298741, 42.230464372039037 ], [ 43.105331099940258, 42.230438984207474 ], [ 43.105341419755305, 42.230415564882342 ], [ 43.105333386896589, 42.23039470165083 ], [ 43.105321529871297, 42.230373061067226 ], [ 43.10532454336721, 42.230336654398322 ], [ 43.105328004355854, 42.230317410311677 ], [ 43.105339455622271, 42.230288290985747 ], [ 43.105340034145264, 42.230236832278102 ], [ 43.105341295256423, 42.230194677955701 ], [ 43.105323457062305, 42.230147918568498 ], [ 43.1053190775731, 42.230101381568772 ], [ 43.105272611025555, 42.230079169091404 ], [ 43.105246184129712, 42.230062290475686 ], [ 43.105222854795485, 42.230038316020433 ], [ 43.105194997432932, 42.230004972727585 ], [ 43.105161777391686, 42.229957959129429 ], [ 43.105123536438917, 42.229918011369243 ], [ 43.105107535110584, 42.229874141650775 ], [ 43.105115719282978, 42.22982566797824 ], [ 43.105099674931061, 42.229815394664932 ], [ 43.105079507470556, 42.229782179325163 ], [ 43.105078803536458, 42.22977358964696 ], [ 43.105075962810744, 42.229739944682763 ], [ 43.105054215291837, 42.229695265832795 ], [ 43.105056672205912, 42.229645267389103 ], [ 43.105053234433811, 42.229599461001555 ], [ 43.105061182247148, 42.229558846407819 ], [ 43.105055030154489, 42.229539444360888 ], [ 43.105039327900826, 42.229517740199313 ], [ 43.105030654262293, 42.229486143122543 ], [ 43.105027450112537, 42.229464645506447 ], [ 43.105034992963191, 42.229437605901275 ], [ 43.105035826687889, 42.22940974125703 ], [ 43.105033712822916, 42.229351804290204 ], [ 43.105032409445528, 42.229331052248234 ], [ 43.105049437044904, 42.229308458862121 ], [ 43.105064605421482, 42.229283690461557 ], [ 43.105067512124236, 42.229250855539 ], [ 43.105061273335785, 42.229234311407417 ], [ 43.105044439676526, 42.229218307245247 ], [ 43.10503833038684, 42.229197475779323 ], [ 43.105020790425066, 42.229172880994746 ], [ 43.105005088269635, 42.229151176829205 ], [ 43.105021303826376, 42.229123565490745 ], [ 43.105033546825894, 42.229100178872052 ], [ 43.105045147620878, 42.229066058405884 ], [ 43.105055104196495, 42.229022617657463 ], [ 43.10506409909425, 42.228979161015154 ], [ 43.105074674367252, 42.228914999985577 ], [ 43.105084673635233, 42.228870130714874 ], [ 43.105093411967736, 42.228835247875388 ], [ 43.105106786369404, 42.228806160346672 ], [ 43.10511947696989, 42.2287677693079 ], [ 43.105129262431205, 42.228730044420544 ], [ 43.105139666311622, 42.228703767147003 ], [ 43.1051603681139, 42.228686953156547 ], [ 43.105181773846333, 42.228678728841246 ], [ 43.105209760352295, 42.228675616902983 ], [ 43.105261781053827, 42.228672902108094 ], [ 43.105276607196167, 42.22865956541645 ], [ 43.105264857373307, 42.22863435218256 ], [ 43.10524830172055, 42.228609058633474 ], [ 43.10522924581705, 42.228570858047263 ], [ 43.105232579885225, 42.228523733433875 ], [ 43.105206965874906, 42.228479704875369 ], [ 43.105175903804991, 42.228424863948383 ], [ 43.10516071481188, 42.228386011287746 ], [ 43.105150760122754, 42.228365117180012 ], [ 43.105145718197519, 42.228340728944239 ], [ 43.105162489221762, 42.228294541442331 ], [ 43.105180072225799, 42.228253371891711 ], [ 43.105199791061253, 42.228205088809325 ], [ 43.105217288542271, 42.228166776287502 ], [ 43.105234999523518, 42.228153487270674 ], [ 43.105278260671227, 42.2281220342281 ], [ 43.105322248324036, 42.228098456158378 ], [ 43.105360424498421, 42.228076212171295 ], [ 43.105366086454765, 42.228047712234336 ], [ 43.105371791137863, 42.22801778377864 ], [ 43.105379759891711, 42.227976454434909 ], [ 43.105381704699056, 42.227943603603265 ], [ 43.105387002079112, 42.227927250099967 ], [ 43.105401081317524, 42.227906752225401 ], [ 43.105409883434653, 42.227869726122577 ], [ 43.105410524591143, 42.227848292047291 ], [ 43.105395207330098, 42.227813726769057 ], [ 43.105389269023171, 42.227787179443958 ], [ 43.105375896456195, 42.227751931232852 ], [ 43.105370298913989, 42.227713952139865 ], [ 43.10537437950186, 42.22767398867407 ], [ 43.105386878568744, 42.227642027293349 ], [ 43.105393372651271, 42.227617830576563 ], [ 43.105400209922472, 42.227582201231769 ], [ 43.105389165407843, 42.227565577708866 ], [ 43.105375471091641, 42.227541046515398 ], [ 43.105368613904957, 42.227513054780964 ], [ 43.105357825881931, 42.227487857444785 ], [ 43.105350477280687, 42.227444130717167 ], [ 43.105344239789694, 42.227427586618148 ], [ 43.105327385168358, 42.227412296310071 ], [ 43.105315272216764, 42.227399228636678 ], [ 43.105293568031151, 42.227353120409141 ], [ 43.105272834891927, 42.227322755095329 ], [ 43.10524429487343, 42.227280107413314 ], [ 43.105227440314707, 42.227264817091424 ], [ 43.105222227413144, 42.227246145629344 ], [ 43.105216203727466, 42.22722245623202 ], [ 43.105219536286825, 42.227207499491143 ], [ 43.105223445934008, 42.227173251902109 ], [ 43.105201186146118, 42.227145720697187 ], [ 43.105186339189054, 42.227127604194621 ], [ 43.105178949188314, 42.227085306895049 ], [ 43.105169762755146, 42.227070858341861 ], [ 43.105157820896061, 42.22705207477965 ], [ 43.105146819296152, 42.22703402181665 ], [ 43.105132848727436, 42.226986612131661 ], [ 43.105123492774702, 42.226945711564305 ], [ 43.10509388450452, 42.226906620602172 ], [ 43.105074551310317, 42.226877707610726 ], [ 43.105059832689868, 42.226855304638079 ], [ 43.105036014426098, 42.226815595183901 ], [ 43.105024051269957, 42.226797526317903 ], [ 43.104996130044498, 42.226766326197016 ], [ 43.104977437899294, 42.226748147019904 ], [ 43.104959045077159, 42.226719963711801 ], [ 43.104951418919207, 42.226685525479198 ], [ 43.10494387948674, 42.226648229329498 ], [ 43.104937705085966, 42.226629541962502 ], [ 43.104921641382248, 42.226619983364877 ], [ 43.104904785861955, 42.226604692978995 ], [ 43.104884214515273, 42.226585052603205 ], [ 43.104870221297304, 42.226570524581348 ], [ 43.104861121727183, 42.226553218088661 ], [ 43.104847406438076, 42.226529401545676 ], [ 43.104824036979402, 42.226506855562633 ], [ 43.104790776215005, 42.226461270390374 ], [ 43.104780713845813, 42.226443947977735 ], [ 43.104789751243366, 42.226399062816682 ], [ 43.104783257859737, 42.226358924594784 ], [ 43.104771253325978, 42.226342284242392 ], [ 43.104762387759237, 42.226317118622298 ], [ 43.104755381314668, 42.226294128017351 ], [ 43.104743910035147, 42.226259626214784 ], [ 43.104735387760385, 42.226223028867061 ], [ 43.104728146605936, 42.226175729456401 ], [ 43.104697748339028, 42.226130906631866 ], [ 43.104679227496305, 42.226107011536911 ], [ 43.104665235639025, 42.226092483511984 ], [ 43.1046618821211, 42.226075986143002 ], [ 43.10465624355863, 42.226039436454514 ], [ 43.104653809356293, 42.225992216494113 ], [ 43.104630524466998, 42.2259668125186 ], [ 43.104602240296536, 42.225947759663455 ], [ 43.104590214994083, 42.225899666098378 ], [ 43.104569753948148, 42.225876309883112 ], [ 43.104557662798335, 42.225862528326431 ], [ 43.104549674681479, 42.225840236543036 ], [ 43.104540937563527, 42.225810783552397 ], [ 43.104517695559551, 42.22578395013722 ], [ 43.104503853468898, 42.22576442093056 ], [ 43.104494198727735, 42.225733523542374 ], [ 43.104489990542156, 42.225713438527201 ], [ 43.104455191485378, 42.225687129113311 ], [ 43.104439169656501, 42.225676141014674 ], [ 43.104428916843055, 42.225633081270857 ], [ 43.104428470175939, 42.225583749872605 ], [ 43.104404672939644, 42.225543325567372 ], [ 43.104392049129338, 42.225515238436508 ], [ 43.10438019330914, 42.225493596862783 ], [ 43.104390192438466, 42.225448727626265 ], [ 43.10432924615575, 42.225428419675403 ], [ 43.104310704287343, 42.225405238333991 ], [ 43.10429985287518, 42.225382184132251 ], [ 43.104290944864907, 42.225358446996168 ], [ 43.10430985206763, 42.22533731400258 ], [ 43.104331406428095, 42.225324088657672 ], [ 43.104346060892844, 42.225316467939599 ], [ 43.104379130738444, 42.225304147122166 ], [ 43.104409422639229, 42.225288206859112 ], [ 43.104431192001414, 42.225267836223594 ], [ 43.104418331828214, 42.225247608175209 ], [ 43.104398828371423, 42.225224410951036 ], [ 43.104412715424139, 42.225178175858645 ], [ 43.104408421768575, 42.225160948776306 ], [ 43.104401522481012, 42.225134385504937 ], [ 43.104402356358683, 42.22510652084992 ], [ 43.104401054436252, 42.225085768812136 ], [ 43.104374138600832, 42.225053155930979 ], [ 43.104365956985021, 42.225037294697081 ], [ 43.104361130599465, 42.22500576205389 ], [ 43.104360255120689, 42.2249707203135 ], [ 43.104365810280434, 42.224945793060357 ], [ 43.104382302911127, 42.224908894158581 ], [ 43.104396937696869, 42.224869819352712 ], [ 43.104405909181864, 42.224859245326613 ], [ 43.10441577933787, 42.224850830443806 ], [ 43.10443400146476, 42.224820393888557 ], [ 43.104434707046224, 42.224796815686375 ], [ 43.104439386110904, 42.224769013694797 ], [ 43.104448850537885, 42.224742006773923 ], [ 43.104460770952805, 42.224729336304108 ], [ 43.104457054041582, 42.224724986284158 ], [ 43.104445005902619, 42.224709775299459 ], [ 43.104433279688351, 42.224683847296056 ], [ 43.104433985266702, 42.224660269093334 ], [ 43.104436505915686, 42.224640295309229 ], [ 43.104459983201565, 42.224627101726099 ], [ 43.10448337495631, 42.22461676607476 ], [ 43.104505122669707, 42.224597110127071 ], [ 43.104507557772862, 42.224579994277541 ], [ 43.104516124704148, 42.224550827325572 ], [ 43.104525097836749, 42.224508085397332 ], [ 43.104547913998033, 42.224484872689544 ], [ 43.104562846178212, 42.224467963418007 ], [ 43.104568230173101, 42.224448752024536 ], [ 43.104570045752958, 42.224420187629271 ], [ 43.10457534422445, 42.224403834172229 ], [ 43.104602111152985, 42.224377113246447 ], [ 43.10462274750919, 42.224362442543288 ], [ 43.104652869077043, 42.224352218097536 ], [ 43.104668506252857, 42.224343898516864 ], [ 43.104687219398258, 42.224329196012739 ], [ 43.10470116855408, 42.224312984636271 ], [ 43.104731439720737, 42.224297759003719 ], [ 43.104746307682149, 42.224282992933894 ], [ 43.104730265130733, 42.224240552574543 ], [ 43.104747312785186, 42.224217244479547 ], [ 43.104758592095806, 42.224193841040375 ], [ 43.104761113829824, 42.224173867265172 ], [ 43.104763762598566, 42.224149607013629 ], [ 43.104777082453268, 42.224138389765258 ], [ 43.10481254382821, 42.224110382366533 ], [ 43.1048323467286, 42.224091408372686 ], [ 43.104867508780615, 42.224073404187664 ], [ 43.104881459043433, 42.224057192806519 ], [ 43.104914933005382, 42.224031297717332 ], [ 43.104945481890283, 42.224006782600661 ], [ 43.104984702757719, 42.223981696630702 ], [ 43.105014053660817, 42.223965025587461 ], [ 43.105071454285124, 42.223943099378943 ], [ 43.105092089179514, 42.223928428565216 ], [ 43.105077371200252, 42.22390602559755 ], [ 43.10506175699647, 42.223881462628498 ], [ 43.105082158167775, 42.223842483920841 ], [ 43.105099460844805, 42.223810601932549 ], [ 43.105111487793017, 42.223794359639278 ], [ 43.105140348406557, 42.223761953579611 ], [ 43.105156391435706, 42.22374005894531 ], [ 43.105164359526114, 42.22373089750112 ], [ 43.105188605552783, 42.223724150233423 ], [ 43.105229385995905, 42.223711242416265 ], [ 43.1052498711868, 42.223701572738648 ], [ 43.105281914296171, 42.223691379876712 ], [ 43.105315858000147, 42.223681932572653 ], [ 43.105350636255437, 42.223676788524926 ], [ 43.105390432418815, 42.223696747374646 ], [ 43.105410929447991, 42.223702804745088 ], [ 43.1054393838658, 42.223683973590134 ], [ 43.105457284627391, 42.223664253895492 ], [ 43.105466385196074, 42.223649392438872 ], [ 43.105495117339835, 42.223621273642635 ], [ 43.105500009475811, 42.22358632809398 ], [ 43.105507165485314, 42.223572149568938 ], [ 43.105523251088172, 42.223548825459488 ], [ 43.105545360151496, 42.223517022810967 ], [ 43.105549782178436, 42.223497795473968 ], [ 43.105556127389299, 42.223478599009937 ], [ 43.105563155155942, 42.223468707839437 ], [ 43.105580757901365, 42.223458990479884 ], [ 43.105598209841794, 42.223454275166233 ], [ 43.105623972918529, 42.223461134562086 ], [ 43.105640078694307, 42.223469263632609 ], [ 43.105650482719874, 42.223475154216352 ], [ 43.105658876911235, 42.223483870946886 ], [ 43.105723411581216, 42.223480648499162 ], [ 43.105755219496103, 42.223478314609238 ], [ 43.10577468007655, 42.22347077219893 ], [ 43.105790316888701, 42.223462452456701 ], [ 43.105808794482328, 42.223455609765779 ], [ 43.105840623753231, 42.223452561141876 ], [ 43.105874396340212, 42.223448829547131 ], [ 43.10588996902321, 42.223442653920777 ], [ 43.105911331366187, 42.223435857964375 ], [ 43.105954801526842, 42.223429428082405 ], [ 43.105976890455985, 42.223430507106407 ], [ 43.106019890653521, 42.223439795418948 ], [ 43.106052799120803, 42.223448917029792 ], [ 43.106082384777586, 42.22345655452358 ], [ 43.106107122254784, 42.223465541159655 ], [ 43.106124873556873, 42.223482990457697 ], [ 43.106134763758782, 42.223506028618907 ], [ 43.106148906139481, 42.223515555315856 ], [ 43.10617172048741, 42.223524510175125 ], [ 43.10620899644838, 42.223532273748965 ], [ 43.106237770094438, 42.223534894152131 ], [ 43.106247191267371, 42.223541482611978 ], [ 43.106262443553341, 42.223546023985811 ], [ 43.106278080322788, 42.223537704176231 ], [ 43.106300296227261, 42.223534496658338 ], [ 43.106327446963483, 42.223527082056798 ], [ 43.106374827569546, 42.223518571406466 ], [ 43.106397983679358, 42.223516094459363 ], [ 43.106445749179514, 42.223526891432847 ], [ 43.10649498765855, 42.223520555701413 ], [ 43.106526795572883, 42.223518221597239 ], [ 43.106564263762415, 42.223519555364774 ], [ 43.106590026977983, 42.223526414546086 ], [ 43.106620467564774, 42.223537639531926 ], [ 43.10666539110084, 42.223546959361066 ], [ 43.106686303734648, 42.223555167654489 ], [ 43.106693268490112, 42.223547419662168 ], [ 43.10669591651228, 42.223523158447925 ], [ 43.10670072193868, 42.223458902836242 ], [ 43.106688610635977, 42.223445835328882 ], [ 43.10667566466234, 42.223428465461623 ], [ 43.106666714490949, 42.22340615793069 ], [ 43.106656523941481, 42.223393122134844 ], [ 43.106626083416486, 42.223381897159591 ], [ 43.106613908057234, 42.223370973775623 ], [ 43.106619354203168, 42.223349618117147 ], [ 43.106630591149745, 42.223327643913954 ], [ 43.106661779062286, 42.223313862128492 ], [ 43.106673805516813, 42.223297619660023 ], [ 43.106681046649548, 42.223280583113997 ], [ 43.106699630903812, 42.223270166724689 ], [ 43.106704605054105, 42.223267520988593 ], [ 43.106752145990974, 42.223054133759625 ], [ 43.106857881706176, 42.22273420199371 ], [ 43.106962549984182, 42.222449993936678 ], [ 43.107194955452456, 42.222074965911183 ], [ 43.107249421882123, 42.221861412664794 ], [ 43.10719964529892, 42.221596100478351 ], [ 43.107081513861409, 42.221365402234873 ], [ 43.106877939600871, 42.221097550898882 ], [ 43.106670950572919, 42.220944016915503 ], [ 43.106357798760364, 42.220803026167452 ], [ 43.106014956309281, 42.220690137686425 ], [ 43.105623199448587, 42.220605034518535 ], [ 43.105259852699859, 42.220534695323678 ], [ 43.105165439035453, 42.220475948157443 ], [ 43.105113535095434, 42.22028208370358 ], [ 43.105012928430433, 42.22010885996648 ], [ 43.104929624522811, 42.220000257082347 ], [ 43.104838631605645, 42.219827192071115 ], [ 43.104707479308772, 42.219710649367322 ], [ 43.104621397659841, 42.21969492975947 ], [ 43.104504553777673, 42.219743037465982 ], [ 43.104423594464279, 42.219877518849707 ], [ 43.104292650106061, 42.220075508799063 ], [ 43.104104671462785, 42.220251110910638 ], [ 43.103949592099134, 42.220291437021757 ], [ 43.103805835005964, 42.220274763106552 ], [ 43.103712706256978, 42.220173145709232 ], [ 43.103708439837128, 42.219994365176284 ], [ 43.103726820688763, 42.219701585059461 ], [ 43.103879342474421, 42.219425319901227 ], [ 43.104048950199918, 42.219220820851717 ], [ 43.104019054353905, 42.218934390345183 ], [ 43.103872745219846, 42.218681777248641 ], [ 43.103643136448227, 42.218320560198066 ], [ 43.103318052654899, 42.217936318796603 ], [ 43.102992972754095, 42.217552076528357 ], [ 43.102536327139056, 42.217065578053138 ], [ 43.102018184499542, 42.216385053038749 ], [ 43.101575232829923, 42.215762958497713 ], [ 43.101572470722871, 42.215534164443625 ], [ 43.101496006511901, 42.215518601724199 ], [ 43.101334751844185, 42.215444447056036 ], [ 43.101270896080131, 42.215329015559817 ], [ 43.101255098619333, 42.215214379810988 ], [ 43.101144471093363, 42.215055283447576 ], [ 43.100919790388119, 42.214851406933875 ], [ 43.100866618671617, 42.214700409769137 ], [ 43.100737626807316, 42.214512415313372 ], [ 43.100569119444948, 42.214359507644566 ], [ 43.100541783966861, 42.214309015690247 ], [ 43.100538169997897, 42.214108801008159 ], [ 43.100332931291994, 42.213898097445671 ], [ 43.100232134377485, 42.21373201420657 ], [ 43.100050190537942, 42.213385876262066 ], [ 43.099901552832385, 42.213211852107278 ], [ 43.099788146876861, 42.213145636954607 ], [ 43.099616217099182, 42.213107046256411 ], [ 43.099433390083803, 42.213111164109449 ], [ 43.099221728928072, 42.213114804615955 ], [ 43.098999601098946, 42.213146863861475 ], [ 43.098699081844934, 42.213227662974496 ], [ 43.098618546765238, 42.213347849738788 ], [ 43.098565774857711, 42.213504240094991 ], [ 43.0984623730766, 42.213745570580265 ], [ 43.098388232544018, 42.213973090346144 ], [ 43.098273287484616, 42.214278565128325 ], [ 43.097981730539324, 42.214380955662783 ], [ 43.097749556776407, 42.214427142597323 ], [ 43.09768356364561, 42.214383157504123 ], [ 43.097631472526473, 42.214196435307542 ], [ 43.09759946230502, 42.213981451791739 ], [ 43.097596714402549, 42.213752657866195 ], [ 43.097575299923804, 42.213636620770821 ], [ 43.09684134637542, 42.213464117965259 ], [ 43.096723438852628, 42.213428884421091 ], [ 43.096287894838802, 42.213298589643678 ], [ 43.096153777961518, 42.213258538460373 ], [ 43.095971998705032, 42.213204096901158 ], [ 43.095965310916036, 42.21320290515267 ], [ 43.09565686453427, 42.213146765034068 ], [ 43.095422095766068, 42.213104050757458 ], [ 43.095296428835098, 42.21308115995776 ], [ 43.095287934264633, 42.213079622954019 ], [ 43.095038227233239, 42.213034138124421 ], [ 43.094626284833822, 42.212959164750508 ], [ 43.094589837983968, 42.212952525222342 ], [ 43.094356468137583, 42.213136514396268 ], [ 43.094119210925761, 42.213351788700137 ], [ 43.093998719233298, 42.213521347210566 ], [ 43.093982178469595, 42.213644978202304 ], [ 43.09390099045536, 42.213786596358005 ], [ 43.093704180376008, 42.213935824147967 ], [ 43.093530992363881, 42.214152162279341 ], [ 43.093346994947893, 42.214301602460992 ], [ 43.093035419347878, 42.214429858104765 ], [ 43.092980717732345, 42.214543322519681 ], [ 43.092810394025364, 42.214664395693518 ], [ 43.092529033455705, 42.214640653053443 ], [ 43.092338240289742, 42.214589822935402 ], [ 43.092132050038614, 42.214624517813711 ], [ 43.091900803855609, 42.214639731835248 ], [ 43.091567608644418, 42.214634186942085 ], [ 43.091350898711866, 42.214592455622942 ], [ 43.091150735686639, 42.214427093454788 ], [ 43.090988730675896, 42.214271897076088 ], [ 43.09068155734618, 42.213828348097174 ], [ 43.090479388993437, 42.213729669300776 ], [ 43.090116538863548, 42.213597853562668 ], [ 43.089901749336562, 42.21354348298739 ], [ 43.089855966061485, 42.213551185829303 ], [ 43.089798995234112, 42.213550236800359 ], [ 43.089295766267348, 42.213618087106667 ], [ 43.089444653053171, 42.213967742855885 ], [ 43.089923041544139, 42.214348283958238 ], [ 43.090088807546763, 42.214415436786695 ], [ 43.090271928136843, 42.214489632782751 ], [ 43.090701772275267, 42.21458982102326 ], [ 43.091098825316585, 42.214831483806478 ], [ 43.091368462871792, 42.215335570884015 ], [ 43.091406936471842, 42.215759620571589 ], [ 43.091328316515146, 42.216101254110697 ], [ 43.091164795561127, 42.216122262526909 ], [ 43.091036727037647, 42.2161387275927 ], [ 43.090105364636507, 42.21623754777368 ], [ 43.089910908167283, 42.216263937955141 ], [ 43.08941558594222, 42.216255686016694 ], [ 43.088637997723716, 42.216166537942165 ], [ 43.087271090945528, 42.215974390593502 ], [ 43.085855306917367, 42.215690046907049 ], [ 43.085770833066043, 42.215673056670674 ], [ 43.085240696335184, 42.215403846929995 ], [ 43.085021583613006, 42.215201834473618 ], [ 43.0844748861076, 42.21482143780743 ], [ 43.084006316648953, 42.214449683756015 ], [ 43.083807153146424, 42.21423521402118 ], [ 43.083533283197553, 42.213901248802415 ], [ 43.083146533145758, 42.213574446883754 ], [ 43.08290060777491, 42.213450242834959 ], [ 43.082425888915417, 42.213280335310451 ], [ 43.082382823272916, 42.213268267777366 ], [ 43.081998665086374, 42.21316034707619 ], [ 43.081984520159715, 42.213155382418478 ], [ 43.081727404521466, 42.213064805584985 ], [ 43.081423139214913, 42.212925032950082 ], [ 43.081145323585673, 42.212884000784889 ], [ 43.080902605728269, 42.212866114960242 ], [ 43.080927996380858, 42.212981769525491 ], [ 43.081063051376717, 42.2135985876942 ], [ 43.080552547822379, 42.213618321770603 ], [ 43.07996497432147, 42.213670715103461 ], [ 43.079137986032279, 42.213837927057661 ], [ 43.079103286646998, 42.213799656386136 ], [ 43.079033592109376, 42.213722884910801 ], [ 43.079029547009512, 42.213718449317874 ], [ 43.079012842197578, 42.213700022722165 ], [ 43.079050776622758, 42.213451737049432 ], [ 43.079078915056186, 42.213276819864831 ], [ 43.079017237063887, 42.213049515107535 ], [ 43.078960149485006, 42.212928556028785 ], [ 43.078904990918744, 42.212811907007847 ], [ 43.078686946665997, 42.212899257738229 ], [ 43.078456176743771, 42.213084648421749 ], [ 43.078146515597361, 42.213251013672071 ], [ 43.077858326932066, 42.213567197871875 ], [ 43.077373073317638, 42.213713944086464 ], [ 43.07677821747204, 42.21377545244966 ], [ 43.076107244368934, 42.213704627831724 ], [ 43.076135554657547, 42.21330002691154 ], [ 43.07607591276421, 42.212942880794628 ], [ 43.07611906854202, 42.21292000958487 ], [ 43.076588487427948, 42.212671173217629 ], [ 43.076674225637476, 42.212618351196909 ], [ 43.076798725410292, 42.212541728387649 ], [ 43.077227162934307, 42.212277882758258 ], [ 43.077682045204746, 42.211968819257393 ], [ 43.07765161256453, 42.211829889433488 ], [ 43.077649704779425, 42.211820896647353 ], [ 43.077630233675983, 42.211731952832409 ], [ 43.077612937604179, 42.21165317703872 ], [ 43.077592452852372, 42.211559713305498 ], [ 43.077587452871214, 42.211536844724272 ], [ 43.077583071629853, 42.211465625192616 ], [ 43.07757446168953, 42.211328141892224 ], [ 43.077568771205897, 42.211236186991769 ], [ 43.077563424900291, 42.211150857147516 ], [ 43.077561145983886, 42.211114165199007 ], [ 43.077560065272309, 42.211099872834659 ], [ 43.077556171241973, 42.211046538045245 ], [ 43.077545941356185, 42.210906550971316 ], [ 43.077539852699623, 42.21082373030967 ], [ 43.077536861406607, 42.210782568527904 ], [ 43.077500351860571, 42.210788080396867 ], [ 43.077493965957487, 42.210789017109434 ], [ 43.076927041328183, 42.210874244115587 ], [ 43.076411996919646, 42.210960812323904 ], [ 43.076342032690746, 42.210972591735711 ], [ 43.076297102860089, 42.21098012336369 ], [ 43.075933025504348, 42.211039532421552 ], [ 43.075913661573857, 42.211047174967362 ], [ 43.07550643076641, 42.211323661919579 ], [ 43.074895476650504, 42.21086067534867 ], [ 43.075263503682912, 42.210564358195406 ], [ 43.074659802942215, 42.209744199152404 ], [ 43.074643054840848, 42.209721490716973 ], [ 43.074486233772603, 42.209508391170161 ], [ 43.074476042031556, 42.209439145283454 ], [ 43.074457826923911, 42.209315009193546 ], [ 43.074357787454026, 42.208871773206994 ], [ 43.074348977446036, 42.208832810112135 ], [ 43.074319728709341, 42.208703040171862 ], [ 43.07427733579361, 42.208487584106564 ], [ 43.07427697377102, 42.208449663459405 ], [ 43.074276331297042, 42.208361170335216 ], [ 43.074276302211516, 42.20836013417567 ], [ 43.073949095316692, 42.208332799579082 ], [ 43.073680830124331, 42.208299204515455 ], [ 43.07329573766733, 42.208245409119336 ], [ 43.072905903551543, 42.208184238018283 ], [ 43.072627721761258, 42.208154121201417 ], [ 43.072393231020719, 42.208139237559621 ], [ 43.072156909800484, 42.208182545386393 ], [ 43.072066894729296, 42.208204807414475 ], [ 43.071880643062542, 42.208250757637877 ], [ 43.07174973174579, 42.208335147454015 ], [ 43.071745839851928, 42.208337648672064 ], [ 43.071741196220742, 42.208647551397647 ], [ 43.071741116011118, 42.208654169336796 ], [ 43.071711675938367, 42.208817535422575 ], [ 43.071695550411704, 42.208851846655833 ], [ 43.071649445915732, 42.208949775282413 ], [ 43.07164885862511, 42.208951161310409 ], [ 43.071633370929128, 42.20897246983079 ], [ 43.07162332090418, 42.208986259863998 ], [ 43.07160473537288, 42.209011839084681 ], [ 43.071563265551568, 42.209068914102183 ], [ 43.071536403028304, 42.209105746493265 ], [ 43.071532937341097, 42.209116134975346 ], [ 43.0715298058401, 42.209125493406702 ], [ 43.071417855136893, 42.209460518817139 ], [ 43.071407002106959, 42.209478798240731 ], [ 43.071392131089532, 42.209503719430735 ], [ 43.071169344939797, 42.209583726454312 ], [ 43.071073175607474, 42.209613088834416 ], [ 43.071011244706526, 42.209631949929133 ], [ 43.070810921862709, 42.209777851556979 ], [ 43.070649164043601, 42.209946195816073 ], [ 43.07064413349115, 42.2099542614528 ], [ 43.070621129457159, 42.20999165386209 ], [ 43.070592521206692, 42.210038047860657 ], [ 43.070533779285576, 42.210200830505116 ], [ 43.070524348749551, 42.210222150730388 ], [ 43.070447069424112, 42.2103969143634 ], [ 43.070407522357606, 42.210486262171429 ], [ 43.070398930240877, 42.210499896508409 ], [ 43.070227503797, 42.210770833965903 ], [ 43.069988885234004, 42.211078149529243 ], [ 43.069951036252796, 42.211119659763234 ], [ 43.069924345741342, 42.211148794668958 ], [ 43.069813570247796, 42.21124396788418 ], [ 43.069611144221817, 42.211367182286665 ], [ 43.069472547854602, 42.211445045912669 ], [ 43.069425730569961, 42.21149063772031 ], [ 43.069369879679684, 42.211645858463925 ], [ 43.069307113460262, 42.211843155046594 ], [ 43.069214624744745, 42.211900675995238 ], [ 43.068975187537553, 42.211930415965497 ], [ 43.068649273887232, 42.21200719533504 ], [ 43.068412562754943, 42.212138250570455 ], [ 43.0683363808294, 42.212217164153984 ], [ 43.068241198599686, 42.212359023532976 ], [ 43.068156367276309, 42.212534874091851 ], [ 43.067974194449363, 42.212738578613177 ], [ 43.067748929427346, 42.212865592562309 ], [ 43.067560645497863, 42.212896191518524 ], [ 43.067453622512254, 42.212683381367938 ], [ 43.067315505185867, 42.212558664365552 ], [ 43.066820215212218, 42.212417389403015 ], [ 43.066356630718694, 42.212354727467172 ], [ 43.06599324972597, 42.212357019670215 ], [ 43.065600505262523, 42.212392587222148 ], [ 43.065407689243756, 42.212385146635455 ], [ 43.065273010014515, 42.21233644932466 ], [ 43.06515139848986, 42.212226777769978 ], [ 43.065003382503335, 42.212055465935862 ], [ 43.064902254693578, 42.211978649000407 ], [ 43.064697474431256, 42.211862010512 ], [ 43.064612830997028, 42.211747398503753 ], [ 43.064554949890272, 42.211805992401146 ], [ 43.064453291115768, 42.211854910850249 ], [ 43.064283738832629, 42.211896725764745 ], [ 43.064231407361618, 42.211904777925533 ], [ 43.064107261443972, 42.211640574746255 ], [ 43.063662773757621, 42.21177055994746 ], [ 43.063505592709078, 42.211816524464588 ], [ 43.063298912631886, 42.211878454925113 ], [ 43.063141913716876, 42.211905679994558 ], [ 43.062888517970059, 42.211949490720869 ], [ 43.062850619148172, 42.211956041634203 ], [ 43.062667893227371, 42.211979641567034 ], [ 43.062211598033102, 42.212069625785617 ], [ 43.06153018191533, 42.212274920951252 ], [ 43.061278255271517, 42.212036286184933 ], [ 43.060504593892986, 42.211761094910855 ], [ 43.060336213956575, 42.211686402855705 ], [ 43.059979652142836, 42.211528232822246 ], [ 43.059647656856932, 42.211274804015275 ], [ 43.05939620571116, 42.210693912208811 ], [ 43.059196986516618, 42.210461854726589 ], [ 43.058768266564343, 42.210087665278976 ], [ 43.058496280865569, 42.209759000291122 ], [ 43.058228384132363, 42.209296967272813 ], [ 43.058090380436148, 42.208779946407063 ], [ 43.05825990517269, 42.208268133245966 ], [ 43.058504558349938, 42.207814778831782 ], [ 43.059011893623214, 42.207156184182615 ], [ 43.059049189698626, 42.206775568089618 ], [ 43.059377125852421, 42.20611393495129 ], [ 43.059442961998933, 42.205638489333474 ], [ 43.060403374830166, 42.205254428120142 ], [ 43.061125567294361, 42.205114141986066 ], [ 43.061642748536336, 42.204970386929105 ], [ 43.062413857061657, 42.204907169193021 ], [ 43.063387643777503, 42.204923619056565 ], [ 43.064183213008633, 42.204898927805992 ], [ 43.065317153011456, 42.204708378304083 ], [ 43.066063793141645, 42.204606597842904 ], [ 43.066071931097149, 42.204339862426103 ], [ 43.066646738691162, 42.203987369129749 ], [ 43.067087023651219, 42.20384229199955 ], [ 43.067399758029651, 42.203676001825841 ], [ 43.067278019769773, 42.203464263519884 ], [ 43.067132400618227, 42.203194935476816 ], [ 43.06726168962949, 42.20315899023494 ], [ 43.067416022116241, 42.203142528670732 ], [ 43.067775357441221, 42.2031295213866 ], [ 43.068448001262531, 42.202931167808565 ], [ 43.068864390607004, 42.202728494190154 ], [ 43.06971466230118, 42.202590310531335 ], [ 43.069973233793114, 42.20251841303584 ], [ 43.06954747054283, 42.2021871855003 ], [ 43.068794393464131, 42.201659820577902 ], [ 43.068816448562906, 42.20093582056036 ], [ 43.068976578657235, 42.200728830517335 ], [ 43.069497768470683, 42.200451670317797 ], [ 43.06922982860501, 42.199989661480004 ], [ 43.069064387052343, 42.199529377969299 ], [ 43.069240178661275, 42.198807966212712 ], [ 43.069368200840522, 42.197971375598087 ], [ 43.069433272363689, 42.196676226010503 ], [ 43.069464696490918, 42.196486130921059 ], [ 43.069970086000374, 42.195884641130917 ], [ 43.071023384119023, 42.194968304747206 ], [ 43.071135145662069, 42.194665186139879 ], [ 43.070818290993152, 42.194126108018835 ], [ 43.070753597714287, 42.193724708556424 ], [ 43.070935267124518, 42.193651514863738 ], [ 43.071498362078813, 42.193680048517102 ], [ 43.071853588036191, 42.193800396164072 ], [ 43.072363703401443, 42.193885221942047 ], [ 43.073085162757252, 42.193763909968951 ], [ 43.07342750519885, 42.193464662379284 ], [ 43.073486852502342, 42.19319878616853 ], [ 43.073471803889412, 42.192428411005906 ], [ 43.073589336642613, 42.191934761581983 ], [ 43.073887948255958, 42.191386967238664 ], [ 43.074056715983922, 42.190894177767994 ], [ 43.074806650918219, 42.190678021267004 ], [ 43.075528069446023, 42.190556693013548 ], [ 43.075844184091224, 42.190276060506172 ], [ 43.075933761355913, 42.189858189299912 ], [ 43.075920858685052, 42.189438599510993 ], [ 43.076377971030205, 42.18957970528789 ], [ 43.076832197930429, 42.189816072605808 ], [ 43.076770558350418, 42.190158163145611 ], [ 43.076708916827791, 42.190500253599026 ], [ 43.077426287011392, 42.190512282633982 ], [ 43.077784394804951, 42.19053734759931 ], [ 43.078215322453509, 42.190697069864811 ], [ 43.078639325534496, 42.191085423397325 ], [ 43.079122078309354, 42.191226947847937 ], [ 43.079252489276541, 42.191152882269037 ], [ 43.079512734506288, 42.191023804612051 ], [ 43.079767786674005, 42.191066200187834 ], [ 43.080407726068422, 42.19109597670888 ], [ 43.081431976736326, 42.191132179001286 ], [ 43.081966552517507, 42.191255496676909 ], [ 43.082451618911456, 42.191320795877722 ], [ 43.083015276409633, 42.191330219577615 ], [ 43.083164969606031, 42.19146615899399 ], [ 43.083347194681657, 42.191373892094269 ], [ 43.083578357227935, 42.191358692680495 ], [ 43.083907973420544, 42.191478575955649 ], [ 43.084334894915095, 42.191771644612857 ], [ 43.084803553053447, 42.191531660864833 ], [ 43.085141801991824, 42.191365747661074 ], [ 43.085454429302665, 42.191199404794901 ], [ 43.085711211948329, 42.191184629700992 ], [ 43.086193981142479, 42.191326124688288 ], [ 43.086450190525397, 42.191330400188505 ], [ 43.086945032285477, 42.191071781813065 ], [ 43.087340261616632, 42.190716187227842 ], [ 43.087610830809489, 42.190244137928637 ], [ 43.087888289027795, 42.189543453736327 ], [ 43.088150458651853, 42.18849938932668 ], [ 43.088415269390957, 42.188217867384566 ], [ 43.088889052807907, 42.187806389312577 ], [ 43.089481743280302, 42.187701890344307 ], [ 43.090419530969179, 42.187202823254523 ], [ 43.090843201984988, 42.186752377934631 ], [ 43.091327278643135, 42.185997936186652 ], [ 43.092055090154645, 42.184809111736548 ], [ 43.092672954964904, 42.183866264988012 ], [ 43.093709123865381, 42.183502244009752 ], [ 43.094560805708156, 42.183306710502073 ], [ 43.095769987028142, 42.183155232841948 ], [ 43.097496656942987, 42.182840765488884 ], [ 43.098399952683373, 42.182660251060852 ], [ 43.098239104273219, 42.182364847545742 ], [ 43.098184481992746, 42.182272351883299 ], [ 43.097526704780876, 42.181159076377824 ], [ 43.097211583673072, 42.180625680141148 ], [ 43.097051019238016, 42.180353893050643 ], [ 43.096655313287023, 42.179684132783308 ], [ 43.096637970447205, 42.17965480096079 ], [ 43.096537842516263, 42.179485317995315 ], [ 43.095630731347697, 42.179085217109488 ], [ 43.095070388520348, 42.178542160746332 ], [ 43.094724640748701, 42.178107510855206 ], [ 43.093929554452913, 42.177274611771161 ], [ 43.093106506696799, 42.176946397883519 ], [ 43.092781814600279, 42.176664592539318 ], [ 43.092479096943791, 42.176078151095254 ], [ 43.092022082589878, 42.175722658346622 ], [ 43.09085136106178, 42.175665049633551 ], [ 43.089938364537574, 42.175559300207915 ], [ 43.089457426136413, 42.17536066416092 ], [ 43.089198702015835, 42.175236418675873 ], [ 43.088887129765737, 42.174945289979142 ], [ 43.08910474800539, 42.174633193111347 ], [ 43.089567632296806, 42.17442049472416 ], [ 43.08987677838909, 42.174336541656423 ], [ 43.090021729762256, 42.173982540440285 ], [ 43.089851219445052, 42.173915577735954 ], [ 43.08973272036269, 42.173757757020113 ], [ 43.089666566824988, 42.17349998716459 ], [ 43.089627184356218, 42.173169355241434 ], [ 43.089609791150764, 42.172930724548912 ], [ 43.089526330167281, 42.172837699276826 ], [ 43.089269606660139, 42.172769255361843 ], [ 43.088984672434016, 42.172819488760801 ], [ 43.088676216079755, 42.172832675448745 ], [ 43.088407150785784, 42.172764023916635 ], [ 43.088238086235492, 42.172651243821726 ], [ 43.088042629829644, 42.172488220901265 ], [ 43.087765622646089, 42.172395930083027 ], [ 43.087428199319675, 42.172351983357295 ], [ 43.08703708264968, 42.172378331616834 ], [ 43.086696689654012, 42.172432902697757 ], [ 43.086216681211653, 42.172474200872571 ], [ 43.085834926904347, 42.172434958245603 ], [ 43.085581537090228, 42.172288300524421 ], [ 43.085431472054985, 42.172137873623868 ], [ 43.085343024785011, 42.171895354323105 ], [ 43.085382567666507, 42.171561805805041 ], [ 43.085433011690675, 42.171354476718172 ], [ 43.085436810774951, 42.171228547692436 ], [ 43.085314665703102, 42.171127893987908 ], [ 43.085006820792259, 42.171078940372936 ], [ 43.08471235678573, 42.171074023071142 ], [ 43.084446035595505, 42.171113388749291 ], [ 43.084265854616234, 42.171230877933233 ], [ 43.084045433571454, 42.171576444241452 ], [ 43.083828809762522, 42.171800178798698 ], [ 43.083513274059854, 42.172005824311086 ], [ 43.083317437721988, 42.172150473292675 ], [ 43.083233115284401, 42.17225866570061 ], [ 43.08317965433784, 42.172445364876161 ], [ 43.0829987352245, 42.172705312866569 ], [ 43.082799159134062, 42.17290550979169 ], [ 43.082778435501901, 42.172926237129751 ], [ 43.08246773885196, 42.17309364053132 ], [ 43.082432357454373, 42.17311263675289 ], [ 43.082261176321815, 42.17320442629299 ], [ 43.082238420728551, 42.173198236974343 ], [ 43.082144667758726, 42.173157673685225 ], [ 43.081934698337498, 42.17298259999481 ], [ 43.081558621658552, 42.172707483782837 ], [ 43.081303171420785, 42.172383005912984 ], [ 43.081223400332149, 42.172224428458748 ], [ 43.081254228940608, 42.171967600938686 ], [ 43.081238678757579, 42.171847247225486 ], [ 43.081183300951601, 42.171824886678017 ], [ 43.081202505291898, 42.171704258880503 ], [ 43.081138868278863, 42.171374479132282 ], [ 43.081055728694473, 42.171203236934574 ], [ 43.080912274521758, 42.171074844099884 ], [ 43.080838708455779, 42.171021423910716 ], [ 43.080804115723517, 42.170996348997868 ], [ 43.080786402699644, 42.170961560013183 ], [ 43.080713760987472, 42.17081953724032 ], [ 43.08069641440575, 42.170746614422718 ], [ 43.080721915993593, 42.170631945904638 ], [ 43.080765520150109, 42.170461113380732 ], [ 43.080829755173426, 42.17037068846188 ], [ 43.080897023123413, 42.17030607110938 ], [ 43.081235353137799, 42.170177364203475 ], [ 43.082035675918938, 42.170022071017968 ], [ 43.082473372542374, 42.169912133372854 ], [ 43.082775857745276, 42.169839694784073 ], [ 43.083321258835035, 42.169708994595965 ], [ 43.08383891854217, 42.169494613832001 ], [ 43.08401158094663, 42.169377404929044 ], [ 43.084107321610524, 42.169261747618684 ], [ 43.084251303304882, 42.168949621921278 ], [ 43.084263988823949, 42.168784035275856 ], [ 43.084229886009865, 42.168640451975556 ], [ 43.084080615693345, 42.168492152925502 ], [ 43.084045649339473, 42.168377193891487 ], [ 43.083933158587072, 42.168283814642372 ], [ 43.083723646687893, 42.168220244785786 ], [ 43.083514366953345, 42.168151004711731 ], [ 43.083317854636753, 42.168109985970759 ], [ 43.083231719858873, 42.168091975565488 ], [ 43.083038007037594, 42.168014394164061 ], [ 43.082697149418983, 42.167848571419142 ], [ 43.082498259218362, 42.167687958243157 ], [ 43.082193244164387, 42.167479865199624 ], [ 43.081787215006834, 42.16718141879462 ], [ 43.081528295573307, 42.166968376211727 ], [ 43.08128258382245, 42.166706922163364 ], [ 43.081044583857647, 42.166442714733073 ], [ 43.080919309630012, 42.166392031733523 ], [ 43.080784884069438, 42.166389782273889 ], [ 43.080583911259716, 42.166426450142339 ], [ 43.080292891150528, 42.166644610246159 ], [ 43.079863492177942, 42.166989102100679 ], [ 43.07903754166523, 42.167484283848573 ], [ 43.078548649387848, 42.167636173758893 ], [ 43.078172749878334, 42.167738531425982 ], [ 43.077888466328908, 42.167733767241884 ], [ 43.077666168890751, 42.167712885136162 ], [ 43.077536935869219, 42.167665013979295 ], [ 43.077342888087649, 42.16759876478757 ], [ 43.077088123315669, 42.167508757372943 ], [ 43.076978243708403, 42.167455446307955 ], [ 43.076824810034665, 42.167447199757277 ], [ 43.076689111008008, 42.16748491030036 ], [ 43.076559595330778, 42.167574238098688 ], [ 43.076512027792369, 42.167587939804122 ], [ 43.076447117696247, 42.167606664092496 ], [ 43.076270574674723, 42.167597984168346 ], [ 43.076109375237287, 42.167550385729527 ], [ 43.076034385150884, 42.167528234049115 ], [ 43.075645829305003, 42.167413058882858 ], [ 43.075480322222511, 42.167421719145928 ], [ 43.075293582669637, 42.167495810890387 ], [ 43.075116778656046, 42.167621492735982 ], [ 43.074933563288639, 42.16770708052141 ], [ 43.074774871816309, 42.167744447875165 ], [ 43.074580994251022, 42.167798380511279 ], [ 43.07443394499748, 42.167833060961939 ], [ 43.074228659111021, 42.167816105198966 ], [ 43.074261088265423, 42.167746764011554 ], [ 43.074286718475499, 42.167692033285817 ], [ 43.074332415404626, 42.167594366178115 ], [ 43.075707660963992, 42.165217828699198 ], [ 43.075959509642914, 42.164782656391225 ], [ 43.073801143681173, 42.164403256613717 ], [ 43.073045509816197, 42.164270469407178 ], [ 43.07264460697187, 42.164199971041548 ], [ 43.072426123710144, 42.16416158141179 ], [ 43.072499220257889, 42.163829321585375 ], [ 43.072657553002394, 42.163109754558093 ], [ 43.072704886212755, 42.162894363404618 ], [ 43.072756914344851, 42.162657887256117 ], [ 43.072863716605916, 42.162172192622592 ], [ 43.072883307587581, 42.16208309323217 ], [ 43.072909493395578, 42.161964160032817 ], [ 43.07301249510801, 42.161495917815785 ], [ 43.072139531455718, 42.161447204652404 ], [ 43.069990484090951, 42.161327169893454 ], [ 43.069615877769053, 42.161306185655228 ], [ 43.0694949158772, 42.161299421508737 ], [ 43.068185422829899, 42.161226218242362 ], [ 43.06800829105164, 42.161130113490472 ], [ 43.067873301156439, 42.160989688937562 ], [ 43.067776175547401, 42.160750612122399 ], [ 43.067726465391488, 42.160628014860109 ], [ 43.067662564484166, 42.160603793074664 ], [ 43.067495899485763, 42.160320991475267 ], [ 43.06734001449675, 42.159974384369107 ], [ 43.067126904845558, 42.159686521747872 ], [ 43.066911844348958, 42.159462792881548 ], [ 43.066492919841302, 42.159253953902628 ], [ 43.066194563743565, 42.159134278490896 ], [ 43.065885962432034, 42.158945669480751 ], [ 43.065413173525016, 42.158685440108094 ], [ 43.064762541043486, 42.158394695001157 ], [ 43.064552823506531, 42.158198609922181 ], [ 43.064479067184031, 42.158049128088614 ], [ 43.064443087227374, 42.157935001495424 ], [ 43.064235228754995, 42.15782292723236 ], [ 43.064263554204921, 42.1577077245175 ], [ 43.064024489144472, 42.157626733872355 ], [ 43.064044863817855, 42.157569845297353 ], [ 43.064077185922514, 42.157506178814764 ], [ 43.064076457011787, 42.157450690158534 ], [ 43.064040261136597, 42.157417117576415 ], [ 43.063987347604218, 42.157391953476171 ], [ 43.063912554088695, 42.157397625442265 ], [ 43.063831015752093, 42.15739624895032 ], [ 43.063703528519838, 42.157371536871665 ], [ 43.063616070225827, 42.157361864909966 ], [ 43.063564086945149, 42.157351846235144 ], [ 43.063484401406456, 42.157341314760565 ], [ 43.063352243971991, 42.157336786713458 ], [ 43.063213157477769, 42.157355061519553 ], [ 43.062991080924753, 42.157371934549616 ], [ 43.062849179937288, 42.157383271864369 ], [ 43.062570138193237, 42.157351090385973 ], [ 43.062422686864572, 42.15734400640325 ], [ 43.062218419182088, 42.157281026284736 ], [ 43.062099659276832, 42.157240069141494 ], [ 43.061988963643962, 42.157135171162061 ], [ 43.061550110972682, 42.156894231609165 ], [ 43.061332019458845, 42.156780628251823 ], [ 43.061019475468903, 42.156593155315115 ], [ 43.060786526741552, 42.156496455980651 ], [ 43.060623092468845, 42.156453976428779 ], [ 43.060441877900224, 42.156411105896957 ], [ 43.060300399560887, 42.156378948709964 ], [ 43.060186264468911, 42.156327350784565 ], [ 43.060051125726652, 42.156232304239147 ], [ 43.059957142279885, 42.156101524839336 ], [ 43.059860725279954, 42.155907797973939 ], [ 43.059712762670884, 42.155650202719642 ], [ 43.059585804476654, 42.155436055880593 ], [ 43.059487304469627, 42.155308576885695 ], [ 43.059362437212549, 42.155170610073597 ], [ 43.059242186800716, 42.155026146941346 ], [ 43.059103546056541, 42.154901275507804 ], [ 43.058884965913037, 42.154768386600246 ], [ 43.058498665597639, 42.154592897129653 ], [ 43.05831846798678, 42.154516988806435 ], [ 43.058106918530974, 42.154447168704174 ], [ 43.057921943083159, 42.154381085354828 ], [ 43.057819702455845, 42.154376066885987 ], [ 43.057513145810553, 42.154357591488235 ], [ 43.057397335630576, 42.154358962154674 ], [ 43.05725922684563, 42.154363242143113 ], [ 43.057070606076891, 42.154416333816606 ], [ 43.05685897569235, 42.154495557719031 ], [ 43.056660002721607, 42.154598185895487 ], [ 43.056501719472244, 42.154678313049367 ], [ 43.056370980486129, 42.154732429424342 ], [ 43.056228394932411, 42.154736632299631 ], [ 43.056222595205888, 42.15473630885775 ], [ 43.056220721530835, 42.154736232072956 ], [ 43.05621299039921, 42.154735740808341 ], [ 43.055992866213394, 42.154722688778719 ], [ 43.055847080590524, 42.15468712091527 ], [ 43.055736557428027, 42.154662057145096 ], [ 43.055674967091853, 42.154637822832242 ], [ 43.055627595908689, 42.15458402001714 ], [ 43.055554219017885, 42.154509918274336 ], [ 43.055030542516072, 42.154020753994629 ], [ 43.054232587833646, 42.153477221821419 ], [ 43.05381901875117, 42.15325424318209 ], [ 43.053737757371415, 42.153210446430506 ], [ 43.053482209057179, 42.153123300295803 ], [ 43.053366969387234, 42.153108105720897 ], [ 43.053259849872589, 42.15311623905793 ], [ 43.053160362878039, 42.153167550064559 ], [ 43.053056197067022, 42.153225400895373 ], [ 43.052901983052067, 42.153318830842288 ], [ 43.052275392114694, 42.153579674358049 ], [ 43.051920727424509, 42.153715178436812 ], [ 43.050375365389037, 42.154263990783463 ], [ 43.050247805903048, 42.154293252898761 ], [ 43.04997363825597, 42.154382838380627 ], [ 43.049357080303544, 42.154623663186555 ], [ 43.049186335855055, 42.154683620196408 ], [ 43.048763366271636, 42.154707810457197 ], [ 43.048553771238652, 42.154659395013894 ], [ 43.048343350724622, 42.154637847743217 ], [ 43.048128259741553, 42.154571371234937 ], [ 43.047921916069406, 42.154415254416122 ], [ 43.047491266441732, 42.154102758900002 ], [ 43.047218910273116, 42.153936556114338 ], [ 43.047049883119271, 42.153942638891934 ], [ 43.04695120252466, 42.154012780533364 ], [ 43.04694211982148, 42.154111330494146 ], [ 43.046942543635531, 42.154270697054315 ], [ 43.046942603933893, 42.154284477103005 ], [ 43.046783504220222, 42.154561941106628 ], [ 43.04663949098434, 42.15473451798934 ], [ 43.046179611443769, 42.155175448276452 ], [ 43.046006379436506, 42.155316095994479 ], [ 43.045883561688612, 42.155385825454388 ], [ 43.045713563765602, 42.155423320275325 ], [ 43.045581392988517, 42.155407604214723 ], [ 43.04542089580228, 42.155333047059806 ], [ 43.04524288278914, 42.155235766465886 ], [ 43.045089832652963, 42.155111983473915 ], [ 43.044787632822064, 42.154936305380268 ], [ 43.044483777001858, 42.154814453505374 ], [ 43.044083233255961, 42.154699912811857 ], [ 43.04378246603364, 42.154672358440614 ], [ 43.043719192903431, 42.154693073458247 ], [ 43.043459890093018, 42.154598411117568 ], [ 43.04332693282258, 42.154576870244242 ], [ 43.043232030150456, 42.15456156214502 ], [ 43.043296678279397, 42.154859544416645 ], [ 43.043308726764458, 42.154947737556725 ], [ 43.043331030719514, 42.15501930966807 ], [ 43.043376034434118, 42.155163361217859 ], [ 43.04346248179337, 42.155472747490748 ], [ 43.043483505501882, 42.15562908820965 ], [ 43.043510630343057, 42.155830967729749 ], [ 43.043586035561333, 42.156261114645069 ], [ 43.043587590694258, 42.156300992245505 ], [ 43.043594420391209, 42.156470194369689 ], [ 43.043535700152397, 42.156694655176061 ], [ 43.043437460663235, 42.156877870219375 ], [ 43.042888746777749, 42.157162190044041 ], [ 43.042908177743207, 42.157209172136653 ], [ 43.042930370086971, 42.157262775646551 ], [ 43.042779528695227, 42.157277402801164 ], [ 43.042718739036367, 42.157270466516479 ], [ 43.042634000137554, 42.15729833449452 ], [ 43.042676784602847, 42.157394617175918 ], [ 43.042726468655978, 42.157506597778799 ], [ 43.042769960514967, 42.157604482035325 ], [ 43.042194204138582, 42.15772610037461 ], [ 43.042250773218079, 42.157884057595837 ], [ 43.042368313074412, 42.158212263567719 ], [ 43.042371079174075, 42.15821998650177 ], [ 43.042512143208384, 42.158613876633908 ], [ 43.042630746742013, 42.158945040887076 ], [ 43.04288884494423, 42.158912309771509 ], [ 43.043321687343223, 42.158857422270827 ], [ 43.043399315540071, 42.15884758565673 ], [ 43.043406719898044, 42.1588750322396 ], [ 43.043408339788854, 42.159005104901318 ], [ 43.043408489439578, 42.159015959549585 ], [ 43.043406510771796, 42.159113549619676 ], [ 43.04341114309247, 42.159232281221151 ], [ 43.04341132718983, 42.159247909577239 ], [ 43.04337543370076, 42.159251980284061 ], [ 43.043333405809982, 42.159256756851541 ], [ 43.043117798638754, 42.159281311663648 ], [ 43.043069828327049, 42.159288418329787 ], [ 43.042586832686496, 42.159362219514392 ], [ 43.042565750688716, 42.159366812936 ], [ 43.042165294757773, 42.159437022793206 ], [ 43.042132034877923, 42.15944203865687 ], [ 43.042085763608455, 42.159448993797163 ], [ 43.041884987453564, 42.159479293065885 ], [ 43.041911866594418, 42.159759654935705 ], [ 43.041838575393669, 42.160006875987179 ], [ 43.041837171840278, 42.160011174848194 ], [ 43.041835828776783, 42.160015474742025 ], [ 43.041741503664007, 42.160314750838175 ], [ 43.041741475899464, 42.160315650952647 ], [ 43.041741507237063, 42.160316597105705 ], [ 43.041754676796074, 42.160596004414735 ], [ 43.041838071372965, 42.160731570979308 ], [ 43.041840779785709, 42.160735985076869 ], [ 43.041844116705512, 42.160739644405211 ], [ 43.042072346186309, 42.160947704363316 ], [ 43.042341050630078, 42.161111155165827 ], [ 43.042826104043165, 42.161359755851059 ], [ 43.043516622472602, 42.161693318005618 ], [ 43.043874653798788, 42.161880758729318 ], [ 43.043935765826433, 42.161912736269933 ], [ 43.044189524894435, 42.161987940351224 ], [ 43.044529113552279, 42.16209045423696 ], [ 43.044776921606186, 42.162103459978454 ], [ 43.045001888144618, 42.162089733606969 ], [ 43.04533057012614, 42.1621612590762 ], [ 43.045633421329619, 42.162307092270218 ], [ 43.045958857970874, 42.16248410960722 ], [ 43.046154554241326, 42.162654502898967 ], [ 43.046292770818653, 42.162824321955078 ], [ 43.046527610379719, 42.162942201670155 ], [ 43.04694499496339, 42.163079715509291 ], [ 43.046977650818576, 42.163090448268775 ], [ 43.047010006988302, 42.163101085856823 ], [ 43.047296254125349, 42.163228169851507 ], [ 43.04746887813674, 42.163312567128827 ], [ 43.047696313323215, 42.163393844563629 ], [ 43.048026110104338, 42.163529818403347 ], [ 43.048295592462885, 42.163668817540973 ], [ 43.048586099034878, 42.163836677404632 ], [ 43.04888527750829, 42.163980413208058 ], [ 43.049060170017498, 42.164058092274082 ], [ 43.049229329178054, 42.164131305697722 ], [ 43.049391013075173, 42.164252798358127 ], [ 43.049440002796572, 42.164389890603232 ], [ 43.049436491428608, 42.164504160577245 ], [ 43.04952989146836, 42.164734363433112 ], [ 43.049569747057568, 42.164778719788742 ], [ 43.049607321503636, 42.16494853431994 ], [ 43.049632830795105, 42.165052040471693 ], [ 43.04956212966087, 42.165213754513104 ], [ 43.049412179912871, 42.165354397777065 ], [ 43.04940825252492, 42.165358113450019 ], [ 43.049456327178561, 42.165396980956587 ], [ 43.049400316404174, 42.165488338618779 ], [ 43.049402868945329, 42.16559829882604 ], [ 43.049379066489983, 42.165795753213651 ], [ 43.049278480924194, 42.166185347916901 ], [ 43.04912218405002, 42.16620155661964 ], [ 43.049060057865979, 42.166285065014137 ], [ 43.049042187789929, 42.166433222966909 ], [ 43.04913133978355, 42.166563388543807 ], [ 43.049302203361911, 42.166630596910288 ], [ 43.049586225937404, 42.166694821336499 ], [ 43.049660538018927, 42.166703244792131 ], [ 43.049715431017034, 42.166709356674538 ], [ 43.049897778940121, 42.166729838813566 ], [ 43.050103436569913, 42.166748150305516 ], [ 43.050419366642494, 42.166857449245562 ], [ 43.050648088735741, 42.16698998617845 ], [ 43.0506823030221, 42.167038749192358 ], [ 43.050750037573252, 42.167135227716706 ], [ 43.05091428131454, 42.167420083363837 ], [ 43.051143131637524, 42.167765385408671 ], [ 43.051247333589238, 42.168054173478978 ], [ 43.051391100871271, 42.168353540176348 ], [ 43.05147934974736, 42.168513362943258 ], [ 43.051561335070161, 42.16858738828509 ], [ 43.051696593736267, 42.168653312730925 ], [ 43.051928721394056, 42.168793514928119 ], [ 43.052054897665535, 42.168918723475969 ], [ 43.052269372957795, 42.169054302329826 ], [ 43.052496113039425, 42.169176850415703 ], [ 43.052764713571626, 42.169282547351713 ], [ 43.052987818456771, 42.169330283949932 ], [ 43.053115613200887, 42.169402834417156 ], [ 43.053220085398188, 42.169466118049804 ], [ 43.053275897022338, 42.169572614347132 ], [ 43.053283381770768, 42.169713413222205 ], [ 43.053118586579437, 42.169882087690382 ], [ 43.052912589975421, 42.170050062408578 ], [ 43.052697236766249, 42.170134303331508 ], [ 43.052368709051663, 42.170247467030734 ], [ 43.052130372967206, 42.170309342228173 ], [ 43.051854079599678, 42.170454146684875 ], [ 43.05167228817492, 42.170600510945363 ], [ 43.05160994038615, 42.170705000588853 ], [ 43.051487797203016, 42.170834771424481 ], [ 43.0514576646679, 42.171045312158284 ], [ 43.05150382943571, 42.171274710668641 ], [ 43.051619627047366, 42.17154487300526 ], [ 43.05184003427982, 42.171873954579702 ], [ 43.051893749356452, 42.172050706746077 ], [ 43.051957852330595, 42.172271629032174 ], [ 43.051987910254418, 42.172448024324325 ], [ 43.051954939194054, 42.172561748810452 ], [ 43.051854572376229, 42.17274912221518 ], [ 43.051762834127459, 42.172848654725499 ], [ 43.051636374424, 42.172925667974809 ], [ 43.051554678626509, 42.173082558219328 ], [ 43.051561950706869, 42.17323213423024 ], [ 43.05178391401553, 42.173701959039278 ], [ 43.051925533386637, 42.173902178753337 ], [ 43.052328824821871, 42.174243191517398 ], [ 43.05257958015531, 42.17454639978255 ], [ 43.052808088994347, 42.174805281120058 ], [ 43.052946822959598, 42.174904404694431 ], [ 43.053101578544151, 42.174941074201072 ], [ 43.053155628716453, 42.174929518639935 ], [ 43.053158144806275, 42.174932353173212 ], [ 43.053187010044994, 42.17502740483318 ], [ 43.05315319170105, 42.175093789386743 ], [ 43.053014155045254, 42.175138664799512 ], [ 43.052876083555326, 42.175152080911474 ], [ 43.052712537338806, 42.175129626199919 ], [ 43.052556974088454, 42.175024587894328 ], [ 43.052412785946402, 42.174892139562203 ], [ 43.052286813422313, 42.174854562060943 ], [ 43.052122785470807, 42.174851776156245 ], [ 43.052005528269035, 42.174873424887956 ], [ 43.051886881462949, 42.174946248267844 ], [ 43.051807808097095, 42.175106380267785 ], [ 43.051703508336139, 42.175400000930765 ], [ 43.051567870557477, 42.175850646736251 ], [ 43.05148970013699, 42.175983280898755 ], [ 43.05133329611229, 42.176075139980419 ], [ 43.05103343193764, 42.176184283735466 ], [ 43.050597489349791, 42.176239870271822 ], [ 43.049916436441563, 42.176346448397808 ], [ 43.049602712753938, 42.176388394093841 ], [ 43.049421074552718, 42.176440420713426 ], [ 43.049280942109014, 42.176520756043452 ], [ 43.049168277477996, 42.176739438274119 ], [ 43.049115606621747, 42.176853727313123 ], [ 43.049082431486241, 42.177023058618886 ], [ 43.049079565558621, 42.177116265607246 ], [ 43.049077528541474, 42.177182514127175 ], [ 43.048994404494962, 42.17750751761001 ], [ 43.048966329882845, 42.177560174592735 ], [ 43.048942686246001, 42.177604576526747 ], [ 43.048730907246373, 42.177829452138631 ], [ 43.048575087417099, 42.177982737332876 ], [ 43.048233539897289, 42.178306989907888 ], [ 43.048085652511297, 42.178440461431919 ], [ 43.04800283557875, 42.178515196393981 ], [ 43.047894605166036, 42.178705584281794 ], [ 43.04770656832617, 42.178923972589963 ], [ 43.047682210292663, 42.17895219656404 ], [ 43.047386642319644, 42.179208289403441 ], [ 43.046982064517572, 42.179520567835048 ], [ 43.046708095022304, 42.179708131868011 ], [ 43.046543244712993, 42.179835863878544 ], [ 43.046485787517859, 42.179961822743792 ], [ 43.046501141787964, 42.180096271617309 ], [ 43.046508995472038, 42.180126304856415 ], [ 43.046548009951067, 42.180274890691017 ], [ 43.046570929564496, 42.180362232681283 ], [ 43.046585452152023, 42.180525666238346 ], [ 43.046596341756839, 42.18080512343694 ], [ 43.046650998929444, 42.180929389677836 ], [ 43.046715906561225, 42.181039286020642 ], [ 43.046736994718707, 42.181144833639522 ], [ 43.046705861486814, 42.181365532286151 ], [ 43.046692811959737, 42.181630082259232 ], [ 43.046697107766498, 42.181649833229393 ], [ 43.046735558579492, 42.181826597705552 ], [ 43.046748904375598, 42.182026304771426 ], [ 43.046698448551012, 42.182239424558155 ], [ 43.046664310238043, 42.182398426875565 ], [ 43.046660291376583, 42.182528943351478 ], [ 43.04672502918342, 42.182642439118304 ], [ 43.047032057228776, 42.182807251976953 ], [ 43.047180226923118, 42.182922663615983 ], [ 43.047184424914477, 42.182925932181156 ], [ 43.047199258287449, 42.182933794720775 ], [ 43.047235423439936, 42.182954763788736 ], [ 43.047326507104877, 42.183003100165593 ], [ 43.047361962317872, 42.183019599206155 ], [ 43.04742497340284, 42.183051562170888 ], [ 43.047602062330071, 42.183130316495721 ], [ 43.047641423720961, 42.183145801249694 ], [ 43.047645723817894, 42.183147720657786 ], [ 43.047730144089662, 42.183180453199164 ], [ 43.047812072790528, 42.183211522209973 ], [ 43.04790179851495, 42.183246956639003 ], [ 43.047902814761684, 42.183247379201454 ], [ 43.047918502825866, 42.183253049762129 ], [ 43.047933089204214, 42.183259106831215 ], [ 43.047958997490753, 42.1832690940495 ], [ 43.047969998406892, 42.183275585404751 ], [ 43.04797891878146, 42.183280825553979 ], [ 43.048042531955915, 42.183316851064056 ], [ 43.04807389815393, 42.183336387305715 ], [ 43.048120753486245, 42.183366093614339 ], [ 43.048193497988713, 42.183412315989962 ], [ 43.04827773737793, 42.183484400644055 ], [ 43.048318349172575, 42.183520259682808 ], [ 43.048347759909966, 42.183546291816157 ], [ 43.04835560178941, 42.183553134635922 ], [ 43.04844029211111, 42.183614509875206 ], [ 43.04844100580334, 42.183614927284118 ], [ 43.048508170773623, 42.183663441061334 ], [ 43.048636738910282, 42.183745060499142 ], [ 43.0486702036726, 42.183767243985194 ], [ 43.0486803783337, 42.183773045773819 ], [ 43.048730985679221, 42.183804796964253 ], [ 43.048856417016864, 42.183874249905855 ], [ 43.048945188734891, 42.183928939821065 ], [ 43.049012489479992, 42.183969125195816 ], [ 43.049420337373604, 42.184169373774054 ], [ 43.049606176084467, 42.184241384354813 ], [ 43.049673519949835, 42.184268376496028 ], [ 43.049674836024927, 42.184268894200549 ], [ 43.049769844032738, 42.184290142723519 ], [ 43.049894862587472, 42.184319916713982 ], [ 43.050000471070803, 42.184374486858367 ], [ 43.050040481081147, 42.18444572806996 ], [ 43.050052831887449, 42.184473315882443 ], [ 43.050054441516252, 42.184478071326517 ], [ 43.050079828622806, 42.18456806623653 ], [ 43.050095913600138, 42.18470856091335 ], [ 43.050106032614032, 42.184802844163208 ], [ 43.050120349133209, 42.185018597714887 ], [ 43.050047241402581, 42.185234215629919 ], [ 43.050020945467573, 42.185254526993617 ], [ 43.049980071359911, 42.185280309177948 ], [ 43.049959421946276, 42.185296168585658 ], [ 43.049924020014721, 42.185323169533071 ], [ 43.049885126565556, 42.185347544426904 ], [ 43.049823058143652, 42.185426596005009 ], [ 43.049818435788225, 42.185433181731007 ], [ 43.049807574682376, 42.185544219334545 ], [ 43.049808192927635, 42.185547742131639 ], [ 43.049815761224586, 42.185593035197364 ], [ 43.049832796500596, 42.18569473081579 ], [ 43.049834615359309, 42.185698589234768 ], [ 43.049835694571676, 42.185700904080313 ], [ 43.049882601866543, 42.185797929312052 ], [ 43.049884984737247, 42.185801166911531 ], [ 43.049903090740344, 42.185840470155171 ], [ 43.049904393662686, 42.185845355472686 ], [ 43.049995213485772, 42.185963525642087 ], [ 43.050036006080269, 42.186137356825455 ], [ 43.04995808184286, 42.186336276941006 ], [ 43.04993863476664, 42.186385883707743 ], [ 43.049933439669452, 42.186395341570964 ], [ 43.049928633587108, 42.18640593178074 ], [ 43.049927669122951, 42.186407761580142 ], [ 43.049902373479398, 42.186452630871315 ], [ 43.049803939395687, 42.186627381614294 ], [ 43.04975641113225, 42.1867218552661 ], [ 43.049727939962047, 42.186822731945256 ], [ 43.049707894338439, 42.186893762417988 ], [ 43.049668763139664, 42.187020349611558 ], [ 43.049667081400791, 42.187025814579968 ], [ 43.049624940576216, 42.187167570460424 ], [ 43.049610636719862, 42.187225144757235 ], [ 43.049597525050245, 42.187269545754823 ], [ 43.04958181415882, 42.18734137039182 ], [ 43.049580341253041, 42.187347919612648 ], [ 43.049548013607279, 42.187495425985922 ], [ 43.049545336142593, 42.187507673434588 ], [ 43.049509704673234, 42.187662193193859 ], [ 43.049476520516933, 42.187806037600758 ], [ 43.04947637872209, 42.187806710627818 ], [ 43.049475709976015, 42.187822549551427 ], [ 43.049467771518238, 42.187842452545894 ], [ 43.049463171692501, 42.187944770835152 ], [ 43.049458519736099, 42.188096035035493 ], [ 43.049453854461291, 42.188308763935893 ], [ 43.049452471645395, 42.188339945687559 ], [ 43.049483123829489, 42.188489108611243 ], [ 43.049493780179766, 42.188540308004988 ], [ 43.049503427889263, 42.188586897258126 ], [ 43.049522741153623, 42.188651932783102 ], [ 43.049528669066405, 42.188673782735947 ], [ 43.049612030273856, 42.188979463191558 ], [ 43.049685982575404, 42.189345007542499 ], [ 43.049767098941061, 42.189644975996508 ], [ 43.049646134190482, 42.189652374894266 ], [ 43.049139651668639, 42.189683205392633 ], [ 43.049066623161728, 42.18997861565547 ], [ 43.048944486027317, 42.190256349414128 ], [ 43.04878688340046, 42.190533479585227 ], [ 43.04869138348549, 42.190752272713311 ], [ 43.048627999383271, 42.190966343833551 ], [ 43.048588250899201, 42.19121909196118 ], [ 43.048549800116064, 42.191545755110489 ], [ 43.048559637776897, 42.191688485053135 ], [ 43.048539988938337, 42.191748489849083 ], [ 43.04847884002524, 42.191935131057789 ], [ 43.048353580559812, 42.192259010925675 ], [ 43.048163902872155, 42.192582514684695 ], [ 43.047771251496613, 42.192846906742126 ], [ 43.047339285326125, 42.193092030926913 ], [ 43.047171977693978, 42.193174557308502 ], [ 43.047132356648909, 42.193202701279667 ], [ 43.047085182796316, 42.19323621017633 ], [ 43.047101425308469, 42.193245582686792 ], [ 43.047257146139373, 42.193334825667193 ], [ 43.047657208527795, 42.193583174145814 ], [ 43.047684512543213, 42.193601065300228 ], [ 43.047751858578984, 42.19364598022905 ], [ 43.047878027267515, 42.19380221804682 ], [ 43.047909889912887, 42.193888406002955 ], [ 43.047920119020681, 42.193916092978611 ], [ 43.047924636019395, 42.193991638825473 ], [ 43.047882762043322, 42.194061486777251 ], [ 43.047814267164284, 42.194175820677856 ], [ 43.047658461841323, 42.194344909577076 ], [ 43.04762414786137, 42.19438160955518 ], [ 43.047337850745322, 42.1947629053223 ], [ 43.047186565759887, 42.194971921368676 ], [ 43.045955148517187, 42.194746737215553 ], [ 43.045170983257528, 42.194594727463304 ], [ 43.045093099716475, 42.194577369375118 ], [ 43.045019246293201, 42.194560890465787 ], [ 43.045016119904091, 42.194560161728639 ], [ 43.044952443353161, 42.19464373103213 ], [ 43.044806917963861, 42.194834605281571 ], [ 43.04480389072102, 42.194838516236153 ], [ 43.044801487603031, 42.194843788707864 ], [ 43.044760495361913, 42.194924187359391 ], [ 43.044751051172625, 42.194953565482869 ], [ 43.044709425328023, 42.195081999460129 ], [ 43.044706116880683, 42.195093065258796 ], [ 43.044701655038395, 42.195237758033848 ], [ 43.044701875775502, 42.195240418519951 ], [ 43.044702041540184, 42.195242897951928 ], [ 43.044715231509919, 42.195419997516218 ], [ 43.044715790717888, 42.195427391838457 ], [ 43.044732675733385, 42.195527869689521 ], [ 43.044736079779561, 42.195741501175441 ], [ 43.044757553085546, 42.195896478627468 ], [ 43.044785067656633, 42.19609505006688 ], [ 43.044810221401498, 42.196251415012597 ], [ 43.044851801309122, 42.19652315460575 ], [ 43.044887326820898, 42.196828247631736 ], [ 43.044912801399001, 42.197066526087717 ], [ 43.044918348872123, 42.197118359195002 ], [ 43.044909765497025, 42.197396718323638 ], [ 43.044876926356949, 42.197648637028152 ], [ 43.044820819454976, 42.197851887723445 ], [ 43.044797682203757, 42.197974635410837 ], [ 43.044778096734213, 42.198078546708032 ], [ 43.044792411728906, 42.198150254782206 ], [ 43.044772753190081, 42.198336259312036 ], [ 43.044745146473296, 42.19847899486917 ], [ 43.04471993406213, 42.198544129246976 ], [ 43.044688933469693, 42.198571206234263 ], [ 43.044664900379928, 42.19857854145426 ], [ 43.044613974361212, 42.198594083509569 ], [ 43.044490100025044, 42.19862302776496 ], [ 43.044338234458642, 42.198656671070786 ], [ 43.044204124758018, 42.198716497074194 ], [ 43.044015556214404, 42.198811627187631 ], [ 43.043843594178881, 42.198894962550725 ], [ 43.043717133477266, 42.198932488532733 ], [ 43.043581607856069, 42.198962958549082 ], [ 43.043236715048778, 42.199010560371519 ], [ 43.043015219776649, 42.199044738352832 ], [ 43.042808359133176, 42.199089819584501 ], [ 43.042758242254983, 42.199100741120084 ], [ 43.042700693400086, 42.199116452964383 ], [ 43.04247274284252, 42.199178685449461 ], [ 43.042135260700775, 42.199286798153608 ], [ 43.041886654930991, 42.199372272984242 ], [ 43.041574522202005, 42.199485993435218 ], [ 43.041235251567755, 42.199576818655828 ], [ 43.040919756770045, 42.199649071074873 ], [ 43.040556331913784, 42.199770539122255 ], [ 43.040441516862423, 42.199806535846598 ], [ 43.040277891844042, 42.199845148444929 ], [ 43.040102936011799, 42.199874940466103 ], [ 43.039924194220696, 42.199877061037 ], [ 43.039822094298444, 42.199877041322871 ], [ 43.039807341824094, 42.199878453423217 ], [ 43.03971503679719, 42.199887288970054 ], [ 43.039478980262338, 42.19994191557057 ], [ 43.038805225226916, 42.200118460546719 ], [ 43.03869949663612, 42.200143951621463 ], [ 43.037909803091488, 42.200334342328283 ], [ 43.03746799398931, 42.200438931459658 ], [ 43.037208527965106, 42.200500053886302 ], [ 43.037054074947427, 42.2005442340595 ], [ 43.036508500542816, 42.200700291023658 ], [ 43.035733718935852, 42.200916495840296 ], [ 43.035047491285312, 42.201120410517753 ], [ 43.034216634920938, 42.201329797555566 ], [ 43.034254633602337, 42.201373857026653 ], [ 43.034287899716944, 42.201412341805785 ], [ 43.03501273548212, 42.202251540862257 ], [ 43.035092015370289, 42.202343325040303 ], [ 43.035166876811743, 42.202429991094455 ], [ 43.035370882016728, 42.202666185221389 ], [ 43.035329819295619, 42.202785854424434 ], [ 43.035301436242328, 42.202798155496851 ], [ 43.035142531564588, 42.203028951083361 ], [ 43.034565480540479, 42.203867095148063 ], [ 43.034376218412099, 42.204142332645141 ], [ 43.034035442354252, 42.204637905935982 ], [ 43.033993277493572, 42.204686522312421 ], [ 43.034017155418312, 42.204731208807409 ], [ 43.034114063639571, 42.204770109296867 ], [ 43.034173525271257, 42.204793958438238 ], [ 43.034354067802525, 42.204868199380222 ], [ 43.034472729475276, 42.204967316128744 ], [ 43.034527348872111, 42.205072763067314 ], [ 43.034528769577456, 42.205075541398166 ], [ 43.03453021609743, 42.20507830756334 ], [ 43.034517612804073, 42.205187872474447 ], [ 43.034561420811841, 42.205304438186019 ], [ 43.034562677718938, 42.20530535040492 ], [ 43.034563967910536, 42.205306283007133 ], [ 43.034660750794004, 42.205376611195085 ], [ 43.034736596472598, 42.205420958916079 ], [ 43.034820352240132, 42.205469990087103 ], [ 43.034821356187976, 42.205470817816241 ], [ 43.034883724003052, 42.205524030335752 ], [ 43.034958957504266, 42.205588135191014 ], [ 43.035063446388548, 42.205710783812641 ], [ 43.035256636940154, 42.205814779152284 ], [ 43.035431205986221, 42.205863024322383 ], [ 43.035525446958701, 42.205884496694345 ], [ 43.035548721421172, 42.205889803593024 ], [ 43.035619687997688, 42.205905968990052 ], [ 43.035646390576652, 42.205912055060864 ], [ 43.035792652030359, 42.206000160819883 ], [ 43.035976665712191, 42.206179511543169 ], [ 43.036085424313121, 42.206277826595127 ], [ 43.036141275257137, 42.206328360158871 ], [ 43.036197005051612, 42.20635934899471 ], [ 43.036203077735571, 42.206362740117896 ], [ 43.03624112178057, 42.206383969939758 ], [ 43.036281131407151, 42.20640626907889 ], [ 43.036463104552759, 42.206434556501812 ], [ 43.036584647518197, 42.206446724194343 ], [ 43.036694793113227, 42.206527681188241 ], [ 43.036699279719926, 42.206531010006515 ], [ 43.036703733041293, 42.206534318441918 ], [ 43.036780822066262, 42.20667158111597 ], [ 43.036891845799914, 42.206804381437898 ], [ 43.03705854625958, 42.20688779223417 ], [ 43.037172229029068, 42.206968594980644 ], [ 43.037210968841777, 42.206996129656382 ], [ 43.037371202503749, 42.207069342790142 ], [ 43.037564711791475, 42.207163298213921 ], [ 43.03763439374012, 42.207232754824361 ], [ 43.037682925586324, 42.207281091044464 ], [ 43.037671968089917, 42.207419818268718 ], [ 43.037671781529497, 42.20742193144325 ], [ 43.037646358296946, 42.207452746559873 ], [ 43.037633335634744, 42.207468418967444 ], [ 43.037573305340558, 42.207541059220191 ], [ 43.037568943722626, 42.207681925617671 ], [ 43.037670336230576, 42.207824646864005 ], [ 43.037724660763679, 42.207901090285212 ], [ 43.037874803674939, 42.208053831516182 ], [ 43.037875685238575, 42.208054702153468 ], [ 43.037904408597271, 42.208107067147928 ], [ 43.037958069069958, 42.208204977967299 ], [ 43.038003879315291, 42.208288435193907 ], [ 43.038007444205284, 42.208341540449524 ], [ 43.03801783015664, 42.208495177266784 ], [ 43.038013105565618, 42.208534316758907 ], [ 43.0379995971632, 42.208645892836699 ], [ 43.038077721752273, 42.208747914562402 ], [ 43.038085320713876, 42.208750926437958 ], [ 43.038146475651907, 42.208775027639177 ], [ 43.038192611514411, 42.208793198190378 ], [ 43.038269775217415, 42.208887143139982 ], [ 43.03826650849593, 42.20899268044456 ], [ 43.038265102894812, 42.209038090738261 ], [ 43.038348451112761, 42.20919054415117 ], [ 43.038512667827455, 42.209354467361166 ], [ 43.038705346634352, 42.209473577905591 ], [ 43.03883556699035, 42.209532406682946 ], [ 43.038895008144905, 42.2096021376585 ], [ 43.038913648443291, 42.209745513826313 ], [ 43.038920610476396, 42.20976715679091 ], [ 43.038942261962681, 42.209834755486973 ], [ 43.038956892286578, 42.209880665176478 ], [ 43.039125114200161, 42.210075771090317 ], [ 43.03915955389099, 42.210115715430419 ], [ 43.039346079748569, 42.210214546654861 ], [ 43.039512074651284, 42.210323113070665 ], [ 43.039524310906678, 42.210328950908675 ], [ 43.039592419958225, 42.210361320496403 ], [ 43.039698912120336, 42.210411907566211 ], [ 43.039771756944049, 42.210479165481068 ], [ 43.039856203608508, 42.210557113447116 ], [ 43.039876696011454, 42.210576060751634 ], [ 43.03997109110604, 42.210706412413572 ], [ 43.040039052302646, 42.210800378978618 ], [ 43.040066606588852, 42.210910225560973 ], [ 43.040143392193954, 42.210995021874126 ], [ 43.04019880231715, 42.211056127747689 ], [ 43.040200617778048, 42.211058140055073 ], [ 43.04020208531653, 42.211059651096271 ], [ 43.040243415793682, 42.211102054391695 ], [ 43.040246050491675, 42.211104761539247 ], [ 43.040246645217941, 42.211105351677993 ], [ 43.040274126511271, 42.211133624098949 ], [ 43.040588084298825, 42.210930078790049 ], [ 43.04075937810844, 42.210780506627266 ], [ 43.040850549214078, 42.210734408292893 ], [ 43.04111817021743, 42.210786636474793 ], [ 43.041553413506627, 42.211222973786214 ], [ 43.04126384782586, 42.211465838116006 ], [ 43.040989155051705, 42.211642238022179 ], [ 43.040807585787064, 42.211778313538211 ], [ 43.040922346355238, 42.211827231477038 ], [ 43.041034862097774, 42.211896652310323 ], [ 43.041255390632934, 42.212028347163297 ], [ 43.041444808332287, 42.212084852022194 ], [ 43.041505056876289, 42.212146265049029 ], [ 43.041506657101571, 42.21224931888208 ], [ 43.041477584838155, 42.212415835129477 ], [ 43.041530526536917, 42.212558851089085 ], [ 43.041644815087174, 42.212727770800448 ], [ 43.041747877695663, 42.212793472189873 ], [ 43.041908662482847, 42.212849487296516 ], [ 43.04197863537572, 42.212903996564549 ], [ 43.042010248108383, 42.212964965370986 ], [ 43.041974136711971, 42.213049588759404 ], [ 43.04191280586894, 42.213179981297998 ], [ 43.041937929183931, 42.21329406455493 ], [ 43.042030115365186, 42.213382543881053 ], [ 43.042058589805286, 42.213409822376882 ], [ 43.042142034240761, 42.213492974905392 ], [ 43.042177773836492, 42.213575267840291 ], [ 43.042239237139917, 42.213750354555195 ], [ 43.042300209303349, 42.213943309383417 ], [ 43.042347183814904, 42.214124677878083 ], [ 43.042373045290567, 42.214162043221478 ], [ 43.042389948003148, 42.214199210584376 ], [ 43.042495131197988, 42.214153230418574 ], [ 43.042529661123773, 42.214204117337154 ], [ 43.042499741095128, 42.214294205024927 ], [ 43.042510152793206, 42.214398354848669 ], [ 43.042664343620338, 42.214666027963176 ], [ 43.042755864146237, 42.214768230096205 ], [ 43.04279640737299, 42.214846056886778 ], [ 43.042796405982855, 42.2148461018921 ], [ 43.04279726204652, 42.214963507237137 ], [ 43.042766156848828, 42.215168443857195 ], [ 43.042771137889545, 42.215299383290571 ], [ 43.042832211395215, 42.215367564043362 ], [ 43.04284890893684, 42.215411392130775 ], [ 43.04280256163873, 42.215450857020748 ], [ 43.042749912176873, 42.215547266119884 ], [ 43.042778202866472, 42.215655053228382 ], [ 43.042816056465242, 42.215890570834446 ], [ 43.042817327711369, 42.215943546687299 ], [ 43.042820003321673, 42.216054994206921 ], [ 43.042814240986409, 42.216067008664325 ], [ 43.042752506374455, 42.216194737981979 ], [ 43.042780716196795, 42.216271813894373 ], [ 43.042798258890443, 42.21631966399417 ], [ 43.042867112997449, 42.216428188458757 ], [ 43.042939886757267, 42.216556907760264 ], [ 43.04293670329497, 42.216805098512459 ], [ 43.04297961736021, 42.217023906566951 ], [ 43.043010162381414, 42.217203868586274 ], [ 43.043047413386851, 42.21731185355916 ], [ 43.043085086471102, 42.21740813817329 ], [ 43.043101161935034, 42.21747212860295 ], [ 43.043076196110583, 42.2175488822907 ], [ 43.043069023213867, 42.217635981109794 ], [ 43.043104292924703, 42.217735556844794 ], [ 43.043028795833393, 42.217769481075912 ], [ 43.042945740490524, 42.217828447483981 ], [ 43.04288348622638, 42.217870973039574 ], [ 43.04242909483019, 42.217898474268786 ], [ 43.042347917393975, 42.217969179846428 ], [ 43.042325406921108, 42.218040932029226 ], [ 43.042320995535746, 42.218171936209416 ], [ 43.042317607632313, 42.218269816498228 ], [ 43.042310186513987, 42.218486459520498 ], [ 43.042301245209572, 42.218748375776507 ], [ 43.042299846191064, 42.218793651086571 ], [ 43.042294226807535, 42.218830433913816 ], [ 43.042160368824391, 42.218853319660866 ], [ 43.0418655727116, 42.218950096408044 ], [ 43.0418252428763, 42.218963321653369 ], [ 43.041467596190387, 42.219086536758667 ], [ 43.041427673318566, 42.219100309162464 ], [ 43.040869555139437, 42.219292594700086 ], [ 43.040688454056209, 42.219311249321009 ], [ 43.040730958847497, 42.219615561210823 ], [ 43.040831015587436, 42.220393886157403 ], [ 43.040912832407841, 42.220667034113156 ], [ 43.041054173557335, 42.221058589555547 ], [ 43.041203604367567, 42.221480497461052 ], [ 43.041254968138773, 42.221696298308892 ], [ 43.041323035509599, 42.221920489678539 ], [ 43.041372661894329, 42.222180749431509 ], [ 43.041476361786565, 42.222463411606974 ], [ 43.041527376701595, 42.222588653043161 ], [ 43.041452217119193, 42.222593808423575 ], [ 43.041373620968727, 42.222616061098947 ], [ 43.040816158829273, 42.222735185253718 ], [ 43.040606817410939, 42.222311172477326 ], [ 43.040587777143493, 42.222272572467659 ], [ 43.040101003011387, 42.222464542200839 ], [ 43.039842024100729, 42.222554360947875 ], [ 43.039496760458562, 42.222674044022831 ], [ 43.039489138072462, 42.22267760607248 ], [ 43.039426065437347, 42.222707192379382 ], [ 43.039422255633383, 42.222708928396656 ], [ 43.039347014378485, 42.222744115332063 ], [ 43.039288863609599, 42.222771264099471 ], [ 43.039196353344437, 42.222790890811844 ], [ 43.038905526201937, 42.222852650091014 ], [ 43.03883984793125, 42.222864630204448 ], [ 43.038666327393791, 42.222896379580426 ], [ 43.038615087168424, 42.222905769703281 ], [ 43.038380517653266, 42.222948677201352 ], [ 43.038108801738758, 42.222686732842 ], [ 43.037608058280959, 42.222832568382117 ], [ 43.037329299367741, 42.22292906742058 ], [ 43.037130458281752, 42.222997845165551 ], [ 43.036841821137209, 42.223074856476714 ], [ 43.03666589005762, 42.223121781338641 ], [ 43.036654708957705, 42.223124831974168 ], [ 43.036585512019514, 42.22314476570044 ], [ 43.036475541680417, 42.223176474201118 ], [ 43.036437587095243, 42.223187216578843 ], [ 43.036344571772609, 42.223213316504982 ], [ 43.036328561139001, 42.223217770356541 ], [ 43.036065281763079, 42.223291656676956 ], [ 43.035954120850299, 42.223322668847786 ], [ 43.035901932292035, 42.223337219841703 ], [ 43.03608039255603, 42.223538989466789 ], [ 43.036077724690294, 42.223625039166109 ], [ 43.036076795399595, 42.223655012544299 ], [ 43.036071396834508, 42.223829137165822 ], [ 43.035898310901864, 42.224012817514087 ], [ 43.03611366853503, 42.224265381367658 ], [ 43.036231741288887, 42.224505877010586 ], [ 43.036306107477515, 42.224807809019836 ], [ 43.036328965039139, 42.224832651201197 ], [ 43.036549062930668, 42.225071201335972 ], [ 43.03687184957154, 42.225460374970361 ], [ 43.036973962728261, 42.225535700525931 ], [ 43.037130985152316, 42.225651456379538 ], [ 43.037135845626985, 42.225658834276217 ], [ 43.037195253571952, 42.225749593965062 ], [ 43.037270278755784, 42.225864261155785 ], [ 43.037312215945803, 42.225928379783937 ], [ 43.037357390780151, 42.225997506999938 ], [ 43.037332114006482, 42.226166068018138 ], [ 43.03730468974463, 42.226349181648466 ], [ 43.037303930221697, 42.226352185587523 ], [ 43.037240570530507, 42.226617672436177 ], [ 43.037425458092102, 42.226952655518396 ], [ 43.037434726883731, 42.226980056680823 ], [ 43.037471754122954, 42.227089255241239 ], [ 43.037591605121371, 42.22744280251532 ], [ 43.037671366779215, 42.227500498809597 ], [ 43.037828043872707, 42.227613906280112 ], [ 43.038063831743422, 42.227784548130629 ], [ 43.038109874742574, 42.227817891879674 ], [ 43.038157939274946, 42.227893552380088 ], [ 43.038176507104929, 42.22792980317233 ], [ 43.038195715010765, 42.227972774225933 ], [ 43.038475175993426, 42.227891459997913 ], [ 43.038900918594507, 42.227801479914142 ], [ 43.03945377321137, 42.227682061424645 ], [ 43.039496198073792, 42.227662028474931 ], [ 43.039571473452952, 42.227639630295741 ], [ 43.039594773181193, 42.22763264391353 ], [ 43.039612687553991, 42.22766654179928 ], [ 43.039944973713368, 42.228294027269271 ], [ 43.039948007642728, 42.228299752779812 ], [ 43.039977028013418, 42.228354598800777 ], [ 43.040110965666862, 42.228310238268868 ], [ 43.04011217816312, 42.228310213964988 ], [ 43.040502005480754, 42.22829620828319 ], [ 43.040905331537388, 42.228339393537539 ], [ 43.041144554234364, 42.228448308035226 ], [ 43.041201074035044, 42.228474039521572 ], [ 43.041547449377674, 42.228552497901134 ], [ 43.041886218876712, 42.228651628723583 ], [ 43.04207665616385, 42.228762995254513 ], [ 43.042080702993076, 42.228765360833627 ], [ 43.04212206433364, 42.228789527184539 ], [ 43.04221508100585, 42.228843934400011 ], [ 43.042257901198461, 42.228860110457873 ], [ 43.042492833898471, 42.2289491811893 ], [ 43.042587514215832, 42.228985064577131 ], [ 43.042657275954177, 42.229037183223952 ], [ 43.042692040622555, 42.229063082946517 ], [ 43.042921584909728, 42.229234418769373 ], [ 43.043396041876001, 42.229428845810403 ], [ 43.043396879932239, 42.229429175313868 ], [ 43.04361204495487, 42.229463961750483 ], [ 43.043800336912781, 42.229605728388265 ], [ 43.043823429892193, 42.229623098283852 ], [ 43.043873600437813, 42.229805420877369 ], [ 43.044032503702546, 42.229872793248269 ], [ 43.044128371221163, 42.229913468686547 ], [ 43.044309694772757, 42.229949387648013 ], [ 43.044787063034597, 42.230043939359284 ], [ 43.045132723354087, 42.230085135793125 ], [ 43.045268971402066, 42.230101372571802 ], [ 43.045294445921144, 42.23010441853684 ], [ 43.045301984996222, 42.230105537697717 ], [ 43.045877693949343, 42.230192170143944 ], [ 43.045963547204749, 42.23020988873099 ], [ 43.046369872406977, 42.230293857105373 ], [ 43.046609590664879, 42.230310639427032 ], [ 43.046662248644019, 42.230314373334814 ], [ 43.046739089996045, 42.23031194496113 ], [ 43.046983378585814, 42.230304308606591 ], [ 43.047106311849113, 42.230325990059512 ], [ 43.047406656119428, 42.23037892586153 ], [ 43.047422460612012, 42.230383157548239 ], [ 43.04768303281547, 42.230452661423854 ], [ 43.04771806868397, 42.230461993588413 ], [ 43.047723142052874, 42.230466447779172 ], [ 43.047772404850093, 42.230509568733112 ], [ 43.047907656272763, 42.230646643122647 ], [ 43.047910285165415, 42.230651776151177 ], [ 43.047933052592917, 42.230695481616458 ], [ 43.048021600941077, 42.230865622524803 ], [ 43.048075139832889, 42.230968569563395 ], [ 43.048128857793543, 42.231071609682147 ], [ 43.048229415606365, 42.231264964654784 ], [ 43.048316023020405, 42.231431289855692 ], [ 43.04832772037458, 42.231466566512452 ], [ 43.048345234069224, 42.231519548488073 ], [ 43.048422487701636, 42.231753482957558 ], [ 43.048522639106693, 42.232056431196796 ], [ 43.048601730174227, 42.232295665189824 ], [ 43.048615032884364, 42.232335877290105 ], [ 43.048615921396497, 42.232338504090315 ], [ 43.048466313840855, 42.232387921240587 ], [ 43.048464904331652, 42.232388437597777 ], [ 43.048379633848391, 42.232416570260938 ], [ 43.048375231960712, 42.232417846204854 ], [ 43.047861658278912, 42.232565353949958 ], [ 43.047786392705646, 42.232618782655223 ], [ 43.047751332062596, 42.232643627053505 ], [ 43.047890829278927, 42.23270404441277 ], [ 43.048050024255595, 42.232728908870989 ], [ 43.048193362664684, 42.23278659946034 ], [ 43.048310659234694, 42.232843891629692 ], [ 43.048435854740781, 42.232884747473442 ], [ 43.048508187805709, 42.233073929385732 ], [ 43.048508272864801, 42.233075101585825 ], [ 43.048517658436737, 42.233238491226309 ], [ 43.048532424496607, 42.233494687015266 ], [ 43.048523504211531, 42.234265835785259 ], [ 43.048544829071609, 42.234299385049411 ], [ 43.048573883621152, 42.234321988747354 ], [ 43.048677221425613, 42.234348648441774 ], [ 43.048756400520325, 42.23443568597375 ], [ 43.048821496632719, 42.23468873060277 ], [ 43.048822851188675, 42.234693931980246 ], [ 43.048913258843086, 42.234778413715063 ], [ 43.048975581158899, 42.234928790123384 ], [ 43.048982019783914, 42.235062005188155 ], [ 43.048989081671259, 42.235208424330175 ], [ 43.048989184314337, 42.235210992725449 ], [ 43.048985190122103, 42.235462546387836 ], [ 43.048916632114086, 42.235754428019391 ], [ 43.048557088679431, 42.235712376227035 ], [ 43.048280871423231, 42.235740816077595 ], [ 43.04803933546863, 42.23573121087221 ], [ 43.047792488738907, 42.23577397342472 ], [ 43.047557295916427, 42.235800363249332 ], [ 43.047372048795886, 42.235775144485167 ], [ 43.047248668907322, 42.235795107437468 ], [ 43.047220951100769, 42.23596885224606 ], [ 43.047210553383415, 42.236305986751773 ], [ 43.047189118583077, 42.236384062050902 ], [ 43.047172861194262, 42.236443583555804 ], [ 43.047183863951034, 42.236568185832134 ], [ 43.047164672296653, 42.236604962787908 ], [ 43.047132466694123, 42.236666824333867 ], [ 43.046934741080122, 42.236804442001088 ], [ 43.046934172407781, 42.236805197805857 ], [ 43.046926013170335, 42.236845764955682 ], [ 43.046924308374543, 42.236901031415172 ], [ 43.046910638338908, 42.236970953598004 ], [ 43.046907629412395, 42.236991885814525 ], [ 43.04690454361031, 42.237001559494658 ], [ 43.046902390385497, 42.237008502297016 ], [ 43.046906063074914, 42.237038734225393 ], [ 43.046909638240656, 42.23706819900088 ], [ 43.046920531563551, 42.237157046473726 ], [ 43.046929148991133, 42.237227348297083 ], [ 43.046970496041055, 42.237375972542658 ], [ 43.046989423853816, 42.237444018420312 ], [ 43.046991830125407, 42.237464232356139 ], [ 43.047003968748868, 42.23756575414972 ], [ 43.047021287881314, 42.237711492505092 ], [ 43.047044975980917, 42.237910068180135 ], [ 43.047048538751369, 42.237939937996728 ], [ 43.04706691686691, 42.23801598963788 ], [ 43.047093452771442, 42.23812617704229 ], [ 43.04711127947791, 42.2382004631556 ], [ 43.047150813378153, 42.238364681463061 ], [ 43.047175642368543, 42.238449668617747 ], [ 43.047200967922983, 42.238536240234829 ], [ 43.047238457791082, 42.238664580690795 ], [ 43.047268489634348, 42.238767532904809 ], [ 43.047320494305005, 42.238892878450628 ], [ 43.047358559350826, 42.239018301779367 ], [ 43.047388266636446, 42.239116070107656 ], [ 43.047435365302647, 42.239270825971857 ], [ 43.047440950848973, 42.239288167156936 ], [ 43.047491683216826, 42.239444966146216 ], [ 43.047526623047546, 42.239569570700091 ], [ 43.047550566327232, 42.239757974038319 ], [ 43.047560010970528, 42.239935098399663 ], [ 43.047416102189992, 42.239926839029891 ], [ 43.047285138034496, 42.239919340285645 ], [ 43.047021422338098, 42.239922998891444 ], [ 43.046927817371284, 42.239924331337264 ], [ 43.046919680786665, 42.239934684468672 ], [ 43.046889471187285, 42.239973029800048 ], [ 43.046856741693361, 42.2400144842196 ], [ 43.046850373151351, 42.240022525961798 ], [ 43.0468561315516, 42.240124614479612 ], [ 43.046856164348767, 42.240125515616015 ], [ 43.046859926060705, 42.240194113658035 ], [ 43.04685574139868, 42.240194222489272 ], [ 43.046289219697783, 42.240207490276106 ], [ 43.045316938491567, 42.240230274087708 ], [ 43.045221668601357, 42.240232522360188 ], [ 43.044331855424936, 42.240261386774229 ], [ 43.044327791891085, 42.240261497579134 ], [ 43.04428061569476, 42.240270329076772 ], [ 43.044252596485578, 42.240274984437264 ], [ 43.044245893821348, 42.240276175944452 ], [ 43.04394681749006, 42.240329836754505 ], [ 43.043924272885683, 42.240333819940609 ], [ 43.043906295820264, 42.240337070526756 ], [ 43.043891915835374, 42.240339616987441 ], [ 43.043850661789364, 42.240347018360723 ], [ 43.043848894226542, 42.240347348435463 ], [ 43.043854401381658, 42.240651567410886 ], [ 43.043774730593867, 42.240821633046075 ], [ 43.043557728813262, 42.241099946258188 ], [ 43.043381049800068, 42.24127938833221 ], [ 43.04334821722707, 42.241584844215467 ], [ 43.043320988479785, 42.241838387369171 ], [ 43.043318347164465, 42.241863063139618 ], [ 43.043305918778763, 42.241933816529119 ], [ 43.043304896936156, 42.241939427698476 ], [ 43.043182802670678, 42.242634886076004 ], [ 43.043141408537494, 42.242780073097705 ], [ 43.04314113704482, 42.242781014070069 ], [ 43.043028651766768, 42.243308633531576 ], [ 43.042984480337886, 42.243516183062944 ], [ 43.043003949394318, 42.243533311133341 ], [ 43.043100363280544, 42.24361771975984 ], [ 43.043252295528724, 42.243668583713188 ], [ 43.043483405656275, 42.243745879678627 ], [ 43.043613226905748, 42.243880794938306 ], [ 43.0436902133224, 42.244036962760894 ], [ 43.043623030192393, 42.244202828427454 ], [ 43.04355287099478, 42.244388500987661 ], [ 43.043442260461887, 42.244596673069864 ], [ 43.043241510405984, 42.244831044474196 ], [ 43.042984354358993, 42.244964893980566 ], [ 43.042484923406107, 42.245015851335658 ], [ 43.042483221844151, 42.245016002400099 ], [ 43.04260163374051, 42.245196518316583 ], [ 43.04277476450536, 42.245481129270658 ], [ 43.042777867720126, 42.245488566973592 ], [ 43.04281032733374, 42.245571658930679 ], [ 43.04285767520431, 42.245692649126234 ], [ 43.042856452633622, 42.245692988487789 ], [ 43.042426371995113, 42.245794075684387 ], [ 43.042332727342043, 42.245821880618458 ], [ 43.04236977015357, 42.245874341285983 ], [ 43.042625060429884, 42.246236048680927 ], [ 43.04265875698389, 42.246292864951712 ], [ 43.042943317909319, 42.246772326391657 ], [ 43.043238197403355, 42.247259257878625 ], [ 43.043325671172589, 42.247403672221225 ], [ 43.043345971997525, 42.247470391158878 ], [ 43.043402892534537, 42.247554305629137 ], [ 43.043633707372642, 42.248033748675503 ], [ 43.043759035136311, 42.248312364063835 ], [ 43.043888056169074, 42.248712710183952 ], [ 43.043820266882577, 42.248739201301007 ], [ 43.043752477540401, 42.248765692376715 ], [ 43.043751436638765, 42.248766034847129 ], [ 43.043726928466143, 42.248774622443285 ], [ 43.043597646356801, 42.248819966928941 ], [ 43.043469837343686, 42.24886470600228 ], [ 43.043466528730676, 42.248865865319715 ], [ 43.043033504235517, 42.248963482244505 ], [ 43.042919434994928, 42.248989182885133 ], [ 43.04246310183543, 42.249064380686725 ], [ 43.042278604557325, 42.249131295351184 ], [ 43.042244830865499, 42.2491435518671 ], [ 43.041482932222323, 42.249353297104996 ], [ 43.041299058486082, 42.24940392040557 ], [ 43.041282382114915, 42.249408138390983 ], [ 43.041241941330945, 42.249418434528721 ], [ 43.040563935597618, 42.249590386746483 ], [ 43.04011628195606, 42.249784329360004 ], [ 43.040097114733157, 42.249792647242813 ], [ 43.040035867737672, 42.249819157883316 ], [ 43.039941453409725, 42.249879413426179 ], [ 43.039808085737974, 42.249964534250211 ], [ 43.039795438188627, 42.249977601513109 ], [ 43.039467428602315, 42.250317994381518 ], [ 43.039462043376169, 42.250323575923602 ], [ 43.039157472041033, 42.250545087390321 ], [ 43.038983643429845, 42.250668420123809 ], [ 43.038862985525299, 42.25075402738581 ], [ 43.038837887152866, 42.250771834734607 ], [ 43.038982381918196, 42.250912544646866 ], [ 43.039079320356684, 42.251146461132493 ], [ 43.039201121894592, 42.251297814690325 ], [ 43.0393620614119, 42.251389048549086 ], [ 43.03952550900901, 42.251397382042896 ], [ 43.039770172617345, 42.251429213029262 ], [ 43.039891461973795, 42.251597172720004 ], [ 43.040065191596398, 42.25175495165584 ], [ 43.040331122321533, 42.251820331214802 ], [ 43.04058857693488, 42.251918706488013 ], [ 43.040779946558374, 42.251988394301328 ], [ 43.040945031576285, 42.25218470390962 ], [ 43.041029019666553, 42.252357563562853 ], [ 43.041272943284746, 42.252411487840909 ], [ 43.041499803992288, 42.252536941043154 ], [ 43.041771077315452, 42.252668780959986 ], [ 43.041988262080494, 42.252866068958944 ], [ 43.042043423818953, 42.252999080411506 ], [ 43.042071400277649, 42.253066515972719 ], [ 43.0422052076932, 42.253312091452202 ], [ 43.042244211142517, 42.253495259115454 ], [ 43.042370568792244, 42.253740707181201 ], [ 43.042373916890845, 42.253873464157202 ], [ 43.042773408381301, 42.253847998965881 ], [ 43.042784036277368, 42.25384732484811 ], [ 43.043126350301769, 42.253836237149287 ], [ 43.043593165821562, 42.253821059005162 ], [ 43.0436781673884, 42.253818321756015 ], [ 43.044295365609266, 42.253834344961597 ], [ 43.044710947637405, 42.253874619328592 ], [ 43.044718956248495, 42.253880249420007 ], [ 43.044779220390915, 42.25392288375005 ], [ 43.044791022687498, 42.253931280259231 ], [ 43.044788702319508, 42.25394164233785 ], [ 43.044726883335336, 42.254218055448334 ], [ 43.044695934989768, 42.254356531495915 ], [ 43.044670210705249, 42.254471096286487 ], [ 43.044646656619243, 42.254664498442963 ], [ 43.044629692245358, 42.254803528155641 ], [ 43.044622622057162, 42.254861674810996 ], [ 43.044613758724694, 42.254934695408032 ], [ 43.044611504753945, 42.254952713505538 ], [ 43.044610363164665, 42.254962195107325 ], [ 43.044598424560029, 42.255130804370673 ], [ 43.044593452861463, 42.255201459781631 ], [ 43.044592260739783, 42.255218460326248 ], [ 43.044591798665721, 42.255225566991726 ], [ 43.044586966806726, 42.255293658146236 ], [ 43.044582657592493, 42.255354643667552 ], [ 43.044578763156963, 42.255410052694522 ], [ 43.044570647867388, 42.255525548171619 ], [ 43.044562617636522, 42.255575528234694 ], [ 43.044557140918499, 42.255609566634746 ], [ 43.044547906302199, 42.255667136016783 ], [ 43.044532153444401, 42.255764985030517 ], [ 43.044512842438365, 42.255885783053785 ], [ 43.044472977471081, 42.256134247284038 ], [ 43.044471435254472, 42.25613903905753 ], [ 43.044417099442008, 42.256302647385624 ], [ 43.044377997725405, 42.256420496137217 ], [ 43.044360555461957, 42.256472972331991 ], [ 43.044347467391461, 42.256466940372711 ], [ 43.044084285931469, 42.256345195957884 ], [ 43.043775635759651, 42.256027700586699 ], [ 43.043746165701805, 42.256022199558807 ], [ 43.043332396091593, 42.255944443625246 ], [ 43.042833234510489, 42.256021118116678 ], [ 43.042747772258501, 42.256312976546447 ], [ 43.042770482680183, 42.256417470739358 ], [ 43.042795372159716, 42.256531863423582 ], [ 43.042803544946494, 42.256569421840688 ], [ 43.042758355871229, 42.256795775471296 ], [ 43.04267819378444, 42.256908419781517 ], [ 43.042532823287651, 42.257085287450352 ], [ 43.042558701449238, 42.257483153059127 ], [ 43.042551972053872, 42.257700662125828 ], [ 43.042442230503745, 42.257954281560892 ], [ 43.04228656234713, 42.2580857641899 ], [ 43.042283877989789, 42.258131377503247 ], [ 43.042314789713011, 42.258368486370657 ], [ 43.042396299959918, 42.258615915220048 ], [ 43.042292642636767, 42.258702221486814 ], [ 43.042289221370574, 42.258705044906414 ], [ 43.042182266432718, 42.258794086544412 ], [ 43.042095533192864, 42.258866272433785 ], [ 43.0419369454236, 42.259052819877581 ], [ 43.041928769070445, 42.259115270184871 ], [ 43.041903535842138, 42.259307742348966 ], [ 43.04192917981814, 42.259544626220148 ], [ 43.041930248724498, 42.259555136171429 ], [ 43.041933276489743, 42.259582655411187 ], [ 43.041871785144927, 42.259922292612472 ], [ 43.041895227078427, 42.260028600563089 ], [ 43.041938815910513, 42.260226255660292 ], [ 43.041978646016304, 42.260586490316925 ], [ 43.041966874615909, 42.260663243378524 ], [ 43.041930755866019, 42.26089794665328 ], [ 43.041837240938285, 42.261038325066643 ], [ 43.041787123290675, 42.261145583034995 ], [ 43.041714474464335, 42.261301177212118 ], [ 43.041781505682778, 42.261605140297519 ], [ 43.041876327348149, 42.261833839669777 ], [ 43.041969391679778, 42.262119335188963 ], [ 43.042101274177206, 42.2623865364531 ], [ 43.042129626427915, 42.262422368175677 ], [ 43.042178741525895, 42.262484626081864 ], [ 43.042518078153634, 42.262914095533453 ], [ 43.042638731076792, 42.263148593697146 ], [ 43.042670900277386, 42.263290307925438 ], [ 43.042676285851492, 42.263314130001987 ], [ 43.042719781450415, 42.263395428936064 ], [ 43.042795615592738, 42.263564005220125 ], [ 43.042811072193565, 42.263581695196244 ], [ 43.042819158445653, 42.263588767660089 ], [ 43.042826651341578, 42.263595424735719 ], [ 43.042779926262291, 42.263622409790372 ], [ 43.042812873774217, 42.263660616252793 ], [ 43.042851690961974, 42.263716799304596 ], [ 43.042870870490162, 42.263788542249415 ], [ 43.042877943134215, 42.263836213301985 ], [ 43.042866899174449, 42.263916896334891 ], [ 43.042837727521693, 42.263962372659066 ], [ 43.042844417932116, 42.26402435631644 ], [ 43.042911171223501, 42.264073046158714 ], [ 43.04292831728673, 42.264139981335447 ], [ 43.042923647088955, 42.264222349176585 ], [ 43.042885244299761, 42.264289912112368 ], [ 43.042898531317945, 42.264342462286422 ], [ 43.04284724789099, 42.264412912308131 ], [ 43.042802580438725, 42.264477216259877 ], [ 43.042830146616829, 42.26455220935587 ], [ 43.042834361996682, 42.264623651813245 ], [ 43.042904681167165, 42.264696222714782 ], [ 43.042934515809911, 42.26476648146528 ], [ 43.042970819030757, 42.264835364678746 ], [ 43.042995677284829, 42.264929313620215 ], [ 43.043059928773964, 42.264992279794932 ], [ 43.043120074789726, 42.265048826811707 ], [ 43.043168037127778, 42.26508769470729 ], [ 43.043235892625212, 42.265171345442162 ], [ 43.043254156481353, 42.2652452790878 ], [ 43.043296105714255, 42.265315879591746 ], [ 43.043295939897341, 42.265407465137365 ], [ 43.043271411086138, 42.265506649980601 ], [ 43.043271860603774, 42.265578343340849 ], [ 43.043296731638492, 42.265640547195034 ], [ 43.043362637099627, 42.265677514838011 ], [ 43.043350388379665, 42.265705043471485 ], [ 43.043345567960102, 42.26573152813436 ], [ 43.043337424477279, 42.265738053398678 ], [ 43.043329280992793, 42.2657445786624 ], [ 43.043292924491659, 42.265761654442919 ], [ 43.04326086978066, 42.265767051142639 ], [ 43.043219138532571, 42.265767779806552 ], [ 43.043171453317818, 42.265766965913329 ], [ 43.043109771556296, 42.265765913097034 ], [ 43.043066024768677, 42.26576516638405 ], [ 43.043025636469828, 42.265785190182498 ], [ 43.043030523103873, 42.265819270260515 ], [ 43.043041638024249, 42.265846026916549 ], [ 43.043042768650579, 42.265874144121803 ], [ 43.043034146116135, 42.265896151058421 ], [ 43.043009221854433, 42.2659297222771 ], [ 43.042990251545454, 42.265964836041526 ], [ 43.042962769115263, 42.265992915109962 ], [ 43.042899384289242, 42.266066487981469 ], [ 43.042868734878319, 42.266134846065555 ], [ 43.042844968804275, 42.26621126921124 ], [ 43.042807598522955, 42.266266266003228 ], [ 43.042783915447572, 42.26634004196351 ], [ 43.042752528348096, 42.26643223011105 ], [ 43.042718477231134, 42.266495232000317 ], [ 43.042709871852608, 42.266542772271087 ], [ 43.042708806622599, 42.266577194728995 ], [ 43.042703848399967, 42.266622147775969 ], [ 43.042677910920858, 42.266653496113882 ], [ 43.042587804083638, 42.266683748874847 ], [ 43.042348541950673, 42.26669291014769 ], [ 43.042230243306875, 42.266712084182799 ], [ 43.042213768077659, 42.266716355242401 ] ] ] ] } }
]
}
