{
"type": "FeatureCollection",
"name": "ყვარელი-ქინძმარაული",
"crs": { "type": "name", "properties": { "name": "urn:ogc:def:crs:OGC:1.3:CRS84" } },
"features": [
{ "type": "Feature", "properties": { "OBJECTID": 17, "NAME_GEO": "ყვარელი", "NAME_ENG": "Kvareli", "Location": "Kakheti", "MoreInfo": "https://www.sakpatenti.gov.ge/media/django-summernote/2025-11-19/5ac5c44c-ed13-49b5-9719-1523a9cf5cbd.pdf" }, "geometry": { "type": "MultiPolygon", "coordinates": [ [ [ [ 45.829419664273317, 41.969316272855181 ], [ 45.829215136794041, 41.969071442869556 ], [ 45.829020538811825, 41.96882541857758 ], [ 45.828835920833242, 41.968578287029338 ], [ 45.828661560357013, 41.968330422746504 ], [ 45.828497703135497, 41.968082172558468 ], [ 45.828419792328205, 41.967958024683519 ], [ 45.828344586734211, 41.967833904067476 ], [ 45.828272109744049, 41.967709847474069 ], [ 45.828202383576176, 41.967585894377301 ], [ 45.828135428011919, 41.967462082467378 ], [ 45.82807126276235, 41.967338444030766 ], [ 45.828009903953109, 41.967215014081717 ], [ 45.827951368881337, 41.967091824923834 ], [ 45.827785845923358, 41.966729825769924 ], [ 45.827770015452892, 41.96669520408895 ], [ 45.8276196376816, 41.966352216515695 ], [ 45.82748749314505, 41.966033770934573 ], [ 45.827372170463313, 41.965736215493237 ], [ 45.827271132447692, 41.965452544265688 ], [ 45.827226438685514, 41.965317025762914 ], [ 45.827185569825808, 41.965185546169174 ], [ 45.82714848676374, 41.965057976975928 ], [ 45.827115181775142, 41.964934283117039 ], [ 45.827085638410999, 41.964814407972817 ], [ 45.827059846478605, 41.964698311990752 ], [ 45.827037521528283, 41.964584438176509 ], [ 45.827019040217166, 41.964474385196397 ], [ 45.827004397403947, 41.964368130572957 ], [ 45.8269935916503, 41.96426565810637 ], [ 45.826986621495969, 41.964166949795235 ], [ 45.826983485621852, 41.964071998444673 ], [ 45.826984185111897, 41.963980795941424 ], [ 45.826988718661369, 41.963893335990413 ], [ 45.826997089607197, 41.963809597852098 ], [ 45.82700929569689, 41.96372959505198 ], [ 45.827025340468055, 41.963653322159566 ], [ 45.827045222691204, 41.963580778281568 ], [ 45.827068942309928, 41.963511959813943 ], [ 45.827096501729088, 41.963446866737101 ], [ 45.82712789972323, 41.963385498156619 ], [ 45.827163136274912, 41.963327853168899 ], [ 45.827198188523141, 41.96328012759264 ], [ 45.827238024317481, 41.963235012782064 ], [ 45.827282668677633, 41.963192484234042 ], [ 45.827332145382719, 41.963152514751833 ], [ 45.827386484339328, 41.963115084299105 ], [ 45.827445724956803, 41.963080161061775 ], [ 45.82750991156523, 41.963047720394897 ], [ 45.82757909812554, 41.963017735782003 ], [ 45.827653243694051, 41.962990213813875 ], [ 45.827732509124097, 41.962965088473538 ], [ 45.827816977327203, 41.962942332132634 ], [ 45.827906750533792, 41.962921917923261 ], [ 45.82800191655366, 41.962903823583765 ], [ 45.828102643914526, 41.96288801636193 ], [ 45.828209095193301, 41.962874469851677 ], [ 45.828321481245226, 41.962863158197898 ], [ 45.828423713003964, 41.962855153987533 ], [ 45.828530768870877, 41.962848789202226 ], [ 45.828760332132674, 41.962840923048084 ], [ 45.82901251470161, 41.962839473338654 ], [ 45.82929180056238, 41.96284440933551 ], [ 45.829566355722555, 41.962854163155875 ], [ 45.829878728120896, 41.962869387379548 ], [ 45.830205966907137, 41.962888344571368 ], [ 45.831153916126652, 41.962947200504672 ], [ 45.831448056142321, 41.96296314599072 ], [ 45.83171103849255, 41.962975157196297 ], [ 45.832006445332013, 41.962985217953204 ], [ 45.83227909523935, 41.96299036860016 ], [ 45.832533845297959, 41.962990697467347 ], [ 45.832773067893157, 41.962986200974818 ], [ 45.832911933105855, 41.962981086547899 ], [ 45.833045987481633, 41.96297416050438 ], [ 45.833175473417548, 41.962965411194645 ], [ 45.833300578976967, 41.962954824659825 ], [ 45.833421499440185, 41.962942385086023 ], [ 45.833538331178318, 41.962928080078086 ], [ 45.83365119225909, 41.962911895281231 ], [ 45.833760175434733, 41.96289381832495 ], [ 45.833865497366389, 41.962873807116729 ], [ 45.833967089386938, 41.962851871172141 ], [ 45.834065012853799, 41.962827996545307 ], [ 45.834159324298334, 41.962802169324938 ], [ 45.834250076608946, 41.962774373824317 ], [ 45.834337304657147, 41.962744600791829 ], [ 45.834421045669529, 41.962712836454948 ], [ 45.834501330863489, 41.96267906888577 ], [ 45.834609600155574, 41.962628810242819 ], [ 45.834717233780253, 41.962574149178572 ], [ 45.834824425934293, 41.962514987911653 ], [ 45.834931415000185, 41.962451193212836 ], [ 45.83503837349955, 41.962382671059444 ], [ 45.83514573827798, 41.962309146273562 ], [ 45.835253900454504, 41.96223035391553 ], [ 45.835363399083924, 41.962145899172988 ], [ 45.835468527273697, 41.962060571865806 ], [ 45.835576235778873, 41.961969101176635 ], [ 45.835687525946931, 41.961870640391481 ], [ 45.83580423009861, 41.961763569377936 ], [ 45.836036133917986, 41.961541694051192 ], [ 45.836489894588063, 41.961092698569921 ], [ 45.836682378609879, 41.960905786447924 ], [ 45.836887481401455, 41.960714543494078 ], [ 45.837076532647508, 41.960548298013514 ], [ 45.837189948609982, 41.960454038959874 ], [ 45.837301214732342, 41.960365928084641 ], [ 45.83741109782293, 41.960283359059027 ], [ 45.837520110554628, 41.960205947166735 ], [ 45.837628838949044, 41.960133288240478 ], [ 45.837737464958117, 41.960065268370634 ], [ 45.837846280653437, 41.960001705293521 ], [ 45.83795551358569, 41.959942465851071 ], [ 45.838257816599686, 41.959786045667741 ], [ 45.838513784592806, 41.959656590314189 ], [ 45.838750555434828, 41.959540382889017 ], [ 45.838973073497399, 41.959435054662158 ], [ 45.839189217038204, 41.959336987809003 ], [ 45.839396998899865, 41.959247205637283 ], [ 45.839597980258681, 41.959165034788086 ], [ 45.839793066224722, 41.959090107510619 ], [ 45.839987196083094, 41.95902069625123 ], [ 45.840176447161028, 41.958958377961707 ], [ 45.84036125449056, 41.958903010779778 ], [ 45.840541923451269, 41.958854504226231 ], [ 45.840718788434785, 41.958812772110221 ], [ 45.840891968634949, 41.95877778925842 ], [ 45.841061636224929, 41.958749522002307 ], [ 45.841227918886155, 41.958727948706638 ], [ 45.841327682768338, 41.958718078617665 ], [ 45.841429154801126, 41.958710373725147 ], [ 45.841532355505699, 41.958704833874179 ], [ 45.84163730417329, 41.958701457117307 ], [ 45.841744021313872, 41.958700242398685 ], [ 45.841852535907449, 41.958701190401506 ], [ 45.841962873302819, 41.958704300934762 ], [ 45.842075068501657, 41.958709573736463 ], [ 45.842189094959522, 41.958717008095135 ], [ 45.842305050467495, 41.958726606890508 ], [ 45.84242298216526, 41.958738375174761 ], [ 45.842542942007363, 41.95875231706377 ], [ 45.842664973526588, 41.958768438536275 ], [ 45.84278915891376, 41.958786748889537 ], [ 45.843044317834952, 41.958829987851857 ], [ 45.843301556419931, 41.958880563980152 ], [ 45.843569020245326, 41.958939786414753 ], [ 45.843848055178, 41.959007950515762 ], [ 45.844141104297123, 41.959085649784456 ], [ 45.844442883755633, 41.959171243242587 ], [ 45.844768224647275, 41.959268715200665 ], [ 45.845123222709503, 41.959379743551466 ], [ 45.845576738170656, 41.959525859167321 ], [ 45.845712161059275, 41.959572616571919 ], [ 45.845847922344625, 41.959625055404096 ], [ 45.845984301018575, 41.95968328258666 ], [ 45.846121655122474, 41.959747451292976 ], [ 45.846260211591684, 41.959817655316691 ], [ 45.846400693177777, 41.959894251390907 ], [ 45.846543735587019, 41.959977583376975 ], [ 45.846690294703286, 41.960068207129233 ], [ 45.846812769486817, 41.960147704131344 ], [ 45.846939381737606, 41.960233167088241 ], [ 45.847071412352108, 41.960325455674074 ], [ 45.847211354603033, 41.960426311364472 ], [ 45.847470251461949, 41.960619145315277 ], [ 45.848097729095436, 41.961096830667493 ], [ 45.848271397116726, 41.96122529067582 ], [ 45.848428912753043, 41.961338300942664 ], [ 45.848601029614862, 41.961456891643969 ], [ 45.848764274699278, 41.961563713874959 ], [ 45.848921538927129, 41.961660655700925 ], [ 45.849074367300013, 41.961748662223563 ], [ 45.849247087410518, 41.961840171777801 ], [ 45.849332251221306, 41.961882023280786 ], [ 45.849416795292605, 41.961921361954964 ], [ 45.84950085800547, 41.961958249824114 ], [ 45.849584513383967, 41.961992718765416 ], [ 45.849667852441051, 41.962024807735325 ], [ 45.849750950348465, 41.96205454409872 ], [ 45.849833982858868, 41.96208198689952 ], [ 45.849916908698617, 41.962107118430204 ], [ 45.849999788441124, 41.962129957156499 ], [ 45.850082674153768, 41.962150517103574 ], [ 45.850165620305376, 41.962168811378042 ], [ 45.85024866683748, 41.96218484959126 ], [ 45.850331853655774, 41.962198638652765 ], [ 45.850415220654028, 41.96221018457139 ], [ 45.850685932037834, 41.962242388766299 ], [ 45.850931985201981, 41.962268165136443 ], [ 45.85116327342979, 41.962288547404384 ], [ 45.851382262229272, 41.962303731732746 ], [ 45.851592364285885, 41.962313904532735 ], [ 45.851792742022688, 41.962318972094373 ], [ 45.85198403274125, 41.962318948652964 ], [ 45.852166575494827, 41.96231383443925 ], [ 45.852342365541439, 41.962303489489344 ], [ 45.852509650892337, 41.962287932248444 ], [ 45.852668559247732, 41.962267149195974 ], [ 45.852819164073544, 41.962241131715025 ], [ 45.852961549591114, 41.962209863000602 ], [ 45.853095726577585, 41.962173338499838 ], [ 45.85315974708152, 41.962153102223027 ], [ 45.853221725072032, 41.962131549912264 ], [ 45.853281664143275, 41.96210867974284 ], [ 45.853339563087189, 41.96208449172687 ], [ 45.853422925877666, 41.962046410818601 ], [ 45.853506821500723, 41.962004770074849 ], [ 45.853590910691764, 41.961959738639372 ], [ 45.853674818410163, 41.96191151744619 ], [ 45.853758188935394, 41.961860308187326 ], [ 45.853840592568709, 41.961806375251747 ], [ 45.853921620138813, 41.961749983777587 ], [ 45.854000857987835, 41.961691424156058 ], [ 45.854077927260548, 41.961630972109894 ], [ 45.85415239204147, 41.96156896773428 ], [ 45.854223864478726, 41.96150573545652 ], [ 45.854291978406657, 41.961441596841283 ], [ 45.854356375155049, 41.961376892311982 ], [ 45.854416760648014, 41.961311919480679 ], [ 45.854472854156974, 41.961246981264203 ], [ 45.854524406122707, 41.961182365036336 ], [ 45.854565053572749, 41.961125842245799 ], [ 45.854602679788812, 41.961066555282315 ], [ 45.854637361615119, 41.961004384689282 ], [ 45.854669190980132, 41.960939165864389 ], [ 45.854698224469068, 41.960870798415151 ], [ 45.854724622684607, 41.960798928988943 ], [ 45.854748505529756, 41.960723228853738 ], [ 45.854770035132034, 41.960643187929662 ], [ 45.854799551954855, 41.960506993388975 ], [ 45.854824847017362, 41.960353061108584 ], [ 45.854844729618705, 41.960197574048237 ], [ 45.854889704311283, 41.959792475229321 ], [ 45.854905895497765, 41.959675277568302 ], [ 45.854923334321164, 41.959571528308196 ], [ 45.854946619069111, 41.95942658244558 ], [ 45.854963430544437, 41.959277357100007 ], [ 45.854973801061981, 41.959123558417339 ], [ 45.854977758031012, 41.958964796207901 ], [ 45.854975319930539, 41.958800824453412 ], [ 45.854966486787276, 41.958630828953915 ], [ 45.854951221033517, 41.958454071443803 ], [ 45.854929427988687, 41.958269422293384 ], [ 45.854906430850114, 41.958110233021465 ], [ 45.854878695592497, 41.957943394569412 ], [ 45.85484595042324, 41.957767256240999 ], [ 45.854807593299611, 41.957578569320283 ], [ 45.854728424407462, 41.957222428805508 ], [ 45.854521546403348, 41.95634215425526 ], [ 45.854468394746874, 41.956097682153363 ], [ 45.8544249730937, 41.955879087501252 ], [ 45.854383461897079, 41.955639901160282 ], [ 45.854352090553213, 41.955418085177939 ], [ 45.854330281597143, 41.95520953143469 ], [ 45.854317823208063, 41.955012120452423 ], [ 45.854314787128942, 41.954898176746404 ], [ 45.854315081491791, 41.954787410112139 ], [ 45.854318704490687, 41.954679596298163 ], [ 45.854325663415494, 41.954574559620745 ], [ 45.854335973857872, 41.954472113526201 ], [ 45.854349645337969, 41.954372158870022 ], [ 45.85436669437486, 41.954274578441975 ], [ 45.854387137764867, 41.954179275744757 ], [ 45.854411030506469, 41.954086033307576 ], [ 45.854438366117776, 41.953994908819048 ], [ 45.854469166547126, 41.953905830060449 ], [ 45.854503451498758, 41.953818737438652 ], [ 45.854541247867992, 41.953733567704063 ], [ 45.854582571981112, 41.953650279301215 ], [ 45.8546274497563, 41.953568826099698 ], [ 45.854675901176137, 41.953489169218123 ], [ 45.854754284919338, 41.953370566350237 ], [ 45.854838877253592, 41.953250777859296 ], [ 45.854929529026712, 41.953130021902119 ], [ 45.855026064666703, 41.953008525838442 ], [ 45.855128309774116, 41.952886514316937 ], [ 45.855236049342082, 41.952764242911144 ], [ 45.855349064651271, 41.952641960016919 ], [ 45.855467116608644, 41.952519924089373 ], [ 45.855590007699902, 41.95239834463824 ], [ 45.855717423532411, 41.952277532918956 ], [ 45.85584908649161, 41.952157753079121 ], [ 45.855984709292038, 41.952039267537934 ], [ 45.856123992564562, 41.951922337004312 ], [ 45.856266633241425, 41.951807215911174 ], [ 45.856412320960978, 41.951694154243732 ], [ 45.856560741662989, 41.951583395711566 ], [ 45.856710953661675, 41.951475617424855 ], [ 45.856863256559258, 41.951370576663464 ], [ 45.857017341931993, 41.951268486476827 ], [ 45.857172909600528, 41.951169544543077 ], [ 45.85732964615535, 41.951073951342707 ], [ 45.857487278738482, 41.950981871929137 ], [ 45.857645526038517, 41.95089347051973 ], [ 45.857804117436089, 41.950808898644226 ], [ 45.857962634784442, 41.950728372883397 ], [ 45.858120985751988, 41.950651933557005 ], [ 45.858278933035876, 41.950579696824178 ], [ 45.858436249999627, 41.950511764354935 ], [ 45.858592705182936, 41.950448237856591 ], [ 45.858748113789922, 41.950389189867472 ], [ 45.858902281386584, 41.950334693899578 ], [ 45.859055032709165, 41.950284813415166 ], [ 45.859131159170744, 41.950262256766571 ], [ 45.859209214081481, 41.950241622962636 ], [ 45.859289233505329, 41.950222901822237 ], [ 45.859371260732715, 41.950206082209249 ], [ 45.859455336702055, 41.950191157508243 ], [ 45.85954152156971, 41.950178114655102 ], [ 45.859629871957779, 41.950166946916418 ], [ 45.859720460123377, 41.950157643838835 ], [ 45.859813218551537, 41.950150208624635 ], [ 45.859908370142101, 41.950144617983135 ], [ 45.860006011341532, 41.950140865781925 ], [ 45.860106260360169, 41.950138949327702 ], [ 45.86020921487583, 41.950138864279097 ], [ 45.860315070333201, 41.950140609164265 ], [ 45.860536261367763, 41.950149608095813 ], [ 45.860723385728107, 41.950162139522682 ], [ 45.860921259136326, 41.950179521172736 ], [ 45.861131931456498, 41.950201927654952 ], [ 45.861359492645889, 41.950229792054941 ], [ 45.861560227023482, 41.950256844979876 ], [ 45.861784909348096, 41.950289151497145 ], [ 45.862534363456668, 41.950403121586234 ], [ 45.862811912756577, 41.950444002204947 ], [ 45.863084379871147, 41.950481345624596 ], [ 45.863328107716384, 41.950511253377833 ], [ 45.863580274432557, 41.950537512495337 ], [ 45.863814081654773, 41.950556442697376 ], [ 45.864033361713027, 41.950568349400619 ], [ 45.864240132067934, 41.950573339091115 ], [ 45.864345059134223, 41.950573194952973 ], [ 45.864447086217183, 41.950571123518849 ], [ 45.86454636168321, 41.950567122778558 ], [ 45.864643006091093, 41.950561186427301 ], [ 45.864737147214036, 41.950553306304023 ], [ 45.864828856149124, 41.950543476475353 ], [ 45.864918216021287, 41.950531688214916 ], [ 45.865005297867398, 41.950517931085685 ], [ 45.865090246108039, 41.950502178786003 ], [ 45.865173029407117, 41.95048443425879 ], [ 45.865253699487774, 41.950464686310887 ], [ 45.865332299628712, 41.950442923812616 ], [ 45.86540887671589, 41.950419134706152 ], [ 45.865483458357538, 41.950393308880095 ], [ 45.865556080582586, 41.950365434358069 ], [ 45.865626769793415, 41.950335501037422 ], [ 45.865700724054214, 41.950301040636546 ], [ 45.865774382810073, 41.950263472425434 ], [ 45.865847882641418, 41.950222726023469 ], [ 45.865921391189524, 41.950178708298814 ], [ 45.865995028192643, 41.950131352599776 ], [ 45.866069102303634, 41.950080465657017 ], [ 45.866143888455461, 41.950025858958064 ], [ 45.866219770128993, 41.949967252203791 ], [ 45.866366372317941, 41.949845547153799 ], [ 45.866524031784067, 41.949703901530306 ], [ 45.866684595156187, 41.949551162810003 ], [ 45.866999831835315, 41.949241496049559 ], [ 45.867133725227028, 41.949112309600984 ], [ 45.867276156529194, 41.948980103420531 ], [ 45.867407224280811, 41.948865055897173 ], [ 45.867485586555965, 41.94879987632865 ], [ 45.867562356340677, 41.948738895925473 ], [ 45.867638055267051, 41.948681700046151 ], [ 45.867713033286158, 41.948628025756172 ], [ 45.867787689575202, 41.948577592635395 ], [ 45.867862147387548, 41.948530324997691 ], [ 45.867936604098283, 41.948486097059799 ], [ 45.868011212898068, 41.948444816696529 ], [ 45.868154352189563, 41.948370187098 ], [ 45.868300918566021, 41.948297054423705 ], [ 45.868450617217889, 41.948225564996839 ], [ 45.868603144882059, 41.948155864305136 ], [ 45.868758189817477, 41.948088095199886 ], [ 45.86891543058654, 41.948022397004621 ], [ 45.869074543293181, 41.947958905460396 ], [ 45.869235201570469, 41.947897751825415 ], [ 45.86939702612198, 41.947839078568364 ], [ 45.869559739618701, 41.947782985056541 ], [ 45.869723016626914, 41.947729581831204 ], [ 45.869886540098527, 41.947678974868502 ], [ 45.870049980850702, 41.947631264834456 ], [ 45.87021305049791, 41.947586535875701 ], [ 45.870375448556011, 41.947544869530262 ], [ 45.870536891320882, 41.94750633910467 ], [ 45.870675864089399, 41.947477429525939 ], [ 45.870819565503886, 41.947453442066482 ], [ 45.870968302558872, 41.947434326644419 ], [ 45.871122478720729, 41.947420029741643 ], [ 45.871282351723188, 41.94741051605569 ], [ 45.871448784602421, 41.947405724972072 ], [ 45.871622567275871, 41.947405630650536 ], [ 45.871804921925978, 41.947410232783554 ], [ 45.871957569554091, 41.947417293898816 ], [ 45.872117988912166, 41.947427427382671 ], [ 45.87228784512871, 41.947440734935512 ], [ 45.872470452275735, 41.947457473238323 ], [ 45.87280889272386, 41.947493320415909 ], [ 45.873612039465812, 41.947586005624551 ], [ 45.873821574555549, 41.947607869699141 ], [ 45.874009952865492, 41.947625384832023 ], [ 45.874201822136833, 41.947640467401129 ], [ 45.874381202563988, 41.947651432361482 ], [ 45.874550926847419, 41.947658452736952 ], [ 45.874712517112712, 41.947661587225319 ], [ 45.874866739875017, 41.947660867847837 ], [ 45.875014865645348, 41.947656303864918 ], [ 45.875157546820887, 41.947647875015825 ], [ 45.87529524026192, 41.947635554420579 ], [ 45.875428445937914, 41.947619291450245 ], [ 45.875557352841653, 41.947599056758619 ], [ 45.875682224636975, 41.94757481142188 ], [ 45.875803265816202, 41.947546512462722 ], [ 45.8759048417485, 41.947519005858247 ], [ 45.876006990464553, 41.947488047953769 ], [ 45.876109900577745, 41.947453581467215 ], [ 45.876213813471033, 41.947415526196586 ], [ 45.876318894859772, 41.947373826834408 ], [ 45.876425599544554, 41.947328306077459 ], [ 45.876534334155949, 41.947278793293201 ], [ 45.876645677750354, 41.947225022861858 ], [ 45.876750274953011, 41.947171891975771 ], [ 45.876858459623342, 41.947114508581365 ], [ 45.877090557868861, 41.946984318147805 ], [ 45.877326666261183, 41.946844509935289 ], [ 45.877785464566927, 41.946564652390606 ], [ 45.877977164600544, 41.946449575934679 ], [ 45.878178861727477, 41.946332651984648 ], [ 45.878362232596963, 41.946231659226598 ], [ 45.87847056903685, 41.946174918023367 ], [ 45.878575752389224, 41.946122184482704 ], [ 45.87867850521539, 41.946073098221746 ], [ 45.878779306958592, 41.94602742951065 ], [ 45.878878694862514, 41.945984940969986 ], [ 45.878976835743458, 41.945945567379219 ], [ 45.879073992364518, 41.945909202252608 ], [ 45.879170368798803, 41.945875770175554 ], [ 45.87927794770625, 41.945843451906654 ], [ 45.879395776847034, 41.945814767560307 ], [ 45.879524909473012, 41.94578945594975 ], [ 45.879667439078588, 41.945767102002399 ], [ 45.879806287862294, 41.945749493762229 ], [ 45.879963512365016, 41.945733071190851 ], [ 45.880545147658935, 41.945684391823519 ], [ 45.880776493622093, 41.94566129943226 ], [ 45.880897696094337, 41.945646107530173 ], [ 45.881007797492728, 41.945629554220972 ], [ 45.881108981749534, 41.945611310245468 ], [ 45.881202324669843, 41.945591176429311 ], [ 45.881309901947056, 41.945562878634306 ], [ 45.881407341061852, 41.945531045108275 ], [ 45.881495361411687, 41.945495439783549 ], [ 45.881574405665177, 41.945455880951251 ], [ 45.881610724191304, 41.9454345328407 ], [ 45.881644910897634, 41.945412131100802 ], [ 45.881676992099983, 41.945388659319413 ], [ 45.881706991664458, 41.945364098401043 ], [ 45.881734932263427, 41.945338430159929 ], [ 45.881760829393706, 41.945311640968562 ], [ 45.881784698527404, 41.94528371539819 ], [ 45.881806549117755, 41.945254638966851 ], [ 45.881837683772666, 41.945204512959535 ], [ 45.881866838504848, 41.945145273022881 ], [ 45.881892865330471, 41.945081422288872 ], [ 45.881959853824071, 41.944900469606758 ], [ 45.881983442101976, 41.944846933071602 ], [ 45.882007563021332, 41.944800795896391 ], [ 45.882034279869075, 41.944756741822538 ], [ 45.882063423817179, 41.944713550845101 ], [ 45.882095007870284, 41.944671203948403 ], [ 45.882129048565083, 41.944629675784789 ], [ 45.882165563743996, 41.944588948201734 ], [ 45.88220457831337, 41.944548990382948 ], [ 45.882246118435575, 41.944509775104912 ], [ 45.882290218679749, 41.944471272377399 ], [ 45.882336844346128, 41.944433503179376 ], [ 45.882386101561245, 41.944396377526402 ], [ 45.882492720781457, 41.944323899411849 ], [ 45.882610568705431, 41.94425350097314 ], [ 45.882740443370352, 41.944184703191354 ], [ 45.882856614197188, 41.944129106296558 ], [ 45.88298256816573, 41.944073730362163 ], [ 45.883119591850779, 41.944018005246633 ], [ 45.883270259632603, 41.94396087894382 ], [ 45.883408115410056, 41.943911458034712 ], [ 45.883563962976737, 41.943857915761967 ], [ 45.884115694661048, 41.943675890792598 ], [ 45.884331581688144, 41.943602682958364 ], [ 45.884547373295547, 41.94352513875603 ], [ 45.884736063789568, 41.943451676751472 ], [ 45.884839424184655, 41.943408356246394 ], [ 45.884936637516383, 41.943365095638335 ], [ 45.885028314084082, 41.943321622741145 ], [ 45.885114850603614, 41.943277748972768 ], [ 45.885196667490476, 41.943233254943983 ], [ 45.885273891581363, 41.943188064931775 ], [ 45.885346719176979, 41.94314206664987 ], [ 45.885415293751258, 41.943095166231792 ], [ 45.88550547543791, 41.943029151853061 ], [ 45.885595013914092, 41.942960084610014 ], [ 45.885684082243273, 41.942887830771348 ], [ 45.885772898751618, 41.942812214825473 ], [ 45.885861610149085, 41.942733116753232 ], [ 45.885950627614292, 41.942650174917489 ], [ 45.886040314421095, 41.942563053268138 ], [ 45.886131190743811, 41.942471247019327 ], [ 45.88629524966359, 41.942297102675482 ], [ 45.886471390523511, 41.942099697022378 ], [ 45.886644719652999, 41.941897601434043 ], [ 45.887104011489775, 41.941351968951913 ], [ 45.887244692907451, 41.94119007365866 ], [ 45.887373764379809, 41.941046492866739 ], [ 45.88752487241586, 41.940885840612779 ], [ 45.887671030403915, 41.940739126382049 ], [ 45.887815058302714, 41.940603525520373 ], [ 45.887958442437295, 41.940477649425134 ], [ 45.888317485658099, 41.94017727535158 ], [ 45.888633671590583, 41.939920388106756 ], [ 45.888929896169429, 41.939688405698917 ], [ 45.889212349652482, 41.939476559958386 ], [ 45.889351896609341, 41.939375635916775 ], [ 45.889489505648456, 41.939278694145777 ], [ 45.889625514885573, 41.939185496959098 ], [ 45.889760178850821, 41.939095868561793 ], [ 45.889893783293715, 41.939009623008282 ], [ 45.890026453773238, 41.938926679169874 ], [ 45.890158358943303, 41.938846932165866 ], [ 45.890289632802585, 41.938770300800762 ], [ 45.89040292108804, 41.938707243984879 ], [ 45.890520606690004, 41.938645442701514 ], [ 45.890642900371411, 41.938584786321798 ], [ 45.890770078882284, 41.938525138484835 ], [ 45.890902332691155, 41.938466404027352 ], [ 45.891040208414942, 41.938408335510147 ], [ 45.891184212121203, 41.938350719129986 ], [ 45.891335081559518, 41.938293260023009 ], [ 45.891481707233794, 41.938239888461723 ], [ 45.891636141347497, 41.938185937289624 ], [ 45.891975460219072, 41.938073872657512 ], [ 45.892329895817319, 41.93796341881071 ], [ 45.893025587596696, 41.937753783993216 ], [ 45.89331280343621, 41.937665638819198 ], [ 45.893609977301146, 41.937570825257708 ], [ 45.89387342419937, 41.937482071994232 ], [ 45.894025890706011, 41.937428038356416 ], [ 45.894170962258443, 41.93737441967312 ], [ 45.894309655334524, 41.937320839682776 ], [ 45.894442625018016, 41.937267043820938 ], [ 45.894570587347687, 41.937212737415003 ], [ 45.894693755717107, 41.937157825149647 ], [ 45.894812466982813, 41.937102155805178 ], [ 45.894926975229211, 41.937045611229181 ], [ 45.895011183858863, 41.937001805769768 ], [ 45.895095762500176, 41.936955570972948 ], [ 45.895266783996981, 41.936855403985071 ], [ 45.895441772209978, 41.936744103309948 ], [ 45.895624009107664, 41.936619588910787 ], [ 45.895783046603391, 41.936504732023742 ], [ 45.895957101277268, 41.936373750211324 ], [ 45.896544619686452, 41.935914355187244 ], [ 45.896774140200698, 41.935739279265015 ], [ 45.89689601746722, 41.935649721634299 ], [ 45.897011643936381, 41.935567586453679 ], [ 45.897123127725983, 41.935491378378075 ], [ 45.897231577695457, 41.93542034300367 ], [ 45.897358093067858, 41.935341638573931 ], [ 45.897482539121157, 41.935268847734093 ], [ 45.89760570439055, 41.935201513093112 ], [ 45.897728127589424, 41.935139340428883 ], [ 45.897850420884751, 41.935082026836575 ], [ 45.897972794158811, 41.935029484211299 ], [ 45.898095560372475, 41.934981577707084 ], [ 45.898218971479352, 41.934938208980469 ], [ 45.898255957051134, 41.934928853530522 ], [ 45.898362521776839, 41.934910839571273 ], [ 45.898404085807122, 41.934900943876627 ], [ 45.898421483552006, 41.934894091480224 ], [ 45.898432936895922, 41.934886457886307 ], [ 45.898438681241956, 41.934877884538878 ], [ 45.898438771926124, 41.934868274634574 ], [ 45.898432421948726, 41.934857331708415 ], [ 45.898408739966889, 41.934830679907336 ], [ 45.898403271304858, 41.934820220945618 ], [ 45.898403117827797, 41.934811262331245 ], [ 45.898406955037672, 41.934802424702326 ], [ 45.898414817826414, 41.934793615917606 ], [ 45.898426862906604, 41.934784657318943 ], [ 45.89845147459247, 41.934771326726228 ], [ 45.898523663719615, 41.934739887002195 ], [ 45.898552076632512, 41.934724955879702 ], [ 45.898621998160507, 41.934682274627292 ], [ 45.898695135641603, 41.934640213035571 ], [ 45.898771639850153, 41.934598685255608 ], [ 45.898851710680688, 41.934557581635971 ], [ 45.899023370049697, 41.93447622073365 ], [ 45.899213360875351, 41.934394587209169 ], [ 45.899384781507933, 41.934326517848973 ], [ 45.899579086854622, 41.934253867379518 ], [ 45.900232636979965, 41.934023121050615 ], [ 45.900470940329342, 41.933936134050953 ], [ 45.900701218195131, 41.933845979731139 ], [ 45.900804598448637, 41.933802593335578 ], [ 45.900901789759729, 41.933759652602902 ], [ 45.901006527251468, 41.933710562271514 ], [ 45.9011049132395, 41.933661252395162 ], [ 45.901197528624756, 41.933611430217653 ], [ 45.901284755289211, 41.933560889204827 ], [ 45.901366999958412, 41.933509388400246 ], [ 45.901444392872122, 41.933456839427535 ], [ 45.901517127557042, 41.933403108379075 ], [ 45.901585349702387, 41.933348090543177 ], [ 45.901662744372416, 41.933279850020696 ], [ 45.901737874443867, 41.933207641788329 ], [ 45.901810906513717, 41.933131305124078 ], [ 45.901882043830234, 41.933050626778936 ], [ 45.901951419574303, 41.93296547151094 ], [ 45.90201942876957, 41.932875368774376 ], [ 45.902086404127473, 41.932779877333431 ], [ 45.902152835245651, 41.932678305234411 ], [ 45.902258579061169, 41.9325024318142 ], [ 45.902369080487716, 41.932301215809133 ], [ 45.902468954865782, 41.932107189473328 ], [ 45.902695653221784, 41.931653068894164 ], [ 45.90280860066877, 41.931437419862895 ], [ 45.90291473708848, 41.931249543155957 ], [ 45.903018148836097, 41.93108274803572 ], [ 45.9030702070309, 41.931006256672767 ], [ 45.903129424900413, 41.930925410091497 ], [ 45.903196262665347, 41.93083957509517 ], [ 45.903271605226884, 41.930747614373495 ], [ 45.903356236840949, 41.930648524702299 ], [ 45.903453745116877, 41.930538075325437 ], [ 45.903860270912489, 41.930091984264308 ], [ 45.904028723917889, 41.929901439892831 ], [ 45.904115061279761, 41.929798943414234 ], [ 45.904190649027193, 41.929704708668488 ], [ 45.904257009060004, 41.92961683499513 ], [ 45.904314847028964, 41.929534383762807 ], [ 45.904376581735271, 41.929436726491069 ], [ 45.904426053021268, 41.929345687507528 ], [ 45.904463620571981, 41.929260597502214 ], [ 45.904489470217257, 41.929181031710129 ], [ 45.904498048547076, 41.929143154185688 ], [ 45.904503724762542, 41.929106544243027 ], [ 45.904506503260272, 41.929071171225296 ], [ 45.904506384920403, 41.929037011708516 ], [ 45.904503369353129, 41.929004037775094 ], [ 45.904497456333722, 41.928972233214601 ], [ 45.904488640800487, 41.928941580953818 ], [ 45.904476918910134, 41.928912064810419 ], [ 45.904454459204423, 41.928870183350512 ], [ 45.904425239103681, 41.928828375854479 ], [ 45.904389282043361, 41.928786678159177 ], [ 45.904346624800802, 41.928745131399204 ], [ 45.904297301664712, 41.928703771323619 ], [ 45.904241373696642, 41.928662650582197 ], [ 45.904178911579976, 41.928621819946599 ], [ 45.904109999365005, 41.928581337287554 ], [ 45.904034563040447, 41.928541170752212 ], [ 45.903952878661727, 41.928501480274136 ], [ 45.903865090778851, 41.928462337655951 ], [ 45.903771381453026, 41.928423823411151 ], [ 45.903671918132709, 41.928386008260595 ], [ 45.903566980954182, 41.928348999865925 ], [ 45.903456849937577, 41.928312897783975 ], [ 45.903341860728332, 41.928277811942259 ], [ 45.903217538449319, 41.928242528305177 ], [ 45.903088856147583, 41.928208605507905 ], [ 45.902956351315744, 41.928176184315987 ], [ 45.902820654531574, 41.928145420977025 ], [ 45.902682352637711, 41.928116449568506 ], [ 45.90254229363552, 41.928089449852969 ], [ 45.902401284190248, 41.928064578504518 ], [ 45.902260203309524, 41.928041990731998 ], [ 45.902119523753861, 41.928021771086001 ], [ 45.901980635512331, 41.928004132013541 ], [ 45.901844489461539, 41.9279891939469 ], [ 45.901712033823991, 41.92797706023088 ], [ 45.901584210550844, 41.927967817150986 ], [ 45.901461863529768, 41.927961524746308 ], [ 45.901345808645772, 41.927958224364701 ], [ 45.901236778294731, 41.927957938197068 ], [ 45.901163585972093, 41.927960141995761 ], [ 45.901090416102662, 41.927965055675493 ], [ 45.901017232510924, 41.927972680420851 ], [ 45.900943993029543, 41.927983020165364 ], [ 45.900870663970871, 41.927996081477936 ], [ 45.90079718874658, 41.928011872007666 ], [ 45.900723519273271, 41.928030403840161 ], [ 45.900649597819701, 41.928051689136545 ], [ 45.900575463982982, 41.928075714075739 ], [ 45.900500947152132, 41.928102525929383 ], [ 45.900425975326243, 41.928132151380701 ], [ 45.900350458541162, 41.928164626260212 ], [ 45.900274324845817, 41.92819998085298 ], [ 45.90019743998343, 41.928238274753618 ], [ 45.900119676995558, 41.928279572002538 ], [ 45.900040885031373, 41.928323953039047 ], [ 45.899905492159377, 41.928405867987841 ], [ 45.899765571095827, 41.928497472500283 ], [ 45.899619697065582, 41.928599690998425 ], [ 45.899465195756463, 41.928714393476902 ], [ 45.899324552721218, 41.928823556182884 ], [ 45.899168935943919, 41.928948395885904 ], [ 45.89860284520001, 41.929416709434307 ], [ 45.898367673061387, 41.929606788024905 ], [ 45.89824093513333, 41.929705708102937 ], [ 45.898121322347833, 41.929796095238849 ], [ 45.898006624410485, 41.929879616762385 ], [ 45.897895710685418, 41.929957093930916 ], [ 45.897764372417903, 41.930044235423381 ], [ 45.897636282476562, 41.930124018148817 ], [ 45.897510623015471, 41.93019694838091 ], [ 45.897386850910273, 41.930263341102524 ], [ 45.89726435191394, 41.930323514551816 ], [ 45.897142931852855, 41.930377553111477 ], [ 45.897022289910439, 41.930425591533101 ], [ 45.896902191005424, 41.930467721722174 ], [ 45.896469527630273, 41.930607856035834 ], [ 45.896125361213365, 41.930715593704143 ], [ 45.895809002030688, 41.930809925839242 ], [ 45.895514905104378, 41.93089236040251 ], [ 45.895229860134862, 41.930966379866476 ], [ 45.894958696292406, 41.931030487577843 ], [ 45.894699314735149, 41.931085180045201 ], [ 45.894450582703357, 41.93113069314073 ], [ 45.894326758521558, 41.931150542870903 ], [ 45.894205423344516, 41.931168030451204 ], [ 45.894086501371618, 41.931183168188461 ], [ 45.893969931185858, 41.931195961972357 ], [ 45.893855646570636, 41.931206419530866 ], [ 45.893743612602613, 41.931214543844668 ], [ 45.893633789521239, 41.931220337031142 ], [ 45.893526141208646, 41.931223802980341 ], [ 45.893420590466143, 41.931224940497756 ], [ 45.89331715900137, 41.931223748519599 ], [ 45.893215823898522, 41.931220226329181 ], [ 45.893116563472489, 41.931214375001368 ], [ 45.893019355974893, 41.931206191108025 ], [ 45.89292418934285, 41.931195673847483 ], [ 45.89283104668894, 41.93118282245544 ], [ 45.892739917130307, 41.931167634319408 ], [ 45.892576938562655, 41.931134403244037 ], [ 45.892409925836688, 41.931093144135943 ], [ 45.892239290502189, 41.931043956454872 ], [ 45.892065523115917, 41.930986983181434 ], [ 45.891889050151548, 41.930922356088054 ], [ 45.891710634131478, 41.930850346644725 ], [ 45.891530979872407, 41.930771240284244 ], [ 45.891350926013565, 41.930685405166628 ], [ 45.891169823035064, 41.930592446435448 ], [ 45.890990302308495, 41.930493628014716 ], [ 45.890813495445762, 41.930389571597814 ], [ 45.890640680618922, 41.930281031046597 ], [ 45.890473019678829, 41.930168723304554 ], [ 45.890312098870524, 41.93005370158162 ], [ 45.890159333755186, 41.929936976286406 ], [ 45.890016156714907, 41.929819641465187 ], [ 45.889964994139802, 41.929774547214578 ], [ 45.889915701920728, 41.92972786047703 ], [ 45.889868258036472, 41.92967955890893 ], [ 45.889822639222075, 41.929629617474177 ], [ 45.889778823468554, 41.929578014729522 ], [ 45.889736782549051, 41.929524715769688 ], [ 45.88969648826162, 41.929469687490496 ], [ 45.889657913510121, 41.92941288957374 ], [ 45.889621071997205, 41.929354353438235 ], [ 45.889585884860963, 41.929293959007374 ], [ 45.889552318762334, 41.92923165069962 ], [ 45.88952033660668, 41.929167363055079 ], [ 45.88946099236653, 41.929032568872913 ], [ 45.889407491080284, 41.928888765064698 ], [ 45.889365654052376, 41.928756401204623 ], [ 45.889327550241219, 41.928615450279636 ], [ 45.889292802325407, 41.928464537195978 ], [ 45.889260790627141, 41.928300989074785 ], [ 45.889234995653545, 41.928148144945958 ], [ 45.889209542842103, 41.927976766948397 ], [ 45.889128257225984, 41.927349030366805 ], [ 45.889091530760666, 41.927093759682116 ], [ 45.889069101254755, 41.926958343437093 ], [ 45.889045747618368, 41.92683271557793 ], [ 45.889021026863979, 41.926714505377902 ], [ 45.888994685995613, 41.926602516908979 ], [ 45.888959718375773, 41.926471863161765 ], [ 45.888921671613424, 41.926348144954837 ], [ 45.888880293024727, 41.926230535628541 ], [ 45.888835389476284, 41.926118501678772 ], [ 45.888786722616274, 41.926011466718833 ], [ 45.888734199644624, 41.925909261236505 ], [ 45.888677684153272, 41.925811615181907 ], [ 45.888617058810553, 41.925718329509387 ], [ 45.888525599975935, 41.925591254328673 ], [ 45.888426110275013, 41.925464255623488 ], [ 45.888318383475003, 41.925337069271777 ], [ 45.888202133950244, 41.92520935880907 ], [ 45.88807717900054, 41.925080904058461 ], [ 45.88794289082113, 41.924951044253774 ], [ 45.887798670478588, 41.924819199460373 ], [ 45.887643582326191, 41.924684511333133 ], [ 45.887505427209732, 41.924569552710693 ], [ 45.887357755699391, 41.924450931499685 ], [ 45.887199088434663, 41.924327454902446 ], [ 45.887026501912509, 41.924196845155215 ], [ 45.886691247144405, 41.92395079836831 ], [ 45.886062286635365, 41.923499855998365 ], [ 45.885814116864033, 41.923319994651138 ], [ 45.885563403610902, 41.923134013429397 ], [ 45.885342380181996, 41.922964532614799 ], [ 45.885102194337748, 41.922771997900092 ], [ 45.884991142569653, 41.922679166511365 ], [ 45.884885374799872, 41.922588008260121 ], [ 45.884784358769942, 41.92249805891565 ], [ 45.884687931996631, 41.922409169331154 ], [ 45.8845958464441, 41.922321108156396 ], [ 45.884507912694822, 41.922233696727623 ], [ 45.884443240238276, 41.922169771985253 ], [ 45.884372329327931, 41.922102877120253 ], [ 45.88420796839786, 41.921956618162177 ], [ 45.884042399111564, 41.921816772012406 ], [ 45.883630974048884, 41.921477150418127 ], [ 45.883427651447903, 41.921302127420653 ], [ 45.883332693872056, 41.921215877834292 ], [ 45.883247291189093, 41.921134506536703 ], [ 45.883170106395355, 41.92105673587902 ], [ 45.883100463156808, 41.920981884771216 ], [ 45.8830188634387, 41.920886165237192 ], [ 45.882948963609969, 41.920793813335358 ], [ 45.88289029190355, 41.920704204048995 ], [ 45.882842583325335, 41.920616926927316 ], [ 45.882805609696177, 41.920531529802119 ], [ 45.882791138900146, 41.920489497924365 ], [ 45.882779331677575, 41.920447874283596 ], [ 45.882770180378429, 41.920406629217389 ], [ 45.882763682337504, 41.920365744733587 ], [ 45.882759832428412, 41.920325199255998 ], [ 45.882758629191926, 41.920284974782817 ], [ 45.882760285295269, 41.920233378112371 ], [ 45.882764945032577, 41.920179653488347 ], [ 45.88277259364947, 41.920123955938635 ], [ 45.882783209379639, 41.920066456756793 ], [ 45.882796761990832, 41.920007325499931 ], [ 45.88281320260301, 41.91994677870305 ], [ 45.88285450275999, 41.91982229690327 ], [ 45.882906565139919, 41.919694706086979 ], [ 45.882968540954899, 41.919566124832535 ], [ 45.883039452335439, 41.919438579941541 ], [ 45.883118200115483, 41.919314046009433 ], [ 45.883202531052014, 41.919195807975257 ], [ 45.883292226377662, 41.919083917947411 ], [ 45.883386149067633, 41.918979787001412 ], [ 45.883434376404921, 41.918930991540357 ], [ 45.883483283618162, 41.91888454247119 ], [ 45.883532642055357, 41.918840648706158 ], [ 45.883582453971464, 41.918799298518671 ], [ 45.883632615622666, 41.918760576468678 ], [ 45.883683032763045, 41.91872455623524 ], [ 45.883733603887542, 41.918691309752049 ], [ 45.883784257263684, 41.918660881703779 ], [ 45.883834915180046, 41.918633320423965 ], [ 45.883885507011101, 41.918608663383679 ], [ 45.883971528154596, 41.91857347765977 ], [ 45.884065553222676, 41.918543208236137 ], [ 45.884167651862711, 41.918517832940822 ], [ 45.88427600289716, 41.918497682813104 ], [ 45.884298834911853, 41.918494563589547 ], [ 45.884396419569697, 41.918481672787749 ], [ 45.884523384614297, 41.918470836064202 ], [ 45.884659044212171, 41.918464795817805 ], [ 45.88480376113457, 41.918463534811487 ], [ 45.884950008816041, 41.918466757958747 ], [ 45.885105535482658, 41.918474302849511 ], [ 45.885271238911464, 41.918486208458162 ], [ 45.885448973265078, 41.91850260725078 ], [ 45.885625574156776, 41.918521884938968 ], [ 45.885820687906318, 41.91854583270139 ], [ 45.886423624600923, 41.918627796765264 ], [ 45.886536395061057, 41.918644866510178 ], [ 45.886647967704228, 41.91866565344305 ], [ 45.886756156709552, 41.918689670975176 ], [ 45.886758389711929, 41.918690167110263 ], [ 45.886867714306817, 41.918718417912011 ], [ 45.886975989938087, 41.918750419887715 ], [ 45.887083283191544, 41.918786190539194 ], [ 45.887189658303704, 41.91882575188945 ], [ 45.887295186808203, 41.91886913040814 ], [ 45.887399828606661, 41.91891630299007 ], [ 45.887503783845695, 41.918967352753249 ], [ 45.887607139971884, 41.919022323156113 ], [ 45.887709999039068, 41.91908126745119 ], [ 45.887812447351301, 41.919144233608392 ], [ 45.887914633320818, 41.919211313249754 ], [ 45.888016694458798, 41.919282594478368 ], [ 45.888118795179935, 41.919358192208762 ], [ 45.888212048934783, 41.9194309743472 ], [ 45.888305652653401, 41.919507584240421 ], [ 45.888399788118434, 41.919588171793023 ], [ 45.888494689639046, 41.919672935138564 ], [ 45.888590513480423, 41.91976200996708 ], [ 45.888687707923417, 41.919855805312089 ], [ 45.888786670260302, 41.919954705381549 ], [ 45.888887975270059, 41.920059283048715 ], [ 45.889073703226877, 41.920258901966676 ], [ 45.889276213294444, 41.92048623112975 ], [ 45.889478445215204, 41.920720433270326 ], [ 45.890022800322058, 41.921360072328298 ], [ 45.890189231697342, 41.921550762936356 ], [ 45.89034066934817, 41.92171962480554 ], [ 45.890515973880376, 41.92190806380227 ], [ 45.890683251015545, 41.922079580914193 ], [ 45.89084569244222, 41.922237444253817 ], [ 45.891004954390645, 41.922383253184634 ], [ 45.891102844765257, 41.922468275736087 ], [ 45.891200240933046, 41.92254931118255 ], [ 45.891297345391401, 41.922626526378259 ], [ 45.89139432033226, 41.922700051562352 ], [ 45.891491343650543, 41.922770018652827 ], [ 45.89158850669812, 41.922836493589685 ], [ 45.891685923877127, 41.922899552040967 ], [ 45.891783691339427, 41.922959258107383 ], [ 45.891882038836854, 41.923015743302223 ], [ 45.891980905472629, 41.923068965765836 ], [ 45.8920803641373, 41.92311896456004 ], [ 45.892180482822916, 41.923165773380397 ], [ 45.892281328290785, 41.923209424130505 ], [ 45.892382949025993, 41.923249935345673 ], [ 45.89248539718146, 41.923287329135249 ], [ 45.892588718817997, 41.923321623152376 ], [ 45.892859736466526, 41.923405924134222 ], [ 45.893079715720724, 41.923472019100132 ], [ 45.893107718492352, 41.923480433275856 ], [ 45.893341658184958, 41.923547847603757 ], [ 45.893564405711061, 41.92360897904048 ], [ 45.893743256303004, 41.923655364676613 ], [ 45.893779617854655, 41.923664795323468 ], [ 45.893815808903526, 41.923673587812644 ], [ 45.893948353403871, 41.923705789627945 ], [ 45.893986786850192, 41.923715126620259 ], [ 45.894102278937922, 41.923741145552953 ], [ 45.894186775428771, 41.923760181515163 ], [ 45.894281149373938, 41.923779657465559 ], [ 45.894380095289542, 41.923800075848739 ], [ 45.894569273322354, 41.923835265519415 ], [ 45.894752332727592, 41.923865312917307 ], [ 45.894929507986895, 41.923890258575597 ], [ 45.895100957325049, 41.923910122904168 ], [ 45.89526686067596, 41.923924926141822 ], [ 45.895427268681956, 41.923934670619765 ], [ 45.895582268215115, 41.923939361988239 ], [ 45.895731919557562, 41.923939001600232 ], [ 45.895806456251059, 41.923936311628182 ], [ 45.895881097294712, 41.923931167377376 ], [ 45.895955869171701, 41.923923565938928 ], [ 45.89603080318868, 41.923913504366311 ], [ 45.896105928240466, 41.923900979731691 ], [ 45.896181284024422, 41.923885985420185 ], [ 45.896256907800748, 41.923868513034463 ], [ 45.896332841640515, 41.923848553238919 ], [ 45.896409066379057, 41.923826116089863 ], [ 45.89648569731856, 41.923801168262443 ], [ 45.896562789680758, 41.923773692211967 ], [ 45.896640408283766, 41.923743666715964 ], [ 45.896718605873872, 41.923711069745387 ], [ 45.896797475995371, 41.923675864541764 ], [ 45.89687710493142, 41.92363801260165 ], [ 45.896957596876256, 41.923597462672149 ], [ 45.897119995309694, 41.923508973329014 ], [ 45.897287413871581, 41.923409033076027 ], [ 45.897461351120107, 41.923296752928138 ], [ 45.897644570274437, 41.923170354051507 ], [ 45.897820707370904, 41.923042257562024 ], [ 45.897827770711459, 41.923036908210307 ], [ 45.898014586550275, 41.922895418764305 ], [ 45.898210823402799, 41.92274244836743 ], [ 45.898537368557264, 41.92248445794263 ], [ 45.8987390609391, 41.922325107751519 ], [ 45.898898979914449, 41.92220171373318 ], [ 45.899043036806191, 41.922093414579791 ], [ 45.899208779823645, 41.921973219627006 ], [ 45.899364530450555, 41.921865547219156 ], [ 45.899498068311871, 41.921778273995471 ], [ 45.899513354880128, 41.921768282928085 ], [ 45.899656818768065, 41.921680410269694 ], [ 45.899744805225396, 41.921629641934906 ], [ 45.899831373682211, 41.921582161271857 ], [ 45.899916714441339, 41.921537864116267 ], [ 45.900000979571544, 41.921496671821501 ], [ 45.900084332018338, 41.921458507456627 ], [ 45.900166855672303, 41.921423332537941 ], [ 45.900212920785457, 41.921405182308327 ], [ 45.900248651241924, 41.921391103946306 ], [ 45.900329807503212, 41.921361787662462 ], [ 45.900410522532546, 41.921335318187161 ], [ 45.900490742395021, 41.921311718460984 ], [ 45.900570531976584, 41.92129097086341 ], [ 45.900649945335687, 41.921273059659939 ], [ 45.900729043828861, 41.921257973562042 ], [ 45.900807863527909, 41.921245704181359 ], [ 45.900886451382355, 41.921236244845389 ], [ 45.900964843527035, 41.921229591668435 ], [ 45.901094949222937, 41.921224507764833 ], [ 45.901229108089872, 41.921226445923821 ], [ 45.90136760843049, 41.921235408371196 ], [ 45.901510834128501, 41.921251419097004 ], [ 45.901573590480979, 41.921261189441402 ], [ 45.901659029041923, 41.921274492380398 ], [ 45.90181300520937, 41.92130473981139 ], [ 45.90197350400053, 41.921342306854591 ], [ 45.90214166888191, 41.921387460102117 ], [ 45.902184801057473, 41.921400254725043 ], [ 45.902281959927706, 41.921429075466108 ], [ 45.902429258175715, 41.92147610443385 ], [ 45.902585105784951, 41.921529036526742 ], [ 45.902752563720618, 41.921588907728008 ], [ 45.903062504703684, 41.921705656566495 ], [ 45.903063271090154, 41.92170595496416 ], [ 45.903799759081032, 41.921992755143769 ], [ 45.903992843813683, 41.922065076268225 ], [ 45.904166716175148, 41.922127558164952 ], [ 45.904343668118372, 41.922187759371035 ], [ 45.904509483903077, 41.92224033382093 ], [ 45.904666753457292, 41.922286103280257 ], [ 45.9048168752918, 41.922325468368307 ], [ 45.90495835618313, 41.92235816257643 ], [ 45.905094712772161, 41.922385126432374 ], [ 45.905226519453315, 41.922406472512691 ], [ 45.905354188378105, 41.922422267835337 ], [ 45.905478161580319, 41.922432560266273 ], [ 45.905598612810032, 41.922437358354458 ], [ 45.905715780961081, 41.922436671935259 ], [ 45.905829851705775, 41.922430499554018 ], [ 45.905907490497633, 41.922423211272722 ], [ 45.905985250092073, 41.922413636994364 ], [ 45.906063166592737, 41.922401771930417 ], [ 45.906141280913886, 41.922387610353717 ], [ 45.906219631532444, 41.922371144754813 ], [ 45.906298268958324, 41.922352365727875 ], [ 45.906377246049232, 41.922331259345029 ], [ 45.906456618074401, 41.922307811659245 ], [ 45.906536350271644, 41.922282038255474 ], [ 45.906616608325812, 41.922253887387377 ], [ 45.906697467851828, 41.922223334138707 ], [ 45.906779015202119, 41.922190345402178 ], [ 45.906861325926997, 41.922154891758275 ], [ 45.906944534267609, 41.922116915402967 ], [ 45.907114167364547, 41.922033154439042 ], [ 45.907265947075132, 41.921951467129617 ], [ 45.907423013433089, 41.92186084375416 ], [ 45.907586914308148, 41.921760396607425 ], [ 45.907760548971297, 41.921648353643235 ], [ 45.907921166629912, 41.921540457341443 ], [ 45.908098835333909, 41.921417445167805 ], [ 45.908753420156238, 41.920951159007352 ], [ 45.909027137500416, 41.920760472813214 ], [ 45.909175164495878, 41.920660750709352 ], [ 45.909314622734037, 41.920569694041092 ], [ 45.909448127895558, 41.920485595172714 ], [ 45.909577021221594, 41.920407615787205 ], [ 45.909730848691964, 41.920319121561754 ], [ 45.909754798329722, 41.920306176556927 ], [ 45.909880548103892, 41.920238205629978 ], [ 45.910027100871446, 41.920164337842913 ], [ 45.910136759901583, 41.920113224954022 ], [ 45.910171160845493, 41.920097190590873 ], [ 45.910313461414638, 41.920036432928178 ], [ 45.910454231732629, 41.919981978381671 ], [ 45.910593832847105, 41.919933687192355 ], [ 45.910732542023538, 41.919891464396599 ], [ 45.910964886628932, 41.919827799446921 ], [ 45.911201936371157, 41.919767186875688 ], [ 45.91133590528473, 41.919735292891033 ], [ 45.911443241862671, 41.919709740102427 ], [ 45.911688327192891, 41.919655572760618 ], [ 45.911936718764885, 41.919604791263531 ], [ 45.912187887519124, 41.91955750246899 ], [ 45.912441311532532, 41.919513805977047 ], [ 45.912696451889232, 41.919473793421332 ], [ 45.912952806902631, 41.919437545336102 ], [ 45.913209784505575, 41.91940514658156 ], [ 45.913466832206872, 41.919376666396985 ], [ 45.913723398607779, 41.919352165911882 ], [ 45.913978927372497, 41.919331698194 ], [ 45.914232889732737, 41.919315304387752 ], [ 45.914484759255501, 41.919303020219708 ], [ 45.914734021398772, 41.919294869617424 ], [ 45.914919157028741, 41.91929357377267 ], [ 45.915108007986795, 41.91929868238271 ], [ 45.915300980876481, 41.919310205697791 ], [ 45.915498608041631, 41.919328176379693 ], [ 45.915701225027398, 41.919352610642186 ], [ 45.915909938278084, 41.919383630229234 ], [ 45.916125746071174, 41.919421382056925 ], [ 45.916350179022068, 41.919466133076142 ], [ 45.916536478831155, 41.919507055798377 ], [ 45.916731106919876, 41.919553022107259 ], [ 45.916936093686637, 41.919604504807623 ], [ 45.917155450131659, 41.919662512074652 ], [ 45.917559890436308, 41.919775265020938 ], [ 45.918518529874419, 41.920051738009356 ], [ 45.918770333122602, 41.920121529027021 ], [ 45.91884621244651, 41.920141691194871 ], [ 45.918997741239544, 41.920181955073403 ], [ 45.919230641258295, 41.920240502942796 ], [ 45.919449863988831, 41.920291840146945 ], [ 45.919658859088337, 41.920336774051997 ], [ 45.919859497779541, 41.920375701327643 ], [ 45.920051918528053, 41.920408695663717 ], [ 45.920238543452591, 41.920436220446504 ], [ 45.920420182180962, 41.92045839350623 ], [ 45.920597413336075, 41.920475285883349 ], [ 45.920770870778988, 41.920486951959347 ], [ 45.920940801826134, 41.920493401476328 ], [ 45.921107550325949, 41.920494647903624 ], [ 45.92127138761127, 41.920490693581463 ], [ 45.921535319008072, 41.920477090265088 ], [ 45.921803918925988, 41.920457397282995 ], [ 45.9220769872869, 41.920431627917978 ], [ 45.922354296406695, 41.920399804682553 ], [ 45.922635639098516, 41.920361949926281 ], [ 45.922920698704758, 41.920318104893525 ], [ 45.923209179118089, 41.92026831426886 ], [ 45.923500733820681, 41.92021263935694 ], [ 45.923795546498354, 41.920151029119793 ], [ 45.924092656192151, 41.920083669598348 ], [ 45.924391612067367, 41.920010663477719 ], [ 45.924691894899468, 41.919932137415685 ], [ 45.924993044422457, 41.91984820859367 ], [ 45.92529433986067, 41.919759075556009 ], [ 45.925595108691098, 41.919664937366228 ], [ 45.925894587317977, 41.919566032557952 ], [ 45.926280464375424, 41.919438783134986 ], [ 45.92662695832783, 41.919320742538417 ], [ 45.926948397642448, 41.919207024618835 ], [ 45.927249403826103, 41.919095976468633 ], [ 45.927535708618109, 41.918985420968859 ], [ 45.927806638411269, 41.918875553713249 ], [ 45.928063609141233, 41.918765798647712 ], [ 45.928307475408467, 41.91865579049113 ], [ 45.928541990229306, 41.918543708450997 ], [ 45.928764224712943, 41.918430817394729 ], [ 45.928974571589322, 41.918316919672037 ], [ 45.929173302480478, 41.918201865440643 ], [ 45.929360706804879, 41.918085484894121 ], [ 45.929536884957038, 41.917967712426993 ], [ 45.929701976677215, 41.917848451488595 ], [ 45.929856088257502, 41.917727627411125 ], [ 45.929951822640305, 41.917644748192799 ], [ 45.930042953524676, 41.917556531003314 ], [ 45.930129622430769, 41.917462839606934 ], [ 45.930211999150558, 41.917363491603943 ], [ 45.930290204733758, 41.91725835272382 ], [ 45.930364512607063, 41.917147069499187 ], [ 45.930435148162296, 41.91702930236076 ], [ 45.930502404630381, 41.916904567081794 ], [ 45.930568574680137, 41.916767985988869 ], [ 45.930631978109901, 41.916622354861381 ], [ 45.930693181127495, 41.916466391067466 ], [ 45.930753136146492, 41.916297673101958 ], [ 45.930807878892722, 41.916129440483346 ], [ 45.930864801738799, 41.915940972887938 ], [ 45.931068201924774, 41.915213427500639 ], [ 45.931159054704032, 41.914909489266542 ], [ 45.931212421795642, 41.91474706246845 ], [ 45.931265789157948, 41.91459752869028 ], [ 45.931320210170909, 41.914457946816441 ], [ 45.931376259319435, 41.914326857608579 ], [ 45.931449774856731, 41.914172387664948 ], [ 45.931527285950125, 41.914028184385785 ], [ 45.931609349213623, 41.913893219188893 ], [ 45.93165221328762, 41.913828991571833 ], [ 45.931696362743992, 41.913766840354377 ], [ 45.931741907537472, 41.913706615132064 ], [ 45.931788821798015, 41.913648361146606 ], [ 45.931837142247268, 41.913592033064994 ], [ 45.931886902068399, 41.913537590986834 ], [ 45.93193813806166, 41.913484994982248 ], [ 45.931990876385818, 41.913434219618317 ], [ 45.932045146790571, 41.913385237631474 ], [ 45.932100973036597, 41.913338024508711 ], [ 45.932215667137285, 41.913248209221749 ], [ 45.932338235218602, 41.91316007267509 ], [ 45.932468946933916, 41.913073419910965 ], [ 45.932608171297396, 41.91298800652558 ], [ 45.932756137528692, 41.912903676611847 ], [ 45.932913663417864, 41.912819952442547 ], [ 45.933081517066171, 41.91273642243619 ], [ 45.933260914717039, 41.912652481320876 ], [ 45.933412491747418, 41.912585105097179 ], [ 45.933573665486236, 41.912516406824338 ], [ 45.933746136328253, 41.912445659305504 ], [ 45.933933322684211, 41.91237145756471 ], [ 45.934282683336626, 41.912238014125116 ], [ 45.935117241623431, 41.91192710916885 ], [ 45.935332869007013, 41.911844448620563 ], [ 45.935525770822963, 41.911768346853016 ], [ 45.935717715565772, 41.911689904520507 ], [ 45.935895776866261, 41.911614052766076 ], [ 45.936062657006751, 41.91153963928668 ], [ 45.93621979836518, 41.911466018300473 ], [ 45.936471670053315, 41.911342706574295 ], [ 45.936732044839637, 41.911210880266829 ], [ 45.937003496028964, 41.911069242975252 ], [ 45.937290930848832, 41.910915234495278 ], [ 45.937550007932003, 41.91077348706267 ], [ 45.937836400897389, 41.910614299677306 ], [ 45.938839627158885, 41.910048294332469 ], [ 45.939239736183218, 41.909824905287223 ], [ 45.939653640357371, 41.909599004374982 ], [ 45.940029349369482, 41.909400532874919 ], [ 45.940246726587254, 41.909289242657103 ], [ 45.940457526158021, 41.909184142151062 ], [ 45.940663152276251, 41.909084534481451 ], [ 45.9408645412068, 41.908989963471804 ], [ 45.941062742129766, 41.908899944993095 ], [ 45.941258091754626, 41.908814332194929 ], [ 45.94145111125561, 41.908732895651795 ], [ 45.941642200923056, 41.908655467270648 ], [ 45.941789283515405, 41.908595519423983 ], [ 45.941959728069499, 41.908523025278924 ], [ 45.942596004307418, 41.908242628134978 ], [ 45.94285561369275, 41.908130961057019 ], [ 45.943111137150986, 41.908026908773998 ], [ 45.943225155676124, 41.907983311181162 ], [ 45.943331716141515, 41.907944672578992 ], [ 45.94345438939704, 41.907903312066843 ], [ 45.943567738409492, 41.907868810075726 ], [ 45.943672422184079, 41.907840963970997 ], [ 45.943768851544426, 41.907819666822903 ], [ 45.943857448489617, 41.907804834123198 ], [ 45.943938320215167, 41.907796456002139 ], [ 45.944011644947508, 41.907794515699372 ], [ 45.944077546843538, 41.907799009506498 ], [ 45.944134995218022, 41.907809622571321 ], [ 45.944188687405941, 41.907826754005058 ], [ 45.944238614955331, 41.907850402081081 ], [ 45.944284771809819, 41.907880564151995 ], [ 45.944327154295316, 41.907917235749103 ], [ 45.944365752707604, 41.907960412452937 ], [ 45.944400563328195, 41.908010087092379 ], [ 45.944431579998586, 41.908066250714704 ], [ 45.944444383925962, 41.908095723331577 ], [ 45.944458800360536, 41.908128906944881 ], [ 45.944482216859519, 41.908198034231489 ], [ 45.944501822071423, 41.908273620028389 ], [ 45.944517613312463, 41.908355646345996 ], [ 45.944529586757355, 41.908444099707104 ], [ 45.944537739611498, 41.908538954916914 ], [ 45.944542069091263, 41.908640187680852 ], [ 45.944542573536708, 41.908747768290667 ], [ 45.9445392336659, 41.908862107609188 ], [ 45.944532041839835, 41.908982770676054 ], [ 45.94452099859032, 41.909109713353153 ], [ 45.944506702749827, 41.909237592456002 ], [ 45.944506111561033, 41.909242883337377 ], [ 45.94448738243193, 41.909382232877682 ], [ 45.944464824432366, 41.909527679902268 ], [ 45.944438448431633, 41.909679145960951 ], [ 45.944408271086203, 41.909836536343654 ], [ 45.94437428767074, 41.909999860092519 ], [ 45.944336544139624, 41.910168883552906 ], [ 45.944249910194657, 41.910523442159331 ], [ 45.944148742321268, 41.910898713049662 ], [ 45.94403308820754, 41.911294519259329 ], [ 45.943989442512269, 41.911424710190197 ], [ 45.943937108150244, 41.911555501222622 ], [ 45.943875989706775, 41.911687130905278 ], [ 45.943805948018344, 41.911819896687646 ], [ 45.943726887253518, 41.911954009196513 ], [ 45.943638486405831, 41.912090027663808 ], [ 45.943540422420213, 41.912228454592885 ], [ 45.943432192024481, 41.9123700011179 ], [ 45.94332188087111, 41.912505141975437 ], [ 45.943201361876028, 41.912644771740844 ], [ 45.943069513440228, 41.912790193852658 ], [ 45.942924148719918, 41.912943825607449 ], [ 45.942781861431726, 41.913089160180519 ], [ 45.942620683634694, 41.91324952327394 ], [ 45.942005842090218, 41.913846093951527 ], [ 45.941753249617236, 41.914096248396994 ], [ 45.941620181045558, 41.914232179494029 ], [ 45.941498629202378, 41.914360009972768 ], [ 45.941386251322591, 41.91448220618993 ], [ 45.941281895109576, 41.91460002684402 ], [ 45.94116170780557, 41.914742279862082 ], [ 45.941051587537657, 41.914880506224101 ], [ 45.940950773039297, 41.915015659699279 ], [ 45.940858793784372, 41.915148375535239 ], [ 45.940775170728784, 41.915279366503036 ], [ 45.94069977692736, 41.915408852523029 ], [ 45.940632411389103, 41.915537184716676 ], [ 45.940572931009036, 41.915664632669092 ], [ 45.940489934464615, 41.915849136806614 ], [ 45.94028431897933, 41.916292433019237 ], [ 45.940187826015269, 41.916510879187769 ], [ 45.940135515380192, 41.916637431467834 ], [ 45.940089888125712, 41.916755560007317 ], [ 45.940050104540013, 41.916867451302657 ], [ 45.940015782563272, 41.916974184784628 ], [ 45.939983432072914, 41.917088886523963 ], [ 45.939957413518705, 41.917198897983852 ], [ 45.939937592031292, 41.91730480480544 ], [ 45.939923893734729, 41.917406993982802 ], [ 45.939916271818504, 41.917505889214674 ], [ 45.939914725816401, 41.917601621102889 ], [ 45.93991925268714, 41.917694391421911 ], [ 45.939929859539149, 41.91778435412693 ], [ 45.939943064528052, 41.917859401239433 ], [ 45.939960001680383, 41.917937396300168 ], [ 45.939980597446507, 41.918018010265605 ], [ 45.940004760880782, 41.918100879108287 ], [ 45.940032386581315, 41.918185639819555 ], [ 45.940063338181957, 41.918271873802709 ], [ 45.940097468542838, 41.91835916795317 ], [ 45.940134611071819, 41.918447098517582 ], [ 45.940174558445904, 41.918535178128742 ], [ 45.940217142622508, 41.918623048793911 ], [ 45.940262165798799, 41.918710296922782 ], [ 45.940309423199309, 41.918796526995685 ], [ 45.940358690581746, 41.918881331943929 ], [ 45.940409775022417, 41.9189643846019 ], [ 45.940462471418471, 41.91904534979804 ], [ 45.940516583581129, 41.919123924712096 ], [ 45.940570585956941, 41.919198053008841 ], [ 45.940625582366543, 41.919269404487629 ], [ 45.940681409288082, 41.919337766128344 ], [ 45.940737918104034, 41.919402954510922 ], [ 45.940794943274661, 41.919464783652337 ], [ 45.940852372033824, 41.919523130184047 ], [ 45.940910077091957, 41.919577867254063 ], [ 45.940967947124925, 41.919628887694486 ], [ 45.941025748958111, 41.919675998872336 ], [ 45.941083510856437, 41.919719237483491 ], [ 45.941141142548105, 41.919758534016104 ], [ 45.941198563645493, 41.919793835089465 ], [ 45.941255687731697, 41.919825087372423 ], [ 45.941312456480262, 41.919852261621706 ], [ 45.94136880549604, 41.919875325941945 ], [ 45.941424680175771, 41.919894258264804 ], [ 45.941462596721458, 41.919904545508771 ], [ 45.941501507255488, 41.919912718832215 ], [ 45.941541433544941, 41.919918782558995 ], [ 45.941582398575719, 41.919922741903534 ], [ 45.941624427678981, 41.919924597557689 ], [ 45.94166755346015, 41.919924352855524 ], [ 45.941711808458294, 41.919922006628276 ], [ 45.941757232446996, 41.91991755764775 ], [ 45.941803797780878, 41.919911012444032 ], [ 45.941851617641078, 41.91990235927927 ], [ 45.941951238572578, 41.91987868674493 ], [ 45.942056595165027, 41.919846424246785 ], [ 45.942168434100218, 41.919805343177387 ], [ 45.94226733071865, 41.919764097111667 ], [ 45.94237226635412, 41.919716116651806 ], [ 45.942484345465495, 41.91966090095157 ], [ 45.942605648844705, 41.919597425962891 ], [ 45.942847170853987, 41.919462946833193 ], [ 45.943224086481507, 41.919243454373081 ], [ 45.943341827027616, 41.919174889387627 ], [ 45.943555100771043, 41.919053677089678 ], [ 45.943776758917991, 41.91893421122046 ], [ 45.943867355229123, 41.918888139582201 ], [ 45.943878714320164, 41.91888236300052 ], [ 45.943976354946457, 41.918834945414723 ], [ 45.944089976836835, 41.918782900216179 ], [ 45.94419920697618, 41.918736444528029 ], [ 45.944304692550844, 41.918695303741032 ], [ 45.944406854457242, 41.918659314084962 ], [ 45.944506157115427, 41.918628319535856 ], [ 45.944602736300411, 41.918602284758776 ], [ 45.944696809459167, 41.918581152130237 ], [ 45.944788541275173, 41.918564884274652 ], [ 45.945091756625231, 41.918519805361377 ], [ 45.945351335542782, 41.918484209582537 ], [ 45.945591660790569, 41.918454758510833 ], [ 45.94581570892494, 41.918431143137354 ], [ 45.946029275215032, 41.918412843859244 ], [ 45.946230083740645, 41.918400158697509 ], [ 45.94641893576037, 41.918393037882453 ], [ 45.946596213397193, 41.918391467514716 ], [ 45.946764630308266, 41.918395549563698 ], [ 45.946921584002872, 41.918405354167298 ], [ 45.947067194009648, 41.918420888492534 ], [ 45.947135769141511, 41.918430806593086 ], [ 45.947201531633802, 41.91844216100084 ], [ 45.947264502027615, 41.918454954253143 ], [ 45.947324670652797, 41.918469184633011 ], [ 45.947382038757375, 41.918484854836564 ], [ 45.947436612358786, 41.918501963917628 ], [ 45.947488391485216, 41.91852051368128 ], [ 45.947537378562657, 41.918540505011975 ], [ 45.947582642237116, 41.918561504273164 ], [ 45.947626982575621, 41.918584810537496 ], [ 45.947671717552772, 41.918611802655747 ], [ 45.947712094801204, 41.918639312581497 ], [ 45.947752932307601, 41.91867062310731 ], [ 45.947792617164154, 41.91870463432344 ], [ 45.947831143278648, 41.918741341777981 ], [ 45.947868503312797, 41.918780738327307 ], [ 45.947904692352871, 41.918822817708374 ], [ 45.947939700635047, 41.918867571896847 ], [ 45.947973531805353, 41.918915002664981 ], [ 45.948006168691393, 41.918965090340883 ], [ 45.948037603886597, 41.919017823277983 ], [ 45.948067829944051, 41.919073187128035 ], [ 45.948124622511443, 41.91919175469657 ], [ 45.948176474193559, 41.919320640536057 ], [ 45.948223607586186, 41.91946062549296 ], [ 45.948265568741931, 41.919610616310244 ], [ 45.948302266014693, 41.919770288609413 ], [ 45.948333584746464, 41.919939148876196 ], [ 45.948359479254819, 41.920117127239642 ], [ 45.948379696568026, 41.920302697362253 ], [ 45.948383699797446, 41.920356084587873 ], [ 45.948394083183381, 41.920494535634923 ], [ 45.948402433142384, 41.920689894027952 ], [ 45.948400937703639, 41.920762123563165 ], [ 45.948392574285933, 41.920834595364234 ], [ 45.948377339661832, 41.920907337377024 ], [ 45.948355225833716, 41.920980381188187 ], [ 45.948326227161978, 41.921053754760983 ], [ 45.948290324982743, 41.921127502377004 ], [ 45.948247499372542, 41.921201664724336 ], [ 45.948197725677439, 41.921276288833447 ], [ 45.948141044216612, 41.921351330229768 ], [ 45.948077352337556, 41.921426943764565 ], [ 45.948006594272869, 41.921503192933272 ], [ 45.947928698805072, 41.921580156668711 ], [ 45.947843605314681, 41.921657896702072 ], [ 45.947751179379139, 41.921736540220152 ], [ 45.947651283988982, 41.921816202720599 ], [ 45.947543735531532, 41.921897028905079 ], [ 45.94745007877497, 41.92196401511422 ], [ 45.94735100852818, 41.922032004221329 ], [ 45.947246336178196, 41.922101128364964 ], [ 45.947135802524706, 41.922171558092522 ], [ 45.946896102299171, 41.92231700757295 ], [ 45.946627598751775, 41.922470972946485 ], [ 45.946384258679316, 41.922604650844683 ], [ 45.946383302846456, 41.922605175705186 ], [ 45.946105108295455, 41.922753291551608 ], [ 45.945196848746967, 41.923223175601898 ], [ 45.944887424823392, 41.923385649996852 ], [ 45.944599188354189, 41.923542032777327 ], [ 45.944351900751016, 41.923682634330589 ], [ 45.944228213474176, 41.92375618936871 ], [ 45.944113266867426, 41.923827109107002 ], [ 45.944006400074421, 41.923895802503274 ], [ 45.94390716990835, 41.92396255513183 ], [ 45.943815120270983, 41.924027676987933 ], [ 45.943730098538161, 41.92409128462851 ], [ 45.943651885217847, 41.924153540191561 ], [ 45.94358031941249, 41.924214572007131 ], [ 45.943508854890759, 41.924280686300705 ], [ 45.943445195657162, 41.924345574555304 ], [ 45.943389232469762, 41.924409351165266 ], [ 45.943340883515141, 41.924472109582581 ], [ 45.943300073100758, 41.92453394951189 ], [ 45.943266767115368, 41.924594927983392 ], [ 45.943240929194253, 41.924655112852214 ], [ 45.943222533665633, 41.924714561076229 ], [ 45.943211557004751, 41.924773393541393 ], [ 45.943208014590589, 41.924831588507452 ], [ 45.943211905900903, 41.924889191012667 ], [ 45.943223230306813, 41.924946238889383 ], [ 45.943242000497008, 41.925002773461735 ], [ 45.943268225356427, 41.925058823474295 ], [ 45.943301918646391, 41.925114421232863 ], [ 45.943343098871971, 41.925169593598746 ], [ 45.943412947433039, 41.925250919883432 ], [ 45.943492081067632, 41.925335407716418 ], [ 45.943579330855201, 41.925421808455461 ], [ 45.943673465594877, 41.925508903693839 ], [ 45.943752661341172, 41.925577676026002 ], [ 45.943803642106893, 41.925620375411086 ], [ 45.943876987415194, 41.92568030077809 ], [ 45.943984142380174, 41.925762738558689 ], [ 45.944093468281693, 41.925841888071638 ], [ 45.94420225682979, 41.925915903603482 ], [ 45.94431143434629, 41.925985527791433 ], [ 45.944420288563222, 41.926050306253487 ], [ 45.944528242736965, 41.92610989697932 ], [ 45.944634658591582, 41.926163956665668 ], [ 45.944739232384208, 41.926212336504612 ], [ 45.944841581587781, 41.926254861317588 ], [ 45.944941406447498, 41.926291407484676 ], [ 45.945051151739477, 41.926325205040285 ], [ 45.945166657025993, 41.926353835694279 ], [ 45.945288126857712, 41.926377349983831 ], [ 45.945415838204838, 41.926395802351401 ], [ 45.945549964020401, 41.926409227378485 ], [ 45.945691110778476, 41.92641769660392 ], [ 45.945839843404165, 41.926421244977384 ], [ 45.945997037800389, 41.926419894974543 ], [ 45.946136673137175, 41.926414957998375 ], [ 45.946284220212306, 41.926406509701643 ], [ 45.946441111836826, 41.926394470693118 ], [ 45.946610251325907, 41.926378619752207 ], [ 45.946925143127906, 41.92634340287124 ], [ 45.947640886137194, 41.926254599540485 ], [ 45.947814523597593, 41.926235328605344 ], [ 45.947969057820281, 41.926220272629998 ], [ 45.948404524629638, 41.926179473523781 ], [ 45.948825510895603, 41.926136312902806 ], [ 45.949233813301397, 41.926090605846746 ], [ 45.949630333652969, 41.926042250462309 ], [ 45.950016133672079, 41.92599111199349 ], [ 45.950391227660113, 41.925937180522652 ], [ 45.950755933354962, 41.92588041299372 ], [ 45.951110439610204, 41.925820777318627 ], [ 45.951397001927965, 41.925768754879591 ], [ 45.951559680465223, 41.925737752367567 ], [ 45.951790868122508, 41.92569251503356 ], [ 45.952116164628059, 41.925623984749144 ], [ 45.952431589707466, 41.925552507395082 ], [ 45.952737195004595, 41.925478069114142 ], [ 45.953032984130623, 41.925400669954669 ], [ 45.953318971498867, 41.925320306270123 ], [ 45.95359516670154, 41.925236974451316 ], [ 45.953862292186109, 41.925150433493329 ], [ 45.954119573384837, 41.925060906956254 ], [ 45.954367010331318, 41.924968396707222 ], [ 45.9546045970325, 41.92487290466083 ], [ 45.954832331088845, 41.924774430898111 ], [ 45.955050205347206, 41.92467298004027 ], [ 45.955258212616961, 41.924568554004495 ], [ 45.955456345737112, 41.924461156506418 ], [ 45.955644604744442, 41.924350788497364 ], [ 45.95582297649446, 41.92423745643972 ], [ 45.955991455053919, 41.924121164932139 ], [ 45.956071982894663, 41.924061909748417 ], [ 45.956150034465445, 41.924001916769505 ], [ 45.95622561097651, 41.923941185990358 ], [ 45.956298710020675, 41.923879717435845 ], [ 45.956369330423733, 41.923817512921808 ], [ 45.956437474588853, 41.923754571532065 ], [ 45.956503138930429, 41.923690895102247 ], [ 45.956566323453728, 41.923626483636497 ], [ 45.956627028164149, 41.923561337138828 ], [ 45.956685253094221, 41.923495457414226 ], [ 45.95674966047379, 41.92341702310906 ], [ 45.956811311351835, 41.923334673129453 ], [ 45.95687033103237, 41.92324823801107 ], [ 45.956926874144671, 41.923157493104092 ], [ 45.956981045761616, 41.923062287125106 ], [ 45.957033116324233, 41.922962155781789 ], [ 45.957083313318435, 41.922856665761898 ], [ 45.957131947791929, 41.922745165095023 ], [ 45.957172633861511, 41.922644265749298 ], [ 45.957212775308712, 41.922537517504715 ], [ 45.957293346043905, 41.922301270465759 ], [ 45.957367561148871, 41.92206021546604 ], [ 45.957559447999621, 41.921404924107549 ], [ 45.957621611731568, 41.921209639459349 ], [ 45.957681746194282, 41.921035936330838 ], [ 45.957756177494673, 41.920842347904681 ], [ 45.957795927090601, 41.920750982460504 ], [ 45.957854250525116, 41.920621303556608 ], [ 45.957873554262441, 41.920580988144614 ], [ 45.957914867900492, 41.920500120374506 ], [ 45.957957449427511, 41.920422029570126 ], [ 45.958001385716003, 41.920346557388861 ], [ 45.958276441189426, 41.919870452545112 ], [ 45.958346594278986, 41.919755194274451 ], [ 45.958411831349288, 41.919654497526054 ], [ 45.958486126846367, 41.919548780466506 ], [ 45.958559335712387, 41.919454676605817 ], [ 45.958632727545933, 41.919370555048872 ], [ 45.958706986670471, 41.919295645416561 ], [ 45.958751947412473, 41.919255285842041 ], [ 45.958799909496186, 41.919216043230904 ], [ 45.958850859789777, 41.919177926695752 ], [ 45.958904781611821, 41.919140949881921 ], [ 45.958961659433172, 41.919105122822266 ], [ 45.959021472969361, 41.919070460092506 ], [ 45.959084199470844, 41.919036972686101 ], [ 45.959149815023203, 41.919004674308027 ], [ 45.959218314842943, 41.918973567695332 ], [ 45.959289651062782, 41.918943677560769 ], [ 45.959303638388931, 41.918938270187319 ], [ 45.959363792507965, 41.918915015868201 ], [ 45.959438232199453, 41.9188884772067 ], [ 45.959440704400279, 41.918887595512153 ], [ 45.95952035197552, 41.918861430287571 ], [ 45.959602690823694, 41.918836534069904 ], [ 45.959687676521803, 41.918812919834011 ], [ 45.95977526105699, 41.918790602386018 ], [ 45.959865750931421, 41.918769514309751 ], [ 45.959958747343393, 41.918749759807135 ], [ 45.960152007351653, 41.918714304947251 ], [ 45.960230754094077, 41.918702651084217 ], [ 45.960354484287208, 41.918684338785354 ], [ 45.960431789739225, 41.918675409644827 ], [ 45.960565509212692, 41.918659962339547 ], [ 45.960784473121421, 41.918641251811366 ], [ 45.961010360844853, 41.918628298513383 ], [ 45.961242203758978, 41.918621160951091 ], [ 45.961478865237439, 41.918619872023626 ], [ 45.961730501073681, 41.918624798769685 ], [ 45.961984496442355, 41.918636116133634 ], [ 45.962239174050843, 41.918653748089639 ], [ 45.962492696671788, 41.918677568629505 ], [ 45.962743290450888, 41.918707416103835 ], [ 45.96298887760625, 41.918743046765101 ], [ 45.963227503957469, 41.918784177117431 ], [ 45.963457249588316, 41.918830477458805 ], [ 45.963675801432551, 41.918881457479301 ], [ 45.963780541789312, 41.918908616059682 ], [ 45.963881990115276, 41.91893681993249 ], [ 45.963979951414331, 41.918966013100984 ], [ 45.964074256092005, 41.918996144759468 ], [ 45.964164736950806, 41.919027163181703 ], [ 45.964251241234535, 41.919059014718968 ], [ 45.964333556682732, 41.919091618301721 ], [ 45.96441162866607, 41.919124950079897 ], [ 45.964485335789455, 41.919158957041937 ], [ 45.964554570001937, 41.919193591468009 ], [ 45.964607726747424, 41.919222535418257 ], [ 45.964619229172222, 41.919228798382974 ], [ 45.964679231870022, 41.919264536147452 ], [ 45.964734500186815, 41.919300756787408 ], [ 45.964784968352738, 41.91933741763043 ], [ 45.964836107497312, 41.919379629918687 ], [ 45.964883689452698, 41.919425060432864 ], [ 45.964927739947179, 41.919473735981022 ], [ 45.964968284721664, 41.919525684271434 ], [ 45.965005348310385, 41.919580933022182 ], [ 45.965038959121813, 41.919639527031023 ], [ 45.965039160714568, 41.919639940543419 ], [ 45.965069143138429, 41.919701510215134 ], [ 45.965095927696829, 41.91976693638729 ], [ 45.965119299919031, 41.919835751618059 ], [ 45.965139333572409, 41.91990813001847 ], [ 45.965156047998249, 41.919984155189404 ], [ 45.965169467590812, 41.92006392600036 ], [ 45.965179608112827, 41.920147528783737 ], [ 45.965186493836605, 41.920235134462629 ], [ 45.965190135701782, 41.920326909568587 ], [ 45.965190542968216, 41.92042306928294 ], [ 45.965184635018886, 41.920583908422266 ], [ 45.965170663307603, 41.920757664233349 ], [ 45.965148486243734, 41.920946229299453 ], [ 45.965117657281752, 41.921153427989992 ], [ 45.965086040002355, 41.921337377215487 ], [ 45.96504686259189, 41.92154543412807 ], [ 45.964903149197752, 41.922253154302524 ], [ 45.964851309991111, 41.922519709440827 ], [ 45.964805477513458, 41.922779945441718 ], [ 45.964770736301745, 41.923011284952167 ], [ 45.96474363034757, 41.923244163472084 ], [ 45.96473435591215, 41.923353097562298 ], [ 45.96472787701159, 41.923457630929406 ], [ 45.964727649486285, 41.92346382221023 ], [ 45.96472417369808, 41.923558199663482 ], [ 45.964723242140053, 41.923654948804206 ], [ 45.964725081988419, 41.923748094514288 ], [ 45.964729694504477, 41.923837799803522 ], [ 45.964737802862416, 41.923984393230057 ], [ 45.964742708000301, 41.924139627525406 ], [ 45.964744464561583, 41.924305129731408 ], [ 45.964743109986031, 41.924484106799895 ], [ 45.964733970640495, 41.924823114528238 ], [ 45.964699824786585, 41.925686275056314 ], [ 45.964694464330805, 41.92592974089581 ], [ 45.964693722568654, 41.926147557523976 ], [ 45.964698696550869, 41.92638179747064 ], [ 45.964710104157355, 41.926598693296036 ], [ 45.964728146189699, 41.926801963056668 ], [ 45.964752998409772, 41.926993502973609 ], [ 45.964772480702933, 41.927110161736906 ], [ 45.964794849420571, 41.927222911674491 ], [ 45.964820151420142, 41.927331980259211 ], [ 45.964848426782773, 41.927437545484025 ], [ 45.964879727770658, 41.927539793345161 ], [ 45.964914084760551, 41.927638818154769 ], [ 45.964951538020514, 41.927734730353535 ], [ 45.964992121530585, 41.927827623322045 ], [ 45.965035936087901, 41.927917702461954 ], [ 45.965082961468319, 41.928004905793863 ], [ 45.965133229996702, 41.928089296989391 ], [ 45.965186776232841, 41.928170927992362 ], [ 45.965243633584343, 41.928249854358583 ], [ 45.965303829116394, 41.928326110981637 ], [ 45.965367393552135, 41.928399735425891 ], [ 45.965434355134391, 41.928470760772946 ], [ 45.965503793642796, 41.928539589246213 ], [ 45.965576730264971, 41.928608594509626 ], [ 45.965653019425929, 41.928677639979291 ], [ 45.96573250827295, 41.928746586430549 ], [ 45.965815036729815, 41.928815295600401 ], [ 45.965900434989621, 41.928883623903886 ], [ 45.965952402684032, 41.928922872659598 ], [ 45.966010901195602, 41.928967054320388 ], [ 45.966079133065541, 41.929018585430434 ], [ 45.966267099501195, 41.929150337063874 ], [ 45.966462880109546, 41.929277864242771 ], [ 45.966664951070271, 41.929400175516811 ], [ 45.966871839476752, 41.929516378089637 ], [ 45.967080735412509, 41.929624980687095 ], [ 45.967291641297408, 41.929726067940777 ], [ 45.96739744699002, 41.929773598880708 ], [ 45.967503297173906, 41.929819035304099 ], [ 45.967609053445429, 41.929862318032789 ], [ 45.967714584717797, 41.929903393231555 ], [ 45.967819673857036, 41.929942179870316 ], [ 45.967924294183369, 41.929978669168641 ], [ 45.968028330503898, 41.930012821569228 ], [ 45.96813167736854, 41.930044603737691 ], [ 45.968234226901316, 41.93007398145982 ], [ 45.968335893097183, 41.93010093114524 ], [ 45.968436586319378, 41.930125428333845 ], [ 45.968536226660724, 41.930147453887727 ], [ 45.968671906464991, 41.930173309344717 ], [ 45.968812715000325, 41.930195028748038 ], [ 45.968958894054097, 41.93021265056823 ], [ 45.969110758963552, 41.930226211752405 ], [ 45.969268518787906, 41.930235740235062 ], [ 45.969432841185402, 41.930241281692368 ], [ 45.969604342806598, 41.930242858809201 ], [ 45.969783956089884, 41.930240479889349 ], [ 45.969951551853882, 41.930235025573253 ], [ 45.970127861886795, 41.930226384686868 ], [ 45.970314618144485, 41.930214475903867 ], [ 45.970515324665392, 41.930199076811704 ], [ 45.970861992343892, 41.930167816434441 ], [ 45.971571870363306, 41.930096417017701 ], [ 45.971868979375564, 41.930068496519354 ], [ 45.972037710623404, 41.930051996416978 ], [ 45.972208772183322, 41.930032011481153 ], [ 45.972382438509243, 41.930008507853842 ], [ 45.972559058646205, 41.929981439334711 ], [ 45.972678413380784, 41.929961083790033 ], [ 45.972826554551887, 41.929934363303907 ], [ 45.972922552521617, 41.92991639762311 ], [ 45.973089075739765, 41.929882589520844 ], [ 45.973110647144672, 41.929878209599849 ], [ 45.973303979608566, 41.929836044568546 ], [ 45.973504990940732, 41.929789338705078 ], [ 45.973713792400922, 41.92973803608507 ], [ 45.973932246494385, 41.929681681342984 ], [ 45.974163791610721, 41.929619389619418 ], [ 45.974638233486644, 41.929485520739568 ], [ 45.975581417834839, 41.929209197170486 ], [ 45.975978440386307, 41.929095343935941 ], [ 45.976395827617154, 41.928981231483455 ], [ 45.976587664416932, 41.928931473844294 ], [ 45.976771594250323, 41.928885708245559 ], [ 45.976993846379415, 41.928833277388335 ], [ 45.977208091969381, 41.928786060639453 ], [ 45.977415858947857, 41.928743723499416 ], [ 45.977618152553177, 41.928706061099319 ], [ 45.977816085441944, 41.928672873952003 ], [ 45.978009999437162, 41.928644112333814 ], [ 45.978200434927764, 41.928619697806568 ], [ 45.978387804840331, 41.928599577332307 ], [ 45.978578203037515, 41.92858205257383 ], [ 45.978772981179006, 41.928567175940451 ], [ 45.978972554869337, 41.928554913243566 ], [ 45.979177466392933, 41.92854523281342 ], [ 45.979388062767583, 41.928538110945993 ], [ 45.979605465050923, 41.928533505621033 ], [ 45.979830689659288, 41.928531393715076 ], [ 45.98006528142168, 41.928531761094462 ], [ 45.980470651402598, 41.928537630962175 ], [ 45.980923044115805, 41.928550287661928 ], [ 45.981360918109253, 41.928566655821378 ], [ 45.982445880688182, 41.928611916745915 ], [ 45.982490805533516, 41.92861339759515 ], [ 45.98302060244977, 41.928630860566741 ], [ 45.983315760560068, 41.928637284773693 ], [ 45.983592240690882, 41.928640551090915 ], [ 45.983854878967634, 41.928640717285077 ], [ 45.984106205736353, 41.928637781577429 ], [ 45.984203246113296, 41.928637119095249 ], [ 45.984312880669471, 41.928638497543218 ], [ 45.984776484425957, 41.928651472554854 ], [ 45.984876942503142, 41.928652194230516 ], [ 45.984967449477963, 41.928651065661754 ], [ 45.985083909207511, 41.928646236891929 ], [ 45.985189979423176, 41.928637482897351 ], [ 45.985287795787315, 41.928624625061339 ], [ 45.985378393321568, 41.928607519422457 ], [ 45.985444863357024, 41.928591634047365 ], [ 45.985511949194269, 41.928573209781653 ], [ 45.985579549941257, 41.928552274510146 ], [ 45.985647552743693, 41.928528862525319 ], [ 45.98571585561487, 41.928503008927279 ], [ 45.985784318241542, 41.92847476625797 ], [ 45.985852809972357, 41.928444187877481 ], [ 45.985921189455432, 41.928411337145278 ], [ 45.985989413505607, 41.928376229743691 ], [ 45.986057222368437, 41.928338993996739 ], [ 45.986124458157654, 41.928299715923544 ], [ 45.9861909559325, 41.928258493312875 ], [ 45.986256553192824, 41.928215425734152 ], [ 45.986321068408031, 41.928170630033293 ], [ 45.986446157206721, 41.928076352010116 ], [ 45.986506594559238, 41.928026951922284 ], [ 45.98656524023739, 41.927976343196043 ], [ 45.986621925192267, 41.927924669591611 ], [ 45.986676485324857, 41.927872082932943 ], [ 45.986728760196783, 41.927818737714617 ], [ 45.986778603758786, 41.927764782903822 ], [ 45.986825873649877, 41.927710371939455 ], [ 45.986870440719827, 41.927655654544239 ], [ 45.986912139337818, 41.927600839297632 ], [ 45.986950911697825, 41.927546009560743 ], [ 45.986986658619792, 41.927491303089951 ], [ 45.987019295339785, 41.927436853914976 ], [ 45.98704873834194, 41.927382798756661 ], [ 45.987074930224658, 41.927329247091265 ], [ 45.987097813669777, 41.927276313798018 ], [ 45.987117343293576, 41.927224105547459 ], [ 45.98713837199724, 41.927149520925774 ], [ 45.987151998588743, 41.927069279826647 ], [ 45.987158382237631, 41.926982518048121 ], [ 45.987157658487966, 41.926887464621501 ], [ 45.987152015628716, 41.926804174724666 ], [ 45.987141625107675, 41.92671012938937 ], [ 45.987096547740506, 41.926406865362729 ], [ 45.987082899120111, 41.926302370604397 ], [ 45.987074018002062, 41.926207179242887 ], [ 45.987070315749939, 41.92612176869774 ], [ 45.987066265164245, 41.925980901869117 ], [ 45.987050551022321, 41.925629663668168 ], [ 45.987048206835347, 41.925445045016367 ], [ 45.987051306917039, 41.925343291976375 ], [ 45.987058066543909, 41.925249311726901 ], [ 45.987068621576519, 41.925161278354508 ], [ 45.987083084695172, 41.925078287523732 ], [ 45.98710531560539, 41.924982840373936 ], [ 45.98713329974386, 41.924886330507661 ], [ 45.987167011858951, 41.924788842800226 ], [ 45.987206420822169, 41.924690472083938 ], [ 45.987251491776313, 41.924591306017142 ], [ 45.987302168686092, 41.924491466664641 ], [ 45.987358395405522, 41.924391068886209 ], [ 45.98742009792322, 41.924290242105222 ], [ 45.987487291818731, 41.924188981675528 ], [ 45.9875597957368, 41.924087572856607 ], [ 45.987637501073706, 41.923986169685584 ], [ 45.987720278949851, 41.923884940784163 ], [ 45.987808000334475, 41.923784044867773 ], [ 45.987900486303054, 41.923683689716732 ], [ 45.987997555355115, 41.923584072325568 ], [ 45.988099002112044, 41.923485405205632 ], [ 45.988206045985798, 41.923386604258319 ], [ 45.988317096367361, 41.923289241308851 ], [ 45.988431876009315, 41.923193560110505 ], [ 45.988550077675107, 41.923099814582777 ], [ 45.98867139998088, 41.923008246887093 ], [ 45.988734854334318, 41.92296267356037 ], [ 45.988795472178523, 41.922919136710469 ], [ 45.988921932879357, 41.922832744746749 ], [ 45.9890503954325, 41.922749335511519 ], [ 45.989180551830863, 41.922669111599198 ], [ 45.989311905219132, 41.92259238531247 ], [ 45.989444037274737, 41.922519399829 ], [ 45.989576527114608, 41.922450388443067 ], [ 45.989708945265747, 41.922385574617728 ], [ 45.989840879998226, 41.922325159148308 ], [ 45.9899719181984, 41.922269331135354 ], [ 45.990101660932851, 41.922218260645096 ], [ 45.990209501263706, 41.922181208604108 ], [ 45.990320952145154, 41.922149768882655 ], [ 45.99043833943216, 41.922123284637053 ], [ 45.990561202295396, 41.922101901229162 ], [ 45.990689725841847, 41.922085577415011 ], [ 45.990800168265814, 41.92207628425939 ], [ 45.990912337446069, 41.922061601830862 ], [ 45.991042783483628, 41.922055819517659 ], [ 45.991205827678428, 41.922054276075876 ], [ 45.991366915724072, 41.9220576380986 ], [ 45.991537447866122, 41.922065675646564 ], [ 45.991719021949024, 41.922078458638012 ], [ 45.991914651417879, 41.922096197861563 ], [ 45.992104441573581, 41.92211650276333 ], [ 45.992316595836343, 41.922141881152498 ], [ 45.993132556284699, 41.922249370862218 ], [ 45.993477454957642, 41.922291272552016 ], [ 45.993662657015264, 41.922310930970092 ], [ 45.993834795287874, 41.922326740146637 ], [ 45.993997147405857, 41.92233899780561 ], [ 45.994151355356998, 41.922347824870855 ], [ 45.994333564480463, 41.922354121548459 ], [ 45.994506693583475, 41.92235528174033 ], [ 45.994671902894403, 41.922351312548997 ], [ 45.994829942189064, 41.922342194002304 ], [ 45.994981624595184, 41.922327869546898 ], [ 45.995127184698561, 41.922308303850279 ], [ 45.995267001576316, 41.922283446815207 ], [ 45.995401355387948, 41.922253246497284 ], [ 45.995535608236267, 41.922216327042257 ], [ 45.995675202080662, 41.922171253334895 ], [ 45.995821527764754, 41.92211758637778 ], [ 45.995977348069943, 41.922054315051319 ], [ 45.99611286231098, 41.921995110554214 ], [ 45.996263159276175, 41.921925988308736 ], [ 45.996343602267281, 41.921887266033231 ], [ 45.996744792311304, 41.921694146363627 ], [ 45.996913829037389, 41.921614663259852 ], [ 45.997075879064752, 41.921542300887246 ], [ 45.997221981954326, 41.921481773720075 ], [ 45.997367436400872, 41.921427327880615 ], [ 45.997504221799815, 41.921382618597669 ], [ 45.99763446202796, 41.921346954651831 ], [ 45.997697505406329, 41.921332412332212 ], [ 45.997759332892151, 41.921320021423071 ], [ 45.997884235228952, 41.921300222847144 ], [ 45.998008753841582, 41.921287069869585 ], [ 45.998876099568498, 41.921380902595068 ], [ 45.99900045062585, 41.921420945928901 ], [ 45.999125328036257, 41.921467739528445 ], [ 45.99925089562236, 41.921521345913163 ], [ 45.999377291759814, 41.921581819717225 ], [ 45.999504772815371, 41.921649280295519 ], [ 45.99963357593581, 41.92172385167239 ], [ 45.999763993263528, 41.921805704226671 ], [ 45.999870207112956, 41.921876909002037 ], [ 45.999977894314767, 41.921953095928764 ], [ 46.000087291472141, 41.922034432266351 ], [ 46.000198708511029, 41.922121146780462 ], [ 46.000312348039671, 41.922213391713228 ], [ 46.000428821909978, 41.922311654389674 ], [ 46.000548680105695, 41.922416398353278 ], [ 46.00067273822409, 41.922528337015855 ], [ 46.00088975196735, 41.92273161307962 ], [ 46.001130257129695, 41.922965719870021 ], [ 46.001366914018192, 41.92320226357819 ], [ 46.001993202132638, 41.923835797210785 ], [ 46.002180224941576, 41.924021432708606 ], [ 46.002349854680318, 41.924186438725876 ], [ 46.002540710210852, 41.924367163967801 ], [ 46.002721433064501, 41.92453251748676 ], [ 46.002895242153109, 41.92468543980273 ], [ 46.003063793022939, 41.924827381864489 ], [ 46.003259341009773, 41.924983515502973 ], [ 46.003450734025023, 41.925126802025133 ], [ 46.003545246591571, 41.925193909413991 ], [ 46.003639100741374, 41.925258085415756 ], [ 46.003732392754273, 41.925319394938938 ], [ 46.003825201859314, 41.925377892232753 ], [ 46.003917720407323, 41.925433692702903 ], [ 46.004009897173908, 41.925486760771541 ], [ 46.004101792991158, 41.925537131033522 ], [ 46.004193460165681, 41.925584832753955 ], [ 46.004284955813915, 41.925629894255145 ], [ 46.004376317631383, 41.925672335923075 ], [ 46.004467586875002, 41.925712174509833 ], [ 46.004558801212525, 41.925749428600056 ], [ 46.004729684823353, 41.925814108679369 ], [ 46.004923414957986, 41.925882240728441 ], [ 46.005110705692402, 41.925944720416965 ], [ 46.005561983651063, 41.926091554382239 ], [ 46.005789045656655, 41.926168791453442 ], [ 46.006002823302339, 41.926247170327287 ], [ 46.006191986876232, 41.926323548881442 ], [ 46.006268997207535, 41.92635875188212 ], [ 46.006347893648979, 41.926399616980454 ], [ 46.006429388685049, 41.926446507198889 ], [ 46.006514799188452, 41.926500178352356 ], [ 46.006594948470919, 41.92655412433615 ], [ 46.006682838512937, 41.92661643710337 ], [ 46.007000008158272, 41.926852581852835 ], [ 46.007129906494804, 41.92694563922894 ], [ 46.007200611405253, 41.926993331462896 ], [ 46.007267139925546, 41.927035666221286 ], [ 46.007330810227657, 41.927073483973665 ], [ 46.007392303964451, 41.927107183141707 ], [ 46.007467444864467, 41.927144199456343 ], [ 46.007540680685302, 41.927175495215664 ], [ 46.007612550528201, 41.927201300765333 ], [ 46.007683414555601, 41.927221741741747 ], [ 46.007753683324744, 41.927236927126252 ], [ 46.007823483708009, 41.927246872918872 ], [ 46.007893022381062, 41.927251607928802 ], [ 46.007962457485711, 41.927251142476813 ], [ 46.00803656574837, 41.927245825512472 ], [ 46.008115517278895, 41.927236197732228 ], [ 46.008199549212435, 41.927222230924585 ], [ 46.008289118668728, 41.927203850812255 ], [ 46.008383320395119, 41.927181321121232 ], [ 46.008484913068202, 41.927154054694434 ], [ 46.008595524578148, 41.927121650827402 ], [ 46.008725773694501, 41.927081003482755 ], [ 46.008827671592336, 41.927046643151108 ], [ 46.008932159468714, 41.927007731435694 ], [ 46.009038682140741, 41.926964474957202 ], [ 46.009146645171967, 41.926917114908399 ], [ 46.009255452015019, 41.926865911416662 ], [ 46.009364450186567, 41.92681117193785 ], [ 46.009473003068827, 41.926753215499438 ], [ 46.00958047915617, 41.92669237909957 ], [ 46.009686052587256, 41.926629141050746 ], [ 46.009789350737179, 41.926563734304452 ], [ 46.009889814753478, 41.92649651323967 ], [ 46.009986931456588, 41.926427821928037 ], [ 46.010080180819919, 41.926358028820857 ], [ 46.010169188662061, 41.926287420027862 ], [ 46.010253569030418, 41.926216299776407 ], [ 46.010332992269205, 41.926144947481056 ], [ 46.010404939440662, 41.926075840527396 ], [ 46.010471732042156, 41.926006979741224 ], [ 46.010533173097585, 41.925938568613716 ], [ 46.010589099027513, 41.925870786924591 ], [ 46.010639356085349, 41.925803826075146 ], [ 46.010683854576946, 41.925737809352555 ], [ 46.010722502609802, 41.925672873572594 ], [ 46.010755227329796, 41.925609139170724 ], [ 46.01078192403709, 41.925546848451503 ], [ 46.010802627039205, 41.925485957885286 ], [ 46.010817307572403, 41.925426554192157 ], [ 46.010825947554586, 41.925368713189407 ], [ 46.010828536166528, 41.925312512430672 ], [ 46.010825073042952, 41.925258004158053 ], [ 46.01081556265531, 41.925205241470806 ], [ 46.010800010623001, 41.92515427385441 ], [ 46.010787158376921, 41.925123669881245 ], [ 46.010771107929003, 41.925092543756669 ], [ 46.010751821985188, 41.925060824655233 ], [ 46.010729246028447, 41.925028420286878 ], [ 46.010673974714443, 41.924961190465751 ], [ 46.010604169986614, 41.924889477145697 ], [ 46.010535862804062, 41.924826902241421 ], [ 46.010453723029919, 41.924757249130764 ], [ 46.010151219541818, 41.924517320913608 ], [ 46.010036723599029, 41.924422633618583 ], [ 46.009980746555854, 41.924373279725117 ], [ 46.009930924811854, 41.924326657412792 ], [ 46.009886407608683, 41.924281970781017 ], [ 46.009846784323237, 41.9242388019372 ], [ 46.009501724362053, 41.923847960924675 ], [ 46.009400232948657, 41.923729653120866 ], [ 46.009311226008911, 41.923622559519607 ], [ 46.00922297529349, 41.923511930399712 ], [ 46.009143908668896, 41.923407579172881 ], [ 46.009072886812248, 41.923308001856185 ], [ 46.009009364444729, 41.923212425984161 ], [ 46.008949497912702, 41.923114340223499 ], [ 46.008897405830929, 41.923019647365138 ], [ 46.008852882100904, 41.922927975455465 ], [ 46.008815809406066, 41.92283907605043 ], [ 46.008786078476668, 41.922752675415111 ], [ 46.008763667404359, 41.922668686383503 ], [ 46.008748542720987, 41.922586976856529 ], [ 46.008740684749171, 41.922507447937107 ], [ 46.008739333918001, 41.922451091765396 ], [ 46.008741276528795, 41.922393350258211 ], [ 46.008746511919981, 41.922334258547089 ], [ 46.008755035939835, 41.922273859899839 ], [ 46.008766844336883, 41.922212191280337 ], [ 46.008781927114022, 41.922149307715863 ], [ 46.008800270656344, 41.92208526426522 ], [ 46.008821857773832, 41.922020118720333 ], [ 46.008846699123367, 41.921953859277139 ], [ 46.008874742758749, 41.921886634098776 ], [ 46.008905958509345, 41.921818519103766 ], [ 46.00894030434501, 41.921749602923953 ], [ 46.00897774172546, 41.921679966054242 ], [ 46.009018208533625, 41.921609723421852 ], [ 46.009107965071131, 41.921467879824746 ], [ 46.009157997178669, 41.921395253677261 ], [ 46.009210831539171, 41.921322531723682 ], [ 46.00932441927511, 41.921177457651496 ], [ 46.009447627641805, 41.921034065083603 ], [ 46.009579016589193, 41.920894031979273 ], [ 46.009717232285645, 41.920758842802201 ], [ 46.009859990326703, 41.920630771982367 ], [ 46.009932403655512, 41.920570013029682 ], [ 46.010005111062455, 41.920511775104593 ], [ 46.010077814802024, 41.920456294998608 ], [ 46.010150214648256, 41.920403805022453 ], [ 46.010200185298636, 41.920370069624816 ], [ 46.010252295725572, 41.920337893341127 ], [ 46.010306569832053, 41.920307262448254 ], [ 46.010363037493391, 41.920278159567609 ], [ 46.010421725010346, 41.920250570053909 ], [ 46.010482673096455, 41.920224475532166 ], [ 46.01054592127381, 41.920199858538325 ], [ 46.01061151629942, 41.920176701544456 ], [ 46.010679423306996, 41.920155011158073 ], [ 46.01074978263572, 41.920134739305141 ], [ 46.010822662704399, 41.920115865564213 ], [ 46.010898144004017, 41.920098370307869 ], [ 46.010976294996375, 41.920082235815542 ], [ 46.011057245495842, 41.920067434819394 ], [ 46.011228070558914, 41.920041740398112 ], [ 46.011385641741072, 41.920023655097154 ], [ 46.011554164132555, 41.920009166721648 ], [ 46.011735306865837, 41.919998128117776 ], [ 46.011932298720403, 41.919990338742181 ], [ 46.012117624759313, 41.919986092400883 ], [ 46.012325934947889, 41.919983913687808 ], [ 46.013103085528215, 41.919984852444898 ], [ 46.013423913041962, 41.919982327346709 ], [ 46.013594287138325, 41.919978656422082 ], [ 46.01375232451506, 41.919973238802378 ], [ 46.013900978110414, 41.919965972806601 ], [ 46.01404172518091, 41.919956781477204 ], [ 46.01420538932009, 41.919942754529544 ], [ 46.014360193218359, 41.919925598361502 ], [ 46.014507146863068, 41.919905200508445 ], [ 46.014646897589735, 41.91988146971687 ], [ 46.014780142805904, 41.919854278259528 ], [ 46.01490708550336, 41.919823575728955 ], [ 46.015028048838197, 41.919789284534019 ], [ 46.015143270471839, 41.919751335042534 ], [ 46.015241490571647, 41.919715433468127 ], [ 46.015340663052193, 41.919676933078115 ], [ 46.015441006049919, 41.91963574998038 ], [ 46.015542798694163, 41.919591768219256 ], [ 46.015751836123826, 41.919494942295024 ], [ 46.015971977233917, 41.919384514983513 ], [ 46.016159971737707, 41.919284461898926 ], [ 46.016367486613795, 41.919169249563417 ], [ 46.017032512466677, 41.918785712353248 ], [ 46.017270485018351, 41.918651100285459 ], [ 46.017499009048201, 41.918527014655716 ], [ 46.017708864268116, 41.918419296093504 ], [ 46.017778446849441, 41.918383112085913 ], [ 46.017850755074974, 41.918342322195123 ], [ 46.017926561062474, 41.918296493556547 ], [ 46.018007387719152, 41.918244707493166 ], [ 46.018154570211131, 41.918144653617404 ], [ 46.018493640267451, 41.917905186917586 ], [ 46.018655813690337, 41.917797215878281 ], [ 46.018728731973397, 41.917752021176938 ], [ 46.0187981104405, 41.917711501663078 ], [ 46.01886487395258, 41.917675121347017 ], [ 46.018929546165928, 41.917642594578993 ], [ 46.019018876866468, 41.917602511218995 ], [ 46.019105630133794, 41.917569456032382 ], [ 46.019190426940831, 41.917543195644853 ], [ 46.019273676548885, 41.917523605738623 ], [ 46.019355836904673, 41.917510590383642 ], [ 46.01943705140075, 41.91750414110377 ], [ 46.01951754289211, 41.917504241511523 ], [ 46.019597483850823, 41.917510891878109 ], [ 46.019649379810886, 41.917519618696872 ], [ 46.019708130760783, 41.917533840809433 ], [ 46.019898904587663, 41.9175926007428 ], [ 46.019964926633079, 41.917610799415606 ], [ 46.020025920507962, 41.917623418973356 ], [ 46.020080010884513, 41.917629466440744 ], [ 46.020136203462634, 41.917630082213478 ], [ 46.020192991509923, 41.917625685875883 ], [ 46.020250442490585, 41.917616274125606 ], [ 46.020308640562178, 41.917601831803204 ], [ 46.020367638676376, 41.917582353032941 ], [ 46.020427624036628, 41.917557781209332 ], [ 46.020488757190321, 41.91752805185736 ], [ 46.020551290634963, 41.91749304384318 ], [ 46.02060928795575, 41.917456706206295 ], [ 46.020669059075281, 41.917415676523632 ], [ 46.020731081199806, 41.917369632615546 ], [ 46.02079632563423, 41.917317854318156 ], [ 46.02091061268456, 41.917220629235381 ], [ 46.021120674103123, 41.917032073393969 ], [ 46.021201084477902, 41.916962078252617 ], [ 46.021261646071196, 41.916909417257045 ], [ 46.021322622926036, 41.916853462409108 ], [ 46.021444739875236, 41.91673267781902 ], [ 46.021565201043593, 41.916601934774391 ], [ 46.02168170438167, 41.916463728789559 ], [ 46.021791917626878, 41.916320851074794 ], [ 46.021893999272891, 41.916175710201848 ], [ 46.021986204318466, 41.916030790445198 ], [ 46.022067164809975, 41.915888247586615 ], [ 46.022134320413173, 41.915753196798782 ], [ 46.02216324427237, 41.915687685275778 ], [ 46.02218896613963, 41.915623736983321 ], [ 46.022211421166595, 41.915561519123827 ], [ 46.022230570138916, 41.915501142830095 ], [ 46.022246373971321, 41.915442727339489 ], [ 46.022258805376303, 41.915386375572133 ], [ 46.02226783014958, 41.915332285979865 ], [ 46.022273461074469, 41.915280427827113 ], [ 46.02227568969279, 41.915230875044188 ], [ 46.02227451460724, 41.915183690690313 ], [ 46.02226993803685, 41.915138937792172 ], [ 46.022261964266235, 41.915096657741792 ], [ 46.022250602416307, 41.915056892788549 ], [ 46.022235862726575, 41.915019679767539 ], [ 46.022221455680288, 41.91499197570031 ], [ 46.022203979572211, 41.914965166294223 ], [ 46.022183422118751, 41.914939237246635 ], [ 46.022159772184253, 41.914914170641737 ], [ 46.022133013882012, 41.914889953109061 ], [ 46.022103127578788, 41.914866563205287 ], [ 46.022070087655869, 41.914843982242083 ], [ 46.022033866068661, 41.914822190651705 ], [ 46.02199449194196, 41.91480119988055 ], [ 46.021951869095275, 41.914780952238281 ], [ 46.021905946489596, 41.914761422956914 ], [ 46.02185666101478, 41.914742586474873 ], [ 46.021747730845334, 41.914706884418315 ], [ 46.021624226412797, 41.914673565399276 ], [ 46.021515353061439, 41.914648669689484 ], [ 46.021395611617855, 41.914624836969381 ], [ 46.021263691953934, 41.914601803254634 ], [ 46.021116944660719, 41.914579103004428 ], [ 46.020831024371475, 41.914540594934714 ], [ 46.020282039355706, 41.914474347260402 ], [ 46.020062725702253, 41.914446518104853 ], [ 46.019844086593068, 41.914415829232738 ], [ 46.019652267565981, 41.914385118830111 ], [ 46.019452604098042, 41.914347699353733 ], [ 46.01927446777804, 41.914307725085472 ], [ 46.019192483920456, 41.914286559490407 ], [ 46.019114981951518, 41.914264544358545 ], [ 46.019041785026424, 41.914241629930615 ], [ 46.018972764684555, 41.914217775924286 ], [ 46.018861436978028, 41.914175603108248 ], [ 46.018749581433553, 41.914129801585531 ], [ 46.018636963832265, 41.91408027616059 ], [ 46.018523276972999, 41.914026891754439 ], [ 46.018408326599257, 41.913969563622956 ], [ 46.018291490528888, 41.913907988352051 ], [ 46.018172216770694, 41.913841878114603 ], [ 46.018049675630031, 41.913770770112279 ], [ 46.017843617084544, 41.913644724172698 ], [ 46.017617635241123, 41.913498845266552 ], [ 46.017403733841398, 41.913355594185667 ], [ 46.016893666444645, 41.913008186913721 ], [ 46.0166318060379, 41.912835223763459 ], [ 46.016500201237172, 41.912751599438828 ], [ 46.016375386194291, 41.912674937344079 ], [ 46.01625530059664, 41.912603974991704 ], [ 46.016138830686216, 41.912538056662022 ], [ 46.016017547015409, 41.912472718506159 ], [ 46.015898633951871, 41.912412155287697 ], [ 46.01578149460029, 41.912356063366694 ], [ 46.015665704883148, 41.912304239347129 ], [ 46.015550787607395, 41.91225647579757 ], [ 46.015436565614152, 41.912212704035682 ], [ 46.01532278292342, 41.912172827254061 ], [ 46.015209236989527, 41.912136772489823 ], [ 46.015108974138137, 41.912108094613792 ], [ 46.015005454092915, 41.912081444019343 ], [ 46.014898509801228, 41.912056779843091 ], [ 46.014787920963144, 41.912034049081903 ], [ 46.014673530256438, 41.912013216188313 ], [ 46.014554922862132, 41.911994203756464 ], [ 46.014431713124651, 41.911976948531382 ], [ 46.014303349975847, 41.911961373405795 ], [ 46.014170482846488, 41.911947523964137 ], [ 46.014030915459948, 41.911935138579679 ], [ 46.013883394421867, 41.9119241049046 ], [ 46.013725577699233, 41.911914246340004 ], [ 46.013400597419384, 41.91189858839266 ], [ 46.012752510905948, 41.91187480978828 ], [ 46.012482021972133, 41.911863125085155 ], [ 46.012200909586781, 41.911846979632941 ], [ 46.011951724950634, 41.911827445710685 ], [ 46.011806618924531, 41.911813079937239 ], [ 46.011668533797476, 41.911796928246552 ], [ 46.011536485019327, 41.911778874145163 ], [ 46.011409834579744, 41.911758831405983 ], [ 46.011287890938199, 41.911736683647192 ], [ 46.011170445996541, 41.911712385881792 ], [ 46.011057173150419, 41.911685871648238 ], [ 46.010947826714123, 41.911657082777445 ], [ 46.01086668798947, 41.911633227895535 ], [ 46.010785450549733, 41.91160685736611 ], [ 46.010704081682498, 41.911577960668879 ], [ 46.010622542576442, 41.911546522833824 ], [ 46.010540800519479, 41.911512533340421 ], [ 46.010458802105411, 41.911475969240854 ], [ 46.010376501204654, 41.911436810225169 ], [ 46.010293839518134, 41.911395028884925 ], [ 46.010210870600773, 41.911350656271395 ], [ 46.0101274133647, 41.911303601208424 ], [ 46.010043394817586, 41.911253822005662 ], [ 46.009958723699029, 41.911201265424573 ], [ 46.009787064553137, 41.911087595411828 ], [ 46.009611374740864, 41.910961888961253 ], [ 46.009463710325143, 41.910849433223959 ], [ 46.009311271167732, 41.910727383945549 ], [ 46.009152578688777, 41.910594567024212 ], [ 46.00898473108316, 41.910448554519633 ], [ 46.008837882629713, 41.910316941741357 ], [ 46.008675782204492, 41.910168420362602 ], [ 46.008149089021877, 41.90967587048695 ], [ 46.007958534349513, 41.909499715092259 ], [ 46.007770065425262, 41.909329843025795 ], [ 46.00760000847184, 41.909182008682869 ], [ 46.007417538212103, 41.909030887484846 ], [ 46.007245612890763, 41.908897171624524 ], [ 46.007081138072053, 41.908778462798537 ], [ 46.00700115779356, 41.908724348839534 ], [ 46.006922442954405, 41.908673565197255 ], [ 46.006832136158557, 41.908618471685422 ], [ 46.00674314936709, 41.908567648293769 ], [ 46.006655309784598, 41.908520995665917 ], [ 46.006568477577666, 41.908478440275168 ], [ 46.00648249965284, 41.908439908710648 ], [ 46.006397293448487, 41.908405365671378 ], [ 46.006312758221249, 41.908374769710818 ], [ 46.00622880908459, 41.908348090951812 ], [ 46.006145258298275, 41.908325276100179 ], [ 46.006062144735616, 41.908306344630972 ], [ 46.005979404217911, 41.908291279994799 ], [ 46.005896978707661, 41.908280072793652 ], [ 46.005814804168047, 41.908272715483228 ], [ 46.005732841935696, 41.908269203899437 ], [ 46.005651042525592, 41.908269535774167 ], [ 46.00556936374268, 41.908273712378012 ], [ 46.005519638797345, 41.908278490853071 ], [ 46.005469234199666, 41.90828544496258 ], [ 46.005418127109344, 41.908294579408931 ], [ 46.005366288644019, 41.908305898046798 ], [ 46.005313697182757, 41.908319406468465 ], [ 46.005260313063452, 41.908335113126128 ], [ 46.005151024085386, 41.908373168328701 ], [ 46.005038242736767, 41.908420110244862 ], [ 46.004921375756084, 41.908476170123663 ], [ 46.00479988332912, 41.908541604862847 ], [ 46.004672935604908, 41.908616860332934 ], [ 46.004565976396783, 41.90868505519451 ], [ 46.00445388014284, 41.908760607401838 ], [ 46.004335502519424, 41.908844284409064 ], [ 46.004208580030145, 41.908937684860177 ], [ 46.003972147028968, 41.909119087615906 ], [ 46.003401161067792, 41.909569140122272 ], [ 46.003247353425564, 41.909686319653268 ], [ 46.003109198134709, 41.90978777981509 ], [ 46.002962898849468, 41.909890016169356 ], [ 46.002826309739447, 41.909979433015842 ], [ 46.002697097477736, 41.910057551275038 ], [ 46.00257403656623, 41.910125106708655 ], [ 46.002507966418655, 41.910158273281283 ], [ 46.002443380017333, 41.910188404227576 ], [ 46.002380169602716, 41.910215547325464 ], [ 46.002318251385489, 41.910239741136586 ], [ 46.002257531846404, 41.910261018903348 ], [ 46.002197960627605, 41.910279398179853 ], [ 46.002139480151271, 41.910294897483759 ], [ 46.00208203878266, 41.910307529876675 ], [ 46.002025528308138, 41.910317314317872 ], [ 46.001969972720836, 41.910324242493317 ], [ 46.001915335931052, 41.91032831922265 ], [ 46.001861585409223, 41.910329545691688 ], [ 46.001808686228479, 41.910327924007703 ], [ 46.001756616666931, 41.910323452560064 ], [ 46.001705351385716, 41.910316129769583 ], [ 46.001654868606238, 41.910305950423322 ], [ 46.001591679972329, 41.910289860038091 ], [ 46.001526031696656, 41.910270303694212 ], [ 46.001458065508338, 41.910247322482526 ], [ 46.001387948721835, 41.910220974383606 ], [ 46.001315835333926, 41.910191313891779 ], [ 46.001241952310494, 41.910158435395253 ], [ 46.001166520631301, 41.910122436037007 ], [ 46.001089784477443, 41.910083431672192 ], [ 46.001011774100448, 41.910041428339014 ], [ 46.000933003685368, 41.909996690851536 ], [ 46.000774414140025, 41.909899725909064 ], [ 46.000616601628231, 41.90979411748792 ], [ 46.000462393064815, 41.909681755774983 ], [ 46.000314589902437, 41.909564678903372 ], [ 46.000175921909367, 41.909445047234335 ], [ 46.000048875032441, 41.909325007052345 ], [ 45.9999903713408, 41.909265454768253 ], [ 45.999935524829773, 41.909206524488113 ], [ 45.999884685204279, 41.909148605862342 ], [ 45.999837855227653, 41.909091722289531 ], [ 45.999795192123329, 41.909036059744196 ], [ 45.999756820254568, 41.908981784672072 ], [ 45.999722861657446, 41.908929068942918 ], [ 45.99969338808242, 41.908878029923265 ], [ 45.999668473817735, 41.908828793063115 ], [ 45.999648171170705, 41.908781465990046 ], [ 45.999632605005623, 41.908734933495552 ], [ 45.999621803579856, 41.908687838932423 ], [ 45.999615759242396, 41.908640156249291 ], [ 45.999614467902447, 41.908591855760562 ], [ 45.999617930347455, 41.908542911340213 ], [ 45.999626147125667, 41.908493281552445 ], [ 45.999639124869041, 41.90844292851051 ], [ 45.99965687372746, 41.908391807991741 ], [ 45.999679372550844, 41.908339956204792 ], [ 45.999706668604901, 41.908287234933397 ], [ 45.999738793513352, 41.908233585355497 ], [ 45.999775790715923, 41.908178933234161 ], [ 45.999817697848663, 41.908123218793023 ], [ 45.999864601103269, 41.908066325990852 ], [ 45.999916590399323, 41.90800814595854 ], [ 45.999973787755309, 41.907948540725251 ], [ 46.000074958754773, 41.907851246875282 ], [ 46.000190371016458, 41.907749144518306 ], [ 46.000321276592786, 41.907641114884072 ], [ 46.000470319134017, 41.907524973285746 ], [ 46.000607093991185, 41.90742278704375 ], [ 46.000764612633304, 41.907308563470551 ], [ 46.001322967849681, 41.906914379900471 ], [ 46.001538096172432, 41.906759923561289 ], [ 46.001747093918603, 41.906604322416122 ], [ 46.001926911326855, 41.906463263687769 ], [ 46.00201956222282, 41.906386846048271 ], [ 46.002105567095988, 41.90631289111564 ], [ 46.002185401848784, 41.906240989451234 ], [ 46.002259374442673, 41.906170863676579 ], [ 46.002327800795022, 41.906102205719293 ], [ 46.00239077702556, 41.906034915676905 ], [ 46.00244844423073, 41.905968840113907 ], [ 46.002500905492425, 41.905903861952375 ], [ 46.002574993931553, 41.90580265836487 ], [ 46.002646748753577, 41.905693492498777 ], [ 46.002716848462448, 41.90557534518306 ], [ 46.002786487749582, 41.905446206506959 ], [ 46.002847418916737, 41.905323736721229 ], [ 46.002911731174358, 41.905185824262709 ], [ 46.002999109865861, 41.904985983095116 ], [ 46.003109144441922, 41.904899646785978 ], [ 46.00316024459034, 41.904857489586966 ], [ 46.003195872243701, 41.904825174931958 ], [ 46.003230174306957, 41.904790977745861 ], [ 46.00326322081758, 41.904754828066551 ], [ 46.003295099486422, 41.904716629658026 ], [ 46.003355690782307, 41.904633695520694 ], [ 46.00341311682925, 41.904540581756038 ], [ 46.003458015192017, 41.904456731819295 ], [ 46.003503867979333, 41.904361004537627 ], [ 46.003638161889114, 41.904048191114668 ], [ 46.003686819324059, 41.903940973752619 ], [ 46.003736806069085, 41.90384243167874 ], [ 46.00378692742094, 41.903756571594073 ], [ 46.003818647406739, 41.903710141427901 ], [ 46.003839905976754, 41.903679022178387 ], [ 46.003895978602834, 41.903609741727827 ], [ 46.003955929537909, 41.90354776597237 ], [ 46.004020260759482, 41.903492583441455 ], [ 46.004102448161163, 41.903432302769524 ], [ 46.004192108009377, 41.903373644537886 ], [ 46.00428915318026, 41.90331666623316 ], [ 46.004393474938134, 41.903261430933874 ], [ 46.004504980050847, 41.903207990773815 ], [ 46.004623474721235, 41.903156442898435 ], [ 46.004748764914609, 41.903106869143357 ], [ 46.004880603841066, 41.903059369818827 ], [ 46.0050196599299, 41.903013747209791 ], [ 46.005164672071338, 41.902970460861845 ], [ 46.005315193845142, 41.902929642555669 ], [ 46.00547062262013, 41.902891456964682 ], [ 46.005630538221276, 41.902856017630263 ], [ 46.005793735774866, 41.902823601685057 ], [ 46.0059591264095, 41.902794425807947 ], [ 46.00612522775458, 41.902768753363851 ], [ 46.006242623841771, 41.902754791965798 ], [ 46.006362768152101, 41.902746247289514 ], [ 46.006485913605076, 41.902743100897382 ], [ 46.006612389248815, 41.902745345391693 ], [ 46.006742413203185, 41.902752972544342 ], [ 46.006876645450404, 41.902766012582504 ], [ 46.007015687332782, 41.902784523264167 ], [ 46.007160431672816, 41.902808621032477 ], [ 46.007287301543016, 41.90283332845771 ], [ 46.007420054755947, 41.902862319033538 ], [ 46.007560026868461, 41.902895880041513 ], [ 46.007709773840539, 41.902934624894357 ], [ 46.007998223528027, 41.903015328173829 ], [ 46.008542859398865, 41.903176535882935 ], [ 46.00876346474795, 41.903240097187918 ], [ 46.008990958128834, 41.903301810617606 ], [ 46.009195765269752, 41.903352478165708 ], [ 46.009313114829688, 41.903378863001542 ], [ 46.009426132078609, 41.90340214968181 ], [ 46.009535551166366, 41.903422487579967 ], [ 46.009641855764166, 41.903439967924186 ], [ 46.009745583649142, 41.90345467245799 ], [ 46.009846900295358, 41.903466621349125 ], [ 46.009946068990686, 41.903475844712226 ], [ 46.010043286538846, 41.903482361537037 ], [ 46.010150137594415, 41.903486767930822 ], [ 46.010269531106118, 41.903489125637066 ], [ 46.010666089727529, 41.903489112422726 ], [ 46.010812706031061, 41.903490757098318 ], [ 46.010956478997883, 41.903495811325584 ], [ 46.011085701710932, 41.903504641196392 ], [ 46.011199143764138, 41.903517738551422 ], [ 46.01147958564141, 41.903559044479486 ], [ 46.011558154126732, 41.903567203193163 ], [ 46.011629038423919, 41.903571345931219 ], [ 46.011720269027066, 41.903572664997156 ], [ 46.011814161778986, 41.903570783881179 ], [ 46.011910605790895, 41.903565705355319 ], [ 46.012009457682595, 41.903557436080902 ], [ 46.012110609046005, 41.903545983311929 ], [ 46.012213802279341, 41.903531373631203 ], [ 46.012318796770963, 41.903513640677893 ], [ 46.012425276263727, 41.90349283767285 ], [ 46.01251594366142, 41.903472939568125 ], [ 46.012603614796824, 41.90345165466951 ], [ 46.012688138348395, 41.903429020345108 ], [ 46.012769405058428, 41.903405065486197 ], [ 46.012847296125919, 41.903379825372923 ], [ 46.012921758808943, 41.903353319391421 ], [ 46.012992729545545, 41.903325568824435 ], [ 46.013060155637717, 41.903296595759336 ], [ 46.013122781591029, 41.903266830089926 ], [ 46.013186157292928, 41.903233627131854 ], [ 46.013250664211789, 41.903196789874258 ], [ 46.013316948748354, 41.903155949642134 ], [ 46.013384104016041, 41.903111777326728 ], [ 46.013455424872674, 41.90306220833903 ], [ 46.013628602567124, 41.902934127051161 ], [ 46.013738019497666, 41.902846913269009 ], [ 46.013852014805657, 41.902747337837688 ], [ 46.01397314567042, 41.902633505675666 ], [ 46.014131748595098, 41.902476910229346 ], [ 46.014284211912944, 41.902318875489819 ], [ 46.014437576170508, 41.902148267385115 ], [ 46.014593649541126, 41.901963097473519 ], [ 46.014756437758372, 41.901758623458186 ], [ 46.014801150780436, 41.901698462757814 ], [ 46.01484499338504, 41.901634273844969 ], [ 46.014888408752917, 41.901565417833389 ], [ 46.014932202525983, 41.901490620364179 ], [ 46.015009544684197, 41.90134673610045 ], [ 46.015194882250448, 41.90098072116951 ], [ 46.015251237134066, 41.900878506999724 ], [ 46.015305407585444, 41.900788332415871 ], [ 46.015370533989604, 41.900690992491185 ], [ 46.015437523766494, 41.900602919223296 ], [ 46.015507618290982, 41.900522490337565 ], [ 46.015581530571851, 41.900448900630764 ], [ 46.0157270187131, 41.900312933427408 ], [ 46.015805817408364, 41.900241747461877 ], [ 46.015883878591922, 41.900175610800829 ], [ 46.015956536611476, 41.900119306738439 ], [ 46.016031264853034, 41.900067665978128 ], [ 46.016103993142067, 41.90002417408796 ], [ 46.016175616056245, 41.899988299867594 ], [ 46.016246612139838, 41.899959809413787 ], [ 46.016295563191591, 41.899944242260197 ], [ 46.016347554015852, 41.899930839502574 ], [ 46.016402615827623, 41.899919592754465 ], [ 46.016460790691021, 41.89991049353312 ], [ 46.01652210141296, 41.899903535327233 ], [ 46.016586644272913, 41.899898707371996 ], [ 46.016654509552502, 41.899896000756613 ], [ 46.016725833424623, 41.899895411567506 ], [ 46.016798608662192, 41.899896865704505 ], [ 46.016875070922097, 41.899900320849532 ], [ 46.017040705929617, 41.899913321299728 ], [ 46.017223670989381, 41.899934220849509 ], [ 46.017464074642817, 41.899967607781235 ], [ 46.017528791925336, 41.899978094492091 ], [ 46.017592936368629, 41.899990769459514 ], [ 46.017656539419391, 41.900005638710418 ], [ 46.017719636183315, 41.90002271094118 ], [ 46.017782259341004, 41.900041993968955 ], [ 46.017844454932487, 41.900063501797014 ], [ 46.01790626783535, 41.90008725114086 ], [ 46.017967748968537, 41.900113259562993 ], [ 46.018028855777303, 41.900141504023857 ], [ 46.018089743660283, 41.900172052497489 ], [ 46.018150479421536, 41.900204935915227 ], [ 46.018211139694522, 41.900240196829664 ], [ 46.018271784108634, 41.900277869838106 ], [ 46.018332536795143, 41.900318027694318 ], [ 46.018454826546638, 41.900406114510318 ], [ 46.018552923127245, 41.900483579880202 ], [ 46.018653137121582, 41.900568641517928 ], [ 46.018756542629525, 41.900662202263234 ], [ 46.018865211751354, 41.900766136021524 ], [ 46.019060247485015, 41.900963902934421 ], [ 46.019508392643928, 41.90143622524144 ], [ 46.019623850457663, 41.901552955001975 ], [ 46.019730048910411, 41.901655920926842 ], [ 46.019834371287921, 41.901752036731921 ], [ 46.019935057370866, 41.90183940864496 ], [ 46.020033509298251, 41.901919253630048 ], [ 46.020130531814189, 41.901992218427587 ], [ 46.020852034533242, 41.902523265305362 ], [ 46.021150137575191, 41.902737046535108 ], [ 46.021314090214638, 41.902850109881115 ], [ 46.021469715505404, 41.902953599132282 ], [ 46.021620019504461, 41.903049514977269 ], [ 46.021766561067786, 41.903138844206168 ], [ 46.022148111607635, 41.903369857511251 ], [ 46.022251906640292, 41.903430394952636 ], [ 46.022346142279197, 41.903482988874394 ], [ 46.022447688450718, 41.903536453413487 ], [ 46.0225447418184, 41.903583899991339 ], [ 46.022639010734302, 41.903626160030811 ], [ 46.022731400985109, 41.903663635274235 ], [ 46.022907558323126, 41.903727283340544 ], [ 46.023084929116173, 41.903783545668674 ], [ 46.023173486038331, 41.903808720086715 ], [ 46.02326171626644, 41.903831853736122 ], [ 46.023349443045717, 41.90385290135832 ], [ 46.02343650659823, 41.903871823848696 ], [ 46.023627997816092, 41.903907803469068 ], [ 46.023719433722341, 41.903922307726845 ], [ 46.023808255559317, 41.903934530415256 ], [ 46.023894651772046, 41.903944495078633 ], [ 46.023978650104887, 41.903952203276411 ], [ 46.024060321800349, 41.903957662484487 ], [ 46.024139713905768, 41.903960874990226 ], [ 46.0242265336095, 41.903961274155208 ], [ 46.024317376940481, 41.903957927516871 ], [ 46.02441318137614, 41.903950804185214 ], [ 46.024515815868718, 41.903939767683362 ], [ 46.024698983011028, 41.903913626092546 ], [ 46.025048331228739, 41.903854447763365 ], [ 46.025190333389517, 41.903832348488081 ], [ 46.025501722588984, 41.903789150456987 ], [ 46.026339689688974, 41.903677221253758 ], [ 46.026589014555206, 41.903641826279681 ], [ 46.026812356937064, 41.903608111388344 ], [ 46.027065150060309, 41.903566860659041 ], [ 46.027299397511541, 41.903524913361949 ], [ 46.027519412707846, 41.903481495166922 ], [ 46.027727342039583, 41.903436177141366 ], [ 46.027944776732525, 41.903383523282159 ], [ 46.0281509140789, 41.903327772806321 ], [ 46.028346848857957, 41.903268629558006 ], [ 46.028533302119349, 41.903205873672725 ], [ 46.028711049551688, 41.903139234351933 ], [ 46.028880335443219, 41.903068608572397 ], [ 46.029041526229058, 41.902993841775555 ], [ 46.029194899589456, 41.902914808115149 ], [ 46.029365216940413, 41.902818324158787 ], [ 46.029541436996126, 41.902710616062194 ], [ 46.029725325579768, 41.902590615984188 ], [ 46.029921189770235, 41.902455522011039 ], [ 46.030008524853393, 41.902391275879324 ], [ 46.030102661951787, 41.902316988377322 ], [ 46.030387330213387, 41.902077490563236 ], [ 46.030482171877779, 41.901999840543311 ], [ 46.030566243326817, 41.901934613627489 ], [ 46.030645553539216, 41.901877098558941 ], [ 46.030894787289, 41.901705844874186 ], [ 46.030993844927195, 41.901640931627718 ], [ 46.031086172630559, 41.901582980533945 ], [ 46.03117713871994, 41.901528755040651 ], [ 46.031265045044222, 41.901479410646161 ], [ 46.031350880948565, 41.901434393568145 ], [ 46.031435223931688, 41.901393404105896 ], [ 46.031534123930982, 41.901349694392444 ], [ 46.031640186138837, 41.901307478397442 ], [ 46.03175437120138, 41.901266369189429 ], [ 46.031878553747319, 41.9012256897092 ], [ 46.032001479746789, 41.901188593430568 ], [ 46.032140183111323, 41.901149475509982 ], [ 46.032609521307975, 41.901025396856937 ], [ 46.032734440596776, 41.900994139801789 ], [ 46.033048516455423, 41.90092171466847 ], [ 46.033135723887675, 41.900899230295572 ], [ 46.033213186791372, 41.900876985752987 ], [ 46.03338730105262, 41.900822439909803 ], [ 46.033524423756781, 41.900775415885469 ], [ 46.033645164731489, 41.900728832783891 ], [ 46.033752295596521, 41.900681492135845 ], [ 46.033850373410758, 41.900633764553255 ], [ 46.033935091351175, 41.900590026449059 ], [ 46.034011034583912, 41.900547906538996 ], [ 46.034079321200423, 41.900506763404152 ], [ 46.034141374728172, 41.900465683571156 ], [ 46.034196857756832, 41.900424825003668 ], [ 46.034246047901931, 41.900383983461403 ], [ 46.03428909268284, 41.900343036033675 ], [ 46.034315097622439, 41.90031469739715 ], [ 46.034339555312407, 41.900284610988962 ], [ 46.034362500011781, 41.900252733269483 ], [ 46.034383976581204, 41.900219005292151 ], [ 46.034422685239711, 41.900145747641908 ], [ 46.034456198451387, 41.900063865168228 ], [ 46.034483045649665, 41.899979420900031 ], [ 46.034507021223142, 41.89988318215071 ], [ 46.034526774946805, 41.899785306192875 ], [ 46.034563820736224, 41.899577994772322 ], [ 46.034574962314458, 41.899511367561125 ], [ 46.034583367691461, 41.899443123987368 ], [ 46.034589053226192, 41.89937315672492 ], [ 46.034592028698647, 41.899301324281311 ], [ 46.034592301000011, 41.899227530223278 ], [ 46.034589876525196, 41.899151497988505 ], [ 46.034584747554163, 41.899072972757665 ], [ 46.034576888866169, 41.898991586384902 ], [ 46.034554657791389, 41.898829771187032 ], [ 46.034521864094522, 41.898650416994379 ], [ 46.034480728570855, 41.898460400192654 ], [ 46.034402203487595, 41.898126206434632 ], [ 46.034370983815947, 41.898004817513133 ], [ 46.034332702330019, 41.897879023084407 ], [ 46.034286995835622, 41.897747604207787 ], [ 46.034233060300991, 41.897608244395549 ], [ 46.034179553488038, 41.897480497492786 ], [ 46.034116879342299, 41.897339176312606 ], [ 46.033880399931114, 41.89683302257766 ], [ 46.033787992634082, 41.896627451438007 ], [ 46.033741286250198, 41.896517099807255 ], [ 46.03369992234866, 41.896413522612555 ], [ 46.033663113334775, 41.896314753588783 ], [ 46.033630488477705, 41.896219782827409 ], [ 46.033592684048763, 41.896097620707351 ], [ 46.033557407915104, 41.895969193291613 ], [ 46.033524290407129, 41.895833180829584 ], [ 46.033492695198888, 41.895686977115403 ], [ 46.033441605961343, 41.895413195515118 ], [ 46.033329432894277, 41.894741710181925 ], [ 46.033294104478657, 41.894558133467605 ], [ 46.033258031683715, 41.894393500864368 ], [ 46.033213447081351, 41.894217932375476 ], [ 46.033164800661275, 41.894054499074187 ], [ 46.033111253926023, 41.893900389411613 ], [ 46.033052286570864, 41.893754134570742 ], [ 46.033014319453592, 41.893671082446318 ], [ 46.032968476763358, 41.89357924669455 ], [ 46.032810665277538, 41.893286138981516 ], [ 46.032756919861839, 41.893182527739448 ], [ 46.032709862619193, 41.893084169357039 ], [ 46.032671503090178, 41.892994064808001 ], [ 46.032642812087737, 41.892917033849542 ], [ 46.032614342113625, 41.89283112031336 ], [ 46.032516378777139, 41.892494835433453 ], [ 46.032469806924176, 41.89235246325407 ], [ 46.032438884566496, 41.892273369954729 ], [ 46.032345436001712, 41.892054448130224 ], [ 46.032321064503073, 41.891986529026696 ], [ 46.032303456105822, 41.891925015010159 ], [ 46.032285624746997, 41.891846433540749 ], [ 46.032271532982826, 41.891771393199626 ], [ 46.032261082154221, 41.891699382395352 ], [ 46.032254237867797, 41.891630137542592 ], [ 46.032250977131227, 41.891563354423113 ], [ 46.032251306845183, 41.891499013160598 ], [ 46.032255226565425, 41.891437011983669 ], [ 46.032262742469165, 41.891377285988419 ], [ 46.032281899448073, 41.891287723398285 ], [ 46.032312272037629, 41.891190339451072 ], [ 46.032354229713633, 41.89108315565143 ], [ 46.032415277759178, 41.890946970719938 ], [ 46.032446587600148, 41.890884229698777 ], [ 46.032482238763471, 41.89082153609764 ], [ 46.032522308605181, 41.890758754116767 ], [ 46.032566911189591, 41.890695707095603 ], [ 46.032616113401332, 41.890632282744598 ], [ 46.032670183108465, 41.890568124686425 ], [ 46.032729385257127, 41.890502919800987 ], [ 46.03279414614623, 41.890436194998081 ], [ 46.032909780004815, 41.890325694933068 ], [ 46.033045984227584, 41.890205004172877 ], [ 46.033179614045466, 41.890092440623157 ], [ 46.033492187130093, 41.889835160286012 ], [ 46.033636166764154, 41.889712405660951 ], [ 46.033755614420464, 41.889604617443744 ], [ 46.033859079918443, 41.889504167533183 ], [ 46.033966868759755, 41.889392657124979 ], [ 46.034082482744083, 41.889268460489028 ], [ 46.03458421736147, 41.888707100344845 ], [ 46.034705623719546, 41.888575177192088 ], [ 46.034816936927619, 41.888458471587853 ], [ 46.034950003581265, 41.888325547828494 ], [ 46.035078924816347, 41.888204514073067 ], [ 46.035206317741562, 41.888092920342388 ], [ 46.035333549381583, 41.887989578944584 ], [ 46.035413924937806, 41.887923295493081 ], [ 46.035437347570834, 41.887906533611122 ], [ 46.035459557479264, 41.887893121436889 ], [ 46.035487105203188, 41.887879820542445 ], [ 46.035517835909516, 41.887868217518623 ], [ 46.035552037063113, 41.887858199888953 ], [ 46.035590304880778, 41.887849592047061 ], [ 46.035667567405717, 41.887837531498477 ], [ 46.035841041534354, 41.887818190286325 ], [ 46.035929545027486, 41.887808373499709 ], [ 46.036029218845393, 41.887801422664175 ], [ 46.036382729005915, 41.887789471838104 ], [ 46.036765591267653, 41.887775204994369 ], [ 46.037162880463242, 41.887766331266576 ], [ 46.037577277578954, 41.887762790253198 ], [ 46.038013333375559, 41.887764539731073 ], [ 46.038464923554024, 41.887771350227531 ], [ 46.038954787037362, 41.887783380594477 ], [ 46.039495583290908, 41.887800834578798 ], [ 46.040178388214031, 41.887826643175003 ], [ 46.040249960163607, 41.887828073562609 ], [ 46.040327696959743, 41.887826950501179 ], [ 46.040412428946944, 41.887823266454937 ], [ 46.040505865298194, 41.887816948278292 ], [ 46.040682041709331, 41.887800742016758 ], [ 46.04109905159762, 41.887755905910019 ], [ 46.041292861626424, 41.887739767605133 ], [ 46.041376841445185, 41.887735275464287 ], [ 46.041454114661839, 41.887733076844277 ], [ 46.041525715017386, 41.887733144369001 ], [ 46.041592201829317, 41.887735480181014 ], [ 46.041678545313829, 41.887742711990732 ], [ 46.041756247540128, 41.88775460292856 ], [ 46.041825858315939, 41.887771237189767 ], [ 46.041887705594782, 41.887792694674864 ], [ 46.041942113326257, 41.887819105755717 ], [ 46.041966548244687, 41.88783418368201 ], [ 46.041989159522394, 41.887850523775008 ], [ 46.042009964236492, 41.887868138490205 ], [ 46.042028970954597, 41.887887035856807 ], [ 46.042046189478576, 41.887907225694093 ], [ 46.04206163084455, 41.887928719611395 ], [ 46.042087950071206, 41.887973998722387 ], [ 46.04211289453815, 41.888027688131338 ], [ 46.042136749724428, 41.888090295026018 ], [ 46.04216116329772, 41.88816611775178 ], [ 46.042172128692755, 41.888208261359196 ], [ 46.042179946760847, 41.888251431470216 ], [ 46.042184637125203, 41.888295723378135 ], [ 46.042186212660894, 41.888341262159315 ], [ 46.04218468185131, 41.888388125194339 ], [ 46.042180044143258, 41.888436575483077 ], [ 46.042172276836197, 41.888486848305526 ], [ 46.042161324386804, 41.888539308935556 ], [ 46.042137164192695, 41.88862821066536 ], [ 46.0421036564844, 41.888727720623578 ], [ 46.04206766247389, 41.88882214094307 ], [ 46.041980175492085, 41.88903989672108 ], [ 46.041942080669678, 41.889142727581977 ], [ 46.041913603482165, 41.88923155044116 ], [ 46.041892767694101, 41.88931240420159 ], [ 46.041821715737214, 41.889613006350402 ], [ 46.041734169804627, 41.889948091529192 ], [ 46.041643594258645, 41.890273111225476 ], [ 46.041410817886643, 41.891084963252382 ], [ 46.041347814373893, 41.891313535006852 ], [ 46.041293458258323, 41.891519413443142 ], [ 46.041237523719531, 41.891744203963917 ], [ 46.04118908934413, 41.891954921065178 ], [ 46.041147299598165, 41.89215528866837 ], [ 46.04111175692519, 41.892347245920263 ], [ 46.041074960208121, 41.89258290949828 ], [ 46.041047606314329, 41.892809352878203 ], [ 46.041029506264621, 41.893028144941923 ], [ 46.041020579175132, 41.893240311386954 ], [ 46.04102079534006, 41.893446986425239 ], [ 46.041030172515256, 41.893648515752254 ], [ 46.041048740136233, 41.893845444903526 ], [ 46.041061480661675, 41.893942315928662 ], [ 46.041076535142381, 41.894038187846824 ], [ 46.041126471480702, 41.894346597235653 ], [ 46.041158666802303, 41.894510092514267 ], [ 46.041178187739419, 41.894589928965864 ], [ 46.041199427950168, 41.894663990958705 ], [ 46.041222747746211, 41.894733532555854 ], [ 46.041248367323355, 41.894799196637045 ], [ 46.041296771828854, 41.894904209580602 ], [ 46.041354692132991, 41.895011352744888 ], [ 46.04142236443527, 41.895121063498493 ], [ 46.041500222236564, 41.8952340512201 ], [ 46.041587872526108, 41.895349939372259 ], [ 46.041687367983698, 41.895471601351808 ], [ 46.04180043892827, 41.895601210048795 ], [ 46.041933550616207, 41.895746188595638 ], [ 46.042098410410254, 41.895929487740723 ], [ 46.042178950072284, 41.896011845986941 ], [ 46.042223157688071, 41.896052022481101 ], [ 46.042266724810965, 41.896087650099943 ], [ 46.042310434536383, 41.896119367513933 ], [ 46.04235471373957, 41.896147479776637 ], [ 46.042443404760853, 41.896195692516571 ], [ 46.042539052364944, 41.89623980073511 ], [ 46.042638918801025, 41.896278540420255 ], [ 46.042740114350359, 41.896310792154878 ], [ 46.042791691826459, 41.896323929235734 ], [ 46.042846850119794, 41.896335020782452 ], [ 46.042906158938955, 41.896344185006839 ], [ 46.042970777272046, 41.896351601415951 ], [ 46.043086560587653, 41.896360208438495 ], [ 46.043316416100275, 41.896370423288552 ], [ 46.043410983505311, 41.896376188405362 ], [ 46.043575937952674, 41.896387240150517 ], [ 46.04374838419686, 41.896395970992216 ], [ 46.043929989658523, 41.896402469314182 ], [ 46.044123943515466, 41.896406849279415 ], [ 46.044515460813841, 41.896409780503092 ], [ 46.045261425651809, 41.89640701836759 ], [ 46.045453823504474, 41.896405054246024 ], [ 46.045667639648627, 41.896399410078011 ], [ 46.046429985451894, 41.896367534744421 ], [ 46.0467360021944, 41.896358177882654 ], [ 46.046899051236572, 41.896355942978957 ], [ 46.047051365215886, 41.896356210512735 ], [ 46.047195835029633, 41.896358986586151 ], [ 46.04733393554703, 41.896364303710357 ], [ 46.047476374470683, 41.896368649802902 ], [ 46.047642641711981, 41.896368819887797 ], [ 46.047810605676396, 41.896365781386137 ], [ 46.04826257524725, 41.89635384649015 ], [ 46.048511892316284, 41.896352078137781 ], [ 46.048638525641138, 41.896354484772559 ], [ 46.0487542080431, 41.89635953116732 ], [ 46.048860897471904, 41.896367303947812 ], [ 46.048959558341934, 41.89637787719024 ], [ 46.049071970598483, 41.896395021168047 ], [ 46.049173973503756, 41.896416734658366 ], [ 46.049266175570288, 41.896443148129009 ], [ 46.049308719692199, 41.896458151746117 ], [ 46.049348946256906, 41.896474369909775 ], [ 46.049386931819278, 41.896491839750695 ], [ 46.04942265214072, 41.896510553386676 ], [ 46.049456129108769, 41.896530522328405 ], [ 46.049487382200205, 41.896551758108501 ], [ 46.049516428510358, 41.896574274082511 ], [ 46.049543280224619, 41.89659807824669 ], [ 46.049567949587136, 41.896623182199342 ], [ 46.049590445181614, 41.89664959487002 ], [ 46.049626173565848, 41.896702139199384 ], [ 46.049659052861749, 41.89676620746863 ], [ 46.049686105260776, 41.896831701610395 ], [ 46.049748716212505, 41.897000518452792 ], [ 46.049768496317327, 41.897046676001303 ], [ 46.049788329465237, 41.897086943603902 ], [ 46.049835801880036, 41.897170738992216 ], [ 46.049890299275724, 41.897256541660113 ], [ 46.049952373780442, 41.897345232804412 ], [ 46.050023201898838, 41.897438497608626 ], [ 46.050089138389886, 41.897520146175779 ], [ 46.050165080424939, 41.897610082093514 ], [ 46.05043262034831, 41.897914248717051 ], [ 46.050533739867234, 41.898032225063488 ], [ 46.050631508652643, 41.898152938478205 ], [ 46.050714096812314, 41.898263667231831 ], [ 46.050748659518611, 41.898316176826704 ], [ 46.050822065198687, 41.898440855280711 ], [ 46.050857077337795, 41.898495398034648 ], [ 46.050898995955386, 41.898550154973115 ], [ 46.050942808378096, 41.898595197090863 ], [ 46.050981837999956, 41.898627711471327 ], [ 46.05102614729865, 41.898659673138809 ], [ 46.051075888796667, 41.898691193274303 ], [ 46.051131353668524, 41.898722457444457 ], [ 46.051192001770183, 41.898753240916015 ], [ 46.051259551998399, 41.898784486252325 ], [ 46.051335152840643, 41.898816756649857 ], [ 46.051425485298715, 41.898852909974714 ], [ 46.051478111928596, 41.89887200674859 ], [ 46.05153298440564, 41.89888903932016 ], [ 46.051590223927384, 41.898904047106285 ], [ 46.051649992688354, 41.898917070048554 ], [ 46.051712393657475, 41.898928138723235 ], [ 46.051777770261872, 41.898937317530269 ], [ 46.051846446361928, 41.898944653935125 ], [ 46.051918917068107, 41.898950199237483 ], [ 46.052043492683531, 41.898955453548616 ], [ 46.052184750832019, 41.898956533383036 ], [ 46.052320759341555, 41.898954413353167 ], [ 46.052645207052159, 41.898945939092144 ], [ 46.052805887285388, 41.898944644286402 ], [ 46.052953941572106, 41.898948102566891 ], [ 46.053085822320469, 41.898956845487277 ], [ 46.053727808889718, 41.899022778562482 ], [ 46.05389702903161, 41.899035905480908 ], [ 46.054085662335929, 41.899044791935637 ], [ 46.054285289417976, 41.899049742103593 ], [ 46.054846900134812, 41.899057705977263 ], [ 46.055019133025915, 41.899063715323429 ], [ 46.055172402556281, 41.899072571851768 ], [ 46.055347559187069, 41.899088258511938 ], [ 46.055429676505582, 41.899098157720474 ], [ 46.055508753050425, 41.899109496165572 ], [ 46.05558522391383, 41.899122340105599 ], [ 46.055659219724191, 41.899136715364776 ], [ 46.055730947314878, 41.899152663278109 ], [ 46.055800562760354, 41.899170217540714 ], [ 46.055985324504306, 41.899222932246644 ], [ 46.056159501618332, 41.899279292635754 ], [ 46.056322581399378, 41.899339131445615 ], [ 46.056474223012323, 41.899402323064137 ], [ 46.056595893115137, 41.899459120848761 ], [ 46.056717251240848, 41.899521185765764 ], [ 46.05683780014428, 41.899588263000773 ], [ 46.056956927845036, 41.89966001233379 ], [ 46.057113526003171, 41.899759182302532 ], [ 46.057217873557342, 41.899830895404897 ], [ 46.057263966995507, 41.899865681623645 ], [ 46.057305484355311, 41.899899529135553 ], [ 46.057342951117064, 41.899932868128325 ], [ 46.057376637689096, 41.899965940196203 ], [ 46.057411641328414, 41.900004891379098 ], [ 46.057444845822182, 41.900047393331775 ], [ 46.057476590945903, 41.900093872544026 ], [ 46.057507479566418, 41.900145210620316 ], [ 46.057558557282526, 41.900243634176853 ], [ 46.057672319707265, 41.900487480011009 ], [ 46.057773417861576, 41.900693018193756 ], [ 46.057808438484898, 41.900771377712765 ], [ 46.057837682488199, 41.900843409223327 ], [ 46.05786583530022, 41.900927698027886 ], [ 46.057889221405006, 41.901021559781569 ], [ 46.057909148598021, 41.901129872150428 ], [ 46.057942192156588, 41.901359090582233 ], [ 46.057958963212606, 41.901457830021471 ], [ 46.057982291994044, 41.901560978135386 ], [ 46.058010521015042, 41.901652041896554 ], [ 46.058088381124591, 41.901859654648696 ], [ 46.058122443096366, 41.901940932037078 ], [ 46.058156347584536, 41.902014783979141 ], [ 46.058191975235268, 41.902085002057156 ], [ 46.058228859639456, 41.902150354855401 ], [ 46.058267383364445, 41.902211523352484 ], [ 46.058307791371725, 41.902268886270519 ], [ 46.058402143416046, 41.902397799763065 ], [ 46.058451045520798, 41.902461606048981 ], [ 46.058501572727494, 41.902521972102193 ], [ 46.058549991963005, 41.902573248237722 ], [ 46.058601736503256, 41.902620373151443 ], [ 46.05865390443158, 41.902659843887498 ], [ 46.058707135424534, 41.902692141807279 ], [ 46.058761780111475, 41.902717474432045 ], [ 46.058805785833158, 41.902732697896852 ], [ 46.058854595630009, 41.902745493883216 ], [ 46.05890861034252, 41.902755970370912 ], [ 46.058968659706416, 41.902764289926012 ], [ 46.059028225229561, 41.902770031705124 ], [ 46.059096071949, 41.902774448747934 ], [ 46.059337049680558, 41.902783658818997 ], [ 46.059436387763036, 41.902787311371661 ], [ 46.059535393658543, 41.902788809810573 ], [ 46.059633658536733, 41.902788147101496 ], [ 46.059730824389163, 41.902785327451177 ], [ 46.059826506792426, 41.902780361616045 ], [ 46.059920457656617, 41.902773266300535 ], [ 46.060012402402691, 41.902764060255763 ], [ 46.060102106320848, 41.902752767269455 ], [ 46.060216088630639, 41.902734535582248 ], [ 46.060333031335716, 41.902711171474145 ], [ 46.06045317352531, 41.902682626794025 ], [ 46.060576889873893, 41.902648814309273 ], [ 46.060704161550305, 41.902609763904202 ], [ 46.060836265218533, 41.902565108909961 ], [ 46.060974267938484, 41.902514493594651 ], [ 46.061120651436468, 41.902457009648607 ], [ 46.061181887799719, 41.902430205546452 ], [ 46.061243952545254, 41.902398971489411 ], [ 46.061307465072517, 41.90236300002816 ], [ 46.061373610242057, 41.902321621821677 ], [ 46.061493728142786, 41.90223825999422 ], [ 46.061700838631062, 41.902083225763562 ], [ 46.061779257523369, 41.902026277518516 ], [ 46.061859223150748, 41.901971953864823 ], [ 46.061932931837006, 41.901926521746717 ], [ 46.062015468404077, 41.901882070716027 ], [ 46.062095721510396, 41.901846134020602 ], [ 46.062175138058343, 41.901818066013703 ], [ 46.062254514068869, 41.901797593636715 ], [ 46.062308752411205, 41.901787175528199 ], [ 46.062365827456958, 41.90177813618606 ], [ 46.062487859951304, 41.901764290559441 ], [ 46.062619147158124, 41.901756225189203 ], [ 46.062757441826129, 41.901754082433015 ], [ 46.062901258082348, 41.901757970589905 ], [ 46.063045390426254, 41.9017678306531 ], [ 46.06318526574934, 41.901783352805289 ], [ 46.063315404310615, 41.901803935725461 ], [ 46.063393229157896, 41.90182107519437 ], [ 46.063468892152777, 41.901843284662711 ], [ 46.0635423630264, 41.901870555408344 ], [ 46.063613611448964, 41.901902875107019 ], [ 46.063682610750639, 41.901940234102533 ], [ 46.063749318365851, 41.90198260937585 ], [ 46.06381370140096, 41.902029979619606 ], [ 46.063875720799473, 41.902082315477479 ], [ 46.063935392659396, 41.902139642022661 ], [ 46.063992614238302, 41.902201870144175 ], [ 46.064047340134522, 41.902268951630298 ], [ 46.06409952478046, 41.902340828363528 ], [ 46.064149125077641, 41.902417445805987 ], [ 46.064196079186722, 41.902498709964128 ], [ 46.064240333704603, 41.902584526766169 ], [ 46.064281826429543, 41.902674780605807 ], [ 46.064321628714296, 41.902772276133305 ], [ 46.064358364689689, 41.902874166492481 ], [ 46.064391962333723, 41.90298025330673 ], [ 46.064422342772367, 41.903090288726283 ], [ 46.064449445869144, 41.9032040643567 ], [ 46.064473167119829, 41.903321168664398 ], [ 46.064493428926411, 41.9034412132835 ], [ 46.064510149737025, 41.903563717116015 ], [ 46.064523370641744, 41.903689412923647 ], [ 46.064532832136614, 41.903816397306556 ], [ 46.064538477241122, 41.903943926844768 ], [ 46.064540268113525, 41.904071103926881 ], [ 46.06453818344162, 41.904197155079707 ], [ 46.064532234799024, 41.904320746311349 ], [ 46.064522479580631, 41.904440689112498 ], [ 46.064509023748464, 41.904555670231559 ], [ 46.064495159513186, 41.904632861440497 ], [ 46.064474187154516, 41.904712836750214 ], [ 46.064445934541844, 41.90479626784699 ], [ 46.064410000694046, 41.904884348220577 ], [ 46.064367323846994, 41.904975497506612 ], [ 46.064315196494341, 41.905076057155412 ], [ 46.064256624337716, 41.905181457242854 ], [ 46.064085133736036, 41.905480446984321 ], [ 46.064034906917584, 41.905573675489933 ], [ 46.063992791822109, 41.90565768976191 ], [ 46.063948997863612, 41.905754818839483 ], [ 46.063913720846358, 41.905846077709832 ], [ 46.063886278972888, 41.905933243404689 ], [ 46.063866396604013, 41.906017212843572 ], [ 46.063851501332948, 41.906106075315307 ], [ 46.063839598520758, 41.906205757661439 ], [ 46.063814899776929, 41.90653273676039 ], [ 46.063803259814698, 41.90665050920768 ], [ 46.063782110909294, 41.906791397937255 ], [ 46.063727918846496, 41.90707609293807 ], [ 46.063707822408773, 41.907196875370566 ], [ 46.063693265257641, 41.907323925542656 ], [ 46.063688730888735, 41.907437964632201 ], [ 46.063691091385749, 41.907659455744842 ], [ 46.063695290746523, 41.907738028621367 ], [ 46.063702038279096, 41.907808715091349 ], [ 46.063712165155017, 41.907877350964156 ], [ 46.063725561735573, 41.907941108268275 ], [ 46.063742400702786, 41.908000801404718 ], [ 46.063762807381494, 41.908056861529843 ], [ 46.063790168887159, 41.908116057275585 ], [ 46.063824434924491, 41.908176665231565 ], [ 46.063865909962537, 41.90823923017426 ], [ 46.063915274356837, 41.908304786959427 ], [ 46.063966635828692, 41.90836673156673 ], [ 46.064027347875708, 41.908434925672019 ], [ 46.064251543525792, 41.908671915636141 ], [ 46.064346722335493, 41.908770618025194 ], [ 46.064457140889829, 41.90887760656522 ], [ 46.064576328376617, 41.908987598468016 ], [ 46.064802499394837, 41.909191070613332 ], [ 46.064952726350342, 41.909323340398565 ], [ 46.065339997565538, 41.909651074153409 ], [ 46.065514534104622, 41.90980404816024 ], [ 46.065746485306441, 41.910014256670621 ], [ 46.065902691929239, 41.910159428433559 ], [ 46.066041081898547, 41.910293375604539 ], [ 46.066162788339014, 41.910417613451983 ], [ 46.066262746986709, 41.910527873078244 ], [ 46.066472194969563, 41.910772178331769 ], [ 46.066559271933194, 41.910867497341052 ], [ 46.066665445322194, 41.910972760536978 ], [ 46.066783889019582, 41.911078604040839 ], [ 46.066915835832418, 41.911186140387272 ], [ 46.067063890844324, 41.911297500607269 ], [ 46.067196696047461, 41.911391438534302 ], [ 46.067348371299296, 41.911494012984541 ], [ 46.067846725302473, 41.911817446829907 ], [ 46.068019924032889, 41.911932202525755 ], [ 46.068179712360298, 41.912042750525735 ], [ 46.068319661784152, 41.912145384125481 ], [ 46.068445087231531, 41.91224400334945 ], [ 46.068558118513806, 41.912340298784336 ], [ 46.068660261347624, 41.912435556110061 ], [ 46.068752321773367, 41.912530535218238 ], [ 46.068805287665434, 41.912590227217208 ], [ 46.068856694957027, 41.912652183557178 ], [ 46.068906632211679, 41.912716508793302 ], [ 46.0689552041772, 41.912783337952376 ], [ 46.069002487271639, 41.912852770298194 ], [ 46.069048664346823, 41.912925068924771 ], [ 46.069093892622249, 41.913000478250524 ], [ 46.069138381743272, 41.91307934938429 ], [ 46.069223830858938, 41.913244529713978 ], [ 46.069310564121501, 41.913430628527763 ], [ 46.069395600390187, 41.913628734504307 ], [ 46.069557611796739, 41.914025272621863 ], [ 46.069627295653184, 41.914191090337539 ], [ 46.069703982153456, 41.914363117684736 ], [ 46.069777600972188, 41.914515406705227 ], [ 46.069823568954433, 41.914603722533244 ], [ 46.069869969015045, 41.914687649887561 ], [ 46.069917129320814, 41.914767777445498 ], [ 46.069965272086208, 41.914844486817877 ], [ 46.07001466467851, 41.914918191618263 ], [ 46.070065397138777, 41.914989012595505 ], [ 46.070117606587303, 41.91505714571511 ], [ 46.0701714051444, 41.915122734036231 ], [ 46.070255151568283, 41.91521750746633 ], [ 46.070351957803112, 41.915319724655745 ], [ 46.070462078639835, 41.915430122639592 ], [ 46.070790819637686, 41.915751535453282 ], [ 46.070890826600817, 41.915854756285846 ], [ 46.070976826890686, 41.915949053316659 ], [ 46.071087283934496, 41.91608122917637 ], [ 46.071139515728085, 41.916138176274927 ], [ 46.071201205186867, 41.916194687456688 ], [ 46.071276590019956, 41.91625337381771 ], [ 46.071354368072576, 41.916307484046492 ], [ 46.071554601747231, 41.916439754790495 ], [ 46.071609147546695, 41.916478492091954 ], [ 46.071656298995876, 41.916514635123981 ], [ 46.071738731753896, 41.916583986789156 ], [ 46.071922164760245, 41.916747335254072 ], [ 46.072012389638346, 41.916821101973284 ], [ 46.072149669243224, 41.916924609538398 ], [ 46.072260531966712, 41.91700290461538 ], [ 46.072364521901783, 41.917069776724048 ], [ 46.072464184722541, 41.917126673787948 ], [ 46.072656846904735, 41.917227419862144 ], [ 46.072728200865377, 41.917261209870816 ], [ 46.072794063567805, 41.917289401286865 ], [ 46.072859569824558, 41.917313947411643 ], [ 46.072922364509814, 41.917333695789921 ], [ 46.07298317371427, 41.917348872011651 ], [ 46.073042390951123, 41.917359572375958 ], [ 46.073109835382013, 41.917368220662986 ], [ 46.073175103865417, 41.917374317857259 ], [ 46.073237289341606, 41.917377778772334 ], [ 46.073295923552578, 41.917378581671279 ], [ 46.07335049524329, 41.917376729537651 ], [ 46.073400967287242, 41.917372238035618 ], [ 46.073447172297982, 41.917365121344815 ], [ 46.073489003250721, 41.917355397583613 ], [ 46.073543903216617, 41.917336368456411 ], [ 46.073599091160425, 41.917309773747206 ], [ 46.073654141169385, 41.917275816484718 ], [ 46.073708405067123, 41.91723489271736 ], [ 46.073761677010602, 41.917187025086371 ], [ 46.073812127700236, 41.917133726701934 ], [ 46.073858311184267, 41.917076502588522 ], [ 46.073898122145614, 41.917017951039433 ], [ 46.073918369380372, 41.916979787927744 ], [ 46.073934195232084, 41.916938065318931 ], [ 46.073945765114871, 41.916892363760091 ], [ 46.073953305603254, 41.916841811993748 ], [ 46.073956528778403, 41.916798149247491 ], [ 46.073957564457892, 41.916748947172003 ], [ 46.073952352331844, 41.916566399194771 ], [ 46.073953134747491, 41.916493174311256 ], [ 46.073957097333412, 41.916359698675492 ], [ 46.073956829425271, 41.916220667690958 ], [ 46.073952329484435, 41.916075124867824 ], [ 46.073943546865323, 41.915921342307016 ], [ 46.07392941527381, 41.915778861752088 ], [ 46.073885196131883, 41.915465113370516 ], [ 46.073869759709062, 41.915326280075895 ], [ 46.073861578187469, 41.91520200208371 ], [ 46.073857282823418, 41.915064757826443 ], [ 46.073856494183254, 41.914918384974222 ], [ 46.073859467511824, 41.914500685561087 ], [ 46.073857110047292, 41.914370636572201 ], [ 46.073851784786648, 41.914254094659078 ], [ 46.073840246600156, 41.914092062522485 ], [ 46.073824589166783, 41.913914696389121 ], [ 46.073774407391952, 41.913444595379566 ], [ 46.073733220384767, 41.913073687590256 ], [ 46.073717388692508, 41.912955526331565 ], [ 46.07370062513823, 41.91284953273518 ], [ 46.073686108744653, 41.912772716720518 ], [ 46.073668511671478, 41.912693101428111 ], [ 46.073623334570662, 41.912522270868507 ], [ 46.073564929567738, 41.91233428204243 ], [ 46.07343393955594, 41.911947810824401 ], [ 46.073380557851017, 41.911781704272244 ], [ 46.073330703142382, 41.911605942031983 ], [ 46.073294287912184, 41.911447355880249 ], [ 46.073253166800107, 41.911232995084127 ], [ 46.073223806336763, 41.911059904419552 ], [ 46.073201907897648, 41.910902682136431 ], [ 46.073187019051232, 41.910757285788122 ], [ 46.073159354441948, 41.910490844379517 ], [ 46.073152281948403, 41.910366779229868 ], [ 46.073152945443383, 41.910303527531909 ], [ 46.073157173427639, 41.910244898948612 ], [ 46.073165045818264, 41.910189834453014 ], [ 46.073176641682984, 41.910137800112615 ], [ 46.073193925539854, 41.910081691143141 ], [ 46.073216408779928, 41.910023723238211 ], [ 46.073244229990152, 41.909963533032517 ], [ 46.073277688180092, 41.909900472852009 ], [ 46.073315801970239, 41.909835989324705 ], [ 46.073360690578475, 41.909766168165348 ], [ 46.073486432584325, 41.909586811634178 ], [ 46.073529460859504, 41.909530331317427 ], [ 46.073577935608583, 41.909473000269692 ], [ 46.073632329618896, 41.909414252049046 ], [ 46.073693619867747, 41.909353028238073 ], [ 46.073818618055896, 41.909238309918678 ], [ 46.074062953149436, 41.909027990175105 ], [ 46.074159255392949, 41.908942501653229 ], [ 46.074254216495632, 41.908852332238773 ], [ 46.074334067579869, 41.908768660110162 ], [ 46.074452428041511, 41.908636953636083 ], [ 46.074521851725869, 41.908552432353623 ], [ 46.074563753528317, 41.90849458957328 ], [ 46.074603922633166, 41.908432864920663 ], [ 46.074642717602359, 41.9083667110406 ], [ 46.074680762162004, 41.908295071922474 ], [ 46.074715555359518, 41.9082235370783 ], [ 46.074751904797942, 41.908143073785865 ], [ 46.07486152077481, 41.907882009822217 ], [ 46.07494389638569, 41.907689351308107 ], [ 46.074987085722945, 41.907579238891437 ], [ 46.075021360133881, 41.907474886809297 ], [ 46.075044501989382, 41.907379864449169 ], [ 46.07505986770871, 41.907281362672322 ], [ 46.07506891654333, 41.907174945558403 ], [ 46.075071838339213, 41.907058847830761 ], [ 46.075068802702376, 41.906926864127357 ], [ 46.07506296384058, 41.90684898884129 ], [ 46.075051852298756, 41.9067678673917 ], [ 46.075035353431723, 41.906682629908147 ], [ 46.075013136850643, 41.906591548404982 ], [ 46.074963811658925, 41.906426012407174 ], [ 46.074841405914547, 41.906060400675358 ], [ 46.074796451092936, 41.905904719275092 ], [ 46.074747983123693, 41.905723301832523 ], [ 46.074629294967679, 41.905298254417055 ], [ 46.074575209746946, 41.905089742530137 ], [ 46.07454693621181, 41.904968693948675 ], [ 46.074523281544387, 41.904855475741101 ], [ 46.07450377617635, 41.904747827134123 ], [ 46.074488217688462, 41.904644607081323 ], [ 46.074474969820614, 41.904536314476253 ], [ 46.074463879474727, 41.904424317060034 ], [ 46.074447944797619, 41.904186771816974 ], [ 46.074439943129512, 41.903926491610534 ], [ 46.074439144580474, 41.903620371316563 ], [ 46.074442286285162, 41.90330563620649 ], [ 46.074449804772385, 41.903097845572773 ], [ 46.074464832663786, 41.902908872499907 ], [ 46.074475406444748, 41.902821684684909 ], [ 46.074488149659551, 41.902738197212337 ], [ 46.074505773949106, 41.902650298538546 ], [ 46.074530336862757, 41.902554369449383 ], [ 46.074563203226923, 41.902444952649148 ], [ 46.074638591667039, 41.902215283715989 ], [ 46.074669474274792, 41.90211570449344 ], [ 46.074698066703803, 41.902010263554011 ], [ 46.074718473685216, 41.901915357740044 ], [ 46.074734327843117, 41.901806120825576 ], [ 46.074742921901056, 41.901691279474818 ], [ 46.074744358610388, 41.901569625836359 ], [ 46.074738668611445, 41.901438743139295 ], [ 46.07472890172, 41.901324992317271 ], [ 46.074714055190512, 41.901197909659217 ], [ 46.074654557496885, 41.900788067739001 ], [ 46.074635677706453, 41.90064382010538 ], [ 46.074621931284241, 41.900507765507164 ], [ 46.074614462117992, 41.900384999111445 ], [ 46.07461299078799, 41.900270938249655 ], [ 46.074617496575186, 41.900163558421404 ], [ 46.074628041143676, 41.900061434197205 ], [ 46.074644714614095, 41.899963758636936 ], [ 46.074731236178067, 41.89953921922217 ], [ 46.074761755684904, 41.89940440931003 ], [ 46.074791996613541, 41.899283546993843 ], [ 46.07482587665443, 41.899162737066945 ], [ 46.074861314276852, 41.899051208313274 ], [ 46.074898750395256, 41.898947575884542 ], [ 46.074938435276863, 41.898851163738698 ], [ 46.074983022749372, 41.898756606984215 ], [ 46.075030527535219, 41.898669167875823 ], [ 46.075081098094458, 41.89858856941661 ], [ 46.075134846053651, 41.898514638530521 ], [ 46.075191907056585, 41.89844719651213 ], [ 46.075252328583048, 41.898386198779463 ], [ 46.075316184163732, 41.89833157258559 ], [ 46.075383532024041, 41.898283266942343 ], [ 46.075434916852053, 41.898252533239365 ], [ 46.075490786659898, 41.898224556773101 ], [ 46.075551268187127, 41.898199275104652 ], [ 46.075616533810695, 41.898176615459434 ], [ 46.075686698444827, 41.89815652901752 ], [ 46.075762136284602, 41.898138900581699 ], [ 46.075843209970778, 41.898123644783283 ], [ 46.075930478297202, 41.898110655499792 ], [ 46.07600744011188, 41.898101590559556 ], [ 46.076089753521963, 41.898093906571944 ], [ 46.076274660402333, 41.898082315762473 ], [ 46.076462473259504, 41.898075792475908 ], [ 46.076969158185761, 41.898064424062277 ], [ 46.077117700775773, 41.898058181560494 ], [ 46.077249381162503, 41.898049830990509 ], [ 46.077392858584879, 41.898036519496173 ], [ 46.077523440075836, 41.898019314574981 ], [ 46.077643426645068, 41.897997910065435 ], [ 46.07775394315761, 41.89797209819686 ], [ 46.078178072645549, 41.897861762322236 ], [ 46.078304611758313, 41.897825515677248 ], [ 46.07841605331329, 41.897790304148316 ], [ 46.078527054031255, 41.897750895949024 ], [ 46.078627797213016, 41.897710077186289 ], [ 46.078719860946826, 41.897667206198669 ], [ 46.078804033383832, 41.897621909031237 ], [ 46.078869501175006, 41.897582214958391 ], [ 46.078937474474387, 41.897537539142732 ], [ 46.079009080316929, 41.897487159463338 ], [ 46.079087842921915, 41.897428601090063 ], [ 46.079258254752119, 41.897296743457396 ], [ 46.079318592015589, 41.897246498320484 ], [ 46.079370963354918, 41.897199700124162 ], [ 46.079418900265011, 41.897152944490792 ], [ 46.079460684124179, 41.897107616593928 ], [ 46.079496801491416, 41.89706318677819 ], [ 46.079527494464763, 41.897019355553176 ], [ 46.079558545852741, 41.896965958585525 ], [ 46.07958577150491, 41.896908302305583 ], [ 46.079609270419702, 41.896846180433442 ], [ 46.07962918343231, 41.896779222374235 ], [ 46.079645474818854, 41.896707883301559 ], [ 46.079658667373138, 41.896630278612356 ], [ 46.079669027653708, 41.896545056604232 ], [ 46.079677315676847, 41.896446023460165 ], [ 46.079679923601837, 41.896383572913678 ], [ 46.079679238340383, 41.896318702621024 ], [ 46.07967525672418, 41.896251152319508 ], [ 46.079667954821502, 41.896180502523585 ], [ 46.079657393214099, 41.896106913881951 ], [ 46.079643379531596, 41.896028769706376 ], [ 46.07960350157957, 41.895850964185776 ], [ 46.079584151744413, 41.89578000073989 ], [ 46.079560516585474, 41.895706396298088 ], [ 46.079532373122198, 41.895629436024137 ], [ 46.079499218496814, 41.895547748424995 ], [ 46.079426190849858, 41.895386202556473 ], [ 46.07927136083137, 41.89506769106481 ], [ 46.079168250637757, 41.894849648897576 ], [ 46.079106306906517, 41.894724575568766 ], [ 46.079044425435114, 41.894609272941203 ], [ 46.078983922845659, 41.894507553771263 ], [ 46.078932251380607, 41.894431028773731 ], [ 46.078874284489039, 41.894355682429747 ], [ 46.078809916127099, 41.894281372520162 ], [ 46.078738992715678, 41.894207925747892 ], [ 46.078661414647584, 41.894135224148542 ], [ 46.078576846200605, 41.894062943920424 ], [ 46.078484962009554, 41.89399080349353 ], [ 46.07838525882039, 41.893918408581591 ], [ 46.078288894883123, 41.89385303263672 ], [ 46.078184993079162, 41.893786557423546 ], [ 46.078072571233427, 41.89371835176938 ], [ 46.077949713619716, 41.893647250158267 ], [ 46.077700839097965, 41.893510744079741 ], [ 46.077213948762505, 41.893254766292756 ], [ 46.077017129634449, 41.893148994650225 ], [ 46.076817620820201, 41.893036560444592 ], [ 46.076645029234818, 41.89293240821992 ], [ 46.076547983201081, 41.892869862580355 ], [ 46.076457627667267, 41.892808261081477 ], [ 46.076373332214509, 41.892747175527582 ], [ 46.07629470142848, 41.892686317822552 ], [ 46.076221318668118, 41.892625355934626 ], [ 46.076153064007116, 41.892564183818543 ], [ 46.076089753789731, 41.89250263297869 ], [ 46.076031250795083, 41.892440572311251 ], [ 46.075963714330186, 41.892362270784353 ], [ 46.075899099509179, 41.892280638197512 ], [ 46.075837290576594, 41.892195528831472 ], [ 46.07577814691718, 41.8921067521661 ], [ 46.07572157468185, 41.892014174885247 ], [ 46.075667334900658, 41.891917420050682 ], [ 46.075615232476991, 41.891816139133802 ], [ 46.075565005719589, 41.891709822109362 ], [ 46.075519294691993, 41.891604876810618 ], [ 46.075474619532891, 41.891494127802808 ], [ 46.075430561677422, 41.891376551346617 ], [ 46.075386395497524, 41.891250207897897 ], [ 46.075303802584386, 41.890992923330955 ], [ 46.075151193126374, 41.890481645249238 ], [ 46.075085051545891, 41.890268897523775 ], [ 46.075010620349275, 41.890048704090788 ], [ 46.074936953775207, 41.889853809472505 ], [ 46.074889955689343, 41.889741187842972 ], [ 46.074841635804503, 41.889634193320269 ], [ 46.074791659786179, 41.889532080578448 ], [ 46.074739790585745, 41.88943437087827 ], [ 46.074685742240405, 41.88934054360638 ], [ 46.074629416929589, 41.889250443859993 ], [ 46.074570663501312, 41.889163827168424 ], [ 46.074509355979572, 41.889080512772232 ], [ 46.074452460251727, 41.889009067477808 ], [ 46.074389673254636, 41.888935558907576 ], [ 46.074320351871911, 41.888859226601262 ], [ 46.07424315512575, 41.888778592488386 ], [ 46.074094102748475, 41.888631331750048 ], [ 46.073726635333628, 41.888281271084175 ], [ 46.073631393757438, 41.888186390105098 ], [ 46.073548493205699, 41.888099815804004 ], [ 46.073465484063469, 41.888007606082581 ], [ 46.073392096497003, 41.887919448526603 ], [ 46.073327120001174, 41.887833885481804 ], [ 46.073269956592988, 41.887750119156884 ], [ 46.073228831281753, 41.887682686913088 ], [ 46.073190645060166, 41.887612902563298 ], [ 46.073155329530131, 41.887540640656177 ], [ 46.073122802373781, 41.887465736240905 ], [ 46.07309300863038, 41.887388074547964 ], [ 46.073065819989715, 41.887307335240301 ], [ 46.07304113498661, 41.887223217544339 ], [ 46.073018825853154, 41.887135289434617 ], [ 46.073000191082414, 41.887050127158759 ], [ 46.072983326023184, 41.886960586411142 ], [ 46.07295416651349, 41.886764284672765 ], [ 46.072931758048739, 41.88655962199357 ], [ 46.072896444074338, 41.886157564460483 ], [ 46.072879875149013, 41.885991117441435 ], [ 46.072858290254722, 41.885818570225375 ], [ 46.072833378699187, 41.885665174347196 ], [ 46.072815694853638, 41.885576220331551 ], [ 46.072796162355253, 41.885491385221925 ], [ 46.072774643583124, 41.885410079465451 ], [ 46.072751035684782, 41.885331918536373 ], [ 46.07272520753363, 41.885256484848171 ], [ 46.072697110011063, 41.885183651864132 ], [ 46.072666663885926, 41.885113222176003 ], [ 46.072633806391977, 41.885045045956815 ], [ 46.072590848517372, 41.884967779065775 ], [ 46.072538986302966, 41.884887639335865 ], [ 46.072477738236941, 41.88480386748595 ], [ 46.07240603734121, 41.884715000874053 ], [ 46.072336215383785, 41.884634549618987 ], [ 46.072254837550169, 41.884545599447719 ], [ 46.071960604241852, 41.884239059114172 ], [ 46.07184988980395, 41.884119880497572 ], [ 46.071744510160556, 41.883997594213199 ], [ 46.07170009391632, 41.883941493662384 ], [ 46.071660418378535, 41.883887793262836 ], [ 46.071617556975063, 41.883824258467968 ], [ 46.071581004175073, 41.883763115502106 ], [ 46.071550504489046, 41.883703934435033 ], [ 46.07152590969406, 41.883646429341816 ], [ 46.071507097584075, 41.883590284331611 ], [ 46.07149404473612, 41.883535396949817 ], [ 46.071486712379489, 41.883481611744728 ], [ 46.071485086432425, 41.883428808159422 ], [ 46.071489337920738, 41.88337467168364 ], [ 46.071499581903083, 41.883319741643746 ], [ 46.071515842813554, 41.883263894418668 ], [ 46.071538166114479, 41.883206966560756 ], [ 46.071566580199558, 41.883148855125413 ], [ 46.071601235085609, 41.883089234467747 ], [ 46.071642296979782, 41.883027810314005 ], [ 46.071690059855008, 41.88296414489119 ], [ 46.071733773553561, 41.882910751527739 ], [ 46.071782503711162, 41.882855069563753 ], [ 46.071897583977567, 41.882733948086482 ], [ 46.072017634433671, 41.882616516963459 ], [ 46.072334918068059, 41.882315907183994 ], [ 46.072422634133964, 41.88222888060092 ], [ 46.072498272057217, 41.882149978198825 ], [ 46.072576069295373, 41.882063061249134 ], [ 46.072643252031035, 41.88198083500199 ], [ 46.072700974094872, 41.881901880953535 ], [ 46.072749767973868, 41.881825462801288 ], [ 46.072913540965253, 41.881541072554022 ], [ 46.072976708839846, 41.881424310578566 ], [ 46.073032286118156, 41.881315619229539 ], [ 46.073082646285322, 41.881210122638635 ], [ 46.073127095667623, 41.881109002667067 ], [ 46.07316607890079, 41.881011243716294 ], [ 46.073199835387442, 41.880916241908331 ], [ 46.073246239659575, 41.880764087976395 ], [ 46.07329010034573, 41.880593690446261 ], [ 46.073312417715961, 41.880492123366814 ], [ 46.073333314341482, 41.880380849550882 ], [ 46.073377373580293, 41.880092440077576 ], [ 46.073401666745141, 41.879892558281341 ], [ 46.073420934754743, 41.879670749845047 ], [ 46.073435414329978, 41.879434603387928 ], [ 46.073455075588093, 41.879019352920608 ], [ 46.073463686774495, 41.878741286544134 ], [ 46.07347018393353, 41.87810289959075 ], [ 46.073475116581065, 41.877945926409829 ], [ 46.073482559004837, 41.877803754766248 ], [ 46.073514432124995, 41.87745630583013 ], [ 46.073522206007709, 41.877314864218143 ], [ 46.073522958754523, 41.877203448080053 ], [ 46.073520312946989, 41.877085978794291 ], [ 46.073514240738447, 41.87696093539116 ], [ 46.073504571507215, 41.876824746512142 ], [ 46.073496141154138, 41.876740327290648 ], [ 46.073484195161981, 41.87665257693471 ], [ 46.073468624793307, 41.876560685857683 ], [ 46.073449176970385, 41.876463140598176 ], [ 46.073403375306746, 41.876267637263645 ], [ 46.073303143051483, 41.875885776401333 ], [ 46.073263874133872, 41.875726798900168 ], [ 46.073228285949781, 41.875560267296848 ], [ 46.073203363163195, 41.875410233528292 ], [ 46.073193916638651, 41.875353779621456 ], [ 46.073168218949505, 41.87522534301592 ], [ 46.073159225354928, 41.875166785412283 ], [ 46.073154804096212, 41.875099163077145 ], [ 46.073158888557963, 41.875038897175521 ], [ 46.07317359169447, 41.874963613357259 ], [ 46.073194752488277, 41.874895580816229 ], [ 46.073212185703412, 41.874856131611757 ], [ 46.073236020381977, 41.874813227955421 ], [ 46.073325059165533, 41.874679890249169 ], [ 46.07339992905284, 41.874566551871453 ], [ 46.073449989901768, 41.874495716454952 ], [ 46.07349983493976, 41.874432514402031 ], [ 46.073549569182759, 41.874377531066926 ], [ 46.073594529180816, 41.874331354053119 ], [ 46.07362488351788, 41.874305335448135 ], [ 46.073664418233378, 41.874280763039891 ], [ 46.073714363162942, 41.874258468346042 ], [ 46.073767691476789, 41.874240034685464 ], [ 46.073890995381902, 41.874202760325069 ], [ 46.073987770584473, 41.874174772158653 ], [ 46.07409889172007, 41.8741495651932 ], [ 46.074205843077479, 41.874129675947309 ], [ 46.074449594605966, 41.874088846907313 ], [ 46.074558309250072, 41.874067834813552 ], [ 46.074703098930492, 41.874034880786695 ], [ 46.074852999034114, 41.873996380159376 ], [ 46.075009413507992, 41.873951978415121 ], [ 46.075174989307584, 41.873900924805177 ], [ 46.075329259331745, 41.8738502587357 ], [ 46.075499661304868, 41.873791609156015 ], [ 46.076117368087878, 41.87356954821621 ], [ 46.076370240429092, 41.873481643527022 ], [ 46.076506694811286, 41.873436624336733 ], [ 46.076634642363622, 41.873396481704077 ], [ 46.076756558602611, 41.8733604421883 ], [ 46.076873713444527, 41.873328131830917 ], [ 46.077014508233894, 41.873292685977113 ], [ 46.07715069401241, 41.873262293605499 ], [ 46.077283228917949, 41.873236743994148 ], [ 46.077412746000299, 41.873215915029917 ], [ 46.077539953310463, 41.873199701906145 ], [ 46.077665071066249, 41.873188084550442 ], [ 46.077788449458737, 41.873181032662849 ], [ 46.077910353359151, 41.873178530252581 ], [ 46.078008889392876, 41.873179866869634 ], [ 46.078312268018848, 41.87318905504857 ], [ 46.07844811848625, 41.873191953916361 ], [ 46.078849738846749, 41.873206107488961 ], [ 46.078975104558943, 41.873206881383616 ], [ 46.07908632008499, 41.873203979180424 ], [ 46.07920751457597, 41.873195482702727 ], [ 46.079318450981077, 41.873181293011804 ], [ 46.079370761284657, 41.873171976586192 ], [ 46.079421137316544, 41.873161148081884 ], [ 46.079469707540454, 41.873148779273741 ], [ 46.079516567949383, 41.873134845844248 ], [ 46.07957319808574, 41.873114416793172 ], [ 46.079694723270087, 41.873064581388931 ], [ 46.07974465143522, 41.873046912769816 ], [ 46.079787334012664, 41.873034782922886 ], [ 46.079835199347812, 41.873023859857383 ], [ 46.0798935294887, 41.87301308694714 ], [ 46.080076013982818, 41.872983341917937 ], [ 46.080133277596701, 41.872970924388206 ], [ 46.080183134860036, 41.872957000326593 ], [ 46.080243362794626, 41.872936921688414 ], [ 46.080301729859571, 41.87291546989173 ], [ 46.08035779647706, 41.87289280398997 ], [ 46.080411216761831, 41.872869065043076 ], [ 46.080490854683191, 41.872828045036947 ], [ 46.080573995387816, 41.872777426909934 ], [ 46.080660908725903, 41.872717637733999 ], [ 46.08078966709936, 41.872622435754174 ], [ 46.080898250510423, 41.872537550653391 ], [ 46.081008289733461, 41.872443178507673 ], [ 46.081121394766441, 41.872337967562231 ], [ 46.08124197215426, 41.872217829611145 ], [ 46.08132350376453, 41.872130596778213 ], [ 46.081403725617577, 41.872037450718494 ], [ 46.081483239395062, 41.871937699458179 ], [ 46.081563054067374, 41.871830078863454 ], [ 46.081641083598278, 41.871717870805583 ], [ 46.081723180112739, 41.871593101478965 ], [ 46.081810483700821, 41.8714544253423 ], [ 46.081933517744169, 41.871253340183451 ], [ 46.081999284792758, 41.871142556978903 ], [ 46.082068029124166, 41.871021123187852 ], [ 46.082233278153737, 41.870712539521868 ], [ 46.082278516168671, 41.870623576488747 ], [ 46.082321687804139, 41.870533133297911 ], [ 46.082362811659443, 41.870441169246178 ], [ 46.082401910970901, 41.870347632778483 ], [ 46.082439004322779, 41.870252482290859 ], [ 46.082474117072437, 41.870155649095253 ], [ 46.082507275827666, 41.870057067193713 ], [ 46.082538503445114, 41.869956662517446 ], [ 46.082595194805698, 41.869750348541338 ], [ 46.082644513674744, 41.869535608022026 ], [ 46.082686693776822, 41.869311435418645 ], [ 46.082722029490178, 41.869076277910054 ], [ 46.082745608844633, 41.868878584696809 ], [ 46.082765190669463, 41.868670865983034 ], [ 46.082780983547835, 41.868450985215922 ], [ 46.08279329659392, 41.868214694624932 ], [ 46.08280095128422, 41.868007040607196 ], [ 46.082806890062656, 41.867775324257089 ], [ 46.082818601723098, 41.867006974931485 ], [ 46.082824604436148, 41.866723574799593 ], [ 46.082834039749855, 41.866445087865628 ], [ 46.082846928117846, 41.866195076363454 ], [ 46.082866203592005, 41.86593541969215 ], [ 46.082890960616382, 41.865693214037918 ], [ 46.082921610228823, 41.865464473660928 ], [ 46.082958444349337, 41.865247079230528 ], [ 46.083004629973374, 41.865026856751491 ], [ 46.08303054260525, 41.864920413457661 ], [ 46.083058380185498, 41.864816230697251 ], [ 46.083088178917308, 41.864714169424381 ], [ 46.083119965149393, 41.864614149229453 ], [ 46.083153766268119, 41.864516079785652 ], [ 46.083189609857392, 41.864419882472788 ], [ 46.083227560607519, 41.864325392756875 ], [ 46.083267609452072, 41.864232644946924 ], [ 46.083309781915382, 41.864141581157135 ], [ 46.083354101234022, 41.864052150728554 ], [ 46.083400593023669, 41.863964301178221 ], [ 46.083449277150208, 41.863877996289347 ], [ 46.083500175843405, 41.863793197120657 ], [ 46.08355330901496, 41.863709870156598 ], [ 46.083610910513997, 41.863625447220024 ], [ 46.083673178610489, 41.86354046863682 ], [ 46.083740246326151, 41.863454750307987 ], [ 46.083812300009455, 41.863368055391419 ], [ 46.083889456344828, 41.863280231463868 ], [ 46.083972130102495, 41.863190798145361 ], [ 46.084060716419629, 41.863099325676856 ], [ 46.084155836960633, 41.863005171401753 ], [ 46.084324359088228, 41.862846285436184 ], [ 46.0845191254638, 41.862671547262721 ], [ 46.0847108743029, 41.862505248619712 ], [ 46.085184170679589, 41.862101070384526 ], [ 46.085425545025629, 41.861888756481854 ], [ 46.085544202427272, 41.861780378558038 ], [ 46.085653027690988, 41.861677613670444 ], [ 46.085753848292114, 41.86157873239452 ], [ 46.085847604089665, 41.861482810783421 ], [ 46.085943291113551, 41.861379991510937 ], [ 46.086031931326332, 41.861279199559078 ], [ 46.086113989292969, 41.861179904558817 ], [ 46.086189773211501, 41.861081734334284 ], [ 46.086259594142618, 41.860984272547753 ], [ 46.086323553184172, 41.860887368742432 ], [ 46.086381796004211, 41.860790800885731 ], [ 46.086434426930026, 41.860694395971237 ], [ 46.086528266567427, 41.860508557245858 ], [ 46.086602762795614, 41.860350355710928 ], [ 46.086664989828186, 41.860204736404995 ], [ 46.086716280809213, 41.860068384874275 ], [ 46.086769063390626, 41.859908213573213 ], [ 46.0868108278259, 41.859762061880758 ], [ 46.086842987687696, 41.859624963642958 ], [ 46.086865958224131, 41.859495040642308 ], [ 46.08688256011672, 41.859358075218886 ], [ 46.086891937810471, 41.859224798859714 ], [ 46.086894070477712, 41.859095544111341 ], [ 46.086888952688668, 41.858970556908901 ], [ 46.086881691270463, 41.858889160848591 ], [ 46.086871488402615, 41.858807659325784 ], [ 46.086858373052792, 41.858726268226526 ], [ 46.086842379067647, 41.858645206993231 ], [ 46.086823552293531, 41.858564692252479 ], [ 46.086801937158064, 41.858484928034784 ], [ 46.086777591292908, 41.85840611554346 ], [ 46.086750573411493, 41.85832844876613 ], [ 46.086706893595533, 41.858220901369926 ], [ 46.086651648470429, 41.858104695356296 ], [ 46.086584006022662, 41.857977434688934 ], [ 46.086486728719272, 41.857806678132825 ], [ 46.086389583930512, 41.85764307876876 ], [ 46.086300709126391, 41.857503182411456 ], [ 46.086213756173329, 41.857377017449835 ], [ 46.086126872679209, 41.857261984958697 ], [ 46.086079546964896, 41.857204578823648 ], [ 46.086027490599911, 41.857145769125765 ], [ 46.085970149585521, 41.857084925223354 ], [ 46.085906370719933, 41.857020820490469 ], [ 46.085785351031063, 41.856905897048946 ], [ 46.085504415093347, 41.856648971280734 ], [ 46.085381351550573, 41.856530293809421 ], [ 46.085200511775724, 41.856342663670922 ], [ 46.084848275778398, 41.855959992648955 ], [ 46.084697084029159, 41.855800094303973 ], [ 46.084532622488872, 41.855635890667251 ], [ 46.084454466045379, 41.855562394479158 ], [ 46.084377674029859, 41.855493349081272 ], [ 46.084224027566265, 41.855361802996754 ], [ 46.084062741694723, 41.855230274774982 ], [ 46.083893861621902, 41.855098799083208 ], [ 46.083717437447831, 41.854967415044563 ], [ 46.083533515612416, 41.854836159113539 ], [ 46.083342170532177, 41.854705083691684 ], [ 46.083143475372196, 41.854574238489313 ], [ 46.082937516682527, 41.854443681195725 ], [ 46.08279213130843, 41.854356470985579 ], [ 46.082640148955534, 41.854271664526671 ], [ 46.082481265619137, 41.854189093530728 ], [ 46.082315082661339, 41.85410855006819 ], [ 46.082141333922401, 41.854029895209912 ], [ 46.081959191322717, 41.853952744030188 ], [ 46.08176788560754, 41.853876770486508 ], [ 46.081566257326458, 41.853801512599816 ], [ 46.08138433541172, 41.853737238932418 ], [ 46.081192288845642, 41.853672561322213 ], [ 46.080988238486974, 41.853606844419026 ], [ 46.080768548158218, 41.853538915477834 ], [ 46.080339727252216, 41.853412391531648 ], [ 46.079527406254421, 41.853181502562713 ], [ 46.079201115032902, 41.853087038164261 ], [ 46.078866874296125, 41.852986433777978 ], [ 46.078569858127622, 41.852892078044675 ], [ 46.078400386398059, 41.85283549512765 ], [ 46.078238818294032, 41.852779309706349 ], [ 46.078084071669217, 41.852723143783116 ], [ 46.077935436247991, 41.852666740155335 ], [ 46.077792139620243, 41.852609799867217 ], [ 46.077653945193589, 41.852552223382887 ], [ 46.07752048416657, 41.852493857464118 ], [ 46.077391481044124, 41.852434581319841 ], [ 46.077221441050405, 41.852352255367343 ], [ 46.077046304162231, 41.852263085017384 ], [ 46.076864228536031, 41.8521661373074 ], [ 46.076671623693343, 41.852059504015465 ], [ 46.07632156645824, 41.851857505865709 ], [ 46.07550092828572, 41.85137080589444 ], [ 46.075284304680821, 41.8512463150809 ], [ 46.075086508912733, 41.851136259213277 ], [ 46.074883447049125, 41.851027781631316 ], [ 46.074689267002462, 41.850929049612205 ], [ 46.074500982269036, 41.850838547391298 ], [ 46.074316935160347, 41.850755482601791 ], [ 46.074106285460502, 41.850665369074832 ], [ 46.073877615744422, 41.85057097793996 ], [ 46.073625382036489, 41.850469981339884 ], [ 46.073324685445456, 41.850352401798027 ], [ 46.072951209453031, 41.850211079697388 ], [ 46.072561098188956, 41.850070272005539 ], [ 46.072152035727669, 41.849929140931586 ], [ 46.071720201981748, 41.849786365508088 ], [ 46.071268617963419, 41.849642790950419 ], [ 46.070780658728317, 41.84949298786038 ], [ 46.070244426309664, 41.849333245996313 ], [ 46.069607398480073, 41.849147904789319 ], [ 46.068918904250943, 41.848950569248714 ], [ 46.068423774756312, 41.848813556551889 ], [ 46.068192558730253, 41.848752091015214 ], [ 46.067972946930936, 41.848695614911357 ], [ 46.067762101145739, 41.848643398129767 ], [ 46.06755839810377, 41.84859504149869 ], [ 46.067306340297904, 41.848537908300763 ], [ 46.067047795402132, 41.848481959761422 ], [ 46.066782248424772, 41.84842708533435 ], [ 46.066509016410706, 41.848373142702158 ], [ 46.066227684759134, 41.848320045591798 ], [ 46.065936782781776, 41.848267510371748 ], [ 46.065634980257713, 41.848215297123645 ], [ 46.065320210225487, 41.848163048453408 ], [ 46.065210893626222, 41.848146344388056 ], [ 46.065096132082772, 41.848130931843549 ], [ 46.064974845036467, 41.8481166632059 ], [ 46.064844973411311, 41.848103294549453 ], [ 46.064587104261371, 41.848081037385569 ], [ 46.064090310574763, 41.848044635588643 ], [ 46.06388749013265, 41.848028399375387 ], [ 46.063677758765074, 41.848008508831718 ], [ 46.063491060163194, 41.847986784308397 ], [ 46.063382900149094, 41.847971935786674 ], [ 46.063279614710858, 41.84795589727679 ], [ 46.063180484059458, 41.847938556566419 ], [ 46.063085038239599, 41.847919830651193 ], [ 46.062992762360984, 41.847899614423824 ], [ 46.06290350040365, 41.847877869706316 ], [ 46.062817008024005, 41.847854534819056 ], [ 46.062733098928327, 41.847829561955145 ], [ 46.062598639364396, 41.847784924900829 ], [ 46.062304751770668, 41.847680478857434 ], [ 46.062063101666588, 41.847598897150682 ], [ 46.061815256246327, 41.847517923424256 ], [ 46.061560682644796, 41.847437384230062 ], [ 46.061298679743139, 41.847357056330679 ], [ 46.061028801954365, 41.847276798783348 ], [ 46.060749583293806, 41.847196171133255 ], [ 46.060459688742981, 41.847114784839604 ], [ 46.060157078018449, 41.847032068714235 ], [ 46.05963940564326, 41.846895036064211 ], [ 46.059060094802831, 41.846746858029213 ], [ 46.058504020447685, 41.846608047870319 ], [ 46.05716404741456, 41.846277346020585 ], [ 46.05648079405892, 41.846105171112917 ], [ 46.055824427600072, 41.845933736591185 ], [ 46.055522760332025, 41.845852169510302 ], [ 46.055234258569385, 41.845772157722656 ], [ 46.054878286576056, 41.845669512245649 ], [ 46.054487965782172, 41.845551902010897 ], [ 46.054065608233508, 41.845420432189513 ], [ 46.0528432340436, 41.845033954656216 ], [ 46.052458191250153, 41.844916160309474 ], [ 46.052111717502626, 41.844814017224863 ], [ 46.051708349750541, 41.844701177110338 ], [ 46.051516428323097, 41.844650227900296 ], [ 46.051329608898158, 41.844602548847384 ], [ 46.0511468560967, 41.844557879250715 ], [ 46.050967855517946, 41.844516146350315 ], [ 46.050792104149743, 41.844477234075768 ], [ 46.050619222371189, 41.84444105854945 ], [ 46.050222483651822, 41.844363227515089 ], [ 46.04982282457042, 41.844290236806792 ], [ 46.049420716237996, 41.84422217395845 ], [ 46.049016633226287, 41.844159117471996 ], [ 46.048611052452173, 41.844101142231885 ], [ 46.048204432616274, 41.844048314288685 ], [ 46.047797233487721, 41.844000691583588 ], [ 46.047389908766881, 41.84395832941771 ], [ 46.046983030190717, 41.843921282923105 ], [ 46.046576906465233, 41.843889579914666 ], [ 46.046171965583007, 41.843863250727658 ], [ 46.045768619864852, 41.843842324945449 ], [ 46.045367291119206, 41.843826823063964 ], [ 46.044968349251278, 41.843816758851794 ], [ 46.044572173728326, 41.843812141492208 ], [ 46.044179124690928, 41.843812976746442 ], [ 46.043269501398512, 41.843820556965142 ], [ 46.042755344884995, 41.843827251979313 ], [ 46.042267183365361, 41.843837768125915 ], [ 46.041826169282558, 41.843852335373498 ], [ 46.041390245154105, 41.843872912712328 ], [ 46.041183101125178, 41.843885271062717 ], [ 46.04098220278734, 41.843899064846873 ], [ 46.040786837895745, 41.843914345585887 ], [ 46.040596768274995, 41.843931133479501 ], [ 46.040411640323391, 41.843949461479596 ], [ 46.040231182217234, 41.843969354588971 ], [ 46.040046394456233, 41.843991967031606 ], [ 46.039866274033095, 41.844016363486155 ], [ 46.039690623835604, 41.844042570977876 ], [ 46.039519287655388, 41.844070613458051 ], [ 46.039352096080279, 41.84410051769796 ], [ 46.039188959067971, 41.844132302543997 ], [ 46.039029769730355, 41.844165987894598 ], [ 46.038874439230099, 41.844201592583246 ], [ 46.038722773199709, 41.844239164317933 ], [ 46.038574820878992, 41.84427869456178 ], [ 46.038430518693609, 41.844320200116123 ], [ 46.03828981268974, 41.844363696793913 ], [ 46.038152646519826, 41.844409201329839 ], [ 46.038018983047955, 41.844456726681656 ], [ 46.037888782773649, 41.844506288529999 ], [ 46.037762009737072, 41.844557898019602 ], [ 46.037646948464655, 41.844608785493001 ], [ 46.03753251285513, 41.844664338097829 ], [ 46.03741849610406, 41.844724654976844 ], [ 46.037304643784516, 41.844789869927645 ], [ 46.037190775570295, 41.844860080951356 ], [ 46.037076422574209, 41.844935567888307 ], [ 46.03696117002805, 41.845016605584959 ], [ 46.03684443664298, 41.845103600086482 ], [ 46.036732934132502, 41.845191110171335 ], [ 46.03661865421244, 41.845284996773835 ], [ 46.036500536397995, 41.84538612779928 ], [ 46.036376628501095, 41.845496171788575 ], [ 46.036131247812676, 41.845723474314006 ], [ 46.035654207700787, 41.84618050295326 ], [ 46.03545303820367, 41.84636967336742 ], [ 46.035239094890805, 41.84656291073 ], [ 46.035042262747965, 41.846730616977013 ], [ 46.034924303484885, 41.846825609544574 ], [ 46.034808721093434, 41.846914286660862 ], [ 46.0346947160307, 41.846997261690483 ], [ 46.03458175136074, 41.847074924963849 ], [ 46.034469216949098, 41.84714768458133 ], [ 46.034356920771465, 41.847215657560106 ], [ 46.034244558618134, 41.847279025874727 ], [ 46.034131892969093, 41.847337924062934 ], [ 46.033986853010212, 41.847408198216577 ], [ 46.033835929115796, 41.847476274368141 ], [ 46.033678807946096, 41.847542293117947 ], [ 46.033515077891423, 41.847606426570792 ], [ 46.03334446976568, 41.847668789704841 ], [ 46.03316612626292, 41.847729704537215 ], [ 46.032979257896869, 41.847789441129798 ], [ 46.032782662640322, 41.847848384030428 ], [ 46.032609934126334, 41.847897329782107 ], [ 46.032427919592656, 41.84794645062108 ], [ 46.032234799592857, 41.847996240213767 ], [ 46.032027030451886, 41.848047613909685 ], [ 46.031627318610767, 41.848141834535248 ], [ 46.030586645364082, 41.848379236685815 ], [ 46.030284998656207, 41.848451578784562 ], [ 46.030015797935924, 41.848519541839664 ], [ 46.029717570059681, 41.848599938040884 ], [ 46.029442274923277, 41.848680277421366 ], [ 46.029184812157112, 41.848762052335474 ], [ 46.02894261476758, 41.84884608750162 ], [ 46.02833399470061, 41.849063754683627 ], [ 46.028036917603586, 41.849174406080778 ], [ 46.027888520637454, 41.849232805576435 ], [ 46.02775118059207, 41.849289477514048 ], [ 46.027622414379231, 41.849345449303989 ], [ 46.027500958811409, 41.849401274482439 ], [ 46.027240492167195, 41.849528660443383 ], [ 46.027116308258442, 41.849592592269332 ], [ 46.026996046186653, 41.849656740178503 ], [ 46.02687962116697, 41.849721149974954 ], [ 46.026767003357769, 41.849785838149309 ], [ 46.026658149826709, 41.849850831216052 ], [ 46.026553025942782, 41.849916147508907 ], [ 46.026458475599469, 41.849978120470624 ], [ 46.026362305335518, 41.850045172322496 ], [ 46.02626348689158, 41.850118013874045 ], [ 46.026160030743213, 41.850198112079816 ], [ 46.025975800543513, 41.850348410724564 ], [ 46.025564989220939, 41.85069557999779 ], [ 46.025372727540756, 41.850850118609614 ], [ 46.025236952742404, 41.850958315539941 ], [ 46.02508831728067, 41.851082543814222 ], [ 46.024622321319264, 41.851489209008584 ], [ 46.024459569049171, 41.851628343371019 ], [ 46.024306762439451, 41.851753553542061 ], [ 46.024164833092371, 41.851863495554568 ], [ 46.024071304837001, 41.85193201703575 ], [ 46.02397970673686, 41.851995810705716 ], [ 46.023889387141359, 41.852055332715942 ], [ 46.023799908517681, 41.852110868880885 ], [ 46.023710774524666, 41.852162719048003 ], [ 46.023621831105004, 41.852210966552569 ], [ 46.023532829820432, 41.852255744207007 ], [ 46.02344358189626, 41.852297149164926 ], [ 46.023309654257204, 41.852352711770628 ], [ 46.023164961500896, 41.852405103383617 ], [ 46.023007963458738, 41.852454891597183 ], [ 46.022835503000785, 41.852503079908999 ], [ 46.022683478965071, 41.852541323574172 ], [ 46.0225116510478, 41.852581152016171 ], [ 46.021949976445406, 41.852701403507133 ], [ 46.021751855001398, 41.85274558716835 ], [ 46.021566543199341, 41.852790412209956 ], [ 46.021401457796678, 41.852834637351805 ], [ 46.021194365001172, 41.85289582800754 ], [ 46.020979671948425, 41.852964320070413 ], [ 46.020755324057461, 41.853040764032244 ], [ 46.020517409027505, 41.853126487969206 ], [ 46.020299253604897, 41.853208559265987 ], [ 46.020057980734457, 41.85330229745793 ], [ 46.01920002828215, 41.853645791266302 ], [ 46.018854687854748, 41.853781033907175 ], [ 46.018669614853493, 41.853851092643154 ], [ 46.018496173813496, 41.853914683761893 ], [ 46.018331041033875, 41.853973021173715 ], [ 46.018172514236326, 41.854026706345074 ], [ 46.017983629021209, 41.854087327187571 ], [ 46.01780116852872, 41.854142046308183 ], [ 46.01762386786536, 41.854191242420612 ], [ 46.01745088986231, 41.854235146332641 ], [ 46.017281303332538, 41.85427398607667 ], [ 46.017114811686241, 41.854307820136228 ], [ 46.01695095865503, 41.854336741731764 ], [ 46.016789389868329, 41.854360812555804 ], [ 46.016644007257348, 41.854379091741912 ], [ 46.016496387165695, 41.854394996557033 ], [ 46.016346489900826, 41.854408530045845 ], [ 46.016194267367361, 41.854419697128328 ], [ 46.016039678669102, 41.854428500859036 ], [ 46.015882661228552, 41.854434944483998 ], [ 46.015723151278436, 41.85443903215986 ], [ 46.015561081367025, 41.854440763572022 ], [ 46.015396502173751, 41.854440142764865 ], [ 46.015229201688783, 41.854437169800413 ], [ 46.015059085962228, 41.854431844596427 ], [ 46.014886042905481, 41.854424162726808 ], [ 46.014709974913664, 41.854414121438012 ], [ 46.014530709558734, 41.854401709629819 ], [ 46.014348082873866, 41.854386917927322 ], [ 46.014161894614688, 41.854369728267912 ], [ 46.013980753996975, 41.854351077880409 ], [ 46.01379592808167, 41.854330202650146 ], [ 46.01341404731977, 41.854281641130768 ], [ 46.013013513656851, 41.854223702033764 ], [ 46.012589198055331, 41.854155644998549 ], [ 46.012160637527344, 41.854081141653182 ], [ 46.011689263220745, 41.853993970306327 ], [ 46.011187569904571, 41.853896984533932 ], [ 46.010348327545856, 41.853730714573956 ], [ 46.01003454618278, 41.853666625704008 ], [ 46.009719548489457, 41.85359823424038 ], [ 46.009403405869278, 41.853525556657978 ], [ 46.009086190915873, 41.853448608521312 ], [ 46.008767975060621, 41.853367408107957 ], [ 46.00844884423131, 41.853281976270878 ], [ 46.008128880769981, 41.853192335696846 ], [ 46.007808171864497, 41.853098510832361 ], [ 46.007486755076563, 41.853000511248702 ], [ 46.007164779348379, 41.852898381567812 ], [ 46.006842341600461, 41.852792152458512 ], [ 46.006519544831349, 41.852681858140173 ], [ 46.006196490819754, 41.852567531943329 ], [ 46.005873298361429, 41.852449216957979 ], [ 46.005550083813283, 41.852326954495567 ], [ 46.005226967242777, 41.852200792140934 ], [ 46.004903455192363, 41.852070524355213 ], [ 46.004580301603454, 41.851936443563659 ], [ 46.004257644760116, 41.851798607103618 ], [ 46.003935626599691, 41.851657074983976 ], [ 46.003614384252998, 41.85151190815796 ], [ 46.003294086390035, 41.85136318171552 ], [ 46.002974888400026, 41.851210969063189 ], [ 46.002656957812199, 41.851055349807865 ], [ 46.002340369880656, 41.850896357528597 ], [ 46.002025400254922, 41.850734130336392 ], [ 46.00171223232195, 41.850568761215548 ], [ 46.001401056831845, 41.850400352094823 ], [ 46.001092056056756, 41.850229002276919 ], [ 46.000785447474676, 41.850054828773025 ], [ 46.000481434132901, 41.849877950523634 ], [ 46.000180232392829, 41.849698490858657 ], [ 45.999981227002792, 41.849575547838079 ], [ 45.999782351761063, 41.849446757052995 ], [ 45.999583258701733, 41.849311893661294 ], [ 45.99938351448791, 41.849170665110059 ], [ 45.9991828159976, 41.849022863274413 ], [ 45.998980360436178, 41.848867907891503 ], [ 45.998775438327364, 41.848705253908015 ], [ 45.998567049661006, 41.848534108403676 ], [ 45.998364977358449, 41.848362933725483 ], [ 45.998157160243629, 41.848181919197792 ], [ 45.997941688689856, 41.847989405224553 ], [ 45.997715041217653, 41.847782248372958 ], [ 45.997500216471707, 41.847582191981459 ], [ 45.997263919120677, 41.847358872546906 ], [ 45.996387672427716, 41.846518765662225 ], [ 45.996020409470795, 41.84617076615919 ], [ 45.995820156493558, 41.845984327186834 ], [ 45.995631506305124, 41.845811522578252 ], [ 45.995450784475892, 41.845648988692446 ], [ 45.995276110934491, 41.845495039583291 ], [ 45.99506384423298, 41.845312542952819 ], [ 45.994856845965742, 41.845139828460937 ], [ 45.994653658962157, 41.844975681135864 ], [ 45.994453314569192, 41.844819316791231 ], [ 45.994254713163748, 41.844669892922767 ], [ 45.994057511148561, 41.8445271612255 ], [ 45.993861165146441, 41.84439072831065 ], [ 45.993665253828631, 41.844260303307365 ], [ 45.993425584663015, 41.844106458805854 ], [ 45.993180712369231, 41.843953654039915 ], [ 45.992930527521978, 41.843801821470912 ], [ 45.99267490369742, 41.843650884698697 ], [ 45.992413730269341, 41.843500776191476 ], [ 45.99214683228216, 41.843351396547042 ], [ 45.99187404328309, 41.843202650790602 ], [ 45.991595168983274, 41.843054435178459 ], [ 45.991310374443657, 41.842906828401787 ], [ 45.991019052485704, 41.842759508710138 ], [ 45.990720933635068, 41.842612338773513 ], [ 45.990415690253506, 41.842465158341803 ], [ 45.990103050537989, 41.842317834599804 ], [ 45.989782491578033, 41.842170118903319 ], [ 45.989453519709606, 41.84202178396496 ], [ 45.989115512760932, 41.841872547754662 ], [ 45.988816630412408, 41.841743061492934 ], [ 45.988509937396834, 41.841612422157695 ], [ 45.988194775445272, 41.841480349835486 ], [ 45.987870276598116, 41.841346478141119 ], [ 45.987189799393633, 41.841071905234017 ], [ 45.986454898531868, 41.840783206563131 ], [ 45.985816775059604, 41.840537697606422 ], [ 45.985102095122727, 41.840266931974242 ], [ 45.982866200287994, 41.839431702928778 ], [ 45.9821375592715, 41.839157860625519 ], [ 45.981512141400202, 41.838919997206766 ], [ 45.980944446604234, 41.838700852417197 ], [ 45.98056089856486, 41.838555652777998 ], [ 45.980132149871523, 41.838401240877801 ], [ 45.979683464100169, 41.838245632906066 ], [ 45.978800490253555, 41.837946020301487 ], [ 45.978434202637096, 41.837820221031627 ], [ 45.978053492811348, 41.837686051815915 ], [ 45.977714602576263, 41.837562183056086 ], [ 45.977517151976954, 41.837487493483351 ], [ 45.977328603872458, 41.837414095043101 ], [ 45.977147630324779, 41.837341469478702 ], [ 45.976973366096495, 41.837269270219771 ], [ 45.976804863276023, 41.837197099153123 ], [ 45.97664183687818, 41.837124829029932 ], [ 45.97648383822667, 41.837052260135046 ], [ 45.97633052650977, 41.836979236867094 ], [ 45.975682094526974, 41.836674279932602 ], [ 45.975527090814687, 41.836598450835304 ], [ 45.975390789377649, 41.836528515254294 ], [ 45.975245385103513, 41.836449108718718 ], [ 45.975114009042734, 41.836371561686335 ], [ 45.974994266971187, 41.836294454346266 ], [ 45.974884986282717, 41.836217025707938 ], [ 45.974786676058251, 41.836138857168748 ], [ 45.974690713045533, 41.836052649888629 ], [ 45.974596123031397, 41.83595753668083 ], [ 45.974501147484297, 41.835851758133344 ], [ 45.974419989535619, 41.835753578384981 ], [ 45.974333387226771, 41.835641920182042 ], [ 45.974041918404083, 41.835242367564646 ], [ 45.973923001877715, 41.83508611490192 ], [ 45.973857514341297, 41.835005252496963 ], [ 45.973793961336874, 41.834930996337611 ], [ 45.973731168365347, 41.834861980148581 ], [ 45.97366850714937, 41.83479751573536 ], [ 45.973513352992249, 41.834645899390509 ], [ 45.973356078249601, 41.83449727123881 ], [ 45.973196854022845, 41.834351796447429 ], [ 45.973035842693932, 41.834209621344058 ], [ 45.97287321632934, 41.834070895777955 ], [ 45.972709099401989, 41.833935728571099 ], [ 45.972543630900347, 41.83380423292661 ], [ 45.972376938768143, 41.833676508631733 ], [ 45.972241615162915, 41.83357608832641 ], [ 45.97210442719711, 41.833476987820944 ], [ 45.971965478409864, 41.833379284591537 ], [ 45.971824873447609, 41.833283049800713 ], [ 45.971682719418091, 41.833188358193318 ], [ 45.971539117270552, 41.833095275559948 ], [ 45.971394167952852, 41.833003867691701 ], [ 45.971247972397855, 41.832914199479589 ], [ 45.971100663062842, 41.832826349959376 ], [ 45.970952306766826, 41.832740358191877 ], [ 45.970802999499668, 41.832656281005228 ], [ 45.970652837182008, 41.832574170725188 ], [ 45.970501915760565, 41.832494081479204 ], [ 45.970350322615872, 41.832416058460751 ], [ 45.970198146358854, 41.832340148654758 ], [ 45.97004547551785, 41.832266393643174 ], [ 45.969834599146481, 41.832170226570646 ], [ 45.969609343513071, 41.832075372997693 ], [ 45.969367303895339, 41.831980808347978 ], [ 45.969103572822448, 41.83188461224438 ], [ 45.968873415984739, 41.831805128125957 ], [ 45.968614297641871, 41.831719239880087 ], [ 45.967796219707445, 41.831458250803792 ], [ 45.967526563415397, 41.831370780829616 ], [ 45.967293260333648, 41.831292599897267 ], [ 45.96708231445281, 41.831219009245572 ], [ 45.966809029246875, 41.831119695384189 ], [ 45.966510338854057, 41.831007606866002 ], [ 45.966175483378407, 41.830878816076108 ], [ 45.965971548492554, 41.830799426169733 ], [ 45.965628668328456, 41.830253562558227 ], [ 45.963967130361688, 41.829465523302453 ], [ 45.959416088678303, 41.826693540273688 ], [ 45.958088090776641, 41.82590750393107 ], [ 45.95687711129488, 41.824587446596617 ], [ 45.955886133997694, 41.823226428835078 ], [ 45.955004121228505, 41.822895378304175 ], [ 45.954400612214876, 41.822442862393366 ], [ 45.953439275617264, 41.820449908296965 ], [ 45.946869197986956, 41.817613319897298 ], [ 45.946133084154063, 41.818305216019198 ], [ 45.94348806556922, 41.817600161666235 ], [ 45.940014017299781, 41.817305102428257 ], [ 45.937477948596367, 41.817794079344047 ], [ 45.936319944189059, 41.817915065333381 ], [ 45.934719882424737, 41.818530048326949 ], [ 45.934038310785034, 41.818437183394828 ], [ 45.933484492750019, 41.818361714985109 ], [ 45.931578122179232, 41.81810191506888 ], [ 45.931531703495857, 41.818055747892927 ], [ 45.930561598372798, 41.818479086951612 ], [ 45.92936857351642, 41.819003140007624 ], [ 45.928093519858919, 41.819566483646867 ], [ 45.925738004992581, 41.820613711622464 ], [ 45.920087608278315, 41.823136041575175 ], [ 45.918572532595938, 41.823808837832424 ], [ 45.917203356172529, 41.824413621251807 ], [ 45.915770625885486, 41.825042220913978 ], [ 45.914420874309904, 41.825629566413205 ], [ 45.913132095054749, 41.826185234240711 ], [ 45.911892485644842, 41.826714312630727 ], [ 45.910925552044255, 41.827123159519566 ], [ 45.90993791182489, 41.827537533970499 ], [ 45.908927680041231, 41.827958224050938 ], [ 45.90789242690456, 41.82838624362352 ], [ 45.906830502988456, 41.828822276942354 ], [ 45.905737090625543, 41.829268305828776 ], [ 45.904607805053089, 41.829726117543281 ], [ 45.90343620748925, 41.830198322309236 ], [ 45.901246191074087, 41.831074519499694 ], [ 45.898813858699363, 41.83203983567639 ], [ 45.896357344047573, 41.83300902776962 ], [ 45.889784588097534, 41.835594758951025 ], [ 45.887815999407458, 41.836372710585501 ], [ 45.886050147454476, 41.837074001921977 ], [ 45.884039888892531, 41.837877698610612 ], [ 45.882165459132437, 41.838633522968742 ], [ 45.880390466983158, 41.839356160678513 ], [ 45.878696491015091, 41.840053129353933 ], [ 45.877672647090911, 41.840478267191656 ], [ 45.876672395890104, 41.840896701197138 ], [ 45.875693581255696, 41.841309334695417 ], [ 45.87473451284788, 41.841716880036053 ], [ 45.873793368620866, 41.842120114451554 ], [ 45.872869229441825, 41.842519434461536 ], [ 45.871960972579821, 41.842915326360497 ], [ 45.871067662051487, 41.843308195724283 ], [ 45.870187151518905, 41.843698998572478 ], [ 45.869320042450305, 41.844087474853694 ], [ 45.868465656333377, 41.844473929027636 ], [ 45.867623412846889, 41.844858625157713 ], [ 45.866792694521251, 41.845241843778936 ], [ 45.865973101834804, 41.845623772792884 ], [ 45.865164190911649, 41.846004617533431 ], [ 45.864365568185647, 41.846384564025975 ], [ 45.86365948902619, 41.846723743258003 ], [ 45.862951860938637, 41.847066625268702 ], [ 45.862242600020146, 41.847413252090199 ], [ 45.861531618738155, 41.847763664879032 ], [ 45.860818833193306, 41.848117906563559 ], [ 45.860104142703563, 41.848476026500506 ], [ 45.859387447786204, 41.848838074034909 ], [ 45.858668644183531, 41.849204102147667 ], [ 45.857947695807695, 41.849574127280569 ], [ 45.857224417062639, 41.849948246250015 ], [ 45.85649868932726, 41.850326520241609 ], [ 45.855770384373727, 41.850709013211414 ], [ 45.855039383615519, 41.851095789941013 ], [ 45.854305533719227, 41.851486929878028 ], [ 45.85356869095542, 41.851882510593214 ], [ 45.852828697203378, 41.852282615164398 ], [ 45.852086542551014, 41.852686702982524 ], [ 45.851340908684797, 41.853095485406286 ], [ 45.850591614760098, 41.853509060079361 ], [ 45.849838459622312, 41.853927538300752 ], [ 45.849081260054405, 41.854351022224442 ], [ 45.848319768231399, 41.854779648702085 ], [ 45.847553748323612, 41.855213551787791 ], [ 45.846782939343775, 41.855652877423104 ], [ 45.846007364924759, 41.856097612727289 ], [ 45.845226432827403, 41.856548092510678 ], [ 45.844439827095542, 41.857004500923367 ], [ 45.843647193463298, 41.857467042202316 ], [ 45.842848211147029, 41.857935903215086 ], [ 45.84204240870951, 41.858411360190345 ], [ 45.841229342200407, 41.858893674730091 ], [ 45.840408503080042, 41.85938314672353 ], [ 45.839090604107994, 41.860174187140693 ], [ 45.83774927011951, 41.860985545911696 ], [ 45.836381598807591, 41.861818974450067 ], [ 45.834983793572945, 41.862676785333058 ], [ 45.833553454743651, 41.863560435055071 ], [ 45.832082717395586, 41.864474766479361 ], [ 45.83056449429629, 41.865424180474697 ], [ 45.828987977810918, 41.866415427182126 ], [ 45.827681616947523, 41.867240511991326 ], [ 45.826318191041331, 41.868104784656069 ], [ 45.824883433496389, 41.869017278523771 ], [ 45.823349192166106, 41.869995889247029 ], [ 45.820522101315284, 41.871804773590497 ], [ 45.813803539530376, 41.876112083940626 ], [ 45.812029639711149, 41.877246328575197 ], [ 45.810425919341746, 41.878269077793398 ], [ 45.80877733858771, 41.879317005245134 ], [ 45.80722333775293, 41.880300947357959 ], [ 45.805739403010648, 41.881236431103908 ], [ 45.804312267535686, 41.882131821234239 ], [ 45.802934712423067, 41.882991670125342 ], [ 45.801596112652383, 41.883822629567042 ], [ 45.800290636142911, 41.884628320855391 ], [ 45.799014111304423, 41.885411322161247 ], [ 45.797761954301158, 41.886174441278847 ], [ 45.795666982686157, 41.887438962429897 ], [ 45.795322891840037, 41.887645795646286 ], [ 45.79413154888978, 41.88835671276226 ], [ 45.79253222458194, 41.889305722554326 ], [ 45.790901189018626, 41.890270004798253 ], [ 45.789235639294468, 41.891251212127422 ], [ 45.787532009735571, 41.892251443543984 ], [ 45.785787766953199, 41.893272185485159 ], [ 45.783996134115149, 41.894317404798635 ], [ 45.782150924490161, 41.895390705366417 ], [ 45.780243338357913, 41.896497201673675 ], [ 45.778345697941702, 41.897595116229006 ], [ 45.776366447714331, 41.898737587748762 ], [ 45.774287519041543, 41.899935038441647 ], [ 45.772075173274771, 41.901206886680626 ], [ 45.767595128364931, 41.903776559837532 ], [ 45.758772415700882, 41.908827152179384 ], [ 45.755092507896407, 41.91093534522448 ], [ 45.751245884530782, 41.913143416303619 ], [ 45.747798085382598, 41.91512831751141 ], [ 45.745773964940454, 41.916296887827755 ], [ 45.74383003729627, 41.917421866091402 ], [ 45.741952574397423, 41.91851120345278 ], [ 45.740132592466267, 41.919570120135425 ], [ 45.73836016622883, 41.920604404668772 ], [ 45.736632280085423, 41.921615825909555 ], [ 45.734944164165967, 41.922607180563958 ], [ 45.733292188497003, 41.923580604745709 ], [ 45.731254407854294, 41.924786171626742 ], [ 45.72926395924771, 41.925969228887716 ], [ 45.727316429179318, 41.927132403586086 ], [ 45.725408370407379, 41.928277762410282 ], [ 45.723536063266579, 41.929407542818119 ], [ 45.721697646978029, 41.930522875089217 ], [ 45.719890841180145, 41.931625145971971 ], [ 45.718113754615246, 41.932715514442243 ], [ 45.716362001705647, 41.933796686035045 ], [ 45.714636836558832, 41.934867904748927 ], [ 45.712936890853101, 41.935930023307328 ], [ 45.711260987791761, 41.936983779664331 ], [ 45.709607885777139, 41.938029958023954 ], [ 45.707976776708549, 41.939069070531247 ], [ 45.706366764994897, 41.940101691956656 ], [ 45.704777062726293, 41.941128327896351 ], [ 45.703708610587434, 41.941825433172106 ], [ 45.702624790042677, 41.942541869791178 ], [ 45.701523437714556, 41.943279065481811 ], [ 45.700401760238954, 41.944038887647906 ], [ 45.699257911304052, 41.944822570039754 ], [ 45.698086314337552, 41.945633914290283 ], [ 45.696881944767298, 41.946476395995859 ], [ 45.695637361496658, 41.94735521462416 ], [ 45.69454539620132, 41.948132469415967 ], [ 45.693409003267853, 41.948946827502184 ], [ 45.692216990826253, 41.949806299820338 ], [ 45.690947872525747, 41.950726368513827 ], [ 45.689796466048463, 41.951564726104728 ], [ 45.688519378590314, 41.952497655564954 ], [ 45.684017011038861, 41.955796781707079 ], [ 45.682220007519405, 41.957110446072555 ], [ 45.680367742678143, 41.958457881085728 ], [ 45.678697843360034, 41.959664238225514 ], [ 45.677736175368466, 41.960354399495678 ], [ 45.676808531832812, 41.96101648366875 ], [ 45.675908724100182, 41.961654910652193 ], [ 45.674312945605195, 41.962776645879295 ], [ 45.674175717133963, 41.962872753973684 ], [ 45.673336515556585, 41.963456382917073 ], [ 45.672512796880845, 41.96402504049771 ], [ 45.671702841630037, 41.964579916083586 ], [ 45.670722831875061, 41.965245315806008 ], [ 45.669759072211654, 41.965892979084138 ], [ 45.668809568576307, 41.966524246429664 ], [ 45.667872738870244, 41.967140170374336 ], [ 45.666946866454019, 41.967741877128894 ], [ 45.666031063938945, 41.968329940429513 ], [ 45.665124253212326, 41.968905053973742 ], [ 45.664225527429835, 41.969467793345167 ], [ 45.663332785122329, 41.970019458829547 ], [ 45.662446584389635, 41.970559690685036 ], [ 45.661566249422485, 41.971088900060337 ], [ 45.660691195504185, 41.971607441716934 ], [ 45.659820794575602, 41.972115685057268 ], [ 45.658954634442836, 41.972613869429885 ], [ 45.658092256100865, 41.973102262359262 ], [ 45.657233247201823, 41.973581094161219 ], [ 45.656322256393302, 41.974083046751375 ], [ 45.655409557738508, 41.974582392613293 ], [ 45.654495194517104, 41.975079108042763 ], [ 45.653579213632625, 41.975573169316192 ], [ 45.652661655938772, 41.976064550944542 ], [ 45.651742567166096, 41.976553231915666 ], [ 45.650821990597549, 41.977039187629963 ], [ 45.649899965925783, 41.977522396211555 ], [ 45.648976544879531, 41.978002832115045 ], [ 45.648051761159152, 41.978480477103716 ], [ 45.647125658086949, 41.978955309285034 ], [ 45.646198274178353, 41.979427308596208 ], [ 45.645269653959225, 41.979896452239814 ], [ 45.644339834761695, 41.980362721963566 ], [ 45.643408858721308, 41.980826096787425 ], [ 45.642476763157269, 41.981286556660301 ], [ 45.641543639482663, 41.981744058713417 ], [ 45.640609474580224, 41.982198608399351 ], [ 45.63967430819995, 41.982650186557805 ], [ 45.638738178896283, 41.983098774936991 ], [ 45.63780112401907, 41.983544355293112 ], [ 45.63686318092946, 41.983986910284109 ], [ 45.635924385783888, 41.984426422575822 ], [ 45.634984777155246, 41.984862874821907 ], [ 45.634044393600924, 41.985296247875979 ], [ 45.633103268896797, 41.985726527122573 ], [ 45.632161436820766, 41.986153697947394 ], [ 45.631218932333162, 41.986577743028654 ], [ 45.630275790414281, 41.986998646846921 ], [ 45.62933204605531, 41.987416394784589 ], [ 45.628387733033414, 41.987830971331057 ], [ 45.627442885136553, 41.988242361877525 ], [ 45.626497885988584, 41.988650401297633 ], [ 45.625552417168343, 41.989055228224061 ], [ 45.624606513685322, 41.989456828945208 ], [ 45.623660205730779, 41.989855190677517 ], [ 45.622713525885771, 41.990250297923389 ], [ 45.621766506776979, 41.990642139689484 ], [ 45.620819178591994, 41.991030702294594 ], [ 45.619871571528776, 41.991415972959217 ], [ 45.618923721805707, 41.99179793707097 ], [ 45.617975654829934, 41.992176585480912 ], [ 45.617027399605547, 41.992551906319591 ], [ 45.616078986336703, 41.992923886811383 ], [ 45.615130445246407, 41.993292515982887 ], [ 45.614181804153198, 41.993657783775227 ], [ 45.613233090850933, 41.994019677428625 ], [ 45.612284334376753, 41.994378187780185 ], [ 45.611335599833005, 41.994733289263998 ], [ 45.61038687655703, 41.995084987341656 ], [ 45.609633728069255, 41.995361485784365 ], [ 45.60943819356384, 41.995433270151239 ], [ 45.608489577480924, 41.995778128546355 ], [ 45.60754105493681, 41.99611955338149 ], [ 45.606592651345302, 41.99645753461774 ], [ 45.605644394544527, 41.996792063105019 ], [ 45.604696307544323, 41.997123129719441 ], [ 45.603748423005833, 41.99745072438656 ], [ 45.602800760344451, 41.997774840705169 ], [ 45.601853344979169, 41.998095468640557 ], [ 45.600906201148085, 41.998412600867027 ], [ 45.599959353073231, 41.998726228258441 ], [ 45.599012826218726, 41.999036345285603 ], [ 45.598066642385099, 41.999342941935986 ], [ 45.597120827021278, 41.999646010880689 ], [ 45.596506954065681, 41.999839970711648 ], [ 45.595885816366255, 42.000032968837679 ], [ 45.595257151415112, 42.000225086661125 ], [ 45.594620658161844, 42.000416416584684 ], [ 45.591309334323711, 42.001364629032196 ], [ 45.59061866654784, 42.001553347198396 ], [ 45.589917076198155, 42.001742165074901 ], [ 45.589203862134234, 42.001931269795342 ], [ 45.588478431603377, 42.002120819095637 ], [ 45.587739697942901, 42.002311099314483 ], [ 45.586986647869296, 42.002502369363036 ], [ 45.586218025927622, 42.002694949701898 ], [ 45.585520129737432, 42.002867630615611 ], [ 45.584807552690023, 42.003041933918453 ], [ 45.584078901836314, 42.003218201470716 ], [ 45.583332373283532, 42.003396869046696 ], [ 45.581778452687303, 42.003763135456715 ], [ 45.580119097555809, 42.004147024477483 ], [ 45.578569849983779, 42.004499996719012 ], [ 45.576848726780476, 42.004887449791248 ], [ 45.575126461857678, 42.005271798911032 ], [ 45.570577168925567, 42.006282777577511 ], [ 45.569226885715175, 42.006584817187694 ], [ 45.568014553783051, 42.006857919941446 ], [ 45.566640517649127, 42.007170388048237 ], [ 45.565357661485891, 42.007465641070183 ], [ 45.564141369809988, 42.007749351113794 ], [ 45.563088123157861, 42.007998646719145 ], [ 45.560535617681559, 42.009904851750775 ], [ 45.560623142602815, 42.009981207432631 ], [ 45.561110579928972, 42.01040030878805 ], [ 45.561629952015203, 42.010846858835023 ], [ 45.561883776506889, 42.011068576941497 ], [ 45.562111047276041, 42.011270289348509 ], [ 45.562330589040783, 42.011468977816108 ], [ 45.562534715362148, 42.011657993555829 ], [ 45.562726366604892, 42.011840062045088 ], [ 45.562907141732616, 42.012016706628508 ], [ 45.563359825326046, 42.01247903464148 ], [ 45.563480367982862, 42.012596099810366 ], [ 45.56359217513355, 42.01269845853011 ], [ 45.563764823687009, 42.012848308264282 ], [ 45.563932967449688, 42.012988219465512 ], [ 45.564097979909903, 42.013119333746275 ], [ 45.564260634499114, 42.013242263370252 ], [ 45.564421836792455, 42.01335767578766 ], [ 45.564581719045556, 42.013465647811358 ], [ 45.564740631107895, 42.013566415500371 ], [ 45.564898819456893, 42.013660133460341 ], [ 45.564994170749138, 42.013712831926711 ], [ 45.565093659907404, 42.013764306660818 ], [ 45.565197506513726, 42.013814668252529 ], [ 45.565306000491368, 42.013864060268489 ], [ 45.565419322563621, 42.013912569169314 ], [ 45.565538098379591, 42.013960471963472 ], [ 45.565662907301189, 42.014008000851177 ], [ 45.56579464974233, 42.014055500830551 ], [ 45.565992889956391, 42.014122729581693 ], [ 45.56621337038829, 42.014192882608462 ], [ 45.566471163673988, 42.01427072194307 ], [ 45.56702077045869, 42.014431152927365 ], [ 45.567258292446297, 42.014502048364193 ], [ 45.567506509306718, 42.014579712930484 ], [ 45.567725531257466, 42.014652949609705 ], [ 45.568123822295895, 42.014792343841897 ], [ 45.568566240705181, 42.014949425936692 ], [ 45.57004184835386, 42.01548032894091 ], [ 45.570596166815406, 42.015678201197964 ], [ 45.571148480603966, 42.015872069204384 ], [ 45.57164857583836, 42.016043510601321 ], [ 45.57195344904428, 42.016145633467161 ], [ 45.572247458384098, 42.016242130122784 ], [ 45.572532673914409, 42.016333680232052 ], [ 45.572810453356823, 42.016420719309238 ], [ 45.5730823093553, 42.016503717206021 ], [ 45.573348709255171, 42.016582809431227 ], [ 45.573610383253985, 42.016658215737671 ], [ 45.573867895564881, 42.016730097257081 ], [ 45.574163391856935, 42.016807328159892 ], [ 45.574299120265778, 42.016846667249844 ], [ 45.574472017500682, 42.016900798127601 ], [ 45.574525487948733, 42.016920586389084 ], [ 45.574571593177559, 42.016940624049077 ], [ 45.574642073501089, 42.016976572301189 ], [ 45.574643892938795, 42.016976763138977 ], [ 45.574691760840871, 42.016985848915489 ], [ 45.5747373526332, 42.016998752254899 ], [ 45.574780698605174, 42.017015482915461 ], [ 45.574821827845838, 42.017036051561909 ], [ 45.574860776738568, 42.01706047422627 ], [ 45.574897580523199, 42.017088774151311 ], [ 45.574932274463237, 42.017120977281571 ], [ 45.574964842617987, 42.017157056678919 ], [ 45.574995381204282, 42.017197101028387 ], [ 45.575023928126434, 42.017241161479184 ], [ 45.575050522601401, 42.017289300882425 ], [ 45.575075200149421, 42.017341574001598 ], [ 45.575098013717842, 42.017398093154924 ], [ 45.575119008999117, 42.017458969796245 ], [ 45.575138238048574, 42.017524351373687 ], [ 45.575165476814284, 42.017638874207918 ], [ 45.575188562482587, 42.017766445879573 ], [ 45.575207758941353, 42.017908472798162 ], [ 45.575223443947102, 42.018067738810181 ], [ 45.575234262980075, 42.018218585522163 ], [ 45.575243363543073, 42.018391298035645 ], [ 45.575265342388398, 42.019010445002827 ], [ 45.575267545649439, 42.019072510979399 ], [ 45.575281964278922, 42.019364592661759 ], [ 45.575292707292498, 42.01951808404948 ], [ 45.57530535940105, 42.019659856397539 ], [ 45.575320142089716, 42.019792370997344 ], [ 45.575337195509491, 42.019916837631676 ], [ 45.575360731614701, 42.020056322675302 ], [ 45.575387856683719, 42.020186601198951 ], [ 45.57541872340591, 42.020308397465492 ], [ 45.575453448223961, 42.020422166622012 ], [ 45.575492186464579, 42.020528389739127 ], [ 45.575534998461023, 42.020627193503557 ], [ 45.575581974270875, 42.020718786412345 ], [ 45.575633190136202, 42.020803318488326 ], [ 45.575680429660217, 42.020872697086311 ], [ 45.575730505130139, 42.020941649838321 ], [ 45.575783438579059, 42.021010208153221 ], [ 45.57583926053541, 42.021078407900234 ], [ 45.575897993024412, 42.021146279587043 ], [ 45.575959678758565, 42.021213870729788 ], [ 45.576024355578802, 42.02128122436536 ], [ 45.576092071045728, 42.021348389786255 ], [ 45.576162786209188, 42.021415332957602 ], [ 45.57623664613358, 42.021482199952878 ], [ 45.576313721443121, 42.021549052556914 ], [ 45.576394096154374, 42.021615964195291 ], [ 45.576565102849393, 42.021750263563327 ], [ 45.576750724693348, 42.021885931190774 ], [ 45.576921559329719, 42.022003439007591 ], [ 45.577105429137646, 42.022123646951421 ], [ 45.577304148382893, 42.022247748213488 ], [ 45.577521286147793, 42.02237797280204 ], [ 45.577723976251804, 42.022495682993842 ], [ 45.577952325972731, 42.022625083866359 ], [ 45.57804182677922, 42.022674635027094 ], [ 45.578103466792697, 42.022708762165344 ], [ 45.578785278230832, 42.023086234397319 ], [ 45.579120871185808, 42.023275258778909 ], [ 45.579297646788611, 42.023377421856672 ], [ 45.579461032934667, 42.023474093392821 ], [ 45.579614094764366, 42.02356708720373 ], [ 45.579711154864576, 42.023627804868234 ], [ 45.579758371153716, 42.023657341249276 ], [ 45.579861087066782, 42.023723916920041 ], [ 45.5799249245024, 42.023765293076472 ], [ 45.580081439590892, 42.023871138314568 ], [ 45.58022894945033, 42.023975576998133 ], [ 45.580368116630524, 42.024079080458783 ], [ 45.580499648971575, 42.024182184641333 ], [ 45.580623752129391, 42.02428506055746 ], [ 45.58074074863643, 42.024387979498883 ], [ 45.580747061939171, 42.024393893700768 ], [ 45.58085087831175, 42.024491149226385 ], [ 45.580904743214376, 42.024545787048552 ], [ 45.580931940876994, 42.024573375255379 ], [ 45.581014445025033, 42.024664523952566 ], [ 45.581099120415928, 42.024765394106609 ], [ 45.581187323819421, 42.024877600026564 ], [ 45.581269132759893, 42.024987292098857 ], [ 45.581358421683497, 42.025111980907774 ], [ 45.581672691877898, 42.025568250765815 ], [ 45.581798951933763, 42.025746214902206 ], [ 45.581867689994695, 42.02583875580688 ], [ 45.58193244733927, 42.025922213001856 ], [ 45.581994523267944, 42.025998262334966 ], [ 45.58205459689318, 42.026067728071567 ], [ 45.582128531813474, 42.026147104566078 ], [ 45.582200822413093, 42.026217691727403 ], [ 45.582272023193376, 42.026280028041349 ], [ 45.582342505494225, 42.026334435863028 ], [ 45.582412688860153, 42.026381224692777 ], [ 45.582482715281223, 42.026420469466032 ], [ 45.582552796018568, 42.026452290699858 ], [ 45.5826231008542, 42.026476764088372 ], [ 45.582666227111737, 42.026487945697866 ], [ 45.582709889244889, 42.026496165009526 ], [ 45.582754110255649, 42.026501428210494 ], [ 45.582798917936387, 42.026503736960407 ], [ 45.582844337671766, 42.026503093831636 ], [ 45.582890404484878, 42.02649949864562 ], [ 45.582937154590098, 42.026492949416323 ], [ 45.582984624152203, 42.026483438753957 ], [ 45.583032796352278, 42.026470977550971 ], [ 45.5830817784815, 42.026455542744984 ], [ 45.583131618700705, 42.02643711787843 ], [ 45.583182380832056, 42.026415681910748 ], [ 45.583234114185906, 42.026391212073747 ], [ 45.583286910200833, 42.026363669173087 ], [ 45.583340854209439, 42.026333006840069 ], [ 45.583396048355517, 42.026299167812425 ], [ 45.583496366362837, 42.026231827279702 ], [ 45.583601750113736, 42.026153895286477 ], [ 45.583713274634292, 42.026064580977902 ], [ 45.58383289094548, 42.025962327982484 ], [ 45.58394968316621, 42.025857356633026 ], [ 45.584080113052288, 42.025735653597991 ], [ 45.58462081029937, 42.025213091657314 ], [ 45.584749465680247, 42.025091270797191 ], [ 45.584866173850848, 42.02498352850759 ], [ 45.584999786938205, 42.024864348949201 ], [ 45.585126072261581, 42.024756636838255 ], [ 45.585247240093103, 42.02465851026323 ], [ 45.585364394866495, 42.024569080963587 ], [ 45.58550253456221, 42.024471215216124 ], [ 45.585637011209776, 42.02438451633509 ], [ 45.585768583828212, 42.024308496806952 ], [ 45.585833438396143, 42.024274400146879 ], [ 45.585897745131255, 42.024242872221031 ], [ 45.585961629155825, 42.024213857451421 ], [ 45.586025054432177, 42.024187376737949 ], [ 45.58608805584764, 42.02416341369144 ], [ 45.586150668322418, 42.024141955525025 ], [ 45.586212926801352, 42.024122992153671 ], [ 45.586274852967406, 42.024106516261973 ], [ 45.586336470919193, 42.024092520522082 ], [ 45.586397803580383, 42.024081001214796 ], [ 45.586515541245809, 42.024062904373494 ], [ 45.586637668495499, 42.024047442818571 ], [ 45.586764232406502, 42.024034611792032 ], [ 45.586895299366113, 42.024024404635156 ], [ 45.587030911621923, 42.024016816613184 ], [ 45.587171195948194, 42.024011839856193 ], [ 45.587316270689954, 42.024009469238173 ], [ 45.587466297709604, 42.024009703011885 ], [ 45.587620225827862, 42.024012507811065 ], [ 45.587779499709463, 42.024017880725367 ], [ 45.587944456493076, 42.024025833515473 ], [ 45.588001467696664, 42.024029349455617 ], [ 45.588115633948782, 42.024036390421152 ], [ 45.58829298604374, 42.024049534537973 ], [ 45.588438168212967, 42.024061953456965 ], [ 45.588478376583275, 42.024065392281003 ], [ 45.588497779672011, 42.024067253533332 ], [ 45.588685532120913, 42.024085372092458 ], [ 45.588881705258956, 42.024105995103973 ], [ 45.589037279777365, 42.024126565841321 ], [ 45.589194806775204, 42.024154503634328 ], [ 45.589354597255209, 42.024189863619377 ], [ 45.589391749300297, 42.024199666553777 ], [ 45.589517064008177, 42.024232735533801 ], [ 45.589682460057247, 42.024283173906944 ], [ 45.589851634490266, 42.02434142384466 ], [ 45.590025345929618, 42.024407743521763 ], [ 45.590106127234797, 42.024441438859171 ], [ 45.590204744856933, 42.024482573727802 ], [ 45.590354613796627, 42.024549554993435 ], [ 45.590510384675007, 42.024623027362381 ], [ 45.590627667888647, 42.024681006309294 ], [ 45.590673622571927, 42.024703723096962 ], [ 45.590847417102495, 42.024793168187102 ], [ 45.591167834430351, 42.024965210217047 ], [ 45.591919976175802, 42.025380468517021 ], [ 45.592117436716293, 42.025485917699406 ], [ 45.592295540733701, 42.025577725991702 ], [ 45.592482208519897, 42.025669543840422 ], [ 45.59265775664656, 42.02575085048241 ], [ 45.592825142687389, 42.025823014104049 ], [ 45.592985963762985, 42.025886717294767 ], [ 45.593155031718283, 42.025947024493583 ], [ 45.593318918351905, 42.025998291305633 ], [ 45.593478512802271, 42.026040795061938 ], [ 45.593556898125691, 42.026058813592016 ], [ 45.593634434990328, 42.026074699196201 ], [ 45.593711269786802, 42.026088477238069 ], [ 45.593787372242488, 42.026100140670472 ], [ 45.593862793148325, 42.026109696437281 ], [ 45.593937578455481, 42.026117150606744 ], [ 45.594011776522727, 42.026122508333799 ], [ 45.594085418756407, 42.026125770357666 ], [ 45.594158541403033, 42.026126938293125 ], [ 45.594231178293398, 42.026126013767382 ], [ 45.594309045420317, 42.026122860007078 ], [ 45.594387518819111, 42.026117618932865 ], [ 45.594466639533756, 42.026110288529608 ], [ 45.594546449799253, 42.026100864974552 ], [ 45.594626991850376, 42.02608934444482 ], [ 45.594708323565683, 42.026075716731803 ], [ 45.594790504056554, 42.026059974322202 ], [ 45.594873595999061, 42.026042103379481 ], [ 45.59504256618407, 42.025999980120794 ], [ 45.59521615371461, 42.0259491323174 ], [ 45.595395192162989, 42.025889318751304 ], [ 45.595580925378179, 42.025820124044188 ], [ 45.595738112983511, 42.025756484745806 ], [ 45.595902136964476, 42.025685697247056 ], [ 45.596074699662331, 42.025607030350564 ], [ 45.596259093148944, 42.02551898713569 ], [ 45.596423712492367, 42.025437583348676 ], [ 45.596606870881075, 42.02534467253308 ], [ 45.597247107018354, 42.025012205710965 ], [ 45.59750132820448, 42.024882256101883 ], [ 45.597761296897552, 42.024753852147114 ], [ 45.597996540245028, 42.024643326582755 ], [ 45.598058141294572, 42.024615761637207 ], [ 45.598129055012677, 42.024584027621259 ], [ 45.598257167133887, 42.024529034081269 ], [ 45.598381668274151, 42.02447800590511 ], [ 45.598459157787474, 42.024447833369017 ], [ 45.598591186329678, 42.024398857045128 ], [ 45.598781452722591, 42.024333693674613 ], [ 45.598966026963936, 42.024276120713843 ], [ 45.599083342378613, 42.024244013363898 ], [ 45.599204615468167, 42.024213646019334 ], [ 45.599330088442109, 42.024184956158216 ], [ 45.599460077096303, 42.024157870965574 ], [ 45.59959479237903, 42.024132343390555 ], [ 45.599734893809895, 42.024108243878473 ], [ 45.599880987972831, 42.024085465663767 ], [ 45.600033993964878, 42.024063866118276 ], [ 45.600308911084632, 42.024029882458102 ], [ 45.600617714181659, 42.023997364529706 ], [ 45.600923377534059, 42.023969074584762 ], [ 45.601704171187933, 42.023901404955687 ], [ 45.601927648443016, 42.023880063902894 ], [ 45.60212718830811, 42.023859111882352 ], [ 45.602348404089874, 42.023833039910727 ], [ 45.602552974244468, 42.02380552197679 ], [ 45.602744748334196, 42.023776038990228 ], [ 45.602925680284933, 42.023744284435189 ], [ 45.603134088441905, 42.023702046570641 ], [ 45.603330334576782, 42.023655669786805 ], [ 45.603515743212029, 42.0236048409581 ], [ 45.603604658001778, 42.023577681520607 ], [ 45.603691172110089, 42.023549321454524 ], [ 45.603775482983707, 42.023519692177317 ], [ 45.603857536395338, 42.02348880748896 ], [ 45.603937396146428, 42.023456644542158 ], [ 45.604015115176303, 42.023423181447072 ], [ 45.604090748814464, 42.023388393599092 ], [ 45.604164334340929, 42.023352263693582 ], [ 45.604235911434465, 42.023314772611798 ], [ 45.604305513743213, 42.023275902167121 ], [ 45.604422386697181, 42.023207250200358 ], [ 45.604537381850811, 42.0231371462365 ], [ 45.604649957572214, 42.023065920973821 ], [ 45.60475968161019, 42.022993847794858 ], [ 45.604866089430416, 42.022921234478702 ], [ 45.604968959060216, 42.022848237117643 ], [ 45.605068014543676, 42.022775050817295 ], [ 45.605163041185328, 42.022701834334576 ], [ 45.605253521152882, 42.022629005613346 ], [ 45.605339657203245, 42.022556417688442 ], [ 45.605421315151879, 42.022484184760302 ], [ 45.605498388407376, 42.022412401069197 ], [ 45.605570765633182, 42.022341169886744 ], [ 45.605638388236173, 42.022270551875096 ], [ 45.605701190461971, 42.022200616740271 ], [ 45.605759118532099, 42.022131423316779 ], [ 45.605798391992749, 42.022080304552794 ], [ 45.605834827830911, 42.022027887593033 ], [ 45.605868445111469, 42.021974144419097 ], [ 45.605899261691761, 42.021919047018784 ], [ 45.605927293022241, 42.021862568292988 ], [ 45.605952561655187, 42.021804665793731 ], [ 45.605975081714007, 42.021745299819266 ], [ 45.605993369969696, 42.021689053544669 ], [ 45.606008977393962, 42.021632879062594 ], [ 45.60601193197806, 42.02162207988475 ], [ 45.606026301036749, 42.021558118543759 ], [ 45.606037995596189, 42.021492478084248 ], [ 45.606047030612686, 42.021425079170037 ], [ 45.606053416348495, 42.021355856900158 ], [ 45.606057164891737, 42.02128468421833 ], [ 45.60605828238598, 42.021211444006774 ], [ 45.606056772243207, 42.021135985837539 ], [ 45.606048536242696, 42.021006292222843 ], [ 45.606033077771222, 42.020869018971567 ], [ 45.606010247025544, 42.020722758241718 ], [ 45.605979619464748, 42.020564770665857 ], [ 45.60594757672375, 42.020421186669275 ], [ 45.605908200175016, 42.020260437900177 ], [ 45.605756093993158, 42.019687071060503 ], [ 45.605698431625626, 42.01945732378983 ], [ 45.60564686286061, 42.019223087870365 ], [ 45.60562674905546, 42.019116056174489 ], [ 45.605610074141595, 42.019014004082877 ], [ 45.605594355916892, 42.018896425892102 ], [ 45.605583321945417, 42.018783967544579 ], [ 45.605576901446298, 42.01867591879585 ], [ 45.605575068228617, 42.018571813244051 ], [ 45.60557782225542, 42.018471140216434 ], [ 45.605585176511433, 42.018373742929754 ], [ 45.605597149175495, 42.018279375407687 ], [ 45.605613765047309, 42.018187852883024 ], [ 45.605705380208988, 42.017748924357072 ], [ 45.605764722271061, 42.017487820077733 ], [ 45.605811884312281, 42.01730673962188 ], [ 45.605827474041597, 42.017246883323608 ], [ 45.605859652262829, 42.01713735099694 ], [ 45.605892775018916, 42.01703368776996 ], [ 45.605929192191965, 42.016929355064043 ], [ 45.605945079246482, 42.016887862509755 ], [ 45.606001563099554, 42.016748369304032 ], [ 45.606006626504531, 42.016736324180769 ], [ 45.606047910265396, 42.016646958105554 ], [ 45.606091077473472, 42.016561983588851 ], [ 45.60613618163049, 42.01648131118101 ], [ 45.606183295125703, 42.016404805398814 ], [ 45.606232483427164, 42.016332365020347 ], [ 45.606285024792051, 42.016263399664517 ], [ 45.606342408541174, 42.016197034125085 ], [ 45.606404665741564, 42.016133234005736 ], [ 45.60647182984237, 42.016071961294237 ], [ 45.606543936777541, 42.016013185169754 ], [ 45.606621040460531, 42.015956860305195 ], [ 45.606703196047491, 42.015902944968744 ], [ 45.606790471954362, 42.015851394655648 ], [ 45.606882803219143, 42.015802236717505 ], [ 45.606980407235532, 42.015755343900395 ], [ 45.607083386194198, 42.015710667014851 ], [ 45.607191868778642, 42.015668148624194 ], [ 45.607305964486621, 42.015627745802597 ], [ 45.607425888759721, 42.015589379936621 ], [ 45.607551851095323, 42.015552982349696 ], [ 45.607684122506328, 42.01551847593192 ], [ 45.607796573637053, 42.015491747027326 ], [ 45.607913628667966, 42.015466161784531 ], [ 45.608035538285726, 42.015441664822021 ], [ 45.608162636396216, 42.015418188607093 ], [ 45.60829514239677, 42.015395689628868 ], [ 45.60843374475683, 42.015374046232992 ], [ 45.60873213658779, 42.015332885618982 ], [ 45.609005693349225, 42.015300245635963 ], [ 45.609315281923053, 42.015267474983148 ], [ 45.609623409683401, 42.015237705944926 ], [ 45.610430591521805, 42.01516310351591 ], [ 45.610876072635982, 42.015117604611504 ], [ 45.611108500729756, 42.0150908607513 ], [ 45.611323817472524, 42.015063512245028 ], [ 45.611525913127991, 42.015035063816036 ], [ 45.611716750039598, 42.015005236680011 ], [ 45.611932290800468, 42.0149674237841 ], [ 45.612036406728414, 42.014946720941552 ], [ 45.61216042311726, 42.014921407679573 ], [ 45.612327723764295, 42.014883746824104 ], [ 45.61250966501008, 42.014837453142341 ], [ 45.612682218284249, 42.01478789755911 ], [ 45.612845637634173, 42.014734998601639 ], [ 45.613000323969764, 42.014678624472936 ], [ 45.613146569752153, 42.014618669169529 ], [ 45.613270590960425, 42.01456291871235 ], [ 45.613395112016768, 42.014503278205474 ], [ 45.613520399806731, 42.014439621929746 ], [ 45.613646795621889, 42.014371775131444 ], [ 45.613774519381778, 42.014299626750486 ], [ 45.613904264236595, 42.014222793897673 ], [ 45.614036645012682, 42.014140913013406 ], [ 45.614172583725363, 42.014053414441825 ], [ 45.614401593282864, 42.01389903089337 ], [ 45.61465261124691, 42.013721560428145 ], [ 45.614890874504276, 42.013547498280978 ], [ 45.61546651195949, 42.013120590042696 ], [ 45.615525337829467, 42.013078187707109 ], [ 45.615767642452099, 42.012903531037196 ], [ 45.615921373132927, 42.012796649119565 ], [ 45.61606730478973, 42.01269836511598 ], [ 45.616207900939301, 42.012607022128435 ], [ 45.616344483087829, 42.012521766461255 ], [ 45.616491346944748, 42.012434229881208 ], [ 45.616635574037431, 42.012352699363554 ], [ 45.616777933169622, 42.012276742974265 ], [ 45.616918961438301, 42.012206072324794 ], [ 45.617059265916467, 42.012140392343149 ], [ 45.617199070326748, 42.012079605458588 ], [ 45.617338693392007, 42.012023572158036 ], [ 45.617478393808277, 42.01197219017677 ], [ 45.617659830218159, 42.01191140933711 ], [ 45.617852840062795, 42.011852426677592 ], [ 45.618059482313654, 42.011794605995931 ], [ 45.618283929032899, 42.011736776405563 ], [ 45.618479572882045, 42.011689630280507 ], [ 45.618699404408595, 42.0116392903101 ], [ 45.618760053360411, 42.011625979490049 ], [ 45.61964528214088, 42.011431686569985 ], [ 45.619865804115129, 42.011380129251528 ], [ 45.62006445563879, 42.011330910679511 ], [ 45.620498737929225, 42.011218295278667 ], [ 45.62145578937097, 42.010966187587897 ], [ 45.621859612657403, 42.010861854085206 ], [ 45.622155939456576, 42.010782491712376 ], [ 45.622820212619672, 42.010594545984098 ], [ 45.622975384172193, 42.01055282210131 ], [ 45.623116779926384, 42.010516689330345 ], [ 45.623297735857093, 42.010473846922693 ], [ 45.623467422800196, 42.010437924860689 ], [ 45.623629263537104, 42.010408201183544 ], [ 45.623784978428368, 42.010384365755279 ], [ 45.623847132704832, 42.010386176046524 ], [ 45.623875119618546, 42.01038524576898 ], [ 45.62389552553946, 42.010382410364436 ], [ 45.623916126229673, 42.010377508685423 ], [ 45.623946094144529, 42.010366119973106 ], [ 45.624100330836995, 42.010354659107364 ], [ 45.624270780328885, 42.010348263435226 ], [ 45.624452807095636, 42.010347369703737 ], [ 45.624634792839373, 42.010351417825248 ], [ 45.624837020524581, 42.01036031090208 ], [ 45.625045853137806, 42.010372799115864 ], [ 45.625621329112079, 42.010411511383865 ], [ 45.625796718055028, 42.01042089850106 ], [ 45.625953737234724, 42.010426953112429 ], [ 45.626133434320941, 42.010430216055468 ], [ 45.626300465618883, 42.010428816661175 ], [ 45.626458118049499, 42.010422724437035 ], [ 45.6266080393412, 42.010411868281487 ], [ 45.62676791382755, 42.010394953787625 ], [ 45.62693358372097, 42.010372620574394 ], [ 45.627106496300812, 42.010344678776633 ], [ 45.627289294507079, 42.010310701416479 ], [ 45.627469779018469, 42.010273444502637 ], [ 45.627668951307477, 42.010229009538854 ], [ 45.628432296327965, 42.010046073648823 ], [ 45.628756577711933, 42.00997306106396 ], [ 45.628933353251661, 42.009937064174437 ], [ 45.629098989608273, 42.00990662298576 ], [ 45.629256750061394, 42.009881139632341 ], [ 45.629408292593325, 42.009860351970225 ], [ 45.629781854196338, 42.009811631747802 ], [ 45.63066379840437, 42.009690070383989 ], [ 45.630686863268046, 42.009686891323469 ], [ 45.631116128987735, 42.009629718723026 ], [ 45.631558580621871, 42.009574906451796 ], [ 45.631954379027, 42.009531080689605 ], [ 45.632168756850731, 42.00951001278041 ], [ 45.632372807538658, 42.009492071712671 ], [ 45.632567408316547, 42.009477179753844 ], [ 45.632753110698665, 42.009465295183411 ], [ 45.632930513362673, 42.00945638322041 ], [ 45.633099764842498, 42.009450440382068 ], [ 45.633261121090463, 42.009447457186461 ], [ 45.633414769278147, 42.009447429932031 ], [ 45.633571375040994, 42.009450694269589 ], [ 45.63371941506535, 42.009457371448079 ], [ 45.63385901140061, 42.009467467131238 ], [ 45.63399025350683, 42.009480988961691 ], [ 45.634113236897264, 42.009497946347651 ], [ 45.63422799909204, 42.009518346313563 ], [ 45.634334592126493, 42.009542198503766 ], [ 45.63443305351565, 42.009569509938878 ], [ 45.634503605116272, 42.009593544056408 ], [ 45.634523469307879, 42.009600310786524 ], [ 45.634605802000038, 42.009634594067755 ], [ 45.634680070994733, 42.009672367798508 ], [ 45.634746294493389, 42.009713640900358 ], [ 45.634804487089973, 42.009758424114324 ], [ 45.634854656067695, 42.009806721915602 ], [ 45.634896809959542, 42.009858543274021 ], [ 45.634930954871699, 42.009913896270483 ], [ 45.634954514466308, 42.009966305012227 ], [ 45.634972353103713, 42.010023415314315 ], [ 45.634984513165321, 42.010085361143048 ], [ 45.634991032737368, 42.010152330527205 ], [ 45.634991935939411, 42.010224443121878 ], [ 45.634987242616724, 42.010302117623766 ], [ 45.634976928959162, 42.010385754957134 ], [ 45.634960917932588, 42.01047599051109 ], [ 45.634944124976421, 42.010552572790033 ], [ 45.634923527824441, 42.010634497202652 ], [ 45.634869762017772, 42.010818797463465 ], [ 45.634810228054555, 42.011000424914293 ], [ 45.634652908429786, 42.011458329818822 ], [ 45.634612196537155, 42.01158434275839 ], [ 45.634578283411152, 42.011696834328276 ], [ 45.634546343980112, 42.011813745317248 ], [ 45.634520739006796, 42.011921566954008 ], [ 45.634501062961192, 42.01202202174364 ], [ 45.634487144713063, 42.012115993281292 ], [ 45.634376278293573, 42.01299941843147 ], [ 45.634355879266863, 42.013180550988253 ], [ 45.634347423651292, 42.01325562079721 ], [ 45.634324821600231, 42.013485492957734 ], [ 45.634305761029339, 42.013723567648434 ], [ 45.634292880126388, 42.013946555468991 ], [ 45.63428597481721, 42.014158098913867 ], [ 45.634284986664895, 42.014360089691444 ], [ 45.634290492481512, 42.014567666488233 ], [ 45.634302822586548, 42.014767149175199 ], [ 45.63432203592329, 42.014959480414682 ], [ 45.634348199330056, 42.015145303805326 ], [ 45.634381422475613, 42.015325319449147 ], [ 45.63442175850502, 42.01549976572128 ], [ 45.63446928943879, 42.015668991616735 ], [ 45.634524092866982, 42.015833265094315 ], [ 45.634564812220617, 42.015957144416895 ], [ 45.634605666814267, 42.016104207722634 ], [ 45.634644520835103, 42.016262862736234 ], [ 45.634756579772564, 42.016748372530955 ], [ 45.634795723612818, 42.016899778275032 ], [ 45.634834334260439, 42.017033257547062 ], [ 45.634882555248325, 42.017178373290207 ], [ 45.634933402818227, 42.017308374044923 ], [ 45.634978805800664, 42.017406195555793 ], [ 45.634987709668579, 42.017425378954215 ], [ 45.635016310674189, 42.017479325066091 ], [ 45.635045943280716, 42.017530367144971 ], [ 45.635082373011748, 42.017587073675031 ], [ 45.635120373250132, 42.017639926593382 ], [ 45.635160001562767, 42.017689006639266 ], [ 45.635201304422715, 42.017734372096712 ], [ 45.635243158639362, 42.017774937582409 ], [ 45.635244340397968, 42.017776082983943 ], [ 45.635289136323536, 42.017814166170332 ], [ 45.635335731147173, 42.017848652060692 ], [ 45.635384156515954, 42.017879565696134 ], [ 45.63543449864887, 42.017906954331998 ], [ 45.635486735594419, 42.017930797372209 ], [ 45.635540894050685, 42.017951108176263 ], [ 45.635596997038178, 42.017967894719952 ], [ 45.635655072407779, 42.017981164952147 ], [ 45.635715138311944, 42.017990923272656 ], [ 45.635777215300109, 42.01799717226654 ], [ 45.635841322713304, 42.017999914525348 ], [ 45.635867274911874, 42.018000166149449 ], [ 45.635945949486548, 42.018004465948032 ], [ 45.636022556428081, 42.01801495926648 ], [ 45.636097255394802, 42.018031666839917 ], [ 45.636170249774132, 42.018054634378963 ], [ 45.636241671516743, 42.018083889976381 ], [ 45.63631189766766, 42.018119573848836 ], [ 45.636381251148684, 42.018161849028402 ], [ 45.636431415319002, 42.018197609827801 ], [ 45.636450188883757, 42.018210993087635 ], [ 45.636507230511278, 42.018257059776452 ], [ 45.636564850934512, 42.018308472234466 ], [ 45.636623636287069, 42.018365747790043 ], [ 45.636684683043136, 42.018429952142277 ], [ 45.636796923197736, 42.018558202856504 ], [ 45.636800787993593, 42.018562902664279 ], [ 45.636998876948709, 42.018803847238779 ], [ 45.637080016670325, 42.018899760109122 ], [ 45.637165220894794, 42.018994456085693 ], [ 45.637244693856616, 42.019075322691101 ], [ 45.637291232252679, 42.019118837185843 ], [ 45.637337237283354, 42.019158887090072 ], [ 45.637383003781416, 42.019195727454843 ], [ 45.637428731440373, 42.019229520190599 ], [ 45.637474652591173, 42.019260429728185 ], [ 45.63752084257689, 42.019288502483185 ], [ 45.63756742289668, 42.019313810733706 ], [ 45.637614484621999, 42.019336403509605 ], [ 45.637694541746555, 42.019369739740256 ], [ 45.637779592573224, 42.019400098513515 ], [ 45.637869803172919, 42.019427540140185 ], [ 45.63796540371731, 42.019452133580167 ], [ 45.638066534777664, 42.019473925773475 ], [ 45.638173707203087, 42.019493031851447 ], [ 45.638287396547106, 42.019509540119188 ], [ 45.638408356365332, 42.019523558948364 ], [ 45.638511662557306, 42.019533113122328 ], [ 45.638621174540731, 42.019541209636735 ], [ 45.638864318924952, 42.019553408785178 ], [ 45.639100511465017, 42.01956009537205 ], [ 45.639569918610576, 42.019568691280575 ], [ 45.63965408268156, 42.019570231654605 ], [ 45.639919592517742, 42.019579627173194 ], [ 45.640045846286107, 42.019586853523975 ], [ 45.640145415832635, 42.019594486145436 ], [ 45.640162148761988, 42.019595769029372 ], [ 45.640270392896248, 42.019606520775689 ], [ 45.640371588256023, 42.019619210331591 ], [ 45.640470086590767, 42.019634551072379 ], [ 45.640562394835008, 42.019652180619708 ], [ 45.640648968000797, 42.019672184713365 ], [ 45.640730119673357, 42.019694638171721 ], [ 45.640806173280474, 42.019719633769661 ], [ 45.64087724645843, 42.019747218595334 ], [ 45.640943501674933, 42.01977745389614 ], [ 45.64100506148629, 42.01981039573738 ], [ 45.641046893978391, 42.019836389267439 ], [ 45.641086910682645, 42.019864864328362 ], [ 45.641125128618746, 42.019895831634834 ], [ 45.641161564842221, 42.019929305503858 ], [ 45.641196233974583, 42.019965298464612 ], [ 45.641229157974124, 42.020003832011774 ], [ 45.64126035397679, 42.020044928567522 ], [ 45.641289842786762, 42.020088615036641 ], [ 45.641317610801913, 42.020134859973425 ], [ 45.641343720541727, 42.020183754896792 ], [ 45.641368192981489, 42.020235343822833 ], [ 45.641391055225547, 42.020289679739875 ], [ 45.641412327049935, 42.020346807571165 ], [ 45.641432044411268, 42.0204068198843 ], [ 45.641466935595737, 42.020535886373175 ], [ 45.64147254610404, 42.02056256762112 ], [ 45.641491015204792, 42.020650391997634 ], [ 45.641511422480463, 42.02077433721562 ], [ 45.641528360083548, 42.020908898955831 ], [ 45.641536065229566, 42.020991468700025 ], [ 45.641542135241053, 42.021056524389621 ], [ 45.641551245898491, 42.021188550383023 ], [ 45.641558903781004, 42.021337302496121 ], [ 45.641583236452874, 42.021983236855547 ], [ 45.641592822454356, 42.022138371033947 ], [ 45.641604728562505, 42.022274012822585 ], [ 45.641621036375795, 42.022406901910706 ], [ 45.641641093839368, 42.022525883698961 ], [ 45.641665238494639, 42.022632933241894 ], [ 45.641693707761057, 42.02272907776085 ], [ 45.641729081647689, 42.022820437204849 ], [ 45.641748782361717, 42.022861989659681 ], [ 45.641769861008108, 42.022900869361848 ], [ 45.641792350777742, 42.022937133767059 ], [ 45.641816270077534, 42.022970811592721 ], [ 45.641841644642597, 42.023001939620983 ], [ 45.641868496466593, 42.023030542946294 ], [ 45.641896879218301, 42.0230566735057 ], [ 45.641926785522436, 42.023080318730109 ], [ 45.641958237290275, 42.023101495608344 ], [ 45.641991253971845, 42.023120216639519 ], [ 45.642025858649454, 42.02313649520309 ], [ 45.642062068302437, 42.02315033840793 ], [ 45.642099899918911, 42.023161754263413 ], [ 45.642139374064847, 42.023170746255509 ], [ 45.642212022767936, 42.023181488136174 ], [ 45.642290001639736, 42.023186676414291 ], [ 45.642373498020525, 42.023186324441056 ], [ 45.642462760693228, 42.023180429911314 ], [ 45.642557953925561, 42.023168994594023 ], [ 45.642659630360541, 42.023151964042711 ], [ 45.642768318135538, 42.023129249720185 ], [ 45.642884842892101, 42.02310067945988 ], [ 45.642982987485297, 42.023073844035672 ], [ 45.643087571573851, 42.023042959120772 ], [ 45.643321728904851, 42.022967333742351 ], [ 45.643550603073095, 42.022887708867984 ], [ 45.644118459849331, 42.02268391215393 ], [ 45.644272410456239, 42.02263076497708 ], [ 45.6444103028212, 42.022585126462758 ], [ 45.644551859197961, 42.022540870431513 ], [ 45.644683185405611, 42.022502797054564 ], [ 45.644806326529746, 42.022470315755889 ], [ 45.64492234758913, 42.022443149480011 ], [ 45.645188350305688, 42.022383074037478 ], [ 45.645759143400056, 42.022248154774751 ], [ 45.646009163710907, 42.022190774748182 ], [ 45.646272155686717, 42.022134294751865 ], [ 45.646507331301805, 42.022088825552942 ], [ 45.646638257165449, 42.022066165140849 ], [ 45.646763916997749, 42.022046526235599 ], [ 45.646881386855334, 42.022030297304546 ], [ 45.64688510313082, 42.022029783700972 ], [ 45.647002341506017, 42.022015867037183 ], [ 45.647116206438888, 42.022004711773825 ], [ 45.647226875375651, 42.021996305211772 ], [ 45.647334624719754, 42.021990625986966 ], [ 45.647439665770612, 42.021987664809849 ], [ 45.647511057456796, 42.021987776369535 ], [ 45.647582948468759, 42.021990315040902 ], [ 45.647655369010039, 42.021995280652526 ], [ 45.64772835776639, 42.022002675687069 ], [ 45.647801948601646, 42.022012503554947 ], [ 45.64787619111793, 42.02202477118027 ], [ 45.647951133718884, 42.022039486394391 ], [ 45.648026833281413, 42.022056658782041 ], [ 45.64803642955593, 42.022059122841128 ], [ 45.648167830765559, 42.022094741330072 ], [ 45.648180527448474, 42.022098371332696 ], [ 45.648258775145678, 42.022122973109177 ], [ 45.648338072921177, 42.022150107853413 ], [ 45.648418493492571, 42.022179798569468 ], [ 45.648500185999758, 42.022212100253078 ], [ 45.648667960528662, 42.022284765639121 ], [ 45.6488080777413, 42.022351421217358 ], [ 45.648953938989258, 42.022425939308206 ], [ 45.64910702560087, 42.022509069865478 ], [ 45.649270255110281, 42.022602394122281 ], [ 45.649413048344826, 42.02268725141019 ], [ 45.649571609102388, 42.022784142132139 ], [ 45.649683024832839, 42.022853973557098 ], [ 45.6500928159277, 42.023110811086823 ], [ 45.650283879168448, 42.023228855089229 ], [ 45.650472103324994, 42.023341565857827 ], [ 45.650641866560754, 42.023438764472083 ], [ 45.650819896941549, 42.023534748706268 ], [ 45.650987259453878, 42.023618168658111 ], [ 45.651146759680962, 42.023690419788444 ], [ 45.65129990584763, 42.023752178071724 ], [ 45.651380639361832, 42.023781426303806 ], [ 45.651459994228162, 42.023807786691798 ], [ 45.65153809769923, 42.023831301747805 ], [ 45.651615050336233, 42.023852002426544 ], [ 45.651690962326931, 42.023869916025085 ], [ 45.651765895426237, 42.023885058406776 ], [ 45.651839922223239, 42.023897441770437 ], [ 45.651913105644638, 42.023907078369689 ], [ 45.651985578672537, 42.023913980060009 ], [ 45.652057313461711, 42.023918141597001 ], [ 45.652128358344257, 42.023919565409436 ], [ 45.652198755585616, 42.023918251258451 ], [ 45.652268547442219, 42.023914198004441 ], [ 45.65233776530922, 42.023907405470105 ], [ 45.652406440526647, 42.023897868074428 ], [ 45.6524746044715, 42.023885583838677 ], [ 45.652566766953299, 42.023864528528236 ], [ 45.652662331322581, 42.023837731026589 ], [ 45.652762166018945, 42.023804953116212 ], [ 45.652867857730357, 42.023765675989182 ], [ 45.652971344930677, 42.023723453548747 ], [ 45.653085720106525, 42.023673440527986 ], [ 45.65352897905732, 42.023466790021565 ], [ 45.653719802828832, 42.023382684419346 ], [ 45.653801861005775, 42.023349579934717 ], [ 45.653823899948947, 42.023340688303414 ], [ 45.653921758890306, 42.023304544975751 ], [ 45.654015260538621, 42.023273561037229 ], [ 45.654105355981976, 42.023247425755919 ], [ 45.654216887702432, 42.023219964047335 ], [ 45.654332066728792, 42.023196462341787 ], [ 45.6544510750822, 42.023176882663549 ], [ 45.654574151543585, 42.023161185811411 ], [ 45.654701467376285, 42.023149344676348 ], [ 45.65483347749111, 42.023141311616136 ], [ 45.654970600777524, 42.023137059906524 ], [ 45.655113437393489, 42.023136570792587 ], [ 45.655261811876947, 42.023139811029694 ], [ 45.655417650948671, 42.023146789408862 ], [ 45.655582340714574, 42.023157565532102 ], [ 45.655623870274965, 42.023161040832463 ], [ 45.655830911537599, 42.023179451826472 ], [ 45.655929885973208, 42.023189215901731 ], [ 45.656120436407015, 42.023210259562447 ], [ 45.65634007415369, 42.023237025077947 ], [ 45.656836425219574, 42.023297510956198 ], [ 45.657133034773068, 42.023330831657375 ], [ 45.657292659795928, 42.023346460040365 ], [ 45.657440822234662, 42.02335895832659 ], [ 45.657580451336344, 42.023368570969367 ], [ 45.657713022949565, 42.023375396721221 ], [ 45.657871588764856, 42.023380116208699 ], [ 45.658022227666336, 42.023380555066524 ], [ 45.658166034033741, 42.023376717858547 ], [ 45.658303711821496, 42.023368582559932 ], [ 45.658436028666756, 42.023356094352479 ], [ 45.658563214926147, 42.023339221310692 ], [ 45.658685631245959, 42.023317915448523 ], [ 45.658803548893957, 42.023292129290681 ], [ 45.658931005630912, 42.023257487932717 ], [ 45.659058643726858, 42.023215274470623 ], [ 45.659186721963884, 42.023165404557091 ], [ 45.659315569919087, 42.023107748404129 ], [ 45.659445396923829, 42.02304222915113 ], [ 45.659576878393622, 42.02296852047823 ], [ 45.65971060753985, 42.02288629023024 ], [ 45.659847479721662, 42.022794990155731 ], [ 45.659960761784198, 42.022714360539865 ], [ 45.660077762277147, 42.022626687005989 ], [ 45.66019966423525, 42.022531090001358 ], [ 45.660328786059864, 42.022425753057341 ], [ 45.660565351281562, 42.022224486561747 ], [ 45.660702452188673, 42.02210454865719 ], [ 45.661119370618906, 42.021739813739366 ], [ 45.66126574499495, 42.021615939909189 ], [ 45.661398499986682, 42.021507442929838 ], [ 45.661538267958434, 42.021398299234569 ], [ 45.661670793223081, 42.021300585927833 ], [ 45.661798292330396, 42.021212673575739 ], [ 45.661921971879025, 42.021133733837921 ], [ 45.662052202617787, 42.02105794270441 ], [ 45.662179938101424, 42.020991395751786 ], [ 45.662305854788478, 42.020933743233044 ], [ 45.662430431191893, 42.020884766235049 ], [ 45.662492413524532, 42.020863457419317 ], [ 45.662554206424552, 42.020844266207796 ], [ 45.662615852039849, 42.020827179748252 ], [ 45.662677386497961, 42.020812187024518 ], [ 45.662738847171525, 42.020799280615705 ], [ 45.662800260581733, 42.020788454964858 ], [ 45.66286165807152, 42.020779703586435 ], [ 45.662923064982301, 42.020773023632181 ], [ 45.662995273749935, 42.020767507046969 ], [ 45.66306855681934, 42.02076413407891 ], [ 45.66314295283744, 42.020762903601998 ], [ 45.663218502857582, 42.020763813575513 ], [ 45.663262258632983, 42.020765552996544 ], [ 45.663467429107918, 42.020781151890347 ], [ 45.6635332266912, 42.020788894571815 ], [ 45.663615224698333, 42.020800530762386 ], [ 45.663698744214123, 42.020814333183488 ], [ 45.663870736211607, 42.020848502006309 ], [ 45.664050064516907, 42.020891569851798 ], [ 45.664238049082293, 42.020943853283271 ], [ 45.664394529569599, 42.020992216273278 ], [ 45.664558922133331, 42.021047108036896 ], [ 45.664667051275821, 42.021085624499264 ], [ 45.664732978235939, 42.021109107426376 ], [ 45.664920155608847, 42.021179444479074 ], [ 45.665267964786608, 42.021317424547355 ], [ 45.666119576156504, 42.021667007488823 ], [ 45.666351328386682, 42.021758157073457 ], [ 45.666560372903355, 42.021836673949181 ], [ 45.66677871948518, 42.021913772811459 ], [ 45.666924105344989, 42.021961121403777 ], [ 45.66698364749108, 42.021980512419809 ], [ 45.66717843522494, 42.02203795728142 ], [ 45.667364823610235, 42.022086615203904 ], [ 45.667567314606018, 42.022138048663948 ], [ 45.667795108361645, 42.02220018747218 ], [ 45.668575554975106, 42.022426427586502 ], [ 45.668874703467644, 42.022510030053276 ], [ 45.669028006653747, 42.022550495650648 ], [ 45.669171314597271, 42.022586340403542 ], [ 45.669307092988852, 42.022618181332057 ], [ 45.669436618025578, 42.022646315441882 ], [ 45.669594743895345, 42.022677234913623 ], [ 45.669745605202117, 42.022702702550149 ], [ 45.66989021227166, 42.022722888111808 ], [ 45.670029218277918, 42.022737882378422 ], [ 45.67016334016769, 42.02274775233635 ], [ 45.67029278572727, 42.022752503994624 ], [ 45.670417890840568, 42.022752148917107 ], [ 45.670538909138912, 42.022746687437653 ], [ 45.670622724367689, 42.022739624774594 ], [ 45.670706628089931, 42.022729720862095 ], [ 45.670790663709589, 42.02271696914174 ], [ 45.670874877046231, 42.022701363040795 ], [ 45.670917611874685, 42.022692015722214 ], [ 45.671034113827979, 42.022664051093649 ], [ 45.671044023705093, 42.022661555080369 ], [ 45.671129079898471, 42.022637323680328 ], [ 45.671214546302849, 42.02261018249866 ], [ 45.671300364007244, 42.022580158898663 ], [ 45.671386747251766, 42.022547181375153 ], [ 45.671473787476408, 42.022511216968283 ], [ 45.671561595312937, 42.022472219996359 ], [ 45.671650257311981, 42.022430152123533 ], [ 45.671739950163861, 42.022384932155326 ], [ 45.671830832440506, 42.022336479002618 ], [ 45.671923109542185, 42.022284685182683 ], [ 45.672072683612015, 42.02219549288963 ], [ 45.672227624303943, 42.022096822882958 ], [ 45.672389580164889, 42.021987632430104 ], [ 45.672561802568019, 42.021865732767395 ], [ 45.672709928250029, 42.021756994868134 ], [ 45.672874366361881, 42.021633077851035 ], [ 45.673588977202911, 42.021083370286085 ], [ 45.673766307368126, 42.020951479364911 ], [ 45.673927939669007, 42.020835276111981 ], [ 45.674020900073124, 42.020771120473285 ], [ 45.674078356900623, 42.020731466685007 ], [ 45.67422186093912, 42.020637017665486 ], [ 45.674360312332198, 42.020550705864487 ], [ 45.674494782748809, 42.020471867523518 ], [ 45.67468512771142, 42.020359301546804 ], [ 45.674894428470097, 42.020226453585565 ], [ 45.675090491654203, 42.02009600859472 ], [ 45.675538763329882, 42.019791309762105 ], [ 45.675750993263222, 42.019651634024143 ], [ 45.675934808861449, 42.019536787014573 ], [ 45.676105095625338, 42.01943728823872 ], [ 45.676222363020067, 42.019373360500609 ], [ 45.676336456484215, 42.019315176821358 ], [ 45.676448197769069, 42.019262318065422 ], [ 45.676558132544983, 42.019214527938821 ], [ 45.676666874102366, 42.019171548846018 ], [ 45.676774612605065, 42.019133314821978 ], [ 45.676881648917764, 42.019099720519741 ], [ 45.676988215377037, 42.01907069071715 ], [ 45.677161746970938, 42.019030719077691 ], [ 45.677343352304959, 42.018996064746574 ], [ 45.677532478164011, 42.018966835427285 ], [ 45.677728472208464, 42.018943130404061 ], [ 45.677930731411678, 42.018925028858497 ], [ 45.678138313461815, 42.018912620085764 ], [ 45.678350317959399, 42.018905958914409 ], [ 45.678565719861957, 42.018905077498687 ], [ 45.678784430275925, 42.018910015973987 ], [ 45.679004256964262, 42.018920764773227 ], [ 45.679223938372672, 42.018937262905219 ], [ 45.679442131585041, 42.018959408439727 ], [ 45.679657524785668, 42.018987071352221 ], [ 45.679868687228534, 42.019020069193459 ], [ 45.680074254260347, 42.019058188510449 ], [ 45.680272901956506, 42.019101184995591 ], [ 45.680387494326467, 42.01912622405294 ], [ 45.680502537248138, 42.019155902310814 ], [ 45.680618247539662, 42.019190275223508 ], [ 45.680734896647579, 42.019229424039473 ], [ 45.680852674812535, 42.01927340346797 ], [ 45.680972103453612, 42.019322403152536 ], [ 45.681093652060156, 42.019376613042617 ], [ 45.681217993022116, 42.019436334463428 ], [ 45.681331929849705, 42.019494575581938 ], [ 45.681449643283564, 42.019557973843327 ], [ 45.681572255814231, 42.019627129613191 ], [ 45.6817018672835, 42.019703227377498 ], [ 45.681954675800533, 42.019858426436052 ], [ 45.682309815979593, 42.020084091112103 ], [ 45.682435719439923, 42.020164092812578 ], [ 45.68263343021416, 42.020287507712695 ], [ 45.682751353538187, 42.020358299571853 ], [ 45.682840597325594, 42.020411874748433 ], [ 45.683028775394362, 42.020518522302325 ], [ 45.683139652617527, 42.020577884022195 ], [ 45.68324725390687, 42.020632691599388 ], [ 45.683352322498699, 42.020683324298261 ], [ 45.683455352497639, 42.020730018758442 ], [ 45.683556897280084, 42.020773019370665 ], [ 45.683657131498165, 42.020812395349964 ], [ 45.683756328021559, 42.020848251351865 ], [ 45.683854697835216, 42.020880665379906 ], [ 45.684030964262902, 42.020933747239134 ], [ 45.684211031395968, 42.020983719620425 ], [ 45.684394934358302, 42.021030593104463 ], [ 45.684582715509968, 42.021074377327466 ], [ 45.684774413586759, 42.021115081946618 ], [ 45.684970086677161, 42.021152719204963 ], [ 45.685169789235729, 42.021187300465712 ], [ 45.685373586576553, 42.021218836125783 ], [ 45.685581433949345, 42.021247322828145 ], [ 45.685793522479273, 42.021272789130592 ], [ 45.686009940435369, 42.021295246190654 ], [ 45.686230791777255, 42.021314704170265 ], [ 45.686456165960436, 42.021331172416133 ], [ 45.686686222510509, 42.02134466165586 ], [ 45.686921112497529, 42.021355182665772 ], [ 45.687161018354189, 42.02136274242995 ], [ 45.687399638986136, 42.021367264269728 ], [ 45.687643440258768, 42.021368989561132 ], [ 45.687892680636089, 42.021367919424144 ], [ 45.688147692236349, 42.021364052732928 ], [ 45.688408715374521, 42.021357388007729 ], [ 45.688676368285137, 42.021347910690331 ], [ 45.688951217226517, 42.021335602925085 ], [ 45.689234052908404, 42.021320427488625 ], [ 45.689518742622596, 42.021302801239869 ], [ 45.689813221227062, 42.021282316215675 ], [ 45.690119056515677, 42.021258863842306 ], [ 45.690438897506006, 42.021232241658538 ], [ 45.691094241124375, 42.021172088655469 ], [ 45.691334780726692, 42.021148189457989 ], [ 45.691971804814294, 42.021084195106823 ], [ 45.692237757933185, 42.021054019944813 ], [ 45.692514364966044, 42.021017242923655 ], [ 45.692804291376092, 42.020973513734432 ], [ 45.693112600594262, 42.020922073069485 ], [ 45.693397281507622, 42.020870883297647 ], [ 45.693712760744631, 42.020810992779886 ], [ 45.694851851525776, 42.020583765212187 ], [ 45.695316300761029, 42.020494498619591 ], [ 45.695565597648091, 42.020449292822093 ], [ 45.695799155514997, 42.020409257993592 ], [ 45.696021423110629, 42.020373633218483 ], [ 45.696234676984091, 42.020342058000637 ], [ 45.696398792750678, 42.020321307399847 ], [ 45.696574588505989, 42.020303896469009 ], [ 45.696763554286136, 42.020289672004388 ], [ 45.696968515356929, 42.020278421343114 ], [ 45.69717570577906, 42.020270463985732 ], [ 45.697408142986944, 42.020264536050107 ], [ 45.698302156695981, 42.02025280588834 ], [ 45.698671169758455, 42.020244014340697 ], [ 45.698867573840481, 42.020236061942974 ], [ 45.699047162010388, 42.020225882525665 ], [ 45.699213548263636, 42.020213267716585 ], [ 45.699368516274035, 42.020198079712536 ], [ 45.699550485403279, 42.020174941666134 ], [ 45.699718026192848, 42.020147240298435 ], [ 45.699796803139819, 42.020131611899004 ], [ 45.699872387695933, 42.020114769912176 ], [ 45.699944877461057, 42.02009669303402 ], [ 45.700014350730804, 42.020077361879061 ], [ 45.700080979650721, 42.020056724065427 ], [ 45.700144713592373, 42.020034788913414 ], [ 45.700205604310803, 42.02001153990031 ], [ 45.700263696294947, 42.019986958746081 ], [ 45.700319035241684, 42.019961027163014 ], [ 45.700371647573384, 42.019933731484009 ], [ 45.700421564514102, 42.019905055310417 ], [ 45.700468812476792, 42.019874984074065 ], [ 45.700510514296504, 42.019845379882092 ], [ 45.700550080456814, 42.019813890125576 ], [ 45.700587528915612, 42.019780500286558 ], [ 45.700622879987272, 42.019745190428658 ], [ 45.70065615283805, 42.019707946026251 ], [ 45.700687370109449, 42.019668739022542 ], [ 45.700716553265146, 42.019627544069778 ], [ 45.700743723709778, 42.019584330416443 ], [ 45.700768873227993, 42.019539119729821 ], [ 45.70079205880495, 42.019491821597654 ], [ 45.700813304083603, 42.019442389042567 ], [ 45.700832630212517, 42.01939076789705 ], [ 45.700850058409763, 42.019336910297653 ], [ 45.700865615507169, 42.019280729618316 ], [ 45.700891219909884, 42.019161034525105 ], [ 45.700907726877581, 42.019047606805891 ], [ 45.700918857824668, 42.018925164814924 ], [ 45.700924728693572, 42.018792495561343 ], [ 45.700925445532427, 42.018647264796023 ], [ 45.700922229219465, 42.018521014167128 ], [ 45.700918958977745, 42.01844693260481 ], [ 45.70091429500301, 42.018350200829843 ], [ 45.700872002963386, 42.017741676328313 ], [ 45.700858654738141, 42.017484872482648 ], [ 45.700855157674958, 42.017348432607719 ], [ 45.700855043914324, 42.017222246765485 ], [ 45.7008583143433, 42.017103977746494 ], [ 45.700865004534691, 42.016992467088897 ], [ 45.700877985610312, 42.016863428158253 ], [ 45.700896314872644, 42.016742215698912 ], [ 45.700920111857599, 42.016628058917156 ], [ 45.70094947746982, 42.016520469938385 ], [ 45.700984569021429, 42.016418928118902 ], [ 45.701025452532853, 42.016323288044774 ], [ 45.701072226872903, 42.016233315836075 ], [ 45.701124983160895, 42.016148841605791 ], [ 45.701181187761492, 42.016071209292491 ], [ 45.701243482564728, 42.015994198124531 ], [ 45.701311973609123, 42.015917677749563 ], [ 45.701386805241789, 42.015841486957527 ], [ 45.701468082440122, 42.015765508909759 ], [ 45.701556106349287, 42.015689453541704 ], [ 45.701651173656892, 42.015613065038977 ], [ 45.70175372128606, 42.015535990357222 ], [ 45.701861949578387, 42.015459431149523 ], [ 45.701978703255755, 42.015381234544272 ], [ 45.702105040894857, 42.015300688825803 ], [ 45.702242985694653, 42.015216500850038 ], [ 45.70237968340524, 42.015136014834802 ], [ 45.702533701269203, 42.01504786433393 ], [ 45.703128571589538, 42.014716658250357 ], [ 45.703376221548361, 42.014575503955442 ], [ 45.703507694512943, 42.014497894685185 ], [ 45.703628261603235, 42.014424366347214 ], [ 45.703740264610694, 42.014353488785112 ], [ 45.70384486094806, 42.014284528096425 ], [ 45.703966672248789, 42.014200032573619 ], [ 45.704079327799228, 42.014116884624691 ], [ 45.70418361351048, 42.014034503935115 ], [ 45.704280020280891, 42.013952500233046 ], [ 45.704369057709762, 42.013870427287664 ], [ 45.704450863163814, 42.01378814467121 ], [ 45.704525660024231, 42.013705426764304 ], [ 45.704593604609073, 42.013622099694807 ], [ 45.704639147446429, 42.013559926046753 ], [ 45.704640031206111, 42.013558586747877 ], [ 45.704675348783169, 42.013505108656929 ], [ 45.704682416561482, 42.013494405986073 ], [ 45.704723498690228, 42.013425410188717 ], [ 45.70476249578072, 42.013352765104734 ], [ 45.704799477860909, 42.013276359525243 ], [ 45.704834633986188, 42.013195814915669 ], [ 45.704868120853583, 42.013110775456234 ], [ 45.704900157005547, 42.013020689504359 ], [ 45.704949962074245, 42.012861047416976 ], [ 45.704998625003313, 42.012679477705156 ], [ 45.705040945406679, 42.012501897209354 ], [ 45.705137468962647, 42.012072362507311 ], [ 45.705191823720071, 42.011855687916679 ], [ 45.705222689013773, 42.011747604002458 ], [ 45.705254204165705, 42.011648395669518 ], [ 45.705286931767446, 42.011556295973158 ], [ 45.705321199872401, 42.011470390530604 ], [ 45.705363218112986, 42.011377649194394 ], [ 45.705408000758545, 42.011291589044632 ], [ 45.705455828139591, 42.011211676967456 ], [ 45.705506906567265, 42.011137566739308 ], [ 45.705561500177467, 42.011068899171342 ], [ 45.70561971034347, 42.011005558351357 ], [ 45.705681693441051, 42.010947378492283 ], [ 45.705747579757585, 42.010894237198272 ], [ 45.705834356939548, 42.010833516264384 ], [ 45.705929458427697, 42.010774654365534 ], [ 45.706032736670196, 42.010717742454474 ], [ 45.706144015205524, 42.010662877965167 ], [ 45.706263122305621, 42.010610149294827 ], [ 45.706389788780037, 42.010559676962622 ], [ 45.706523745292166, 42.010511567978334 ], [ 45.706664673077782, 42.010465936861202 ], [ 45.706812643365019, 42.010422781345675 ], [ 45.706939123970216, 42.010389623797963 ], [ 45.706966861878328, 42.010382352176123 ], [ 45.707126879466124, 42.010344766477914 ], [ 45.70729218783945, 42.010310144444375 ], [ 45.707462295449602, 42.010278590856601 ], [ 45.70763653707035, 42.010250230482455 ], [ 45.707814267798447, 42.010225169054216 ], [ 45.707994782285468, 42.010203506375973 ], [ 45.708179909788811, 42.010185100553464 ], [ 45.708366333825296, 42.010170361115335 ], [ 45.708553224266076, 42.010159351722272 ], [ 45.708739729117752, 42.010152124466806 ], [ 45.708924991327663, 42.010148710763076 ], [ 45.70910816093879, 42.010149128477053 ], [ 45.709288397414213, 42.010153373805998 ], [ 45.709464895075321, 42.010161428326342 ], [ 45.70963655310365, 42.010173231311477 ], [ 45.709802991888779, 42.01018874370024 ], [ 45.709884890226839, 42.010198517341664 ], [ 45.710004928388784, 42.010214011967996 ], [ 45.710117547223582, 42.010230633157796 ], [ 45.710264427721761, 42.010256842296783 ], [ 45.710309552244567, 42.010266433377168 ], [ 45.710403718569673, 42.010286447766283 ], [ 45.710534960976084, 42.010319350659479 ], [ 45.710657761374648, 42.01035545346754 ], [ 45.710716617402632, 42.010375377280937 ], [ 45.710774618184473, 42.010397447223426 ], [ 45.710831791599681, 42.010421672130228 ], [ 45.710888168023097, 42.010448068026221 ], [ 45.710943775354139, 42.010476645547669 ], [ 45.710998653678324, 42.010507425162494 ], [ 45.71105284066595, 42.010540427353419 ], [ 45.711106377680288, 42.010575678884948 ], [ 45.711159239105996, 42.010613156499453 ], [ 45.711211542975697, 42.010652939625082 ], [ 45.711263339226335, 42.010695065780716 ], [ 45.711314687576071, 42.010739583232422 ], [ 45.711416273508938, 42.010835994131178 ], [ 45.711516939177159, 42.010942778112948 ], [ 45.711603490797003, 42.011043681746457 ], [ 45.711690648128318, 42.011153720530061 ], [ 45.711779289335894, 42.011273990520657 ], [ 45.711871001180356, 42.011406641650268 ], [ 45.711954211482592, 42.011533349756732 ], [ 45.712044864073235, 42.011676968312855 ], [ 45.712377512489631, 42.012224426077445 ], [ 45.712520065267888, 42.012452002042401 ], [ 45.712598696985772, 42.012572069608808 ], [ 45.712674100039806, 42.012682656129883 ], [ 45.712747671606969, 42.012785809137682 ], [ 45.712820140363505, 42.012882543655152 ], [ 45.712908323474466, 42.012993502779331 ], [ 45.71299643176004, 42.013096869756822 ], [ 45.713085026873294, 42.013193302181499 ], [ 45.713174493889149, 42.013283218267027 ], [ 45.713265279656987, 42.013367052053795 ], [ 45.713357529232667, 42.013444925126819 ], [ 45.713451471774498, 42.013517027898502 ], [ 45.713547287572958, 42.013583500647314 ], [ 45.713704712759771, 42.013682464244475 ], [ 45.713875479401615, 42.01378092854592 ], [ 45.714061361189394, 42.013879927220415 ], [ 45.714265976424372, 42.013981392104817 ], [ 45.71444949419778, 42.0140673993671 ], [ 45.714657074189347, 42.014160644612581 ], [ 45.714668133683148, 42.014165418587623 ], [ 45.714832576028641, 42.014236401251424 ], [ 45.715188780000908, 42.014390155476654 ], [ 45.715363551277726, 42.014465594316079 ], [ 45.715627918404365, 42.014582458457383 ], [ 45.715886461073062, 42.014702616889338 ], [ 45.716113951647507, 42.014815814549344 ], [ 45.716210762088892, 42.014867500867773 ], [ 45.716310312372727, 42.014923861527897 ], [ 45.716413471555072, 42.014985385558923 ], [ 45.71652182515885, 42.015053015948503 ], [ 45.716573871020707, 42.015087265464771 ], [ 45.716743783637995, 42.015199076728216 ], [ 45.717182700247548, 42.015500471668688 ], [ 45.717368388497036, 42.015624869178062 ], [ 45.717565739816173, 42.015750037387662 ], [ 45.71765731016211, 42.015804749015267 ], [ 45.717745745516609, 42.015855182238226 ], [ 45.717853915525488, 42.01591331778009 ], [ 45.717959305515862, 42.015965874827529 ], [ 45.718062680637985, 42.016013234983454 ], [ 45.718164547099569, 42.016055629257075 ], [ 45.718265479939618, 42.016093287324296 ], [ 45.718365658519602, 42.016126265707157 ], [ 45.718465367706351, 42.016154658994978 ], [ 45.71856482798573, 42.016178528854766 ], [ 45.71865481418142, 42.016196354195174 ], [ 45.71874794626406, 42.016211355121001 ], [ 45.718844431142998, 42.016223566355116 ], [ 45.718944540931965, 42.016233021310299 ], [ 45.719048446197121, 42.01623974502764 ], [ 45.719156727122026, 42.016243778894655 ], [ 45.719269915369061, 42.016245145686398 ], [ 45.719388831104204, 42.016243854658619 ], [ 45.719592008945412, 42.016236318817811 ], [ 45.719821228624454, 42.016221711271079 ], [ 45.720040803845954, 42.016203756583181 ], [ 45.720559974419025, 42.016157025718591 ], [ 45.720814689427918, 42.016137593436461 ], [ 45.721047058978634, 42.016125289157031 ], [ 45.721255706294379, 42.016120753027472 ], [ 45.721395777016149, 42.016118608264009 ], [ 45.72155377959691, 42.016113057806045 ], [ 45.721643161333802, 42.016108333060075 ], [ 45.721869828769691, 42.016096351174475 ], [ 45.722062210009753, 42.016086181394222 ], [ 45.722236963072689, 42.016078399073031 ], [ 45.722395895863805, 42.016074058390004 ], [ 45.722538657702493, 42.016073439020595 ], [ 45.722630001102665, 42.016075148958812 ], [ 45.722716872701362, 42.01607861444004 ], [ 45.722799888748504, 42.016083860414859 ], [ 45.722879449318839, 42.016090913193032 ], [ 45.722955986070076, 42.016099815095785 ], [ 45.723029628453993, 42.016110585128153 ], [ 45.723100576110312, 42.01612325446164 ], [ 45.723168983943374, 42.016137850045673 ], [ 45.723239869327742, 42.016155997478847 ], [ 45.723310509359294, 42.016177536485763 ], [ 45.723378028804909, 42.016201441325954 ], [ 45.723477195673787, 42.016242519421823 ], [ 45.723522526039282, 42.016263009140864 ], [ 45.723593943039177, 42.016298732019088 ], [ 45.723666251736319, 42.016338314848731 ], [ 45.723739915173894, 42.016382010494922 ], [ 45.723868497371598, 42.016465751510374 ], [ 45.724007833894966, 42.016565567013458 ], [ 45.724143443087115, 42.016669271477923 ], [ 45.724497555821287, 42.016948235363841 ], [ 45.72460399845157, 42.017028199230744 ], [ 45.724701353154558, 42.017097666483949 ], [ 45.724720125028618, 42.017110153550078 ], [ 45.724813132655257, 42.017172024997834 ], [ 45.724920549392486, 42.017237194537948 ], [ 45.725025589264376, 42.017294375757167 ], [ 45.725129296088042, 42.017344129481607 ], [ 45.72548228585913, 42.017499463379799 ], [ 45.725764035442502, 42.01761676611504 ], [ 45.725896193351055, 42.017668673744417 ], [ 45.726022956922385, 42.017716181410286 ], [ 45.726145494195414, 42.017759725764904 ], [ 45.726264489085843, 42.017799548373716 ], [ 45.726312815886416, 42.017814651011811 ], [ 45.726383615221103, 42.017836775237321 ], [ 45.726500004700057, 42.017870401361868 ], [ 45.726614000419744, 42.017900524558009 ], [ 45.726725850718758, 42.0179272117105 ], [ 45.726835828030033, 42.017950524146528 ], [ 45.726944036433522, 42.017970481927442 ], [ 45.727050621154376, 42.017987112058776 ], [ 45.727155695894872, 42.018000430937278 ], [ 45.727355420632712, 42.018020257054708 ], [ 45.727546863596729, 42.018034150458007 ], [ 45.727729444501222, 42.018042068934363 ], [ 45.7279027693816, 42.018043997912052 ], [ 45.728066420277983, 42.018039936481628 ], [ 45.728220261975054, 42.018029893648304 ], [ 45.728364094097905, 42.018013883332202 ], [ 45.728432210862742, 42.018003644722995 ], [ 45.72849777306071, 42.017991920892797 ], [ 45.72859720776875, 42.017969592048601 ], [ 45.72869623551167, 42.017941244814971 ], [ 45.728795028440636, 42.017906832166425 ], [ 45.728893804249807, 42.017866276165286 ], [ 45.728992701293663, 42.017819531800647 ], [ 45.729092161748476, 42.01776640082101 ], [ 45.729192569755767, 42.017706679938051 ], [ 45.729294497499929, 42.017640027767506 ], [ 45.729383746416197, 42.017576934408922 ], [ 45.729475353576532, 42.017507887966318 ], [ 45.729570214723829, 42.017432218956721 ], [ 45.729670101228074, 42.017348517392058 ], [ 45.729850219389498, 42.017189480883779 ], [ 45.730236489267391, 42.016836050043359 ], [ 45.730400299121612, 42.016693015700277 ], [ 45.730628278561369, 42.016498597326851 ], [ 45.730830817502934, 42.016321280927833 ], [ 45.731016402648756, 42.016153627206954 ], [ 45.731187693711, 42.015993210948729 ], [ 45.731347934224516, 42.015836915994683 ], [ 45.731496689746265, 42.015685079303495 ], [ 45.731634735175028, 42.015536911508889 ], [ 45.731762522749591, 42.015391924312645 ], [ 45.731881948630168, 42.015247791872063 ], [ 45.731991440629834, 42.01510622017571 ], [ 45.732091189264374, 42.014966964859688 ], [ 45.732181320584893, 42.014829847716044 ], [ 45.732261962816082, 42.014694669804975 ], [ 45.732265563034872, 42.01468792703789 ], [ 45.732333153833586, 42.014561357951692 ], [ 45.73239495047136, 42.01442980733502 ], [ 45.732447389309947, 42.01429993757823 ], [ 45.73247329393029, 42.014221942023894 ], [ 45.732494185535629, 42.014141449409429 ], [ 45.73251009886306, 42.0140583280199 ], [ 45.732521063427264, 42.013972411948068 ], [ 45.732527104440472, 42.013883581246894 ], [ 45.732528247257761, 42.01379151782335 ], [ 45.732524498182087, 42.013695927122413 ], [ 45.732515839157216, 42.013596391353872 ], [ 45.732502284243402, 42.013492765420843 ], [ 45.732483710914529, 42.013383946798612 ], [ 45.732459957119097, 42.013268966511028 ], [ 45.7324306505813, 42.013146005801673 ], [ 45.732398946843546, 42.013026096492318 ], [ 45.732360960345574, 42.012892783151798 ], [ 45.732207469132319, 42.012389346732093 ], [ 45.732147101770536, 42.012179839080851 ], [ 45.732117446234312, 42.012066996673127 ], [ 45.732092391239057, 42.011962188496227 ], [ 45.732071444492568, 42.011863349784697 ], [ 45.732054389947649, 42.011769440759345 ], [ 45.73203824999802, 42.011657129074415 ], [ 45.73202788796273, 42.011550321379772 ], [ 45.732023232206544, 42.011448249873624 ], [ 45.732024260073636, 42.011350415737375 ], [ 45.732030989503933, 42.011256279363025 ], [ 45.732043446399111, 42.011165679366982 ], [ 45.732061665249198, 42.011078360641612 ], [ 45.732085686098785, 42.010994131088935 ], [ 45.732104564250655, 42.010940198215536 ], [ 45.732126048628189, 42.01088638021141 ], [ 45.732150143838332, 42.01083265813191 ], [ 45.732176862889389, 42.010779008475346 ], [ 45.732190357324299, 42.010754365977249 ], [ 45.73220621518751, 42.010725409564131 ], [ 45.732238216094068, 42.0106718324772 ], [ 45.732310237201425, 42.010564623511158 ], [ 45.732393022131646, 42.010457220628112 ], [ 45.73248687522436, 42.010349208461093 ], [ 45.732592114634869, 42.010240218384872 ], [ 45.732709234412603, 42.010129740144421 ], [ 45.732834642783523, 42.010020706658715 ], [ 45.732972756937144, 42.009908879121149 ], [ 45.733107989707435, 42.009806038565152 ], [ 45.733124823440463, 42.009793237185121 ], [ 45.733293292801243, 42.009671914289349 ], [ 45.733461191929052, 42.009556198678979 ], [ 45.733651947603001, 42.009429145166564 ], [ 45.734388440957282, 42.00895444090731 ], [ 45.734691177075376, 42.008753876221576 ], [ 45.734850115068561, 42.008644101721465 ], [ 45.734994388963912, 42.008540465210757 ], [ 45.735126809913396, 42.008440947480295 ], [ 45.735248746383149, 42.008344513055981 ], [ 45.735388220249398, 42.008226858335732 ], [ 45.73551410063579, 42.008111715118517 ], [ 45.735627271943471, 42.007998274394637 ], [ 45.735728270221237, 42.007885994172547 ], [ 45.735817625848725, 42.007774260438545 ], [ 45.735857972401313, 42.00771854560206 ], [ 45.7358954707029, 42.007662879633564 ], [ 45.735930145651807, 42.007607221846605 ], [ 45.735962016274684, 42.007551546002652 ], [ 45.735991096705703, 42.007495820490405 ], [ 45.73601740357703, 42.007440020887564 ], [ 45.736061160070214, 42.007330781441212 ], [ 45.736096804373936, 42.00721729966213 ], [ 45.736124419340186, 42.007099321941404 ], [ 45.736144083245541, 42.006976511837124 ], [ 45.736155849216175, 42.006848655556404 ], [ 45.736159802051255, 42.006715039236461 ], [ 45.736155963178838, 42.006575003458643 ], [ 45.736144305221949, 42.006427530653866 ], [ 45.736129409392007, 42.006304218941828 ], [ 45.736109386135944, 42.006174298655331 ], [ 45.736084030084122, 42.006036397604852 ], [ 45.736052842477683, 42.005887785487545 ], [ 45.735987217893772, 42.005611492626294 ], [ 45.735816229492677, 42.004942876629222 ], [ 45.735774518252484, 42.004764413803912 ], [ 45.735740644520149, 42.004603896773091 ], [ 45.73571053823585, 42.004438639734602 ], [ 45.735687841312071, 42.004284153902233 ], [ 45.735672195848259, 42.004137993586106 ], [ 45.73566346968493, 42.003998859086266 ], [ 45.735661614427293, 42.003864440526606 ], [ 45.735666740818608, 42.003735445115503 ], [ 45.735678872467034, 42.003611305286448 ], [ 45.735698050651543, 42.003491624483289 ], [ 45.735724351295516, 42.003375973502884 ], [ 45.735757822033058, 42.003264192618765 ], [ 45.735798530289884, 42.003156058029418 ], [ 45.735846540462418, 42.003051397288878 ], [ 45.735927837558641, 42.002895763816049 ], [ 45.736014411304666, 42.002742243618314 ], [ 45.736105555258909, 42.002592092228745 ], [ 45.736200655505087, 42.002446315106383 ], [ 45.736298992759501, 42.00230599404307 ], [ 45.736400200905607, 42.002171631245083 ], [ 45.7364400207355, 42.002122522263164 ], [ 45.736503816125271, 42.002043842128977 ], [ 45.736609451460296, 42.001923100216224 ], [ 45.736662563429455, 42.001866691582578 ], [ 45.736718346878789, 42.001811276317198 ], [ 45.736776830459519, 42.001756826311883 ], [ 45.736838046424303, 42.001703311633776 ], [ 45.736902023445218, 42.001650705975358 ], [ 45.736968809356888, 42.001598969396007 ], [ 45.737038452045816, 42.001548066457637 ], [ 45.73711100657011, 42.001497955371249 ], [ 45.737179127588377, 42.001453432476659 ], [ 45.737186418945932, 42.001448667100426 ], [ 45.737264868875748, 42.001400078896452 ], [ 45.73734643907288, 42.001352138884293 ], [ 45.737431230278041, 42.001304787867298 ], [ 45.737519326452819, 42.001257977563988 ], [ 45.737610895597619, 42.001211617722049 ], [ 45.737805146694114, 42.001119902678461 ], [ 45.737972066954967, 42.001047088611713 ], [ 45.738150844177795, 42.00097405575201 ], [ 45.738343349457359, 42.000900033654183 ], [ 45.738553336972991, 42.000823576855417 ], [ 45.738740428334928, 42.000758333419334 ], [ 45.738951035931521, 42.000687231721734 ], [ 45.739666415171051, 42.000452959887291 ], [ 45.739935824490537, 42.000363100425368 ], [ 45.740201220007883, 42.000271102831093 ], [ 45.740436773589678, 42.000185052328959 ], [ 45.740681244162595, 42.000089675127072 ], [ 45.740904807770718, 41.999995317697227 ], [ 45.741063657735587, 41.999922260306668 ], [ 45.741302233615038, 41.99980407012292 ], [ 45.741566138197562, 41.99967419638952 ], [ 45.742152523781492, 41.999392018467489 ], [ 45.742385208512786, 41.999277183043908 ], [ 45.742531919511784, 41.999202511587484 ], [ 45.742667005176976, 41.999131603355501 ], [ 45.742793128642013, 41.999063061346796 ], [ 45.742911589320244, 41.998996172866008 ], [ 45.743039821518018, 41.998920457600448 ], [ 45.743160168239214, 41.998845625451644 ], [ 45.743273353566849, 41.998771225929758 ], [ 45.743379844840078, 41.998696950706041 ], [ 45.743480139042653, 41.998622445323221 ], [ 45.743574380931413, 41.998547592674832 ], [ 45.743662800238745, 41.998472211155622 ], [ 45.743745563157127, 41.998396158298775 ], [ 45.743840776190261, 41.998302212373034 ], [ 45.743933929057114, 41.998204325826016 ], [ 45.744024835619641, 41.998102689908066 ], [ 45.744113302824076, 41.997997523835259 ], [ 45.744199149598849, 41.997889038640487 ], [ 45.744282149836593, 41.997777517701799 ], [ 45.744362096698545, 41.997663239769423 ], [ 45.744438775202738, 41.997546509765861 ], [ 45.744512095029762, 41.997427450772932 ], [ 45.744581709920944, 41.997306602736423 ], [ 45.744647412789973, 41.997184325468602 ], [ 45.744708998044906, 41.99706100309001 ], [ 45.744766275708344, 41.996937012414627 ], [ 45.744819051470316, 41.996812772615421 ], [ 45.744867151443067, 41.996688693726206 ], [ 45.744910416250029, 41.996565187487626 ], [ 45.744957599838365, 41.996409980514692 ], [ 45.744997838754784, 41.996250051400771 ], [ 45.745031017544719, 41.996085849430393 ], [ 45.74505703471101, 41.995917881438537 ], [ 45.745075811436898, 41.995746631595274 ], [ 45.745087273225188, 41.995572747060777 ], [ 45.745091377936859, 41.995396854068673 ], [ 45.745088110551833, 41.99521962641019 ], [ 45.745077456006769, 41.995041423545402 ], [ 45.745059458295245, 41.99486332057387 ], [ 45.745034191410312, 41.994686066360529 ], [ 45.745001766998811, 41.994510429339179 ], [ 45.744962324376239, 41.99433716965703 ], [ 45.744916035470233, 41.994167049049921 ], [ 45.744863104577746, 41.994000810128938 ], [ 45.744803757362362, 41.993839164743413 ], [ 45.744770449934229, 41.993758045879488 ], [ 45.744734060102182, 41.993676500275235 ], [ 45.744694589117465, 41.993594530621536 ], [ 45.744652038241952, 41.993512140509615 ], [ 45.744606409944865, 41.993429333522663 ], [ 45.744557705488241, 41.993346113251398 ], [ 45.744505927362496, 41.993262485079683 ], [ 45.744451078026614, 41.993178451689346 ], [ 45.744393159950192, 41.993094016662575 ], [ 45.744332176831101, 41.993009185374675 ], [ 45.744201027789927, 41.992838351028162 ], [ 45.744057660456185, 41.992665988945596 ], [ 45.743902107974193, 41.99249213669389 ], [ 45.743734403499715, 41.992316832736741 ], [ 45.743554592376867, 41.992140125362454 ], [ 45.7433627223228, 41.991962059237849 ], [ 45.743158837433484, 41.991782679049706 ], [ 45.742943008510494, 41.991602041917659 ], [ 45.742715256388564, 41.991420164751801 ], [ 45.742475611655109, 41.991237072501512 ], [ 45.742224050050901, 41.991052745434331 ], [ 45.74210025768857, 41.990966981536388 ], [ 45.74197000403317, 41.990882862441346 ], [ 45.741833016637962, 41.990800213358519 ], [ 45.741688936855816, 41.990718817720648 ], [ 45.741537531230215, 41.990638531102206 ], [ 45.74137803683508, 41.990558942296467 ], [ 45.741209743298143, 41.990479694691814 ], [ 45.741031565404327, 41.990400276474631 ], [ 45.740874706415084, 41.990333588121722 ], [ 45.740708722378976, 41.990265792078404 ], [ 45.740531953885544, 41.99019620730278 ], [ 45.740341145788683, 41.990123550582389 ], [ 45.739973575703608, 41.989988713090497 ], [ 45.739018908053538, 41.989647212649601 ], [ 45.738744283359416, 41.989545149472008 ], [ 45.738500111498553, 41.989450708359371 ], [ 45.738231538716093, 41.989341283546196 ], [ 45.737985241875521, 41.98923425385744 ], [ 45.737756670752624, 41.989127638406146 ], [ 45.737543550491104, 41.989020365717657 ], [ 45.737396485421712, 41.988941934396273 ], [ 45.737248189327751, 41.988860051353754 ], [ 45.737098339076312, 41.988774540329224 ], [ 45.736946520284711, 41.988685163500222 ], [ 45.736792466866376, 41.988591770354937 ], [ 45.736635327912559, 41.988493851166503 ], [ 45.736474343487984, 41.988390932546665 ], [ 45.73630836556729, 41.988282281499451 ], [ 45.736029893777932, 41.988094897061593 ], [ 45.735722946547121, 41.987882380473408 ], [ 45.735432700001304, 41.987677436896334 ], [ 45.73474634392835, 41.98718838245486 ], [ 45.734400737233884, 41.986945949287389 ], [ 45.734071725372111, 41.98672130057804 ], [ 45.733769147078874, 41.986522044513066 ], [ 45.733487747570642, 41.986344463627738 ], [ 45.733216229229257, 41.986181179072155 ], [ 45.732951129847358, 41.98603011178156 ], [ 45.732690426103275, 41.985890115564899 ], [ 45.73244650941372, 41.985758535499905 ], [ 45.732002995232428, 41.985508258870567 ], [ 45.731828109786868, 41.985411487351392 ], [ 45.731649242812331, 41.98531665214287 ], [ 45.731486544941824, 41.985235593713668 ], [ 45.73138931769256, 41.985190072338376 ], [ 45.731295086574001, 41.985148328080747 ], [ 45.731203215780177, 41.985110079488535 ], [ 45.731113285608039, 41.98507515181025 ], [ 45.731024822007072, 41.98504336793706 ], [ 45.730937681979292, 41.9850146810479 ], [ 45.73085163526693, 41.984989014254289 ], [ 45.730766503806564, 41.98496631555323 ], [ 45.730656294071899, 41.984941150983524 ], [ 45.73054218546492, 41.984919912784513 ], [ 45.730423926348188, 41.984902554810702 ], [ 45.730301184146633, 41.984889026026082 ], [ 45.730173750851137, 41.984879295315586 ], [ 45.730040915901178, 41.984873299632845 ], [ 45.729902028242563, 41.984871007072307 ], [ 45.729756079675447, 41.984872401504617 ], [ 45.729634616333257, 41.984876128654257 ], [ 45.729506834898963, 41.984882206923039 ], [ 45.729371381619295, 41.984890698930812 ], [ 45.729225545862434, 41.984901772279962 ], [ 45.728956941063444, 41.984925940742514 ], [ 45.728332752390479, 41.984987934088181 ], [ 45.728036169514297, 41.985013074088108 ], [ 45.727777489126964, 41.985028861043865 ], [ 45.727658252882556, 41.985033460035375 ], [ 45.727544226689993, 41.985035928242866 ], [ 45.727405032636376, 41.985038663896248 ], [ 45.727261716014169, 41.98504341145685 ], [ 45.726961362304372, 41.985058990433352 ], [ 45.726639959741206, 41.985082822225387 ], [ 45.726291061170123, 41.985115379764018 ], [ 45.725985454917939, 41.985148320846108 ], [ 45.72564221551211, 41.985188903344053 ], [ 45.724514510074265, 41.98533291775739 ], [ 45.724107743564865, 41.985382818544693 ], [ 45.723718737597345, 41.985426416577354 ], [ 45.723369829283875, 41.985460438782923 ], [ 45.723033511208094, 41.985487174438127 ], [ 45.722720072573637, 41.985505360996321 ], [ 45.722570422251394, 41.985511337753806 ], [ 45.722425066693624, 41.985515251793935 ], [ 45.722283695781648, 41.985517113190184 ], [ 45.72214606931621, 41.985516923468282 ], [ 45.721960616980979, 41.985513254297715 ], [ 45.721781527559699, 41.98550561343346 ], [ 45.721608413400617, 41.985493985328837 ], [ 45.721440973710649, 41.985478349384586 ], [ 45.721278890673617, 41.985458674297924 ], [ 45.721122007118076, 41.985434936760932 ], [ 45.720970133238666, 41.985407110066376 ], [ 45.720823115411193, 41.985375164576205 ], [ 45.720680601375399, 41.985339012454332 ], [ 45.720542699963673, 41.985298668345536 ], [ 45.720409302210719, 41.985254102327694 ], [ 45.720280319660475, 41.985205283448167 ], [ 45.720155658976523, 41.985152176280884 ], [ 45.720035260711271, 41.985094753292088 ], [ 45.719919062991472, 41.985032986061903 ], [ 45.719807007543643, 41.984966844345877 ], [ 45.719530964881564, 41.984795236274898 ], [ 45.719351422836048, 41.98467930430764 ], [ 45.719194615791785, 41.984571497697416 ], [ 45.719065250291656, 41.984474388167804 ], [ 45.71900783954937, 41.984427378368949 ], [ 45.71895706510638, 41.984382658791404 ], [ 45.718912826939352, 41.984340139103693 ], [ 45.718875067700189, 41.984299766533489 ], [ 45.718843735986567, 41.984261480164164 ], [ 45.718818824409709, 41.984225268338697 ], [ 45.718800317000898, 41.984191107744117 ], [ 45.718788205116169, 41.984158982225772 ], [ 45.71878350302849, 41.984136750012816 ], [ 45.718782244293187, 41.984114886225939 ], [ 45.718784428764877, 41.984093378256958 ], [ 45.718790058671928, 41.984072209879784 ], [ 45.718799135086371, 41.984051369378619 ], [ 45.718811667438693, 41.984030836879036 ], [ 45.718827664003037, 41.984010597016876 ], [ 45.718847142639277, 41.983990628062962 ], [ 45.718870079364983, 41.983970944576271 ], [ 45.718896530271422, 41.983951489461845 ], [ 45.718926530097349, 41.983932239082456 ], [ 45.718960120763114, 41.983913164351641 ], [ 45.71903827013908, 41.983875432518609 ], [ 45.71913162310674, 41.983837981868056 ], [ 45.71921573509885, 41.983808675179006 ], [ 45.719310491542103, 41.983779031532301 ], [ 45.719416960566946, 41.983748712764175 ], [ 45.719537336941833, 41.983717091734746 ], [ 45.719773996164101, 41.983659984152268 ], [ 45.720416352089373, 41.9835131224281 ], [ 45.720597103909412, 41.983468509412127 ], [ 45.720754261254456, 41.983426528278308 ], [ 45.720913534887337, 41.983379443098926 ], [ 45.721053190489847, 41.983332639440626 ], [ 45.721175385515494, 41.983285389596553 ], [ 45.721281133141133, 41.983237296369296 ], [ 45.721387442336585, 41.983182502194587 ], [ 45.721493172665333, 41.983124138634061 ], [ 45.721598507682621, 41.983062106363278 ], [ 45.721703676413874, 41.982996270645458 ], [ 45.721808838311084, 41.982926535908895 ], [ 45.72191441277144, 41.982852629317485 ], [ 45.722020771069097, 41.982774292746853 ], [ 45.722128429163654, 41.982691146472369 ], [ 45.722232458614506, 41.982607277177543 ], [ 45.722339012340264, 41.982517999641502 ], [ 45.722449068492516, 41.982422496204897 ], [ 45.7225644237041, 41.982319207311136 ], [ 45.722793063206005, 41.982106902292784 ], [ 45.722936928110883, 41.981969341656765 ], [ 45.723235338100281, 41.981684002991102 ], [ 45.723420947162715, 41.981509371386693 ], [ 45.723618272021646, 41.981330101974542 ], [ 45.723799583054095, 41.981173493871545 ], [ 45.723908453752742, 41.981083920148961 ], [ 45.724015064401648, 41.980999776257072 ], [ 45.724120166389326, 41.980920470231105 ], [ 45.724224264849234, 41.980845623312497 ], [ 45.724327929822799, 41.980774832914072 ], [ 45.724431343479871, 41.980707981702118 ], [ 45.724534792253202, 41.980644885935881 ], [ 45.724638496739146, 41.980585410924881 ], [ 45.725180139626708, 41.980284767614769 ], [ 45.725536611088664, 41.980090590415983 ], [ 45.725870730862461, 41.979914127160555 ], [ 45.726178382923408, 41.979758109670776 ], [ 45.726481979365829, 41.979611689258086 ], [ 45.726627797396567, 41.979544440708423 ], [ 45.726770136590567, 41.979480930129732 ], [ 45.726909376516424, 41.979420990310345 ], [ 45.727045634937568, 41.979364571880026 ], [ 45.727179096919762, 41.979311599822857 ], [ 45.727309901876467, 41.979262018324974 ], [ 45.727443060866555, 41.979214067271023 ], [ 45.727573597478496, 41.979169683994137 ], [ 45.727701606701451, 41.979128833675979 ], [ 45.727827164355112, 41.979091494228463 ], [ 45.727950354676089, 41.979057640807632 ], [ 45.728071218602487, 41.979027262353554 ], [ 45.728189807913786, 41.97900034593583 ], [ 45.728306163566756, 41.978976882295115 ], [ 45.728420386773863, 41.978956853683378 ], [ 45.728532443842326, 41.978940267526127 ], [ 45.728642366132298, 41.978927120028004 ], [ 45.728750178988875, 41.978917409232899 ], [ 45.728855907725631, 41.978911130482757 ], [ 45.728959569278466, 41.978908285477083 ], [ 45.729061180541578, 41.978908872312822 ], [ 45.7291607572323, 41.978912891796242 ], [ 45.729228160760115, 41.978917960391868 ], [ 45.729295764420264, 41.978925334272539 ], [ 45.729363599652906, 41.978935017741449 ], [ 45.729431703922891, 41.978947014162728 ], [ 45.729500111125645, 41.978961331426476 ], [ 45.729568868433482, 41.978977977338282 ], [ 45.729638021873562, 41.978996965114852 ], [ 45.729707625911821, 41.979018307018528 ], [ 45.729777642975577, 41.979041988876681 ], [ 45.729848226914648, 41.979068058346172 ], [ 45.72991944924771, 41.97909654109035 ], [ 45.729991390024992, 41.979127469923462 ], [ 45.730137755646574, 41.979196804263353 ], [ 45.730288260794126, 41.979276505723348 ], [ 45.730420192646015, 41.979352787360625 ], [ 45.730557052106327, 41.979437624399282 ], [ 45.730700216558361, 41.979531864583649 ], [ 45.730852280271748, 41.979637211638014 ], [ 45.730991566260371, 41.979737590741415 ], [ 45.731145929610861, 41.979852150941888 ], [ 45.731709191059871, 41.980281785987067 ], [ 45.731813186550333, 41.980359471667491 ], [ 45.731942805966014, 41.980456297765969 ], [ 45.732068542455671, 41.980547319393445 ], [ 45.73218691603806, 41.980630545779256 ], [ 45.732300126786477, 41.98070752285868 ], [ 45.732409299937331, 41.980779011732857 ], [ 45.73253858038904, 41.980859802125813 ], [ 45.732664187308153, 41.980933902283375 ], [ 45.732786931245521, 41.981001788898013 ], [ 45.732907351520581, 41.981063759357063 ], [ 45.733026049068073, 41.981120115155214 ], [ 45.733143214283565, 41.98117093614168 ], [ 45.733259141936642, 41.981216351034448 ], [ 45.7333740611449, 41.981256447539266 ], [ 45.733545850786207, 41.981309145570208 ], [ 45.733723707562241, 41.981356789680305 ], [ 45.733907947469383, 41.981399464284905 ], [ 45.734098975946601, 41.981437264032209 ], [ 45.734297080998836, 41.981470253695164 ], [ 45.734503052454833, 41.981498574090985 ], [ 45.734717624164439, 41.981522326758743 ], [ 45.734941852458853, 41.981541629178849 ], [ 45.735164473296024, 41.981555919365135 ], [ 45.735398648601802, 41.981566422573344 ], [ 45.735646535432792, 41.981573241995967 ], [ 45.735912194559624, 41.981576489313632 ], [ 45.736168337504168, 41.981576442077369 ], [ 45.736453581045112, 41.981573628089379 ], [ 45.737097148681791, 41.981561264665707 ], [ 45.737530553546229, 41.981552937428432 ], [ 45.737980165331571, 41.981547775571578 ], [ 45.738222007227968, 41.981547811183887 ], [ 45.738447001841216, 41.981550283771675 ], [ 45.73865950623933, 41.981555242855364 ], [ 45.73886171439824, 41.981562742833596 ], [ 45.739102419922538, 41.981575779551669 ], [ 45.739331817387104, 41.981592997411717 ], [ 45.739551502829528, 41.981614517695952 ], [ 45.739762510749401, 41.981640441872997 ], [ 45.739965970377419, 41.981670921228158 ], [ 45.740162218030264, 41.981706016679325 ], [ 45.740351784792431, 41.981745825712331 ], [ 45.740535072407987, 41.981790430430799 ], [ 45.740652607996623, 41.981822802101469 ], [ 45.740674195558221, 41.981829108854051 ], [ 45.740726443941746, 41.981844372991972 ], [ 45.740923910189942, 41.981907967915475 ], [ 45.741129513969746, 41.981981862165753 ], [ 45.741347237371841, 41.982067483650219 ], [ 45.741536397008382, 41.982146953079393 ], [ 45.741745688337005, 41.982239109431319 ], [ 45.742192739596241, 41.982444440300078 ], [ 45.742435465583561, 41.982555924469786 ], [ 45.742691868538131, 41.982670879052073 ], [ 45.742946666295857, 41.982779237996056 ], [ 45.743178600833758, 41.982870601199501 ], [ 45.743303086525543, 41.982916127044405 ], [ 45.743424036570616, 41.982957700131607 ], [ 45.743542135678382, 41.982995552911433 ], [ 45.743657853950666, 41.983029836360508 ], [ 45.743771715809508, 41.983060701101465 ], [ 45.743883902826255, 41.983088191897018 ], [ 45.743994687353911, 41.98311237453666 ], [ 45.744104278749411, 41.983133295402531 ], [ 45.744238052479105, 41.983154904208902 ], [ 45.744375513339889, 41.983173025907945 ], [ 45.744516941789087, 41.983187696495357 ], [ 45.744662711278814, 41.983198955865063 ], [ 45.744813064720319, 41.983206829444399 ], [ 45.74496875710814, 41.983211364554187 ], [ 45.745130477918977, 41.983212580114603 ], [ 45.74529926418559, 41.983210486479962 ], [ 45.745446862186114, 41.983206180363588 ], [ 45.745601549920771, 41.983199511508964 ], [ 45.74576487297329, 41.983190415806945 ], [ 45.745939820671992, 41.98317872608775 ], [ 45.746275275433341, 41.983152194645108 ], [ 45.747088267227966, 41.983081274510823 ], [ 45.747729399071247, 41.983049767886186 ], [ 45.748008965616464, 41.983038723802309 ], [ 45.748161017077329, 41.98303490756124 ], [ 45.748302844006517, 41.98303325360704 ], [ 45.748437259892015, 41.983033730124504 ], [ 45.748565680816078, 41.98303634501822 ], [ 45.748883144242868, 41.983047045826154 ], [ 45.749188424834067, 41.983060177791991 ], [ 45.749483324602608, 41.98307582021463 ], [ 45.749768959672437, 41.983094032533153 ], [ 45.750046580477495, 41.983114901216098 ], [ 45.750316485525218, 41.983138453191643 ], [ 45.750579218628161, 41.983164737196795 ], [ 45.750835179853745, 41.983193793895801 ], [ 45.751085619308057, 41.983225784478968 ], [ 45.751329852979303, 41.983260641406297 ], [ 45.751568116679188, 41.983298398299233 ], [ 45.751800594273163, 41.983339085513855 ], [ 45.752027484163605, 41.983382737811915 ], [ 45.752248885593538, 41.983429375291365 ], [ 45.752464917181555, 41.983479023325472 ], [ 45.75267567578657, 41.983531704726587 ], [ 45.753344616257671, 41.983705938556149 ], [ 45.75356608619154, 41.983766193735498 ], [ 45.75376480974306, 41.983822631333901 ], [ 45.753961320555149, 41.983881390613512 ], [ 45.754143401816727, 41.983939165358926 ], [ 45.754313402995521, 41.983996703961225 ], [ 45.754472511852647, 41.984054411170469 ], [ 45.754629289116977, 41.984115726221688 ], [ 45.754775666946301, 41.984177856081985 ], [ 45.754912158556174, 41.984241021680752 ], [ 45.755039100123987, 41.984305376656437 ], [ 45.755156836618724, 41.984371103406886 ], [ 45.755265468973512, 41.984438266143954 ], [ 45.75536515159434, 41.984506959347478 ], [ 45.755455994001728, 41.984577258876193 ], [ 45.755495840647377, 41.984611496454711 ], [ 45.755531920972253, 41.984645326490323 ], [ 45.755532159056905, 41.984645553691202 ], [ 45.755532917063846, 41.984646260224352 ], [ 45.755533067951454, 41.98464646368128 ], [ 45.755537410771957, 41.984650906879473 ], [ 45.75553748653715, 41.984650984738309 ], [ 45.755543394695401, 41.984657030717322 ], [ 45.755550832739793, 41.984664641882446 ], [ 45.755550893849701, 41.984664705427157 ], [ 45.75555897710214, 41.984672977933492 ], [ 45.755559082177982, 41.984673084420535 ], [ 45.755566019243879, 41.984680184604684 ], [ 45.755566170753077, 41.98468033852113 ], [ 45.755568361729054, 41.984682581156342 ], [ 45.755579639799898, 41.984695195434121 ], [ 45.755580532840327, 41.984696193792935 ], [ 45.755595501763338, 41.984712935822131 ], [ 45.755596741018486, 41.984714321888106 ], [ 45.755602244887733, 41.984720478604359 ], [ 45.755610770196867, 41.984730913385803 ], [ 45.755612471599449, 41.984732997123722 ], [ 45.755622115236697, 41.984744799852159 ], [ 45.755626146401632, 41.984749735057804 ], [ 45.755634369171744, 41.984759799855944 ], [ 45.755634769058695, 41.984760336719503 ], [ 45.75563479848654, 41.984760375254211 ], [ 45.755646191481326, 41.984775661929973 ], [ 45.755658302061363, 41.984791911190577 ], [ 45.755664757834062, 41.98480057177926 ], [ 45.755720403230633, 41.984886577934425 ], [ 45.755757031040915, 41.984955549877057 ], [ 45.75575825089583, 41.984957846636952 ], [ 45.755769292582571, 41.984978637749236 ], [ 45.755811670001663, 41.985077182842659 ], [ 45.755847717802659, 41.985182625424422 ], [ 45.755849371895316, 41.98518887232396 ], [ 45.755850919767241, 41.985194711923576 ], [ 45.755877647368571, 41.98529559006748 ], [ 45.755899106155283, 41.985401915868131 ], [ 45.755909394575795, 41.985470455947585 ], [ 45.755915842031854, 41.985513406528653 ], [ 45.755916164460821, 41.985515558785785 ], [ 45.755928994751933, 41.985637629101547 ], [ 45.755937823835474, 41.985770258987799 ], [ 45.755942418052442, 41.985896454517878 ], [ 45.755944351321759, 41.986038236386754 ], [ 45.755943034143925, 41.986207001831445 ], [ 45.755942873466239, 41.98622750192375 ], [ 45.755940165931626, 41.986574459591957 ], [ 45.755942269218295, 41.986797955447926 ], [ 45.755946473323512, 41.986916983366612 ], [ 45.75594871058648, 41.98695455859793 ], [ 45.755949891727511, 41.986974395071265 ], [ 45.755953043639998, 41.987027342155081 ], [ 45.755962104885342, 41.987131103411762 ], [ 45.755973750210046, 41.987229303183035 ], [ 45.755991809137761, 41.987343895964543 ], [ 45.756014093765501, 41.987452192315047 ], [ 45.756040748900126, 41.987554900098381 ], [ 45.756071895843128, 41.987652475147634 ], [ 45.756087531558997, 41.987693053189943 ], [ 45.756091804821317, 41.987704145497084 ], [ 45.75610770337876, 41.987745407207541 ], [ 45.756148237181428, 41.987833838145654 ], [ 45.756193601304844, 41.987917990635495 ], [ 45.756243887090974, 41.987998033393851 ], [ 45.756295388808304, 41.988070436823591 ], [ 45.756318790581666, 41.988103336874673 ], [ 45.756403098566921, 41.98821158564072 ], [ 45.75649770493515, 41.988323941035844 ], [ 45.756604523684246, 41.988442683499969 ], [ 45.75670019420221, 41.988543916661591 ], [ 45.756809855651824, 41.988655940179378 ], [ 45.757282936569688, 41.989125858676218 ], [ 45.757386854123638, 41.98923324959793 ], [ 45.757478723376821, 41.989331866437887 ], [ 45.757575642423546, 41.989441032631504 ], [ 45.757658683753093, 41.989539055504601 ], [ 45.757678931718608, 41.989562956874671 ], [ 45.757791982922221, 41.98970143465727 ], [ 45.758124077868565, 41.99011582683368 ], [ 45.758232339337027, 41.990245453491276 ], [ 45.758332204395614, 41.990359804478906 ], [ 45.758452542088257, 41.990489545687133 ], [ 45.758570240685025, 41.990607046225094 ], [ 45.758687688587919, 41.990714684270102 ], [ 45.758806151333829, 41.990813607905203 ], [ 45.758845927421355, 41.990844573545189 ], [ 45.758975889025756, 41.990945744689483 ], [ 45.759139403749288, 41.99106730809725 ], [ 45.759296518759164, 41.991178166027481 ], [ 45.759446996525703, 41.991278150754624 ], [ 45.759590605751612, 41.991367110723921 ], [ 45.759727200398075, 41.991444956862367 ], [ 45.759856630853285, 41.991511603722593 ], [ 45.759978778002569, 41.991566991773787 ], [ 45.760060324268977, 41.991598168598685 ], [ 45.76014155106644, 41.991623086995801 ], [ 45.76022250320878, 41.991641761079698 ], [ 45.760303232721242, 41.991654202215045 ], [ 45.7603837831467, 41.991660419120549 ], [ 45.760464222129528, 41.991660416752495 ], [ 45.76054461000664, 41.991654194711401 ], [ 45.760625014326081, 41.99164174984783 ], [ 45.760705400248398, 41.991623098604471 ], [ 45.760785956927862, 41.991598210005968 ], [ 45.760866773352262, 41.991567056442307 ], [ 45.760947948048631, 41.991529600332683 ], [ 45.761029569896507, 41.991485805060648 ], [ 45.761111788827158, 41.991435590373008 ], [ 45.761194742655718, 41.991378872493783 ], [ 45.761278603829233, 41.991315535893847 ], [ 45.761350760324234, 41.991256371261969 ], [ 45.761423851835737, 41.991192200820535 ], [ 45.761498036073128, 41.991122887521804 ], [ 45.761573512394698, 41.991048243604382 ], [ 45.761650421669394, 41.990968137535191 ], [ 45.761729145567728, 41.990882180395509 ], [ 45.761810030854171, 41.990789992503686 ], [ 45.761893575367267, 41.99069100583705 ], [ 45.762047842986881, 41.990499467084156 ], [ 45.762218426183658, 41.990277075763721 ], [ 45.762392776626129, 41.990041879701018 ], [ 45.762890877161063, 41.989359446845228 ], [ 45.763047838032968, 41.989150519588527 ], [ 45.76313007292039, 41.989044411081494 ], [ 45.763190883046775, 41.988965944807276 ], [ 45.763355447023265, 41.988762320093201 ], [ 45.763512300224193, 41.988578473580276 ], [ 45.763664231266524, 41.988411146175579 ], [ 45.763812657188197, 41.988258788342385 ], [ 45.76390158830813, 41.98817304907589 ], [ 45.763989815149593, 41.988092238335526 ], [ 45.764077495365314, 41.988016211868747 ], [ 45.76416475443358, 41.987944860762461 ], [ 45.764251731088265, 41.987878074213619 ], [ 45.764338493541317, 41.987815800431136 ], [ 45.764425130395949, 41.987757976680086 ], [ 45.764511711134574, 41.987704556564466 ], [ 45.764598414452188, 41.987655439821594 ], [ 45.764685187661691, 41.987610661027375 ], [ 45.764772086006616, 41.987570194595186 ], [ 45.764859157519872, 41.98753401768824 ], [ 45.764946451462848, 41.987502109262792 ], [ 45.765034002729941, 41.987474458277894 ], [ 45.765121846204686, 41.98745105279189 ], [ 45.76521001681386, 41.987431884465366 ], [ 45.765429840431402, 41.987392910027665 ], [ 45.765660070555789, 41.987358814887095 ], [ 45.765898986373138, 41.98732985454118 ], [ 45.766144731515986, 41.987306254781707 ], [ 45.766395380302377, 41.987288198645977 ], [ 45.766648975176295, 41.987275827969746 ], [ 45.766903555611265, 41.98726923779121 ], [ 45.767157229349742, 41.987268477676622 ], [ 45.767406877769091, 41.987273510837895 ], [ 45.767652164696294, 41.987284284609025 ], [ 45.767891532064333, 41.987300731082819 ], [ 45.768123612212534, 41.987322754971032 ], [ 45.768346987418248, 41.987350214496104 ], [ 45.768560765396458, 41.987382993192895 ], [ 45.76876398707217, 41.987420942624205 ], [ 45.768861388246805, 41.987441809766459 ], [ 45.768955859955582, 41.987463914141614 ], [ 45.769035644507738, 41.987485506185728 ], [ 45.769114407069225, 41.987511049011907 ], [ 45.769192180365231, 41.987540552310215 ], [ 45.769268999589187, 41.98757403025725 ], [ 45.769344895084089, 41.987611495260758 ], [ 45.769419916647799, 41.987652971306495 ], [ 45.769494106824482, 41.987698481528049 ], [ 45.769567513073497, 41.987748056231197 ], [ 45.769640095105338, 41.987801656959071 ], [ 45.769712009964849, 41.98785939163993 ], [ 45.769783319846717, 41.987921311195457 ], [ 45.769854101605098, 41.987987480859395 ], [ 45.769924413846468, 41.988057954279029 ], [ 45.769994376294207, 41.988132847737845 ], [ 45.77006409293643, 41.988212274021819 ], [ 45.770133697189522, 41.988296383546981 ], [ 45.770247487449666, 41.988444248784489 ], [ 45.770362252387095, 41.988606223405704 ], [ 45.770479097289467, 41.988783856328006 ], [ 45.770600159476423, 41.988980381875642 ], [ 45.770704061773408, 41.989157933915045 ], [ 45.770817264581495, 41.989358935125338 ], [ 45.770862301816017, 41.98944181853124 ], [ 45.771177178159377, 41.990021295601998 ], [ 45.771306192118594, 41.990254098642772 ], [ 45.771434431258314, 41.990475845734807 ], [ 45.771552353928612, 41.990667909627753 ], [ 45.771616874764824, 41.990767263615894 ], [ 45.771680056990419, 41.990860226478176 ], [ 45.77174228038001, 41.990947356774761 ], [ 45.771803812584679, 41.991029025580971 ], [ 45.771864949252723, 41.991105622697113 ], [ 45.771925802975083, 41.991177275260561 ], [ 45.771986529335848, 41.991244171364109 ], [ 45.772047256763543, 41.991306449746602 ], [ 45.772116731514721, 41.99137205213669 ], [ 45.77218649934894, 41.99143192521921 ], [ 45.772256690746744, 41.991486177996507 ], [ 45.772327412969481, 41.991534896209572 ], [ 45.772398786471108, 41.991578158305146 ], [ 45.772470879317027, 41.991616003453181 ], [ 45.772543775342555, 41.991648477021798 ], [ 45.772617543700491, 41.991675608265943 ], [ 45.772692347966959, 41.991697447420542 ], [ 45.77276815891171, 41.991713974865952 ], [ 45.772845033429526, 41.991725204627713 ], [ 45.772923027109506, 41.991731142634094 ], [ 45.773002194322203, 41.991731793920678 ], [ 45.773082578485564, 41.991727156391327 ], [ 45.773164223038755, 41.991717229750961 ], [ 45.773247171343982, 41.991702007400193 ], [ 45.773367389281937, 41.99167533330602 ], [ 45.77348333150352, 41.991647616111813 ], [ 45.77359503172331, 41.991618848398026 ], [ 45.773702394834444, 41.991589052433881 ], [ 45.773805343860658, 41.991558252167607 ], [ 45.773903774115311, 41.99152647623719 ], [ 45.773997602620348, 41.991493751332939 ], [ 45.774086763277452, 41.991460102229581 ], [ 45.774171125116666, 41.991425580258216 ], [ 45.774250714624465, 41.991390178946119 ], [ 45.774325486161352, 41.991353917524883 ], [ 45.774395404942254, 41.991316814251803 ], [ 45.774460433779204, 41.991278888300414 ], [ 45.774520552309021, 41.991240152425661 ], [ 45.774575737765581, 41.991200620298699 ], [ 45.774625972222907, 41.991160306458184 ], [ 45.774674183153095, 41.991116504487614 ], [ 45.77472147432529, 41.991068045089683 ], [ 45.774768265540814, 41.991014503022747 ], [ 45.774815326073444, 41.990955002157307 ], [ 45.774857739141531, 41.990896752135853 ], [ 45.77490302672328, 41.990830343434801 ], [ 45.775061374667487, 41.990584154532051 ], [ 45.775142448408644, 41.990455484694408 ], [ 45.775217907138284, 41.990323461733759 ], [ 45.775287740266606, 41.990188106447597 ], [ 45.775351934780446, 41.990049438748279 ], [ 45.775410482530049, 41.989907481216591 ], [ 45.775463371778883, 41.98976225915861 ], [ 45.775510592054111, 41.989613802374365 ], [ 45.775552134070125, 41.989462138853767 ], [ 45.775587997850629, 41.989307267701832 ], [ 45.775618162534009, 41.989149257514683 ], [ 45.775642622581948, 41.988988146161603 ], [ 45.77566137251258, 41.988823976013968 ], [ 45.77567440560582, 41.988656786748699 ], [ 45.775681717754374, 41.988486634236082 ], [ 45.775683307277831, 41.988313575229775 ], [ 45.775679172541125, 41.988137670084946 ], [ 45.775669257275666, 41.987958158123298 ], [ 45.775653572191835, 41.987775917413927 ], [ 45.775632124349961, 41.987591028065125 ], [ 45.775604922204565, 41.987403585486184 ], [ 45.775571980093865, 41.987213672436518 ], [ 45.775533318993823, 41.987021421166126 ], [ 45.775488963404023, 41.98682695579452 ], [ 45.775438947743822, 41.986630421989219 ], [ 45.775383227008142, 41.986431687649464 ], [ 45.7753219204061, 41.986231220304738 ], [ 45.77525508956883, 41.986029219476137 ], [ 45.775182812277777, 41.985825922402839 ], [ 45.775105157382647, 41.985621526754663 ], [ 45.77502226095713, 41.985416398170564 ], [ 45.774964063151273, 41.985280477942865 ], [ 45.774934258700291, 41.985210871669203 ], [ 45.774841324600828, 41.985005354063489 ], [ 45.774775959588155, 41.984874032242658 ], [ 45.774700160591657, 41.984739270022068 ], [ 45.774613341492532, 41.984600012159113 ], [ 45.774514364804297, 41.984454430756955 ], [ 45.774400749083121, 41.984298970503922 ], [ 45.774343019019099, 41.984224466415135 ], [ 45.774268846346459, 41.984128741056303 ], [ 45.774124034173006, 41.983949576590753 ], [ 45.774019583452642, 41.983822887885054 ], [ 45.773705719251787, 41.983442198669131 ], [ 45.773579955209236, 41.983283464487251 ], [ 45.773471321233096, 41.98314009710046 ], [ 45.773365066989001, 41.982990742194367 ], [ 45.773352463728322, 41.982973026443197 ], [ 45.773249493136881, 41.982815265053269 ], [ 45.773160364992357, 41.982663668127017 ], [ 45.773120690592194, 41.982589667748812 ], [ 45.773084150860868, 41.982516636972427 ], [ 45.773034270177838, 41.982406596004239 ], [ 45.772988868378846, 41.982292685336162 ], [ 45.772947848424941, 41.98217466785227 ], [ 45.772911101444251, 41.982052226356792 ], [ 45.772878555027845, 41.981925164096346 ], [ 45.772850027157425, 41.981792805002698 ], [ 45.77282538243368, 41.981654534838661 ], [ 45.7728044499367, 41.981509397354429 ], [ 45.7727902364987, 41.981387335497708 ], [ 45.772778168786921, 41.981259037426341 ], [ 45.772768119794648, 41.981123184527242 ], [ 45.772760861910584, 41.980994339792495 ], [ 45.772759893650708, 41.980977155394179 ], [ 45.772749740109546, 41.980705761813141 ], [ 45.772746392080101, 41.980570825697427 ], [ 45.772733701221611, 41.980059214936787 ], [ 45.772726929261829, 41.979889275140714 ], [ 45.772718476732024, 41.979736777147266 ], [ 45.772706603453649, 41.97957929179627 ], [ 45.772691922302755, 41.97943246575111 ], [ 45.772674193054677, 41.979293900366187 ], [ 45.772653246954768, 41.979162316036131 ], [ 45.772627605277094, 41.979030516521064 ], [ 45.772598088231184, 41.97890454153638 ], [ 45.772564548301588, 41.978783769715236 ], [ 45.77252686565987, 41.978667773145958 ], [ 45.772484882626564, 41.978556088144543 ], [ 45.772438527165683, 41.978448545866854 ], [ 45.772387696206955, 41.978344906524661 ], [ 45.77236569863777, 41.978305229982752 ], [ 45.772351055408642, 41.978278818434603 ], [ 45.772332298228037, 41.978244986993055 ], [ 45.77228415165925, 41.978166386842602 ], [ 45.772232501812326, 41.978088340726593 ], [ 45.772177324124527, 41.978010812779061 ], [ 45.77211859034702, 41.9779337617545 ], [ 45.772056272296417, 41.977857151810518 ], [ 45.771990328306345, 41.977780930082474 ], [ 45.77192071431864, 41.977705045522633 ], [ 45.771847380197201, 41.977629443521046 ], [ 45.77177036986064, 41.977554161603138 ], [ 45.771689522004309, 41.977479035124077 ], [ 45.771604760941237, 41.977403992531521 ], [ 45.771515991522023, 41.977328949794078 ], [ 45.77142313325524, 41.977253837191711 ], [ 45.771326030125003, 41.97717852786878 ], [ 45.771224533488919, 41.977102905727072 ], [ 45.771118449712979, 41.977026827049052 ], [ 45.770926842596936, 41.976895922037201 ], [ 45.770719770253081, 41.976762177168844 ], [ 45.770495180477212, 41.976624257843234 ], [ 45.770249026499719, 41.976479676461622 ], [ 45.770018709279739, 41.976349090883417 ], [ 45.769758763715821, 41.97620561149003 ], [ 45.769022896412253, 41.975809659669615 ], [ 45.768962398431974, 41.975777107003324 ], [ 45.768806195883009, 41.975693056862696 ], [ 45.768421514800032, 41.975482105302774 ], [ 45.768413672832587, 41.975477678802079 ], [ 45.768413395488864, 41.975477600499573 ], [ 45.768412423564648, 41.975476973839875 ], [ 45.768254356446292, 41.975387800748422 ], [ 45.768250866279885, 41.975385830940326 ], [ 45.768219124340042, 41.975367923840807 ], [ 45.768076790286287, 41.97528552807622 ], [ 45.76806060659446, 41.97527615958905 ], [ 45.768032270861283, 41.975259756270155 ], [ 45.767857468204618, 41.975155573376526 ], [ 45.767692964448834, 41.975054329553778 ], [ 45.76750363823696, 41.974933175692478 ], [ 45.767326176851434, 41.974814187560803 ], [ 45.76716916620753, 41.974703460259789 ], [ 45.767156195713305, 41.974694186356203 ], [ 45.767002617150602, 41.974579841346397 ], [ 45.766854984376039, 41.974463355165668 ], [ 45.766716292998183, 41.974346934266769 ], [ 45.766586184495878, 41.974230276652435 ], [ 45.766485039642717, 41.974133002301627 ], [ 45.766464395288267, 41.974113146336919 ], [ 45.766463958205783, 41.97411273044721 ], [ 45.766280761476054, 41.97393611226812 ], [ 45.766101496251622, 41.9737706231559 ], [ 45.766099818113631, 41.973769074407748 ], [ 45.765908440744091, 41.973592402133555 ], [ 45.765756164102477, 41.973448596884381 ], [ 45.765678203178688, 41.973371223106312 ], [ 45.765674179625016, 41.973367229385516 ], [ 45.765604203672986, 41.973297779464758 ], [ 45.76551735268297, 41.973204984278297 ], [ 45.765516767048688, 41.973204357719816 ], [ 45.76547566703384, 41.973160445283938 ], [ 45.765406292131892, 41.973080675044784 ], [ 45.765387142685505, 41.973057191854508 ], [ 45.765385884677194, 41.973055649301216 ], [ 45.765343095201153, 41.97300317467505 ], [ 45.765285668282125, 41.972927441633075 ], [ 45.765274220953252, 41.972911056536724 ], [ 45.765273227499925, 41.972909633808001 ], [ 45.765244448320509, 41.972868439312698 ], [ 45.76524421255143, 41.972868102235232 ], [ 45.765233759923881, 41.972853141656636 ], [ 45.765216430705607, 41.972825929269646 ], [ 45.765216332314118, 41.972825775912213 ], [ 45.765196207182619, 41.972794174316697 ], [ 45.765196117379304, 41.972794032610622 ], [ 45.765187118215053, 41.972779901756901 ], [ 45.765185828835683, 41.972777653291082 ], [ 45.765185725293549, 41.972777472948081 ], [ 45.765177298641674, 41.972762771760827 ], [ 45.765177183989998, 41.972762570776652 ], [ 45.765168210053048, 41.972746916733016 ], [ 45.765168102804225, 41.972746729209419 ], [ 45.76515851990392, 41.972730011038216 ], [ 45.765158452115116, 41.972729893503249 ], [ 45.76514979620525, 41.972714793047132 ], [ 45.76514977771447, 41.972714760746513 ], [ 45.765145675346474, 41.97270760440545 ], [ 45.765141545659823, 41.972699476431529 ], [ 45.765141473948738, 41.972699333704149 ], [ 45.765132938940965, 41.972682535592796 ], [ 45.765132895677283, 41.97268245031821 ], [ 45.765125506509477, 41.972667907934031 ], [ 45.765125433570056, 41.972667763413497 ], [ 45.765118254517262, 41.972653633032465 ], [ 45.765118156880412, 41.972653441842105 ], [ 45.765111457405311, 41.972640253959888 ], [ 45.765111384498276, 41.972640112141143 ], [ 45.765109328920779, 41.972636065654676 ], [ 45.765108554883575, 41.972634319024955 ], [ 45.765078006045044, 41.97256514639259 ], [ 45.765039907271152, 41.972463147182715 ], [ 45.765006912823942, 41.972356412485759 ], [ 45.764979109352161, 41.972245225437185 ], [ 45.76495658295179, 41.972129924115954 ], [ 45.764939398811457, 41.972010814315922 ], [ 45.764927637978282, 41.971888417883498 ], [ 45.76492134739285, 41.971763230772531 ], [ 45.764920558143196, 41.971635836406051 ], [ 45.764925323943508, 41.971505985843244 ], [ 45.764935643348757, 41.97137527596783 ], [ 45.764951454464658, 41.971244488065288 ], [ 45.764972653008464, 41.971114491967761 ], [ 45.764999110002947, 41.970986110836868 ], [ 45.765030616910565, 41.970860377317656 ], [ 45.765066934133706, 41.970738249506788 ], [ 45.765107773915538, 41.970620694828227 ], [ 45.765134413383691, 41.970555400264729 ], [ 45.765165161818594, 41.970490972665687 ], [ 45.765200036912248, 41.970427378585427 ], [ 45.765239058748875, 41.970364582760453 ], [ 45.765282243814021, 41.970302551752212 ], [ 45.765329627751278, 41.970241239384613 ], [ 45.765381241387821, 41.970180600413819 ], [ 45.76543712998928, 41.970120585896545 ], [ 45.76549724451926, 41.970061233981433 ], [ 45.765561729189379, 41.970002393289462 ], [ 45.765630649618657, 41.969944001229948 ], [ 45.765704094247035, 41.969885986052681 ], [ 45.765782134737513, 41.969828286025908 ], [ 45.765864923003683, 41.969770788444634 ], [ 45.765952605064413, 41.969713392350819 ], [ 45.766045372482701, 41.969655970362126 ], [ 45.766205203377289, 41.96956355039336 ], [ 45.766380052125655, 41.969469909522694 ], [ 45.766571755720079, 41.969374057295255 ], [ 45.76678404981439, 41.969274119614447 ], [ 45.766976368918677, 41.969187723162392 ], [ 45.767194668149486, 41.969092995466085 ], [ 45.76795530856549, 41.968773385618441 ], [ 45.768247287265389, 41.968648170042975 ], [ 45.768535225213107, 41.96851922050665 ], [ 45.768787163267, 41.968399371154035 ], [ 45.768921439967727, 41.968331818302481 ], [ 45.769047878898839, 41.968265258090703 ], [ 45.769167223625388, 41.968199298277575 ], [ 45.769279959714943, 41.968133669935895 ], [ 45.769386606054148, 41.968068065183424 ], [ 45.769487320718717, 41.968002380302003 ], [ 45.76958234679082, 41.967936455161009 ], [ 45.769671865043911, 41.967870166973029 ], [ 45.770141798973512, 41.967507218509994 ], [ 45.770541968954838, 41.96719136641476 ], [ 45.770904692366521, 41.966897087577756 ], [ 45.771237437425519, 41.966618234694707 ], [ 45.771550355169154, 41.966346089835859 ], [ 45.7716984549781, 41.966213249011886 ], [ 45.771841376953773, 41.966082210808665 ], [ 45.771979414731419, 41.965952703072091 ], [ 45.772112691250697, 41.965824609708072 ], [ 45.772241367617532, 41.965697777437391 ], [ 45.772365567853114, 41.965572080248961 ], [ 45.772487859996225, 41.965444814198563 ], [ 45.772605701762615, 41.965318513755626 ], [ 45.772719181348485, 41.965193084671277 ], [ 45.772828365445307, 41.965068450853749 ], [ 45.772933330298848, 41.96494452804027 ], [ 45.773034116355291, 41.964821265532926 ], [ 45.773130771223876, 41.964698606280294 ], [ 45.773223332935586, 41.964576499599474 ], [ 45.773311882286229, 41.964454838677867 ], [ 45.773396402635747, 41.964333642550748 ], [ 45.773476918881002, 41.964212872330776 ], [ 45.773553454766073, 41.964092493641111 ], [ 45.773626035208551, 41.963972469394612 ], [ 45.773694674407061, 41.963852774284476 ], [ 45.773759386527196, 41.963733380301697 ], [ 45.773820188202045, 41.96361426392356 ], [ 45.77385824141296, 41.963533490795086 ], [ 45.773893846813635, 41.96344999343426 ], [ 45.773927080673936, 41.963363592097018 ], [ 45.773958035481172, 41.963274051088575 ], [ 45.773986768568754, 41.96318122141453 ], [ 45.774013441608012, 41.963084601217368 ], [ 45.774038181821048, 41.962983733904721 ], [ 45.774061164111259, 41.962877914879954 ], [ 45.774094861778622, 41.962695485190231 ], [ 45.774125970863906, 41.962490133933514 ], [ 45.77415148690357, 41.962291995065051 ], [ 45.774208209905836, 41.961812814231401 ], [ 45.774241801671579, 41.961568686097813 ], [ 45.774261401088197, 41.961447650588333 ], [ 45.774282102329778, 41.961334701008624 ], [ 45.774304251935803, 41.961227960739507 ], [ 45.774328058745326, 41.961126439442815 ], [ 45.774355764460957, 41.961022032233188 ], [ 45.774385775293013, 41.960922139806755 ], [ 45.774418243131898, 41.960826251361489 ], [ 45.774453289218613, 41.960734015719318 ], [ 45.774491061022928, 41.960645055405635 ], [ 45.774531624473589, 41.960559234873479 ], [ 45.774575068944664, 41.960476361675596 ], [ 45.774621472267441, 41.960396286674104 ], [ 45.774672757767611, 41.960316206629983 ], [ 45.774729129758512, 41.960236154383161 ], [ 45.774790680721864, 41.960155996003792 ], [ 45.774857540150371, 41.960075564887333 ], [ 45.774929800697961, 41.959994741511466 ], [ 45.77500772773783, 41.959913220550746 ], [ 45.775091579804268, 41.959830730048886 ], [ 45.775181742072775, 41.959746893616533 ], [ 45.775276691446749, 41.95966298785811 ], [ 45.775378878746096, 41.959576726535467 ], [ 45.775489224814223, 41.959487327937119 ], [ 45.77560949210492, 41.959393359785061 ], [ 45.77586189491781, 41.959204253090519 ], [ 45.776374198453567, 41.958833132290934 ], [ 45.776586434944754, 41.958676427712327 ], [ 45.776802601255085, 41.958510044629364 ], [ 45.776988612799357, 41.958357859747125 ], [ 45.777093551393314, 41.95826670116773 ], [ 45.777190744217947, 41.958177739409663 ], [ 45.777280876313277, 41.958090346594801 ], [ 45.777364379435838, 41.958004103709392 ], [ 45.7774416991479, 41.957918536703083 ], [ 45.777512960381728, 41.957833497934004 ], [ 45.777578356975653, 41.957748751027118 ], [ 45.777638029149394, 41.957664115810381 ], [ 45.777694481768741, 41.957576302310017 ], [ 45.777747890532424, 41.957485469658664 ], [ 45.777798351205931, 41.957391455091972 ], [ 45.77784597588775, 41.957294049800659 ], [ 45.777890844821968, 41.957193104634754 ], [ 45.777933144916126, 41.957088212131026 ], [ 45.777973029632683, 41.956978992973106 ], [ 45.778010698657461, 41.956864900007247 ], [ 45.778044281111029, 41.956752630647124 ], [ 45.778076364659753, 41.956634596372162 ], [ 45.778107248519575, 41.956509703549713 ], [ 45.77813744219398, 41.956375894310973 ], [ 45.778192019679452, 41.956104245078329 ], [ 45.778289610024949, 41.955565885786108 ], [ 45.778332699759993, 41.955341581217425 ], [ 45.778382930482799, 41.955108694409681 ], [ 45.778434727568637, 41.954901631622434 ], [ 45.778468840331158, 41.954781423649699 ], [ 45.778504707506777, 41.954666778883755 ], [ 45.778542580021139, 41.954556900334609 ], [ 45.778582636185739, 41.954451270710244 ], [ 45.778625098380971, 41.954349325584815 ], [ 45.778670045398655, 41.954250896897776 ], [ 45.778717598247383, 41.954155716328117 ], [ 45.77876785945346, 41.954063583229654 ], [ 45.779064908681548, 41.953525449716714 ], [ 45.779151695521428, 41.95337930877983 ], [ 45.779233638816137, 41.953252091199388 ], [ 45.779324966760989, 41.953124100130559 ], [ 45.77937063833788, 41.953065691792702 ], [ 45.779416574308108, 41.95301066994363 ], [ 45.779462980511916, 41.952958796310611 ], [ 45.779509923672322, 41.952910001088945 ], [ 45.779557508647223, 41.952864175486219 ], [ 45.779605817733326, 41.952821240585003 ], [ 45.779688899910759, 41.952754731479189 ], [ 45.779779689179406, 41.952690277522706 ], [ 45.779878041967095, 41.952627979646429 ], [ 45.779983787054441, 41.952567947074122 ], [ 45.780096759114556, 41.952510277279956 ], [ 45.780216700343111, 41.952455102591074 ], [ 45.780343353981017, 41.952402541817456 ], [ 45.780476419916901, 41.952352720368246 ], [ 45.780615935618613, 41.952305643370437 ], [ 45.78076117916212, 41.952261574201025 ], [ 45.780911735822741, 41.952220638149683 ], [ 45.781067134220095, 41.952182964495606 ], [ 45.781226917257229, 41.952148666210739 ], [ 45.781390482057589, 41.952117873473142 ], [ 45.781557242396794, 41.952090696535883 ], [ 45.78172656252309, 41.952067240588399 ], [ 45.78189972972357, 41.952047395977786 ], [ 45.782074123084229, 41.952031532700502 ], [ 45.782249009850474, 41.952019716088117 ], [ 45.782423640224735, 41.952011998983565 ], [ 45.782583550289274, 41.952008695240472 ], [ 45.782597262928583, 41.952008411727746 ], [ 45.782769137387717, 41.952008971983744 ], [ 45.782938531219123, 41.95201367664793 ], [ 45.783104743197136, 41.952022505295659 ], [ 45.783266804927777, 41.952035395196212 ], [ 45.783424390211842, 41.952052308963751 ], [ 45.783576904661921, 41.95207318222284 ], [ 45.783723804437152, 41.952097940348196 ], [ 45.783864543037566, 41.952126488920086 ], [ 45.783998718888483, 41.952158745140153 ], [ 45.784125921745499, 41.952194608256775 ], [ 45.784245795683923, 41.952233979849815 ], [ 45.784359432518357, 41.952277341544203 ], [ 45.784474350720693, 41.952327479981207 ], [ 45.784496995039873, 41.952338565552878 ], [ 45.784510862039042, 41.952345354580736 ], [ 45.784590562108065, 41.952384371658724 ], [ 45.7847080680489, 41.952448026470513 ], [ 45.784826861301639, 41.952518440859158 ], [ 45.784946964985963, 41.952595627271599 ], [ 45.785068393733198, 41.952679594609968 ], [ 45.785191180438467, 41.952770365161335 ], [ 45.785314832791819, 41.952867539691248 ], [ 45.785439944888999, 41.952971545550618 ], [ 45.785566605801243, 41.953082459581921 ], [ 45.785694988733681, 41.953200430104665 ], [ 45.785824978781193, 41.953325331805914 ], [ 45.785957358367362, 41.953457893365218 ], [ 45.786092732178766, 41.953598714078893 ], [ 45.786232738053492, 41.953749497585157 ], [ 45.786282682401037, 41.953806146912747 ], [ 45.786330329532873, 41.953864271929639 ], [ 45.786375696658048, 41.953923898640042 ], [ 45.786418804582716, 41.953985051222048 ], [ 45.786459672939607, 41.954047756563618 ], [ 45.786498323873914, 41.954112049641338 ], [ 45.786534779552824, 41.954177967232759 ], [ 45.786569062176575, 41.954245548817106 ], [ 45.786601164203091, 41.954314770130011 ], [ 45.786631144979431, 41.954385747852982 ], [ 45.786659025720397, 41.954458539484854 ], [ 45.786684833772817, 41.954533210588224 ], [ 45.786708590340133, 41.954609817761032 ], [ 45.786730326842502, 41.954688463464912 ], [ 45.786750069796462, 41.954769243890368 ], [ 45.786767848430486, 41.954852279527138 ], [ 45.78679613204833, 41.95501547797992 ], [ 45.786817743432799, 41.955188403393024 ], [ 45.786832891604853, 41.955372651215278 ], [ 45.786841826132203, 41.955571249573467 ], [ 45.786843045165476, 41.955651909241993 ], [ 45.786844728262004, 41.955763231555878 ], [ 45.786843016512819, 41.955977794191014 ], [ 45.786837665021544, 41.956196531125002 ], [ 45.786826740215638, 41.956536229456596 ], [ 45.786818608952707, 41.956789037739938 ], [ 45.786815271868441, 41.956967116555958 ], [ 45.786814609393282, 41.957126318926107 ], [ 45.786815304653089, 41.95717047913805 ], [ 45.786817451107424, 41.957306910570416 ], [ 45.786824424476876, 41.957474262948793 ], [ 45.786835667131797, 41.957631616609071 ], [ 45.786851301597245, 41.957780591906584 ], [ 45.786877194265053, 41.957956757292798 ], [ 45.786910372249544, 41.958123351810933 ], [ 45.78695106825262, 41.95828153391578 ], [ 45.786974295170182, 41.95835770869062 ], [ 45.78699947488748, 41.958432048029536 ], [ 45.787026671105338, 41.958504727124101 ], [ 45.787055872359666, 41.958575696515034 ], [ 45.787077655413157, 41.958624047039585 ], [ 45.787087098602733, 41.958645008302561 ], [ 45.787120374579736, 41.958712711851952 ], [ 45.787155720176209, 41.958778853859684 ], [ 45.787193156306778, 41.958843466604392 ], [ 45.787232701494951, 41.958906584182259 ], [ 45.787274374208678, 41.958968236186443 ], [ 45.787322521497551, 41.959034349795068 ], [ 45.787374490628601, 41.959100868589132 ], [ 45.787430396807899, 41.959167935879485 ], [ 45.787490392005857, 41.959235740657995 ], [ 45.787554576630605, 41.959304400216404 ], [ 45.787623298072361, 41.959374294045894 ], [ 45.787696886311373, 41.959445759424455 ], [ 45.787775865320874, 41.959519306125692 ], [ 45.787914871046056, 41.959642660038639 ], [ 45.788075422350552, 41.959778304951762 ], [ 45.788232521491324, 41.959906666252046 ], [ 45.788613186747369, 41.960212973424902 ], [ 45.788802813669534, 41.960369800232428 ], [ 45.788978003835695, 41.960521886670072 ], [ 45.789129173579987, 41.9606622095557 ], [ 45.789199534357806, 41.960731600289947 ], [ 45.789265414850568, 41.960799631156668 ], [ 45.789327119400347, 41.960866617104834 ], [ 45.789384854699918, 41.960932782786628 ], [ 45.789438836223908, 41.960998379812906 ], [ 45.78948913875292, 41.961063504045732 ], [ 45.789535868951965, 41.961128292557994 ], [ 45.789579102965625, 41.961192853810722 ], [ 45.789613771660761, 41.961249983138657 ], [ 45.789646059745309, 41.961309963218262 ], [ 45.789676027809705, 41.961372912522336 ], [ 45.789703751379697, 41.961438986347851 ], [ 45.789729278745597, 41.96150828433781 ], [ 45.789752740771164, 41.961581143342215 ], [ 45.789774239072266, 41.961657876994707 ], [ 45.789793908717314, 41.961738967122749 ], [ 45.789822873923491, 41.961884545653248 ], [ 45.789848403104628, 41.962049717429416 ], [ 45.789868652800955, 41.962212633330275 ], [ 45.789906190144265, 41.96255264751948 ], [ 45.789907070645, 41.962560624041238 ], [ 45.789913209689296, 41.962616237397512 ], [ 45.789942472981785, 41.962826042832937 ], [ 45.789961635188646, 41.962933119644518 ], [ 45.789982828581472, 41.963031122701111 ], [ 45.790006453496396, 41.96312188299774 ], [ 45.790032754347628, 41.963206331938558 ], [ 45.790068438532984, 41.96330099196468 ], [ 45.790108659460095, 41.96338826053443 ], [ 45.790153692346443, 41.96346872928617 ], [ 45.790203750634149, 41.963542775924658 ], [ 45.790259114253807, 41.963610787603137 ], [ 45.790319896862478, 41.963672879717286 ], [ 45.790386270747781, 41.963729224900518 ], [ 45.790458381058855, 41.963779948236756 ], [ 45.790519517748905, 41.963816475181119 ], [ 45.79058558799084, 41.963851064115929 ], [ 45.790656742382929, 41.963883792353236 ], [ 45.790733182415188, 41.963914753966101 ], [ 45.790815036764918, 41.963944010203377 ], [ 45.790902762477401, 41.963971729931465 ], [ 45.790996792108707, 41.963998053362076 ], [ 45.791097814710881, 41.964023173877393 ], [ 45.791274575274777, 41.964061094917277 ], [ 45.791479030329, 41.964098223112124 ], [ 45.791678225824548, 41.964130133643962 ], [ 45.792155697207122, 41.964202077813738 ], [ 45.792389268012904, 41.964241048884247 ], [ 45.792599347040394, 41.964282099180309 ], [ 45.792693852833651, 41.964303322878791 ], [ 45.792782646614192, 41.96432529656753 ], [ 45.792799506985475, 41.964329803238904 ], [ 45.792929792594798, 41.964364624643572 ], [ 45.793082715002726, 41.964407598139019 ], [ 45.793413533544843, 41.964506660306135 ], [ 45.793733042157399, 41.964608080191432 ], [ 45.794529538017166, 41.964867614044344 ], [ 45.794755402628041, 41.964938543210266 ], [ 45.794959523292235, 41.965000125909931 ], [ 45.795185262785182, 41.965064605446017 ], [ 45.795398141153477, 41.965121170353918 ], [ 45.795602009833942, 41.965170842386115 ], [ 45.79579888892961, 41.965214106555038 ], [ 45.795919774156253, 41.965237745841726 ], [ 45.796044096952855, 41.965259195971093 ], [ 45.796172119735651, 41.965278501045944 ], [ 45.796304189513187, 41.965295714488036 ], [ 45.796317380048222, 41.965297181140393 ], [ 45.796440525125767, 41.965310869891098 ], [ 45.796581854129911, 41.965324053158611 ], [ 45.796728837411031, 41.965335326334639 ], [ 45.796882487251445, 41.965344768834548 ], [ 45.797147834295814, 41.965356346537888 ], [ 45.797445223118196, 41.965363842622352 ], [ 45.797732575724467, 41.965367430348813 ], [ 45.798434566301722, 41.965372080155234 ], [ 45.79879858415643, 41.965378598641514 ], [ 45.798982434405914, 41.965384538969509 ], [ 45.79915416069047, 41.965392280063483 ], [ 45.799316709297315, 41.965401955477503 ], [ 45.799471626132942, 41.965413659862591 ], [ 45.799637794013478, 41.965429315236705 ], [ 45.799797008068893, 41.965447746022654 ], [ 45.799950152972528, 41.965469054164345 ], [ 45.800097829575051, 41.965493323763461 ], [ 45.800240692216576, 41.965520670068038 ], [ 45.800378967185495, 41.96555114105476 ], [ 45.800512981253114, 41.96558481011725 ], [ 45.800642988664336, 41.965621741245599 ], [ 45.800836211276504, 41.965681498987259 ], [ 45.801021753151559, 41.965742048537791 ], [ 45.801199908724001, 41.965803485151191 ], [ 45.801370841642523, 41.965865868063915 ], [ 45.801534743434935, 41.965929266222616 ], [ 45.801691628693369, 41.965993689462856 ], [ 45.80171305479665, 41.966003047231517 ], [ 45.80184156169927, 41.966059164384284 ], [ 45.801984580039303, 41.966125706062812 ], [ 45.802135440889685, 41.966200736450816 ], [ 45.8022857015903, 41.96628051912618 ], [ 45.802313648154971, 41.966296306077091 ], [ 45.80243516902739, 41.966364953665938 ], [ 45.802583634171441, 41.966453921746208 ], [ 45.802730903722932, 41.966547308536725 ], [ 45.80287670767764, 41.966644945704935 ], [ 45.803020796530603, 41.966746663875583 ], [ 45.803162893942357, 41.966852271345736 ], [ 45.803303017163017, 41.966961795021689 ], [ 45.803440546086385, 41.967074770005169 ], [ 45.803575166113148, 41.967190938215943 ], [ 45.803706536821707, 41.967310003928034 ], [ 45.803834344536696, 41.967431687441469 ], [ 45.80395819107784, 41.967555611476918 ], [ 45.804077708539758, 41.967681407551076 ], [ 45.804192517787506, 41.967808678439212 ], [ 45.804263787239229, 41.967891768733736 ], [ 45.804333588741599, 41.967977113717822 ], [ 45.804401885493327, 41.968064665916785 ], [ 45.804468634567954, 41.968154370693654 ], [ 45.804533796703865, 41.968246176988401 ], [ 45.804597326423568, 41.968340019374033 ], [ 45.804659179455498, 41.968435832415153 ], [ 45.804719310286487, 41.968533547983071 ], [ 45.804777702920241, 41.968633141874669 ], [ 45.804834280913532, 41.968734485833728 ], [ 45.804888997362461, 41.968837497330782 ], [ 45.804941804076137, 41.968942087540803 ], [ 45.80499265768978, 41.969048167604839 ], [ 45.805041506197632, 41.969155633413322 ], [ 45.805088303615506, 41.969264379913781 ], [ 45.805133000247274, 41.969374294874427 ], [ 45.805175732364155, 41.969485753818645 ], [ 45.805216252176798, 41.969598152341014 ], [ 45.805254513447878, 41.969711365576174 ], [ 45.805290471021259, 41.969825258743811 ], [ 45.805324083405722, 41.969939700640474 ], [ 45.805355306468911, 41.970054542067949 ], [ 45.805384100927547, 41.970169635595227 ], [ 45.805410427452344, 41.970284830188852 ], [ 45.80543426051009, 41.970400016148972 ], [ 45.805455555285235, 41.970514990241952 ], [ 45.805474284390137, 41.970629591443007 ], [ 45.805490418023197, 41.970743658744034 ], [ 45.805503937221097, 41.970857029259484 ], [ 45.805514818147714, 41.970969536535137 ], [ 45.805523047862195, 41.971081016742197 ], [ 45.805528612216904, 41.971191306060156 ], [ 45.805531131177247, 41.971345149328265 ], [ 45.805526910708089, 41.97150129153593 ], [ 45.805515953154774, 41.971659635394467 ], [ 45.805498265552437, 41.971820072773049 ], [ 45.805473858600841, 41.971982499116677 ], [ 45.805442752324304, 41.972146783684543 ], [ 45.805404971585041, 41.972312796601479 ], [ 45.805361152003314, 41.972478112423438 ], [ 45.805360545935869, 41.972480397150271 ], [ 45.805309478567395, 41.972649555578997 ], [ 45.805251845648726, 41.972819999344658 ], [ 45.80518770060818, 41.972991566844208 ], [ 45.805117112359419, 41.973164080153104 ], [ 45.805040146287112, 41.973337368575969 ], [ 45.804956896265132, 41.973511223388954 ], [ 45.804867461030454, 41.973685438535384 ], [ 45.80477195126587, 41.973859797966902 ], [ 45.804669822884968, 41.97403518903085 ], [ 45.804561805909863, 41.974210258303309 ], [ 45.804448052908313, 41.974384760619408 ], [ 45.804328731937069, 41.97455843449368 ], [ 45.804314752316706, 41.974577780471797 ], [ 45.804204386175599, 41.974730518647583 ], [ 45.80420401604313, 41.974731031014763 ], [ 45.804074111560581, 41.974902260508451 ], [ 45.803939229803476, 41.975071844974501 ], [ 45.803799598862973, 41.975239496388213 ], [ 45.803655378002588, 41.975405019975369 ], [ 45.803506897871294, 41.975568027921668 ], [ 45.803354427521924, 41.975728224712419 ], [ 45.803198245702951, 41.975885317468183 ], [ 45.803038637283251, 41.97603901957244 ], [ 45.802875908760797, 41.976189036152682 ], [ 45.80275760249237, 41.976293410702638 ], [ 45.802710364396354, 41.976335085863553 ], [ 45.802542319364882, 41.976476890887483 ], [ 45.802454194131215, 41.97654507001549 ], [ 45.802348814029692, 41.976618220635281 ], [ 45.802237339931082, 41.976689967283065 ], [ 45.801937198668604, 41.976876493607961 ], [ 45.801851793249135, 41.976932771751954 ], [ 45.801778645793853, 41.97698420422649 ], [ 45.80170053557638, 41.977044349180304 ], [ 45.801634048517897, 41.977102251330031 ], [ 45.801577871329378, 41.97715905920203 ], [ 45.801531416594614, 41.977215380355624 ], [ 45.801497494571578, 41.977264497867459 ], [ 45.801466750988602, 41.97731614835336 ], [ 45.80143920942384, 41.977370286618161 ], [ 45.801414900596193, 41.977426859310675 ], [ 45.8013938443858, 41.977485814956417 ], [ 45.8013760700468, 41.977547079498656 ], [ 45.801361598374406, 41.977610578038828 ], [ 45.801350450006623, 41.977676223069956 ], [ 45.801342630153037, 41.977744044278317 ], [ 45.801338172242737, 41.977813818967988 ], [ 45.801337086876678, 41.977885429078647 ], [ 45.801339373613381, 41.977958742216273 ], [ 45.801345029688306, 41.978033633208042 ], [ 45.80135324486367, 41.978103144700924 ], [ 45.80135404559131, 41.978109920186284 ], [ 45.801366397419585, 41.978187428588782 ], [ 45.801382056160371, 41.978265961372216 ], [ 45.801401427211651, 41.97834704412638 ], [ 45.801424147046426, 41.97842873395993 ], [ 45.801450146066315, 41.978510773767809 ], [ 45.801479333837918, 41.97859288137164 ], [ 45.80151161527975, 41.978674789035949 ], [ 45.801546861863187, 41.978756160808487 ], [ 45.801584934387456, 41.978836676122626 ], [ 45.801625676628476, 41.9789160046234 ], [ 45.801668973409832, 41.978993912940545 ], [ 45.801714587409897, 41.979069956901625 ], [ 45.80176231648872, 41.979143802869984 ], [ 45.801811951363909, 41.979215125365045 ], [ 45.80186326711663, 41.979283603519015 ], [ 45.80191604519937, 41.979348943439724 ], [ 45.801970056369193, 41.979410864820068 ], [ 45.80202507770953, 41.9794691107262 ], [ 45.802102451644302, 41.97954283499196 ], [ 45.802188653137236, 41.979615793201766 ], [ 45.80228353700295, 41.979687860257911 ], [ 45.802386911962934, 41.97975889337016 ], [ 45.802498611135604, 41.979828770291675 ], [ 45.802618299932185, 41.979897278980324 ], [ 45.802745647629671, 41.979964227181128 ], [ 45.802880228972214, 41.980029392677757 ], [ 45.803022696560355, 41.98009302846863 ], [ 45.803171396316024, 41.980154335502775 ], [ 45.803325624479271, 41.980213023264291 ], [ 45.803484505326026, 41.980268757410705 ], [ 45.803647274903007, 41.980321261364338 ], [ 45.803812557447564, 41.980370081802526 ], [ 45.803979072294943, 41.980414841300458 ], [ 45.8041453380958, 41.980455138628024 ], [ 45.804340745612151, 41.980496196137651 ], [ 45.804544436416279, 41.980531785895053 ], [ 45.804754028447718, 41.980561490437069 ], [ 45.804966872180955, 41.980584933821206 ], [ 45.805180258683293, 41.980601816196376 ], [ 45.805391377374093, 41.980611914100088 ], [ 45.805597504534497, 41.980615096248933 ], [ 45.805774362945293, 41.980611738429594 ], [ 45.805796126447326, 41.980611324473749 ], [ 45.805867453371924, 41.980607477827434 ], [ 45.805938524757728, 41.980601267796978 ], [ 45.806009369541854, 41.980592692378352 ], [ 45.806080023869356, 41.980581746814863 ], [ 45.806150515447726, 41.980568427309656 ], [ 45.806220888814082, 41.980552724543656 ], [ 45.806291184907259, 41.980534631024206 ], [ 45.806361450644154, 41.980514134713367 ], [ 45.806431655978649, 41.980491246630102 ], [ 45.806501935619202, 41.980465928901062 ], [ 45.806572346001786, 41.980438158613076 ], [ 45.806642958023254, 41.980407910949872 ], [ 45.806713828084987, 41.980375160296191 ], [ 45.806785058203289, 41.980339860901573 ], [ 45.80685674434767, 41.9803019661571 ], [ 45.806929000398483, 41.980261414016475 ], [ 45.807062301011904, 41.980180611784007 ], [ 45.80719893530263, 41.980090160598294 ], [ 45.807340196124571, 41.979989211939227 ], [ 45.807488471202774, 41.9798760629577 ], [ 45.807626708307055, 41.979764967658177 ], [ 45.807778604986666, 41.979637985696471 ], [ 45.808336449125981, 41.979153865596778 ], [ 45.808569868362589, 41.978957260277596 ], [ 45.808697114879962, 41.978854839695281 ], [ 45.808817355880159, 41.978762104496084 ], [ 45.808932902174185, 41.978677275826286 ], [ 45.809044940239922, 41.978599486108287 ], [ 45.809180784839292, 41.978511596891266 ], [ 45.809313827193009, 41.978432834747849 ], [ 45.809444981502168, 41.978362659150228 ], [ 45.80957486170734, 41.978300744239597 ], [ 45.809704162733439, 41.978246773490326 ], [ 45.809833104586986, 41.978200673299675 ], [ 45.809962034557984, 41.978162317828065 ], [ 45.810026581233807, 41.978146018873332 ], [ 45.810091223272643, 41.978131627709061 ], [ 45.810190841591918, 41.978113025857674 ], [ 45.810294371187119, 41.978097796305718 ], [ 45.810402032530114, 41.978085905062478 ], [ 45.810514114923315, 41.978077320351893 ], [ 45.810630802803637, 41.978072021944719 ], [ 45.810752716130679, 41.97806997212404 ], [ 45.810880426941843, 41.978071161428538 ], [ 45.811014820124292, 41.978075597997844 ], [ 45.811247419283738, 41.978089603475084 ], [ 45.81135518501241, 41.978099072466975 ], [ 45.811510126465151, 41.978112685961285 ], [ 45.81151489592456, 41.978113194443019 ], [ 45.811763920952075, 41.978139755949165 ], [ 45.812373499707839, 41.978210013991919 ], [ 45.812680119810935, 41.978240565641521 ], [ 45.812830740964685, 41.978252590350174 ], [ 45.812970903655277, 41.978261337569002 ], [ 45.813102922370973, 41.978266949459197 ], [ 45.813228020465743, 41.978269475925515 ], [ 45.813354994470238, 41.978268788917717 ], [ 45.813475944231577, 41.97826460396255 ], [ 45.81359148140907, 41.978256897830278 ], [ 45.813702023277379, 41.978245643261658 ], [ 45.8138080230109, 41.978230788422891 ], [ 45.813909640762468, 41.978212304270599 ], [ 45.81400710412548, 41.978190149573472 ], [ 45.814100588795924, 41.978164283467081 ], [ 45.814204985502343, 41.978129637709195 ], [ 45.814308127069232, 41.978089331102055 ], [ 45.814410216434055, 41.978043282951099 ], [ 45.814511511628133, 41.977991378845729 ], [ 45.81461218543712, 41.977933540105006 ], [ 45.814712713692394, 41.977869504863882 ], [ 45.814813507024731, 41.977799009917121 ], [ 45.814915152884225, 41.977721649399101 ], [ 45.815006281410412, 41.97764711497716 ], [ 45.815099364554698, 41.97756619443058 ], [ 45.815195304827562, 41.977478105876799 ], [ 45.815245815335523, 41.977429445656682 ], [ 45.815294807871929, 41.977382248059591 ], [ 45.815295770118418, 41.977381320750574 ], [ 45.815490108400361, 41.977183697254404 ], [ 45.815863030983778, 41.976788073067446 ], [ 45.816019895355858, 41.976625357091436 ], [ 45.816186734818132, 41.976460459729388 ], [ 45.81634129572398, 41.976317962404863 ], [ 45.816433531170283, 41.976238428405686 ], [ 45.816524303848219, 41.976164496938324 ], [ 45.81661421943631, 41.976095674639161 ], [ 45.816703684379775, 41.976031651493415 ], [ 45.816793166499295, 41.975972103538545 ], [ 45.816882810708222, 41.975916940577967 ], [ 45.816972852986829, 41.975866020428917 ], [ 45.817063475487288, 41.975819239118827 ], [ 45.817277823174955, 41.975714905591659 ], [ 45.817470058512797, 41.975623734668424 ], [ 45.817650380593363, 41.975540894726045 ], [ 45.817821656410871, 41.975465085557303 ], [ 45.817987714075997, 41.975394659637068 ], [ 45.818147939631451, 41.975329926687664 ], [ 45.818303215722871, 41.975270530985512 ], [ 45.818454070916864, 41.975216272438338 ], [ 45.818603139866113, 41.975166282953218 ], [ 45.818748397426994, 41.975121328131827 ], [ 45.818890098496382, 41.975081327812923 ], [ 45.819028418706509, 41.975046233021644 ], [ 45.819163557847837, 41.975015996410882 ], [ 45.819295583367683, 41.974990604000602 ], [ 45.819424594021235, 41.974970036182775 ], [ 45.819550668149084, 41.97495428160039 ], [ 45.819637631514119, 41.974946187946621 ], [ 45.819725926731856, 41.974940397613736 ], [ 45.819815581558011, 41.97493690949981 ], [ 45.819906626150761, 41.974935721584906 ], [ 45.819999090680113, 41.974936832749549 ], [ 45.820093018615161, 41.974940243580399 ], [ 45.820188453448374, 41.974945956465092 ], [ 45.820285443500097, 41.974953973756563 ], [ 45.820383945241396, 41.97496428855662 ], [ 45.820484114555484, 41.974976914157793 ], [ 45.82058602156858, 41.974991859060999 ], [ 45.820689747327116, 41.975009136192106 ], [ 45.820795359544576, 41.975028754068589 ], [ 45.820902991337704, 41.975050738753104 ], [ 45.821012763720518, 41.975075113692327 ], [ 45.821124830443985, 41.975101913806697 ], [ 45.821335339195137, 41.975157073859847 ], [ 45.821555520207916, 41.975220801642614 ], [ 45.821787307087568, 41.975293651573907 ], [ 45.822034613106823, 41.975376848380023 ], [ 45.822252715134788, 41.975454026664174 ], [ 45.822493929284519, 41.975542556590625 ], [ 45.823285219831995, 41.975842919048439 ], [ 45.823569280164321, 41.975948550088383 ], [ 45.823729978021632, 41.976010715350334 ], [ 45.823890525943959, 41.976079952548083 ], [ 45.824051250485752, 41.976156402542848 ], [ 45.824212569476785, 41.976240264081547 ], [ 45.824374750108397, 41.97633166043434 ], [ 45.824538629992063, 41.976431050321686 ], [ 45.824704946402868, 41.976538879670116 ], [ 45.824874800943952, 41.976655859279838 ], [ 45.825016635923653, 41.976758498845285 ], [ 45.825162912861927, 41.976868685361261 ], [ 45.825315104191482, 41.976987524142601 ], [ 45.825476071712828, 41.977117246237491 ], [ 45.825773427650816, 41.97736520839986 ], [ 45.826492851733491, 41.977978920655708 ], [ 45.826692398962273, 41.978144107747646 ], [ 45.826873665772574, 41.978289461227746 ], [ 45.827072646468125, 41.978442430670263 ], [ 45.827261862998704, 41.978580288600405 ], [ 45.827444692923969, 41.978705491140374 ], [ 45.827622942067897, 41.978819266412266 ], [ 45.82772511813657, 41.978880575296465 ], [ 45.827826436405509, 41.978938453355966 ], [ 45.827927086528298, 41.978993006403932 ], [ 45.828027218015713, 41.979044316224531 ], [ 45.828126997323629, 41.979092468081745 ], [ 45.828226514287685, 41.979137502758888 ], [ 45.828325880609242, 41.97917947168898 ], [ 45.828425186066788, 41.97921841115167 ], [ 45.828524644132287, 41.979254401566557 ], [ 45.828624206187015, 41.979287418065802 ], [ 45.828723946156735, 41.979317484433352 ], [ 45.828823924644183, 41.979344620946371 ], [ 45.828924213091568, 41.979368846002373 ], [ 45.829024857478295, 41.979390169175765 ], [ 45.829125908635, 41.979408601807151 ], [ 45.829227413748143, 41.979424153461864 ], [ 45.829420818273483, 41.979448747485144 ], [ 45.829619687657392, 41.979469645009104 ], [ 45.82982308150045, 41.979486748326764 ], [ 45.830030022170867, 41.97949997441691 ], [ 45.830239502105378, 41.97950925939535 ], [ 45.830450529686239, 41.979514559084194 ], [ 45.830662108723928, 41.979515849160265 ], [ 45.830873271034186, 41.979513124018979 ], [ 45.831082569715718, 41.979506415753569 ], [ 45.831289628487312, 41.979495752317597 ], [ 45.831493599301197, 41.97948117679293 ], [ 45.831693704279623, 41.979462744368028 ], [ 45.831889141701737, 41.979440532925771 ], [ 45.832079329399193, 41.979414609755928 ], [ 45.832263658865273, 41.979385058554328 ], [ 45.832441594061549, 41.979351966096957 ], [ 45.832620564964145, 41.979313702369033 ], [ 45.832808065657339, 41.979268650353852 ], [ 45.833002860267548, 41.979217106288097 ], [ 45.833203594234348, 41.979159428521513 ], [ 45.833408879725212, 41.979096015282856 ], [ 45.83361721989381, 41.979027327747247 ], [ 45.833827120717963, 41.978953857702294 ], [ 45.834037113851153, 41.978876121077597 ], [ 45.834245001229725, 41.978794952546203 ], [ 45.834450198281253, 41.978710604050129 ], [ 45.834651421552948, 41.978623604616111 ], [ 45.834684879210457, 41.978608393282926 ], [ 45.834847513958834, 41.978534453539474 ], [ 45.835037275635763, 41.978443700870905 ], [ 45.835219904170962, 41.978351736160917 ], [ 45.835394545781405, 41.978258988966793 ], [ 45.835560484867578, 41.978165840108687 ], [ 45.8357111314726, 41.978076295098816 ], [ 45.83585267612937, 41.977986994494557 ], [ 45.835984702260255, 41.977898200753245 ], [ 45.836106871305951, 41.977810142439154 ], [ 45.836218848566496, 41.977723066100722 ], [ 45.836320442914293, 41.977637120868337 ], [ 45.836411453861885, 41.977552478455031 ], [ 45.836491726455421, 41.977469285021371 ], [ 45.836560986023215, 41.97738785421982 ], [ 45.836619327040133, 41.977308115130334 ], [ 45.836666667689428, 41.97723017644504 ], [ 45.836702956090221, 41.977154128621684 ], [ 45.836716939078805, 41.977116845656042 ], [ 45.836728146453609, 41.977080066573834 ], [ 45.836736574693276, 41.977043798606807 ], [ 45.836742222725483, 41.977008051670659 ], [ 45.836745088235546, 41.976972832987968 ], [ 45.836745171322455, 41.976938149763484 ], [ 45.836742472096795, 41.976904010102352 ], [ 45.836736989426804, 41.976870419416606 ], [ 45.836722382836101, 41.976820227616471 ], [ 45.836699156417815, 41.976769534826907 ], [ 45.83666726043144, 41.976718227921985 ], [ 45.836626604908773, 41.976666163444484 ], [ 45.836577124563064, 41.976613239185518 ], [ 45.836518587872291, 41.97655919382796 ], [ 45.836450740704166, 41.976503790534629 ], [ 45.836373176806099, 41.976446697203173 ], [ 45.836294389186897, 41.976393390102125 ], [ 45.836206586151945, 41.976337932092157 ], [ 45.836108899901284, 41.976279770162996 ], [ 45.835999659032552, 41.976217909522951 ], [ 45.835762898495275, 41.976091102045643 ], [ 45.835235708323566, 41.975820663589126 ], [ 45.835005232858684, 41.975699280317855 ], [ 45.834883931263988, 41.975632887745846 ], [ 45.83477303397153, 41.975569986903501 ], [ 45.834670555184132, 41.975509450222226 ], [ 45.834575538745248, 41.975450709153954 ], [ 45.83446846941834, 41.975380686583748 ], [ 45.834370677462005, 41.975312158228149 ], [ 45.834281585420506, 41.975244717606451 ], [ 45.834200842179612, 41.975178098893664 ], [ 45.83412809492809, 41.975111998446472 ], [ 45.834063257995133, 41.975046327737211 ], [ 45.834006188247798, 41.974980941912222 ], [ 45.833956790045306, 41.974915728194688 ], [ 45.833920929559426, 41.974861068225749 ], [ 45.833887990603934, 41.974803768803028 ], [ 45.833857902774326, 41.974743707049875 ], [ 45.833830583056844, 41.974680718750541 ], [ 45.833805978189361, 41.974614699817167 ], [ 45.833783948346728, 41.974545294605392 ], [ 45.833764385423201, 41.974472173359324 ], [ 45.833747154791403, 41.974394823681322 ], [ 45.833724002861182, 41.974260196262229 ], [ 45.833705492173443, 41.974107178765095 ], [ 45.833692605836639, 41.973958494924148 ], [ 45.833666888289656, 41.973596852977714 ], [ 45.833648473762537, 41.973412958304536 ], [ 45.83363600769809, 41.973322209090831 ], [ 45.833629410397897, 41.973283515077171 ], [ 45.833617321842596, 41.973217268295613 ], [ 45.833605175026094, 41.973159046822396 ], [ 45.833586411288707, 41.97308450118355 ], [ 45.833563382674001, 41.973008230219904 ], [ 45.833537371595767, 41.972936020369545 ], [ 45.833508245308657, 41.972867502422801 ], [ 45.833475894293457, 41.972802422285568 ], [ 45.833440179926022, 41.972740515266679 ], [ 45.833401040648155, 41.972681688141279 ], [ 45.833358387834394, 41.972625808251479 ], [ 45.833312146568389, 41.972572776163915 ], [ 45.83324182650226, 41.972502117268618 ], [ 45.833161927152567, 41.972430997362792 ], [ 45.833158110801577, 41.972427940296754 ], [ 45.833071598523226, 41.972358648926935 ], [ 45.832969015982414, 41.972283606290461 ], [ 45.832876549226647, 41.972220439238718 ], [ 45.832770271685554, 41.972151339671257 ], [ 45.832419045141265, 41.971933000793463 ], [ 45.832296846149298, 41.971855323049724 ], [ 45.832196111933456, 41.97178825427499 ], [ 45.832185126634492, 41.971780940382523 ], [ 45.832087516745723, 41.971711782746368 ], [ 45.831724975439677, 41.971445124907753 ], [ 45.831488939383142, 41.971267975174953 ], [ 45.83127731595323, 41.971103750093938 ], [ 45.831089938536863, 41.970951819644114 ], [ 45.830829013503894, 41.970729803945751 ], [ 45.830574657689795, 41.970503099907816 ], [ 45.830327429073826, 41.970272203404718 ], [ 45.830087840766979, 41.970037595327653 ], [ 45.829856409845469, 41.969799784462623 ], [ 45.829633546061828, 41.969559194810977 ], [ 45.829419664273317, 41.969316272855181 ] ] ] ] } }
]
}
