{
"type": "FeatureCollection",
"name": "წინანდალი",
"crs": { "type": "name", "properties": { "name": "urn:ogc:def:crs:OGC:1.3:CRS84" } },
"features": [
{ "type": "Feature", "properties": { "OBJECTID": 3, "NAME_GEO": "წინანდალი", "NAME_ENG": "Tsinandali", "Location": "Kakheti", "MoreInfo": "https://www.sakpatenti.gov.ge/media/django-summernote/2025-11-18/6b10629c-7000-417e-b904-cf1f0bdbbc9b.pdf" }, "geometry": { "type": "MultiPolygon", "coordinates": [ [ [ [ 45.538854370324131, 41.886472687514399 ], [ 45.538856766106136, 41.886479667352802 ], [ 45.538877513333858, 41.886548649471521 ], [ 45.538895057380131, 41.886616835104029 ], [ 45.538909406966255, 41.886684259337429 ], [ 45.538920572019109, 41.886750957252929 ], [ 45.538928553960737, 41.886816955865235 ], [ 45.538933356593688, 41.886882278574866 ], [ 45.538934981332901, 41.886946951495339 ], [ 45.538930315018568, 41.887085434054008 ], [ 45.538916202088537, 41.887230472857944 ], [ 45.538892767849362, 41.887380779342692 ], [ 45.538860235130691, 41.887534908666474 ], [ 45.53881891096043, 41.887691394874992 ], [ 45.538769223851261, 41.887848597611281 ], [ 45.538711678606454, 41.888004917590813 ], [ 45.538646846702839, 41.888158799349128 ], [ 45.538575832325613, 41.888307817568595 ], [ 45.53849888198279, 41.888451618015743 ], [ 45.538416657889883, 41.88858896724544 ], [ 45.538329790048344, 41.888718813001518 ], [ 45.538239009599806, 41.888840088144171 ], [ 45.538144793555567, 41.888952178867683 ], [ 45.538096574701306, 41.889004566790163 ], [ 45.538047696920451, 41.88905442776953 ], [ 45.537998219962148, 41.889101699378195 ], [ 45.53794820243121, 41.889146326399455 ], [ 45.537901807832313, 41.889184157011805 ], [ 45.537852724686566, 41.889220060132878 ], [ 45.537800930236031, 41.889254052978799 ], [ 45.537746393316063, 41.889286156407486 ], [ 45.537689087530822, 41.889316384949531 ], [ 45.537628972096343, 41.889344762209411 ], [ 45.537566004985948, 41.889371307293771 ], [ 45.537500135743471, 41.889396040249025 ], [ 45.537431405292061, 41.889418953673292 ], [ 45.537359662222627, 41.889440103211356 ], [ 45.537284834383954, 41.889459509010145 ], [ 45.537206836389075, 41.889477193980063 ], [ 45.53712559125092, 41.889493176488344 ], [ 45.537040958182992, 41.889507485107579 ], [ 45.536952801175026, 41.889520142983201 ], [ 45.536860945668998, 41.889531176142221 ], [ 45.536696287202098, 41.889546226070912 ], [ 45.536519069678462, 41.889556801318236 ], [ 45.536327499231966, 41.889563011980769 ], [ 45.53611808970583, 41.889564976038571 ], [ 45.535921224623806, 41.889563336998236 ], [ 45.535699219270192, 41.88955857515279 ], [ 45.53504868932766, 41.88953667619954 ], [ 45.534864878087014, 41.889530488241178 ], [ 45.534518603932128, 41.889522120978306 ], [ 45.534335140222737, 41.8895203069576 ], [ 45.534165061761094, 41.889520886537518 ], [ 45.534005234637078, 41.889523872549091 ], [ 45.533854092098316, 41.889529296636979 ], [ 45.533679601899841, 41.889539289197032 ], [ 45.533514875377811, 41.889553062220301 ], [ 45.533358871786803, 41.889570703445038 ], [ 45.533210921551955, 41.889592289871466 ], [ 45.533070308391153, 41.889617934738581 ], [ 45.532936827783288, 41.889647687659135 ], [ 45.532810151238749, 41.889681620435056 ], [ 45.53269003700904, 41.889719799059151 ], [ 45.532611356815778, 41.889747984198621 ], [ 45.532531975147485, 41.889778507099152 ], [ 45.532370366005537, 41.889846853328521 ], [ 45.532203490518675, 41.889925552732556 ], [ 45.532028009431059, 41.89001617713302 ], [ 45.53187839671709, 41.890098796004878 ], [ 45.531713413563907, 41.890194345755049 ], [ 45.531188416179262, 41.890511653903914 ], [ 45.531002828170458, 41.890621467429263 ], [ 45.530844567033107, 41.89071101153521 ], [ 45.530826215102628, 41.890721394738613 ], [ 45.530663953887739, 41.890807729949202 ], [ 45.530512794917804, 41.890882368753708 ], [ 45.530367115259949, 41.890948248162225 ], [ 45.53022504395009, 41.891006213565767 ], [ 45.530085492569896, 41.891056703228962 ], [ 45.52995143880878, 41.891099019803839 ], [ 45.529812029280734, 41.891137114226922 ], [ 45.529666958516813, 41.89117106984952 ], [ 45.529515827104348, 41.891200979460557 ], [ 45.529358378839845, 41.891226907264723 ], [ 45.529193754314264, 41.89124900310653 ], [ 45.529021158881356, 41.89126737689601 ], [ 45.528839361699561, 41.891282158559179 ], [ 45.528687109683723, 41.891291442172694 ], [ 45.528526701258528, 41.89129861680405 ], [ 45.528356459152789, 41.891303762190368 ], [ 45.528173034363391, 41.891306980156379 ], [ 45.527832715333673, 41.891308360246306 ], [ 45.52702290492487, 41.891304407572434 ], [ 45.526888656361834, 41.89130514158947 ], [ 45.526709814790159, 41.891322482264904 ], [ 45.526763152321415, 41.891311796036611 ], [ 45.526794440640067, 41.891305841326414 ], [ 45.526622164634929, 41.89130861477679 ], [ 45.52643030381806, 41.891314278863653 ], [ 45.526251091834311, 41.891322490332797 ], [ 45.526081742791639, 41.891333377292931 ], [ 45.525920762779919, 41.891347040300033 ], [ 45.525771395670105, 41.891363051125673 ], [ 45.525628080838331, 41.891381848679067 ], [ 45.525490225847399, 41.891403511350909 ], [ 45.525357410532784, 41.891428105031295 ], [ 45.525229183582191, 41.891455719167752 ], [ 45.525105366919931, 41.891486395120488 ], [ 45.524985721151609, 41.891520193443 ], [ 45.524870057442527, 41.891557166350083 ], [ 45.524792598997799, 41.891584507416987 ], [ 45.524714485940756, 41.89161420489858 ], [ 45.524635548812007, 41.891646321714624 ], [ 45.524555568959158, 41.89168094893013 ], [ 45.524391611294703, 41.891758099694883 ], [ 45.524219325008254, 41.891847200633428 ], [ 45.524072521879944, 41.891928590489577 ], [ 45.523910696602591, 41.892022850952515 ], [ 45.52366748557538, 41.892170920563082 ], [ 45.523394805930401, 41.892336931305408 ], [ 45.523211550284145, 41.892446053290399 ], [ 45.523036488262697, 41.892545529213749 ], [ 45.522875505579321, 41.892631297270256 ], [ 45.522724119120973, 41.892705843086141 ], [ 45.52257806629396, 41.892771354032753 ], [ 45.522435449481968, 41.892828678196985 ], [ 45.522295164527691, 41.892878255641875 ], [ 45.522199814002697, 41.892908046018867 ], [ 45.522101272814936, 41.892935794571585 ], [ 45.521999379826731, 41.892961548859667 ], [ 45.52189392572091, 41.892985361164179 ], [ 45.521784760120553, 41.893007268185812 ], [ 45.521671484716428, 41.893027354585904 ], [ 45.521553728762058, 41.893045685083692 ], [ 45.521430964947101, 41.89306234222019 ], [ 45.521304436355933, 41.893077209552786 ], [ 45.521171472237434, 41.893090647752835 ], [ 45.521030876585826, 41.893102780213518 ], [ 45.520880414867207, 41.893113800780881 ], [ 45.520571176856087, 41.893131782725405 ], [ 45.520048022763334, 41.89315586664722 ], [ 45.519956412427788, 41.893160083244247 ], [ 45.519700553786038, 41.893173602358772 ], [ 45.519434894868915, 41.89319160558275 ], [ 45.519199630045811, 41.893212726734909 ], [ 45.519062715223065, 41.893227988019305 ], [ 45.518932522591641, 41.893244966982863 ], [ 45.518808118886376, 41.893263783151724 ], [ 45.518688903345073, 41.893284531127492 ], [ 45.518574219952725, 41.893307330076382 ], [ 45.518463873776206, 41.893332224124627 ], [ 45.518357557990448, 41.893359284022019 ], [ 45.518255038007638, 41.893388569382587 ], [ 45.518106737968509, 41.893436611600734 ], [ 45.517959084088218, 41.893490951866433 ], [ 45.517811819100757, 41.893551682310687 ], [ 45.517664624596812, 41.893618936770118 ], [ 45.517517275845627, 41.893692806325483 ], [ 45.517369188051077, 41.893773577324694 ], [ 45.5172198378513, 41.893861531332455 ], [ 45.517068500543843, 41.893957096727419 ], [ 45.516922374335969, 41.894055241428283 ], [ 45.516772563822443, 41.894161469006455 ], [ 45.516617696469972, 41.89427674844805 ], [ 45.516455237773954, 41.894402962742411 ], [ 45.516301798209035, 41.894526380176522 ], [ 45.516133341974943, 41.894665592559768 ], [ 45.515511683443563, 41.895192913536157 ], [ 45.51526730748644, 41.895395827307539 ], [ 45.515251464520766, 41.89540898166014 ], [ 45.515109342308719, 41.895523251646033 ], [ 45.514975235871312, 41.895627881565964 ], [ 45.514891322876259, 41.895691141458897 ], [ 45.514846530076909, 41.895724910601849 ], [ 45.514721882915737, 41.895815345441918 ], [ 45.514569961473462, 41.895920423112329 ], [ 45.51442138775645, 41.896017304715194 ], [ 45.514275110099248, 41.896106674986321 ], [ 45.514130425561589, 41.896188961301753 ], [ 45.513986539687316, 41.896264604953707 ], [ 45.513843196690132, 41.896333723277536 ], [ 45.513700001552976, 41.896396509887147 ], [ 45.513556644360328, 41.896453097668378 ], [ 45.513465276390271, 41.896486107220007 ], [ 45.51337207879466, 41.896517666678776 ], [ 45.51327701792475, 41.896547788800177 ], [ 45.513180051700814, 41.896576487277819 ], [ 45.513081141630806, 41.896603772186332 ], [ 45.512980234807543, 41.8966296599693 ], [ 45.512772208330006, 41.896677298271364 ], [ 45.512555671546167, 41.896719480039408 ], [ 45.512329804881077, 41.89675637370614 ], [ 45.512093845086483, 41.89678810601319 ], [ 45.51184669635439, 41.896814824089979 ], [ 45.511594553077252, 41.896836121983 ], [ 45.51132866747421, 41.896852986125438 ], [ 45.511046631012135, 41.896865574851795 ], [ 45.510743905362986, 41.89687409196646 ], [ 45.51047849968613, 41.896878002042442 ], [ 45.51044953437259, 41.896878428923408 ], [ 45.510121431103819, 41.896879824746399 ], [ 45.508878582887306, 41.896872540353868 ], [ 45.508360561075271, 41.896873876413721 ], [ 45.508082243349008, 41.89687814884482 ], [ 45.507823982252518, 41.896885208677908 ], [ 45.50758073978384, 41.896895196305699 ], [ 45.507349985176781, 41.896908220278149 ], [ 45.507075489102789, 41.896928997244025 ], [ 45.506815091017366, 41.896954902848883 ], [ 45.506566950293276, 41.896986121841245 ], [ 45.506329881837097, 41.897022804535162 ], [ 45.50621502307385, 41.897043272662486 ], [ 45.506102602211314, 41.897065165613114 ], [ 45.50599252896118, 41.897088500004251 ], [ 45.505884731117476, 41.897113292372957 ], [ 45.50577912803594, 41.897139559293045 ], [ 45.505675670407882, 41.897167316299218 ], [ 45.505574300465049, 41.897196576261116 ], [ 45.505474970104451, 41.897227354707503 ], [ 45.50536464032934, 41.897263782797729 ], [ 45.505254364012629, 41.897302267697683 ], [ 45.505144089435518, 41.897342825847197 ], [ 45.505033760092502, 41.897385478210388 ], [ 45.504923324292655, 41.897430244829273 ], [ 45.504812706319974, 41.897477156659441 ], [ 45.504590633037765, 41.89757753882094 ], [ 45.504491269269913, 41.897626111278221 ], [ 45.504419525273889, 41.897661182743981 ], [ 45.504367155618127, 41.897686782195386 ], [ 45.504141170209621, 41.897805413113396 ], [ 45.503911694599893, 41.897933944753461 ], [ 45.503677297936377, 41.898073176868202 ], [ 45.503472989941905, 41.898200643418043 ], [ 45.503262173624186, 41.898337635784863 ], [ 45.50304276059078, 41.898485505992937 ], [ 45.502810793222359, 41.898646916615085 ], [ 45.502600429004517, 41.898797038578877 ], [ 45.50236806933367, 41.898966054449062 ], [ 45.501540558141073, 41.899578938491494 ], [ 45.501204213360154, 41.899824771048948 ], [ 45.500853558119324, 41.900073839922577 ], [ 45.500690816347188, 41.900186022113353 ], [ 45.50053376053426, 41.900291845715763 ], [ 45.500347383835582, 41.900413982957389 ], [ 45.500166048585172, 41.900528906918062 ], [ 45.499988555192175, 41.90063737581238 ], [ 45.4998141034173, 41.900739879507938 ], [ 45.49964178956975, 41.900836938940358 ], [ 45.499471330370397, 41.900928706665617 ], [ 45.499417360438699, 41.900956391378045 ], [ 45.499302275650656, 41.901015424230032 ], [ 45.499134282026155, 41.901097267864174 ], [ 45.498871894988163, 41.901225393824618 ], [ 45.498374606610987, 41.901477270752871 ], [ 45.498172181720435, 41.901578006422035 ], [ 45.497963247657054, 41.901678039509555 ], [ 45.497774762097002, 41.90176326288897 ], [ 45.497664923391575, 41.901810158129138 ], [ 45.497559055395158, 41.901853115406034 ], [ 45.497456462287417, 41.901892418756631 ], [ 45.497356686094875, 41.901928241302279 ], [ 45.497259215837431, 41.901960761795955 ], [ 45.497163898788486, 41.901990027740126 ], [ 45.497070489586186, 41.902016112256497 ], [ 45.496978799382802, 41.902039069307115 ], [ 45.496886739237567, 41.902058948465566 ], [ 45.496793639023771, 41.90207546261162 ], [ 45.496699451793432, 41.902088619151272 ], [ 45.496604128194626, 41.902098426401402 ], [ 45.496507622457557, 41.902104888159741 ], [ 45.496409863509527, 41.902108010134647 ], [ 45.496310787490721, 41.902107795300957 ], [ 45.496210319656619, 41.90210424217684 ], [ 45.496108513131439, 41.902097358635245 ], [ 45.496005142432089, 41.902087138441061 ], [ 45.495900109825833, 41.902073569402646 ], [ 45.495793293448131, 41.902056636729924 ], [ 45.495684594341242, 41.902036325533558 ], [ 45.495573824196022, 41.902012603295674 ], [ 45.495460811540845, 41.901985432020901 ], [ 45.495345336570807, 41.901954759510652 ], [ 45.49524495161031, 41.901925852885263 ], [ 45.495142417253795, 41.901894310146929 ], [ 45.494929993987945, 41.901823029295286 ], [ 45.494705932341063, 41.901740210058172 ], [ 45.494466180951875, 41.901644359373847 ], [ 45.494244836336208, 41.901550540155668 ], [ 45.493998410996248, 41.901441564604909 ], [ 45.493751870831133, 41.901329312347222 ], [ 45.49341903216726, 41.901175748791623 ], [ 45.493092107846195, 41.901024911343683 ], [ 45.49284865717712, 41.90091626099472 ], [ 45.492716320234493, 41.900857199453903 ], [ 45.492514878611502, 41.900771295815183 ], [ 45.492326046853755, 41.900694182425106 ], [ 45.492146316405616, 41.900624426091632 ], [ 45.491973903668871, 41.900561341877278 ], [ 45.49177089377244, 41.900492497097972 ], [ 45.491575112013606, 41.900432322474799 ], [ 45.49138530031194, 41.900380431633238 ], [ 45.49120062378514, 41.900336598501333 ], [ 45.491020163337112, 41.900300618977298 ], [ 45.490843637650158, 41.900272448349064 ], [ 45.49075670396914, 41.900261268697072 ], [ 45.490670598858792, 41.90025201829566 ], [ 45.490585281287913, 41.900244692818582 ], [ 45.490500711431039, 41.90023928793434 ], [ 45.489780281002503, 41.900194679171157 ], [ 45.489491381613455, 41.900179513236537 ], [ 45.489334922131555, 41.900173535745459 ], [ 45.489190743195024, 41.900169983494543 ], [ 45.48905652843731, 41.900168801546215 ], [ 45.488931172261445, 41.900169982033212 ], [ 45.48880225134706, 41.900174031808447 ], [ 45.488682404083512, 41.900180984443182 ], [ 45.488571120724416, 41.900190870055596 ], [ 45.488468083207174, 41.900203717944599 ], [ 45.488372959134821, 41.900219574579928 ], [ 45.488285663057127, 41.900238460159549 ], [ 45.488206056550382, 41.900260404111485 ], [ 45.488134039763388, 41.900285434797198 ], [ 45.488090050725212, 41.90030433067794 ], [ 45.488049177629755, 41.900325538851789 ], [ 45.488011396453906, 41.900349071133007 ], [ 45.487976685599961, 41.90037494112655 ], [ 45.487945024676399, 41.900403162431985 ], [ 45.487916389744186, 41.900433757670491 ], [ 45.487890758063585, 41.900466748557236 ], [ 45.487868111758814, 41.900502162190463 ], [ 45.487848451887032, 41.900539978752462 ], [ 45.487831728435069, 41.900580279518294 ], [ 45.487817924844144, 41.900623105990746 ], [ 45.487807023432765, 41.900668510485303 ], [ 45.487799013691749, 41.9007165371806 ], [ 45.487793876988917, 41.900767271720824 ], [ 45.487791607919661, 41.900820795190342 ], [ 45.487792200066401, 41.900877213896578 ], [ 45.487799960444661, 41.900981752440003 ], [ 45.487816317157268, 41.90109615922816 ], [ 45.487841429838703, 41.901221600858165 ], [ 45.487875744800775, 41.901360317216621 ], [ 45.487914145626149, 41.901495853017515 ], [ 45.487961891149496, 41.901649893167225 ], [ 45.488170060144832, 41.902271857389259 ], [ 45.488254646161622, 41.90254191209393 ], [ 45.488294920334027, 41.902685131567246 ], [ 45.488328129289101, 41.902817383783628 ], [ 45.488334208953617, 41.902845501429937 ], [ 45.488354866106249, 41.902941037714157 ], [ 45.488375375888275, 41.903057254196739 ], [ 45.488392172420106, 41.90319008867133 ], [ 45.488400075919898, 41.903314186555015 ], [ 45.488399131697598, 41.903430279909131 ], [ 45.488389335978773, 41.903538828996638 ], [ 45.48838109576937, 41.903590456700137 ], [ 45.488370624913536, 41.903640320453647 ], [ 45.488357914015928, 41.903688453621641 ], [ 45.488342957236597, 41.903734881447292 ], [ 45.488325745139647, 41.903779631890892 ], [ 45.488306270618338, 41.903822722094588 ], [ 45.488284526580003, 41.903864171001672 ], [ 45.488260502287993, 41.903903993968079 ], [ 45.488192069677481, 41.904002803813292 ], [ 45.488114161224921, 41.904101725048818 ], [ 45.488026658702147, 41.904200912173877 ], [ 45.487946731932766, 41.904282792031267 ], [ 45.487929382735217, 41.904300564978627 ], [ 45.487822225750271, 41.904400812692252 ], [ 45.487704771168886, 41.904502055156115 ], [ 45.48760039093645, 41.904585609405594 ], [ 45.487576611688091, 41.904604644431842 ], [ 45.487437101344888, 41.904709100214831 ], [ 45.487301254577176, 41.904805151363668 ], [ 45.487154491774774, 41.904903970509856 ], [ 45.486995444244414, 41.905006485710423 ], [ 45.486821257579493, 41.905114538292608 ], [ 45.486502703849396, 41.905304282277349 ], [ 45.485890884809415, 41.905657522904477 ], [ 45.48565102762295, 41.905798325504939 ], [ 45.485485290588599, 41.905893928070405 ], [ 45.485312690017857, 41.905987271680942 ], [ 45.48513293412384, 41.906078516057754 ], [ 45.485081285320057, 41.906103152530072 ], [ 45.484945639746442, 41.906167855530605 ], [ 45.484750535419806, 41.906255427210986 ], [ 45.484546871368238, 41.906341574679281 ], [ 45.484333951689401, 41.906426591744193 ], [ 45.484110770235716, 41.906510882497059 ], [ 45.483885284405844, 41.906591702306258 ], [ 45.483647449561587, 41.906672896127141 ], [ 45.48339510459116, 41.906755206132267 ], [ 45.483124164895294, 41.906839967102798 ], [ 45.482861859061771, 41.906919190688704 ], [ 45.482569465637383, 41.907005036709393 ], [ 45.481468372596837, 41.907319371192365 ], [ 45.481011503734933, 41.907452855982356 ], [ 45.480766280706831, 41.907526991847682 ], [ 45.480538794696479, 41.907597933918026 ], [ 45.480324601033779, 41.907667069020071 ], [ 45.480121469783057, 41.907735120789376 ], [ 45.479879934330654, 41.907819742146138 ], [ 45.479650905006309, 41.907904326068135 ], [ 45.479432758613612, 41.907989472953851 ], [ 45.479224448067114, 41.908075593440742 ], [ 45.479024842377235, 41.908163166056823 ], [ 45.478833605141716, 41.908252348968063 ], [ 45.478650208908562, 41.908343389399136 ], [ 45.478474257266228, 41.908436483585618 ], [ 45.478241641911609, 41.908575223875566 ], [ 45.47801085340209, 41.908718319870736 ], [ 45.477988536156346, 41.908732693014599 ], [ 45.477827761380183, 41.908844344541919 ], [ 45.477665625981444, 41.908963762641847 ], [ 45.477502119277396, 41.909090978876407 ], [ 45.477336497915765, 41.909226568259598 ], [ 45.477167656844344, 41.909371435150611 ], [ 45.477027051576222, 41.909496873969431 ], [ 45.476882226993425, 41.909630277715443 ], [ 45.476731715956284, 41.90977299087011 ], [ 45.47657268070062, 41.909927703802907 ], [ 45.476279226520312, 41.910221276751997 ], [ 45.475567569218555, 41.910946667766787 ], [ 45.475369265620742, 41.911143841042275 ], [ 45.475188809541535, 41.911318652853694 ], [ 45.474990326587246, 41.911504468665697 ], [ 45.474801101883294, 41.911674182269365 ], [ 45.474617772047033, 41.911830804166662 ], [ 45.474438533840299, 41.911975866683761 ], [ 45.474335850966611, 41.912055192919553 ], [ 45.474233856969683, 41.912131181009947 ], [ 45.474132363574242, 41.912203968637172 ], [ 45.474031220874778, 41.912273664502798 ], [ 45.473930264521591, 41.91234038097015 ], [ 45.473829402123926, 41.912404177865682 ], [ 45.473728524469301, 41.912465123191126 ], [ 45.473627539138718, 41.912523273169654 ], [ 45.473526233586988, 41.912578745765607 ], [ 45.473424654618498, 41.912631509261502 ], [ 45.473322730177841, 41.912681601782161 ], [ 45.473220395390662, 41.91272905421706 ], [ 45.473117581764967, 41.912773897470395 ], [ 45.473014241247064, 41.912816154255822 ], [ 45.472910323344891, 41.912855843694089 ], [ 45.472805777566265, 41.912892984905817 ], [ 45.472658320126406, 41.912940283066249 ], [ 45.472504982680114, 41.912983306300831 ], [ 45.472345518556878, 41.913022123151549 ], [ 45.472179611224384, 41.913056812352735 ], [ 45.472007028377568, 41.913087427971377 ], [ 45.471827164341676, 41.913114083249425 ], [ 45.471639455439494, 41.913136863330116 ], [ 45.471443104150367, 41.913155865119826 ], [ 45.471233400564408, 41.913171421338362 ], [ 45.471012184144776, 41.913183278482528 ], [ 45.470777484190499, 41.913191545441173 ], [ 45.47052562873882, 41.913196353365294 ], [ 45.470276693332245, 41.91319781627282 ], [ 45.469999218830587, 41.913196555620978 ], [ 45.468990780562677, 41.91318177446017 ], [ 45.4689312917723, 41.913180902374087 ], [ 45.468587951616328, 41.913178861584967 ], [ 45.46848189784825, 41.913178231515928 ], [ 45.468240057231554, 41.913179979001313 ], [ 45.468015792874809, 41.913184379790998 ], [ 45.467804718579941, 41.913191521209264 ], [ 45.467604637879333, 41.913201482526119 ], [ 45.467366518325811, 41.913218103914211 ], [ 45.467140923095513, 41.913239449248714 ], [ 45.466926260358306, 41.913265670985915 ], [ 45.466721504838425, 41.913296895846493 ], [ 45.466525549673555, 41.913333306714392 ], [ 45.466338071009417, 41.913374978805372 ], [ 45.466158554746606, 41.913422025031167 ], [ 45.466071660199411, 41.913447595814226 ], [ 45.465986616941336, 41.913474547862947 ], [ 45.465826454278975, 41.913530446143149 ], [ 45.465666753759876, 41.913592729026988 ], [ 45.465507232752692, 41.913661504842565 ], [ 45.465347536609237, 41.913736928142804 ], [ 45.465187415236763, 41.913819105319099 ], [ 45.465026220999341, 41.913908362335327 ], [ 45.464863374932563, 41.914005017668117 ], [ 45.464698071302472, 41.914109547426378 ], [ 45.46453853118571, 41.91421625128109 ], [ 45.464374699631406, 41.914331371981554 ], [ 45.464205057614379, 41.914455968541219 ], [ 45.464026823436484, 41.91459208320142 ], [ 45.463857820111606, 41.914725304247469 ], [ 45.463672035809317, 41.914875421052606 ], [ 45.463254065033226, 41.915221319742265 ], [ 45.46318009939916, 41.915275515526041 ], [ 45.462967664956437, 41.915435700161702 ], [ 45.462460994216883, 41.915822843354974 ], [ 45.462200673395969, 41.916017015504309 ], [ 45.461945631352769, 41.916199283193805 ], [ 45.461826100455148, 41.916281112222094 ], [ 45.461710106510409, 41.916357974982709 ], [ 45.461589428967585, 41.91643505550239 ], [ 45.46147103637788, 41.916507626930809 ], [ 45.461354335680554, 41.916576052829335 ], [ 45.461238905403938, 41.916640578979631 ], [ 45.461124275935177, 41.916701464864978 ], [ 45.461010267064765, 41.916758801279123 ], [ 45.460896626476092, 41.916812713530071 ], [ 45.460783149890872, 41.916863299711828 ], [ 45.460655784333689, 41.916916340903406 ], [ 45.460523887808279, 41.91696751140632 ], [ 45.460387217409505, 41.917016906749993 ], [ 45.460245455597025, 41.917064640774747 ], [ 45.46009838225892, 41.917110792702609 ], [ 45.459945369365599, 41.917155564978977 ], [ 45.459785830870182, 41.917199129254001 ], [ 45.459618914664922, 41.91724171948448 ], [ 45.459460199436307, 41.917279745353675 ], [ 45.459293292693815, 41.917317492134522 ], [ 45.459116619652036, 41.917355316451079 ], [ 45.45892719664409, 41.917393859755997 ], [ 45.458548508892015, 41.917466365756326 ], [ 45.458099229810543, 41.917548150811164 ], [ 45.457811220126878, 41.917600578577208 ], [ 45.457507966473464, 41.917657293233923 ], [ 45.457194167586366, 41.917719390989816 ], [ 45.456915120809157, 41.917779036671668 ], [ 45.456753606173194, 41.917816055776349 ], [ 45.456599530727679, 41.917853422456197 ], [ 45.456522863851383, 41.917873134167849 ], [ 45.456451826692472, 41.917891397678581 ], [ 45.45630979952989, 41.917930159859999 ], [ 45.456172691018317, 41.917969920089945 ], [ 45.456040270143262, 41.918010751357656 ], [ 45.455912178328205, 41.918052764084877 ], [ 45.455788143678255, 41.918096048532298 ], [ 45.455616829403212, 41.918159507367264 ], [ 45.45546290638903, 41.918219707669238 ], [ 45.455302001387302, 41.918287120145827 ], [ 45.45513675524267, 41.918360548109007 ], [ 45.454969344141915, 41.918439078638215 ], [ 45.454798862931803, 41.918523128719386 ], [ 45.454624502779758, 41.918613095136628 ], [ 45.454445046452776, 41.918709604156234 ], [ 45.454296457355611, 41.918792258162306 ], [ 45.454142327817749, 41.918880357761587 ], [ 45.453809543135606, 41.919077448084984 ], [ 45.453493512954644, 41.919270952327722 ], [ 45.452733894080509, 41.919743210334914 ], [ 45.452527609821047, 41.919869040958403 ], [ 45.452340537207888, 41.919980915207042 ], [ 45.452141573223116, 41.920096897123031 ], [ 45.45195309216448, 41.92020333799988 ], [ 45.451771950678911, 41.920302012880292 ], [ 45.451596453714956, 41.920393839049424 ], [ 45.451410962202218, 41.920486494134046 ], [ 45.451229368049752, 41.920572501923672 ], [ 45.451050732587454, 41.92065230565423 ], [ 45.450874393478855, 41.920726202461573 ], [ 45.450699611224898, 41.920794493382878 ], [ 45.45052611041254, 41.920857278580385 ], [ 45.450353498947074, 41.920914701004008 ], [ 45.450345566063994, 41.920917106299399 ], [ 45.450253339034354, 41.920945070098 ], [ 45.450181465243666, 41.920966862755215 ], [ 45.449993678976575, 41.921019911902704 ], [ 45.44994158641763, 41.921034628632881 ], [ 45.449704006408972, 41.921098891283208 ], [ 45.449468755368095, 41.921159644297745 ], [ 45.449235862232577, 41.921216880372278 ], [ 45.449005355926786, 41.921270590401321 ], [ 45.448777264200181, 41.921320769787506 ], [ 45.448551613583, 41.92136741213686 ], [ 45.448328431817096, 41.921410511951493 ], [ 45.448107753873089, 41.921450062804603 ], [ 45.447889591833047, 41.921486061961517 ], [ 45.447673969837759, 41.921518506640467 ], [ 45.447460908396856, 41.921547392272451 ], [ 45.447250430456272, 41.921572717881709 ], [ 45.447042554112187, 41.921594478908638 ], [ 45.446837297491406, 41.921612675296792 ], [ 45.446634679913267, 41.921627305183769 ], [ 45.446476326412842, 41.921635637111386 ], [ 45.446310383826699, 41.921640890085285 ], [ 45.446135123203774, 41.921643123929975 ], [ 45.445947130721365, 41.921642383384736 ], [ 45.445598028971425, 41.921634730995841 ], [ 45.44497554456828, 41.921613638207113 ], [ 45.444892006504332, 41.921610806837407 ], [ 45.4447534430887, 41.921606111590364 ], [ 45.44452585961217, 41.921601767139897 ], [ 45.444320857730069, 41.921600988903613 ], [ 45.44405721211011, 41.921600544285674 ], [ 45.443389669246272, 41.921594444072163 ], [ 45.443200487583361, 41.921594714180323 ], [ 45.443030877628757, 41.921596860230309 ], [ 45.442834431156882, 41.921602374481303 ], [ 45.442652361047259, 41.921611174484894 ], [ 45.442481136129693, 41.921623433336613 ], [ 45.442318990519198, 41.92163928308134 ], [ 45.442215271616497, 41.921652013727027 ], [ 45.442111389851249, 41.921667013709367 ], [ 45.442007293405801, 41.921684290432829 ], [ 45.441902925663371, 41.921703854922775 ], [ 45.441798233600025, 41.921725714587922 ], [ 45.441693138934788, 41.921749886841312 ], [ 45.441587569409968, 41.92177638817185 ], [ 45.441481439526797, 41.921805238721852 ], [ 45.441374820269431, 41.92183641569995 ], [ 45.441267449209761, 41.921869990365998 ], [ 45.441159210810234, 41.921905999188809 ], [ 45.441049970286819, 41.921944485916086 ], [ 45.440939619342444, 41.921985487888477 ], [ 45.440827941433717, 41.922029085193579 ], [ 45.440599757924538, 41.92212439868301 ], [ 45.440412688928625, 41.922208342414436 ], [ 45.440218816109407, 41.922300317134287 ], [ 45.440016096994803, 41.922401288053408 ], [ 45.439800527912759, 41.922513244741296 ], [ 45.439613483163782, 41.922613512728439 ], [ 45.439405911895442, 41.922727368201166 ], [ 45.439215694927448, 41.922833912779403 ], [ 45.439152002798053, 41.922869588083763 ], [ 45.438721800631257, 41.923110550321432 ], [ 45.43846824716379, 41.923250902026659 ], [ 45.438218189425953, 41.923385874501825 ], [ 45.437990774502204, 41.923504378569163 ], [ 45.437755435938392, 41.923621588398952 ], [ 45.437531692279613, 41.923726940298543 ], [ 45.437354772558585, 41.923804993171132 ], [ 45.437270346372934, 41.92384079053258 ], [ 45.43710655346429, 41.923907855224023 ], [ 45.436120067846069, 41.924307715412667 ], [ 45.435769153038365, 41.924448375047426 ], [ 45.435536370663435, 41.924539290696941 ], [ 45.435379530931655, 41.924600546008598 ], [ 45.435028307466844, 41.924732462586121 ], [ 45.434662103113446, 41.924863092791121 ], [ 45.434486913385655, 41.9249226456146 ], [ 45.434315931800079, 41.924978722757899 ], [ 45.434148365342217, 41.925031580328138 ], [ 45.433983952869625, 41.925081297686162 ], [ 45.433822292419109, 41.92512799705473 ], [ 45.433663079474442, 41.925171765159831 ], [ 45.433496910888415, 41.925214985573504 ], [ 45.433328154603849, 41.925256352914765 ], [ 45.433156738384291, 41.925295884557578 ], [ 45.43298257915739, 41.925333600618146 ], [ 45.432805602256536, 41.925369515776303 ], [ 45.432625692077153, 41.92540365477285 ], [ 45.432442741426406, 41.925436037812567 ], [ 45.432256622621132, 41.925466686977821 ], [ 45.432067441723618, 41.925495590145388 ], [ 45.431874805997431, 41.925522810923873 ], [ 45.431678540736215, 41.925548373370283 ], [ 45.431478438701006, 41.925572306165741 ], [ 45.431274327567102, 41.925594628851606 ], [ 45.431065872322456, 41.925615380492587 ], [ 45.430852765632963, 41.925634591039866 ], [ 45.430634613366159, 41.925652296171336 ], [ 45.43024153510332, 41.925679628994466 ], [ 45.429828522016656, 41.925702737973396 ], [ 45.429391277394757, 41.925721869533902 ], [ 45.428921141875627, 41.925737405208345 ], [ 45.428564857330173, 41.925746394890496 ], [ 45.428174196220617, 41.925754135428633 ], [ 45.426350029912072, 41.925779386134046 ], [ 45.425914661277389, 41.925787414675668 ], [ 45.425526349038471, 41.925796793835275 ], [ 45.425109843838001, 41.92580584283818 ], [ 45.424674870419061, 41.925810593060838 ], [ 45.424217123535215, 41.925811095325429 ], [ 45.423728301985889, 41.92580736197975 ], [ 45.423285022892124, 41.925800897153309 ], [ 45.422792427542397, 41.925791114888817 ], [ 45.421057656791078, 41.925747979215899 ], [ 45.42036759152974, 41.925733239841129 ], [ 45.419658941081408, 41.925723469325909 ], [ 45.419333554380074, 41.9257215408485 ], [ 45.419022036839195, 41.925721543225251 ], [ 45.418280406262113, 41.925727199641727 ], [ 45.417466817568716, 41.925739830149716 ], [ 45.416542409294607, 41.925759924565291 ], [ 45.414604038558934, 41.925809523000694 ], [ 45.413765747777255, 41.925828876974194 ], [ 45.412881061732499, 41.925844543976382 ], [ 45.412655073163862, 41.925846784828714 ], [ 45.412087991164945, 41.925852405197645 ], [ 45.411879531761919, 41.925851302251509 ], [ 45.411661923216208, 41.925847212662667 ], [ 45.41143330558247, 41.925840102513156 ], [ 45.41119029037867, 41.925829867684349 ], [ 45.410945425710082, 41.925817278288577 ], [ 45.410674185494074, 41.92580128538232 ], [ 45.409730936496977, 41.925738627430682 ], [ 45.409620537987301, 41.925731292615822 ], [ 45.409172743413784, 41.925704534111382 ], [ 45.408929712398702, 41.925692442763605 ], [ 45.408703323499964, 41.925683298123253 ], [ 45.408489087755044, 41.925676919911133 ], [ 45.408284742143941, 41.925673244187912 ], [ 45.408038521967221, 41.925672414438353 ], [ 45.407802992836878, 41.925675824402497 ], [ 45.407576455518971, 41.925683499091967 ], [ 45.407357804262496, 41.925695478509866 ], [ 45.407145824998068, 41.925711838159557 ], [ 45.406940153703722, 41.925732617196459 ], [ 45.406740215422111, 41.925757874433721 ], [ 45.406545570256185, 41.925787665499293 ], [ 45.406332686498416, 41.925825403494116 ], [ 45.406116947229947, 41.925868008539318 ], [ 45.40589821267168, 41.925915509033828 ], [ 45.4056763081241, 41.925967942505338 ], [ 45.405451098639098, 41.926025339134249 ], [ 45.405222289141051, 41.926087773797782 ], [ 45.404989608654382, 41.926155318583419 ], [ 45.404752707994085, 41.926228075574123 ], [ 45.404512967504878, 41.926305576933366 ], [ 45.404268144510269, 41.926388506046166 ], [ 45.404017622729256, 41.926477071303005 ], [ 45.40376051034869, 41.926571587436236 ], [ 45.403496542434027, 41.926672134591811 ], [ 45.403223269066459, 41.926779631008209 ], [ 45.402938572601855, 41.926894904565643 ], [ 45.402638342129457, 41.927019620532924 ], [ 45.402526244220809, 41.927064694285029 ], [ 45.402396045006142, 41.927113207998048 ], [ 45.40194317475202, 41.927270557050583 ], [ 45.401774726518425, 41.927331503572127 ], [ 45.401615178598121, 41.927394312837329 ], [ 45.401478781040055, 41.927454554172044 ], [ 45.401400432649879, 41.927493208586277 ], [ 45.401328934832883, 41.927532056966626 ], [ 45.401263810397346, 41.927571357686048 ], [ 45.401204769795228, 41.927611288299573 ], [ 45.40115151643851, 41.92765205790878 ], [ 45.401103975982494, 41.927693734332124 ], [ 45.401062028494117, 41.927736424275309 ], [ 45.401025587675115, 41.927780212709344 ], [ 45.400988412265662, 41.927833820161673 ], [ 45.400954795094613, 41.927892095087493 ], [ 45.400924798209694, 41.927954930092767 ], [ 45.400898491883325, 41.928022182628027 ], [ 45.400875924866504, 41.928093739941012 ], [ 45.400857188361464, 41.928169334214694 ], [ 45.400842344699818, 41.92824870944127 ], [ 45.400831459303397, 41.928331524938343 ], [ 45.400824509317474, 41.928418751714965 ], [ 45.400821741494738, 41.928508573148235 ], [ 45.400823173621276, 41.928600359603962 ], [ 45.400828795726405, 41.928693286097868 ], [ 45.400838589318511, 41.928786707810083 ], [ 45.400852418488867, 41.928879141801296 ], [ 45.400870090550008, 41.928969283663953 ], [ 45.400891302756193, 41.929055588894116 ], [ 45.400904021898363, 41.929096506308639 ], [ 45.400905758754959, 41.929102097042154 ], [ 45.400923575343818, 41.929147880118933 ], [ 45.400944759912612, 41.929192961514673 ], [ 45.400969325898494, 41.929237367300182 ], [ 45.400997285521079, 41.929281121748843 ], [ 45.40102866071075, 41.929324259007302 ], [ 45.401063473380916, 41.929366810519831 ], [ 45.401101753910247, 41.929408811303546 ], [ 45.401143468381086, 41.929450237155258 ], [ 45.401188716360387, 41.929491193102365 ], [ 45.401237547603692, 41.929531726702642 ], [ 45.401290023950331, 41.929571889073863 ], [ 45.40134619994673, 41.929611722352156 ], [ 45.401406187080937, 41.92965130900447 ], [ 45.401470094350216, 41.929690718896417 ], [ 45.401538067077006, 41.929730044282834 ], [ 45.401654818394015, 41.929792576039645 ], [ 45.401783281635971, 41.92985568816151 ], [ 45.40192482767182, 41.929920060323809 ], [ 45.402082264056375, 41.929986972413779 ], [ 45.402224473426934, 41.930044331024774 ], [ 45.402386293061618, 41.930107130169034 ], [ 45.402947440463578, 41.93031725422874 ], [ 45.403161308952235, 41.930399118841635 ], [ 45.403370764758264, 41.930483105235851 ], [ 45.403554067590676, 41.930561481891992 ], [ 45.403740731489087, 41.930648123641419 ], [ 45.403826236892414, 41.930690877932378 ], [ 45.403907031547973, 41.930733505522817 ], [ 45.403983471266102, 41.930776197915385 ], [ 45.404055669841547, 41.930819022268984 ], [ 45.404115265305634, 41.93085668773324 ], [ 45.404187973135151, 41.930905446560892 ], [ 45.404288319217237, 41.930971977427006 ], [ 45.404406633363671, 41.931045124329017 ], [ 45.40483130244403, 41.931291816092468 ], [ 45.404991815033405, 41.931388676985648 ], [ 45.405071178871928, 41.931439384250076 ], [ 45.405142986647604, 41.931487693503136 ], [ 45.405208456949559, 41.931534426377752 ], [ 45.40526819559971, 41.931580017573907 ], [ 45.405336739303003, 41.931637018030763 ], [ 45.405346349919931, 41.931645937714528 ], [ 45.405408906780266, 41.931693873252115 ], [ 45.405486845201011, 41.931758225982577 ], [ 45.405555568830643, 41.931820719789059 ], [ 45.405615511962466, 41.931881751252476 ], [ 45.405666927097442, 41.93194157978963 ], [ 45.405710052482299, 41.932000499090918 ], [ 45.405744938098593, 41.932058596354629 ], [ 45.405771666837758, 41.932116012701321 ], [ 45.405790288814693, 41.932172856040623 ], [ 45.405798501468283, 41.932211250711738 ], [ 45.405803677601895, 41.932250890939137 ], [ 45.405805814763596, 41.932291771327819 ], [ 45.40580491289635, 41.932333883772074 ], [ 45.405800971965576, 41.932377223768562 ], [ 45.405793993113974, 41.93242178230615 ], [ 45.405783977483892, 41.932467550373481 ], [ 45.405770926223063, 41.932514519859609 ], [ 45.405754839335501, 41.932562692564822 ], [ 45.405735722690189, 41.932612044148797 ], [ 45.405688420307634, 41.932714237941134 ], [ 45.405629070159357, 41.932820988456605 ], [ 45.405557756869577, 41.932932146766099 ], [ 45.405473905976073, 41.93304843811768 ], [ 45.405378196886524, 41.933168782877885 ], [ 45.405270859267112, 41.933292890188945 ], [ 45.40515226422422, 41.933420328186052 ], [ 45.405022434139426, 41.933551025601929 ], [ 45.404882617583603, 41.933683682825261 ], [ 45.404733949908092, 41.933817214107144 ], [ 45.404578835847268, 41.933949454724655 ], [ 45.404516896328367, 41.933998516546332 ], [ 45.404451867897073, 41.934045338428746 ], [ 45.404383714526695, 41.934089945712508 ], [ 45.404312401397164, 41.934132363733596 ], [ 45.404237888829975, 41.93417261244069 ], [ 45.404160125164637, 41.934210724433754 ], [ 45.404079052670255, 41.93424672602896 ], [ 45.403994607596665, 41.934280645364538 ], [ 45.403906846547258, 41.934312467823176 ], [ 45.403815566182921, 41.934342274272474 ], [ 45.403720671404606, 41.934370094760716 ], [ 45.403622046636514, 41.934395963910895 ], [ 45.403519596763175, 41.934419909067898 ], [ 45.403413129074721, 41.934441975031646 ], [ 45.403302465290473, 41.934462199344871 ], [ 45.403187372879053, 41.934480624242966 ], [ 45.40298809010315, 41.934507087641151 ], [ 45.402774463181707, 41.934529037293132 ], [ 45.402544288630388, 41.934546708714635 ], [ 45.4022932225297, 41.934560437666072 ], [ 45.402063418354075, 41.934569131603013 ], [ 45.401804664566647, 41.934575724240787 ], [ 45.400872590381262, 41.93458883645178 ], [ 45.400498206455623, 41.934597123155015 ], [ 45.400301582851746, 41.934603862251151 ], [ 45.400118851544043, 41.934612165708828 ], [ 45.399946681870098, 41.934622188403232 ], [ 45.399783390538069, 41.934634029912935 ], [ 45.399596805094468, 41.934650826711959 ], [ 45.399475351504847, 41.934664340635088 ], [ 45.39941973678566, 41.934670528102274 ], [ 45.399251083861714, 41.934693256847943 ], [ 45.399090126789503, 41.934719110057813 ], [ 45.398936089574235, 41.934748221958834 ], [ 45.398788737304869, 41.934780643832504 ], [ 45.398647707397998, 41.934816457123432 ], [ 45.39851272404524, 41.934855731263376 ], [ 45.398397169338757, 41.934893631855552 ], [ 45.398277844629149, 41.934936708976146 ], [ 45.398153567985936, 41.934985386426163 ], [ 45.398022062673185, 41.935040552040839 ], [ 45.397904604093597, 41.935092457922075 ], [ 45.397788019016289, 41.935145976466927 ], [ 45.397774810917419, 41.935152040532628 ], [ 45.397326998982123, 41.935364949632877 ], [ 45.397184241729455, 41.935431236922945 ], [ 45.397007516856142, 41.935509895165559 ], [ 45.396970099831918, 41.935526382585827 ], [ 45.396805792786559, 41.935593359967996 ], [ 45.396711457417759, 41.93562893203935 ], [ 45.396619951538177, 41.935661149153979 ], [ 45.396530675763991, 41.935690223245849 ], [ 45.396443226827451, 41.935716285409697 ], [ 45.396357151992291, 41.93573946510832 ], [ 45.396272306730182, 41.935759796168618 ], [ 45.396188464616564, 41.935777333415082 ], [ 45.396105449770751, 41.935792112583002 ], [ 45.396026084661401, 41.935803908677983 ], [ 45.395944488863364, 41.935813902955289 ], [ 45.395860485199947, 41.935822117637173 ], [ 45.395773839807291, 41.935828576041317 ], [ 45.395684401996107, 41.935833292191155 ], [ 45.395591681020043, 41.935836297493211 ], [ 45.395394351351861, 41.935837228475066 ], [ 45.395221923927849, 41.935833120595241 ], [ 45.395028481098876, 41.93582451743935 ], [ 45.394395397668276, 41.935784484548947 ], [ 45.394168035041616, 41.935772338809663 ], [ 45.393951230540885, 41.935765236199913 ], [ 45.393756375981859, 41.935764350021763 ], [ 45.393313830757059, 41.935768523793065 ], [ 45.393178992904438, 41.935772055096805 ], [ 45.393058498957977, 41.935777406040025 ], [ 45.392948378153307, 41.935789528655803 ], [ 45.392836720088766, 41.935804330528271 ], [ 45.392723307804182, 41.935821841216566 ], [ 45.392607856866746, 41.935842103119128 ], [ 45.392490179263874, 41.935865145694045 ], [ 45.392369714719301, 41.935891075327277 ], [ 45.392245962059867, 41.935919998200418 ], [ 45.392118180471662, 41.93595208706023 ], [ 45.391885603928536, 41.936015557230135 ], [ 45.391628977952493, 41.936091694084539 ], [ 45.391373365588713, 41.93617193398574 ], [ 45.390698061592239, 41.936389398668311 ], [ 45.390496449075378, 41.936451626707168 ], [ 45.390314598619689, 41.936505168660673 ], [ 45.390107325653929, 41.936562269704005 ], [ 45.389912316931735, 41.936611322630391 ], [ 45.389725842412062, 41.936653261553161 ], [ 45.389545989198425, 41.936688511817408 ], [ 45.388564450364363, 41.936872639955901 ], [ 45.388255860098603, 41.936927889140371 ], [ 45.387977729079914, 41.936975177993851 ], [ 45.38769537401658, 41.937020003581615 ], [ 45.387430033695708, 41.937058540198507 ], [ 45.387177738214234, 41.937091363370129 ], [ 45.386936413252791, 41.937118738666456 ], [ 45.386690308395266, 41.937142054902282 ], [ 45.386453469892345, 41.937159554390945 ], [ 45.386224881369465, 41.937171311761865 ], [ 45.386003853108249, 41.937177361807308 ], [ 45.38578962650913, 41.937177719729206 ], [ 45.385581948255577, 41.937172376508862 ], [ 45.38538044320088, 41.937161324434136 ], [ 45.385184824198042, 41.937144546487225 ], [ 45.385038261394442, 41.937128201759364 ], [ 45.384890230908553, 41.937108895843117 ], [ 45.384740828132394, 41.937086641022631 ], [ 45.384590153299371, 41.937061452268225 ], [ 45.38443830302959, 41.937033345463405 ], [ 45.384285396899926, 41.93700234272017 ], [ 45.384131549667465, 41.936968467067821 ], [ 45.383976885766153, 41.936931746007318 ], [ 45.383821455934729, 41.936892188372383 ], [ 45.38366547041268, 41.936849848398488 ], [ 45.383509071780523, 41.93680476253472 ], [ 45.383352405068408, 41.936756973527451 ], [ 45.383195614099442, 41.936706524127892 ], [ 45.383040520425375, 41.936654028823526 ], [ 45.383017237769884, 41.936656992253681 ], [ 45.382953033122725, 41.936667156162017 ], [ 45.382892690904903, 41.936678926567232 ], [ 45.382841856127691, 41.936691034517168 ], [ 45.382843688042122, 41.93699733160458 ], [ 45.38289647974571, 41.937819304708924 ], [ 45.383141412882303, 41.938747872747491 ], [ 45.383434227918286, 41.93967628021722 ], [ 45.383486387149453, 41.940391016927144 ], [ 45.383491313176911, 41.941213149122632 ], [ 45.383476614043666, 41.941280859537031 ], [ 45.383541545311104, 41.94160618219567 ], [ 45.384034835206378, 41.943197882655028 ], [ 45.384149429960956, 41.943370370076259 ], [ 45.384321809641861, 41.943635864759635 ], [ 45.384471761530804, 41.943872903642365 ], [ 45.384606126893907, 41.944084722536246 ], [ 45.384747113059838, 41.944299399431749 ], [ 45.38489498920908, 41.944517345910164 ], [ 45.385050114520666, 41.944739092137056 ], [ 45.38521272890123, 41.944964993043584 ], [ 45.3853835807287, 41.945196096270315 ], [ 45.385563365906854, 41.945433346050322 ], [ 45.38575313652283, 41.945678129445312 ], [ 45.38593259326661, 41.945905076929193 ], [ 45.386122667938196, 41.946141399547834 ], [ 45.386544598018183, 41.946654447848552 ], [ 45.386939385001604, 41.947124692380775 ], [ 45.388010314541894, 41.948388780564606 ], [ 45.388344798550399, 41.948785384038601 ], [ 45.388660951317767, 41.949156750472142 ], [ 45.38896411775346, 41.949509154012894 ], [ 45.389257131000747, 41.949845885226132 ], [ 45.389543244406788, 41.950170662838936 ], [ 45.389822928953286, 41.950483997788609 ], [ 45.390097445395703, 41.950787302598073 ], [ 45.390367690015275, 41.951081569501575 ], [ 45.390483992687422, 41.951205338881238 ], [ 45.390605078235581, 41.951330435671288 ], [ 45.390731187100414, 41.951457106723112 ], [ 45.390862633754715, 41.951585668886665 ], [ 45.390999630689976, 41.951716334879144 ], [ 45.391142830935031, 41.951849734727531 ], [ 45.391292843710332, 41.951986435556904 ], [ 45.391450585145641, 41.952127271841725 ], [ 45.391740138803144, 41.952379438842293 ], [ 45.392067164786518, 41.95265678242329 ], [ 45.39239549699473, 41.952930039648393 ], [ 45.393254311564881, 41.953638543756362 ], [ 45.393504085096495, 41.953847476034106 ], [ 45.393726331377415, 41.954036172200091 ], [ 45.393973823739259, 41.954250563027287 ], [ 45.394201256130351, 41.954452725318141 ], [ 45.394412958390284, 41.954646512703825 ], [ 45.394611098799203, 41.954833916410216 ], [ 45.394839328699483, 41.955058667116973 ], [ 45.395051388244894, 41.955278016732919 ], [ 45.395248728427688, 41.955493468978013 ], [ 45.395432271119446, 41.955706030406333 ], [ 45.395519223753645, 41.955811648951467 ], [ 45.395602974047023, 41.955916842537867 ], [ 45.39568358522741, 41.956021692015071 ], [ 45.39576111202156, 41.95612626925481 ], [ 45.395835609179343, 41.956230649730948 ], [ 45.395907114402597, 41.95633488375703 ], [ 45.395975664215008, 41.95643902615366 ], [ 45.396041291498513, 41.956543128150969 ], [ 45.396145625132355, 41.956718217168714 ], [ 45.396249033451532, 41.956903567924748 ], [ 45.396352628007961, 41.957101156258467 ], [ 45.396458504216348, 41.957314970309675 ], [ 45.396546442129015, 41.957500838943702 ], [ 45.396641726617347, 41.957709256544206 ], [ 45.397039447589371, 41.958604048604634 ], [ 45.397136269462756, 41.958812919777536 ], [ 45.397227179872274, 41.959001502986375 ], [ 45.397496508178207, 41.959552360523098 ], [ 45.398110328419541, 41.960821497072899 ], [ 45.398387767990975, 41.961390348423031 ], [ 45.398686291661733, 41.9619916571421 ], [ 45.398959591021523, 41.962528326902842 ], [ 45.399113133493159, 41.962822854631838 ], [ 45.399263368884803, 41.963105666013085 ], [ 45.399411265430338, 41.963378584252169 ], [ 45.399557482264136, 41.96364282116896 ], [ 45.399702760145956, 41.963899708084682 ], [ 45.399847344220454, 41.964149667465094 ], [ 45.399991612603685, 41.964393349180739 ], [ 45.400135858008333, 41.964631252986095 ], [ 45.4002876486689, 41.964875202609235 ], [ 45.400445959719228, 41.965123012065575 ], [ 45.400611136170568, 41.96537522052558 ], [ 45.400783638732001, 41.965632532475759 ], [ 45.400963755122149, 41.96589539090764 ], [ 45.401152478208516, 41.966165255903633 ], [ 45.4013507251316, 41.966443437390318 ], [ 45.401559919472319, 41.966731938831032 ], [ 45.401886790309561, 41.967174221733003 ], [ 45.402252024077747, 41.967659033972808 ], [ 45.40265613403011, 41.968187706362791 ], [ 45.403842133669023, 41.96972828117211 ], [ 45.404211186447057, 41.970214964909907 ], [ 45.404537733839334, 41.97065284313765 ], [ 45.40498295472117, 41.971248784431978 ], [ 45.405481376873141, 41.97190270032997 ], [ 45.406023450872091, 41.972603282669915 ], [ 45.407125417688547, 41.974014964453787 ], [ 45.407590645740584, 41.974614031573424 ], [ 45.408075196945816, 41.975245046809619 ], [ 45.408504218369309, 41.975812996400563 ], [ 45.408754333413164, 41.97614942616152 ], [ 45.408992112278867, 41.976473686246308 ], [ 45.40921925330457, 41.976788097105427 ], [ 45.409436857147796, 41.977094182411292 ], [ 45.409646117323064, 41.977393633017748 ], [ 45.409847386998166, 41.977686964694172 ], [ 45.410041225281525, 41.977974994193659 ], [ 45.410228052472924, 41.978258346917677 ], [ 45.410329031784379, 41.978421244670841 ], [ 45.410426746128842, 41.978595362811774 ], [ 45.410521357930911, 41.978780990781921 ], [ 45.410613065267789, 41.978978518769097 ], [ 45.410702007504383, 41.979188216480722 ], [ 45.410788533855936, 41.979410888769742 ], [ 45.410872945001209, 41.979647300131298 ], [ 45.410955646622526, 41.979898587559823 ], [ 45.411032281224877, 41.980149747128763 ], [ 45.411108399675861, 41.980417214165513 ], [ 45.411184692336803, 41.980703403587199 ], [ 45.411262409718219, 41.981012985374015 ], [ 45.411333281695967, 41.981309905720352 ], [ 45.411409458039444, 41.981642205920089 ], [ 45.411678322540254, 41.982862862772144 ], [ 45.411790166362749, 41.983354915702691 ], [ 45.411852447207913, 41.98361642157591 ], [ 45.411912309377982, 41.983857320718592 ], [ 45.41197093750899, 41.984082370711299 ], [ 45.412028955332211, 41.984293956086113 ], [ 45.412101757644727, 41.984543512699318 ], [ 45.412175061647403, 41.984776994156313 ], [ 45.412249403412943, 41.984996105296389 ], [ 45.412325153293821, 41.985201935496242 ], [ 45.41240274965331, 41.98539563603299 ], [ 45.412482341906134, 41.985577542315937 ], [ 45.412564157948452, 41.985748178611637 ], [ 45.412648386165628, 41.985907932426414 ], [ 45.412703515681336, 41.986004409987984 ], [ 45.412759737081743, 41.986096651363773 ], [ 45.412817088184283, 41.986184718562349 ], [ 45.412875605535206, 41.986268663689451 ], [ 45.412935323272187, 41.986348539760009 ], [ 45.412996269380422, 41.986424381797598 ], [ 45.413058474270947, 41.986496226618392 ], [ 45.413121963496799, 41.9865641065525 ], [ 45.413186791711347, 41.986628073639849 ], [ 45.413252957681955, 41.986688125180805 ], [ 45.413320485683741, 41.986744282701743 ], [ 45.413389398778499, 41.986796566832659 ], [ 45.413459721205733, 41.986844993695875 ], [ 45.41353147357141, 41.986889577625327 ], [ 45.413604675262164, 41.986930331157957 ], [ 45.413679345652639, 41.9869672650292 ], [ 45.413755631204921, 41.987000440854409 ], [ 45.413833430136073, 41.987029802255385 ], [ 45.413912758168571, 41.987055355477061 ], [ 45.413993634646012, 41.987077106751244 ], [ 45.414076076491227, 41.987095061417676 ], [ 45.414160098188866, 41.987109221222127 ], [ 45.414245719069307, 41.987119590594716 ], [ 45.414332951189998, 41.987126169488405 ], [ 45.414421821111773, 41.987128960505657 ], [ 45.414512334849128, 41.98712796272028 ], [ 45.414604506872251, 41.987123176076167 ], [ 45.414698350443508, 41.987114600521416 ], [ 45.41479388122152, 41.987102233293335 ], [ 45.414891111254427, 41.9870860734435 ], [ 45.41499005378521, 41.987066118217705 ], [ 45.415090723275121, 41.987042366658521 ], [ 45.415240490253368, 41.987001117617517 ], [ 45.415411497400513, 41.986947501931589 ], [ 45.415575435604779, 41.986891972446131 ], [ 45.415951748904106, 41.986760217399684 ], [ 45.416123087591998, 41.98670301660065 ], [ 45.416399253975548, 41.986616629350493 ], [ 45.416708520426333, 41.986524719093481 ], [ 45.417016410346413, 41.98643659760296 ], [ 45.417817002364892, 41.986211523729004 ], [ 45.418258959577685, 41.986081959381387 ], [ 45.418492439548487, 41.986009745982635 ], [ 45.418708996149611, 41.985939518558801 ], [ 45.418912730037192, 41.985869944567156 ], [ 45.419105719011938, 41.985800312169204 ], [ 45.419229086980963, 41.985753283750185 ], [ 45.419353676676941, 41.985703346086204 ], [ 45.419479752959553, 41.985650391926796 ], [ 45.419607663732492, 41.985594275888701 ], [ 45.419737626877556, 41.985534907102455 ], [ 45.419870353720931, 41.985471965924781 ], [ 45.420006474832746, 41.985405152819062 ], [ 45.420146950426179, 41.985333997713639 ], [ 45.420383872447751, 41.98520954451957 ], [ 45.420645252971404, 41.985067027515896 ], [ 45.420893393500258, 41.984928230475056 ], [ 45.42148555108308, 41.98459310038681 ], [ 45.421787816575673, 41.984425602879121 ], [ 45.422080626264631, 41.984269306703865 ], [ 45.422349025417205, 41.984133261911403 ], [ 45.422483209031917, 41.98406836780341 ], [ 45.42261423156306, 41.984007239153726 ], [ 45.422742726066197, 41.983949581826074 ], [ 45.422869137903959, 41.983895196942512 ], [ 45.422993964252534, 41.983843871922112 ], [ 45.42311739417655, 41.983795534019904 ], [ 45.423239694987899, 41.983750077777628 ], [ 45.423361077446422, 41.983707425865006 ], [ 45.423485501192054, 41.983666141525639 ], [ 45.423613486023399, 41.983625968843612 ], [ 45.423745277675117, 41.983586828541974 ], [ 45.423881196627335, 41.983548626655647 ], [ 45.424021460938391, 41.983511297516543 ], [ 45.424166710454941, 41.98347466761799 ], [ 45.424474806819227, 41.983402849920445 ], [ 45.424769260450489, 41.983340295696451 ], [ 45.425098521747216, 41.983275561913999 ], [ 45.425432151043701, 41.983213727358915 ], [ 45.426326515093443, 41.983052653212333 ], [ 45.426593355398751, 41.983002212646682 ], [ 45.4268318742064, 41.982954813838923 ], [ 45.427101720279119, 41.982897626630312 ], [ 45.427351731833106, 41.982840342398191 ], [ 45.427586737320787, 41.982781852580608 ], [ 45.427809160252274, 41.982721547493611 ], [ 45.428223706453146, 41.982601959626642 ], [ 45.428632961228139, 41.982479462851174 ], [ 45.429036758304441, 41.982354107381774 ], [ 45.429434948288524, 41.982225939768675 ], [ 45.429827375779404, 41.982095010188566 ], [ 45.430213927549751, 41.981961356952723 ], [ 45.430594484358309, 41.981825021097571 ], [ 45.430968937812942, 41.981686040917481 ], [ 45.431337097679886, 41.981544490140799 ], [ 45.431698962756158, 41.981400369733052 ], [ 45.432054445167779, 41.981253716110956 ], [ 45.432403464261974, 41.981104562061454 ], [ 45.432745938188049, 41.980952941276485 ], [ 45.43308180679508, 41.980798882862707 ], [ 45.433411005106606, 41.980642415944537 ], [ 45.433733474178119, 41.980483568722512 ], [ 45.434631140665196, 41.980034379528021 ], [ 45.434908245467334, 41.979893003448773 ], [ 45.435155641135694, 41.979764169422332 ], [ 45.435404793136009, 41.979631055434439 ], [ 45.435636120461204, 41.979503626906094 ], [ 45.435853241763418, 41.97937988693765 ], [ 45.436058038902168, 41.97925876027054 ], [ 45.436264062682227, 41.97913177153562 ], [ 45.436458921718071, 41.979006061492257 ], [ 45.436643510204924, 41.978881053071191 ], [ 45.436818428945372, 41.978756336934318 ], [ 45.43698431939594, 41.978631448641814 ], [ 45.437141396509112, 41.978506218088818 ], [ 45.437289968846407, 41.978380396452557 ], [ 45.437430270480704, 41.978253786528626 ], [ 45.437522624074766, 41.978164263121599 ], [ 45.437614411834204, 41.978068470448868 ], [ 45.437706411577622, 41.977965600349243 ], [ 45.437799963743068, 41.977854160708148 ], [ 45.43789199706147, 41.977738308107789 ], [ 45.437990630860135, 41.977608287068527 ], [ 45.438366986689061, 41.977088403854701 ], [ 45.438453907588531, 41.97697153634536 ], [ 45.438533768415645, 41.976867713085667 ], [ 45.438628585663253, 41.976749872277708 ], [ 45.438720602094662, 41.97664185576712 ], [ 45.438811635403852, 41.97654153283905 ], [ 45.438902645255176, 41.976447855052875 ], [ 45.439021636448985, 41.976332446963163 ], [ 45.439149435774048, 41.976213837407016 ], [ 45.43928730966131, 41.976090846137666 ], [ 45.439437778478322, 41.975961220808706 ], [ 45.439739559594315, 41.975711152231526 ], [ 45.440378749516512, 41.975195842063727 ], [ 45.440533508326659, 41.975066538377902 ], [ 45.440700715704153, 41.974920812553329 ], [ 45.440882264719257, 41.974757018949674 ], [ 45.441081926450487, 41.974571761901622 ], [ 45.441462862294188, 41.97420832285313 ], [ 45.442184694451718, 41.973506235609157 ], [ 45.442473929943354, 41.973227232684948 ], [ 45.442763853863688, 41.972952493731441 ], [ 45.443022768128195, 41.972713378042968 ], [ 45.443293433536674, 41.972471971923234 ], [ 45.443542550593691, 41.972259799438582 ], [ 45.443660339482754, 41.972163556436506 ], [ 45.44377394621123, 41.972073608036872 ], [ 45.443883618102333, 41.971989758751747 ], [ 45.443989538877396, 41.971911866477157 ], [ 45.444118669067265, 41.971821505536361 ], [ 45.444242290427518, 41.971740348079479 ], [ 45.444360618084822, 41.971668251887017 ], [ 45.444473819165061, 41.971605115453784 ], [ 45.444582064471703, 41.971550846265501 ], [ 45.444685437068912, 41.971505405285967 ], [ 45.444784035680911, 41.971468749814605 ], [ 45.444877941011796, 41.971440849829015 ], [ 45.444923210975475, 41.971430164496446 ], [ 45.444967330250499, 41.971421665925334 ], [ 45.445010304876327, 41.971415354093594 ], [ 45.445052142086567, 41.971411227173192 ], [ 45.445092847913941, 41.971409284241254 ], [ 45.445132427190316, 41.971409525280272 ], [ 45.445170885960501, 41.971411951168662 ], [ 45.44520822784272, 41.9714165609928 ], [ 45.445244461301414, 41.971423356522301 ], [ 45.445279586346217, 41.971432338658808 ], [ 45.445313607807883, 41.97144350738462 ], [ 45.445346528115664, 41.971456864492623 ], [ 45.445378352112421, 41.97147241176625 ], [ 45.445409079806915, 41.971490150107059 ], [ 45.44543871724219, 41.971510080393124 ], [ 45.445467264439117, 41.971532205327193 ], [ 45.445498905490162, 41.971562191890925 ], [ 45.445528678705053, 41.971598133707928 ], [ 45.445556655879912, 41.971640114263082 ], [ 45.445582921186755, 41.97168826112572 ], [ 45.445607529505004, 41.971742655144055 ], [ 45.445630630233282, 41.971803604668239 ], [ 45.445652342603978, 41.971871419066048 ], [ 45.445672829472443, 41.971946605682689 ], [ 45.445703480902239, 41.972083722411277 ], [ 45.445732835172194, 41.972247522857778 ], [ 45.445757981492065, 41.97241330218646 ], [ 45.445818617545996, 41.972846546608068 ], [ 45.445856368575171, 41.973075315609059 ], [ 45.445878756110979, 41.973187574394785 ], [ 45.445902258379675, 41.973288674971144 ], [ 45.445927267261631, 41.973380293760428 ], [ 45.445954010563895, 41.973463252187116 ], [ 45.445985947685124, 41.973545887805237 ], [ 45.44602046138138, 41.973619125740576 ], [ 45.446057724400859, 41.9736833345939 ], [ 45.446097868650227, 41.973738738116538 ], [ 45.446141060954361, 41.973785548215126 ], [ 45.44616381817432, 41.973805744619618 ], [ 45.446187365634827, 41.973823816875196 ], [ 45.446211716673389, 41.97383977393622 ], [ 45.446236879780784, 41.973853622073875 ], [ 45.446262864648297, 41.973865366653989 ], [ 45.446289683380932, 41.973875013032945 ], [ 45.446323160803374, 41.973884284960327 ], [ 45.446358198693602, 41.973891459459828 ], [ 45.446394816384917, 41.973896540057574 ], [ 45.44643303681859, 41.973899528464145 ], [ 45.446472880534245, 41.973900428200757 ], [ 45.446514377707899, 41.973899240049036 ], [ 45.446557562123466, 41.973895962975114 ], [ 45.446602468758897, 41.973890594138993 ], [ 45.446697468056229, 41.973873591904677 ], [ 45.446799932597521, 41.973848150101055 ], [ 45.446910397320956, 41.973814138730788 ], [ 45.447029716082305, 41.973771295954208 ], [ 45.447130392789532, 41.973731184432573 ], [ 45.447238149286271, 41.973685008965461 ], [ 45.447354162438671, 41.973632268678926 ], [ 45.447480802390842, 41.973571887918624 ], [ 45.447718044453445, 41.97345334472314 ], [ 45.448298855506714, 41.973154609793227 ], [ 45.448452460931435, 41.973078255588135 ], [ 45.448589948096377, 41.973012369577084 ], [ 45.448726884092515, 41.97294984955041 ], [ 45.448853863539831, 41.972895395041704 ], [ 45.448972762512568, 41.972848202556683 ], [ 45.449084572871193, 41.972807883655427 ], [ 45.449204853801895, 41.972768124141496 ], [ 45.449331987343584, 41.972728490794751 ], [ 45.449467184998113, 41.972688602370113 ], [ 45.449612799046534, 41.972647765119028 ], [ 45.449899575646633, 41.972571963651227 ], [ 45.450444612022252, 41.972434657781278 ], [ 45.450663341517512, 41.972378211934426 ], [ 45.450887368320771, 41.972317374824094 ], [ 45.451085443285734, 41.972259660089229 ], [ 45.451306472796844, 41.972189129238075 ], [ 45.451409153335902, 41.972153554454806 ], [ 45.451507344330174, 41.972117522584178 ], [ 45.451601569422202, 41.972080837934222 ], [ 45.45169198746958, 41.972043435041591 ], [ 45.451778846366722, 41.972005209362884 ], [ 45.451862332614198, 41.971966079111986 ], [ 45.451987083985308, 41.971901513597153 ], [ 45.452109000922043, 41.971829908677876 ], [ 45.452228336998893, 41.971751114753879 ], [ 45.452345412949249, 41.97166492161417 ], [ 45.45246043178981, 41.97157119876902 ], [ 45.452574015212157, 41.971469456511961 ], [ 45.452686696919642, 41.97135922259362 ], [ 45.45279925718156, 41.971239734675372 ], [ 45.452889777085154, 41.971136898684264 ], [ 45.452981606616916, 41.971026625137981 ], [ 45.453075693606834, 41.97090778355637 ], [ 45.453173861028105, 41.970778071834573 ], [ 45.453349899190805, 41.970533787457448 ], [ 45.453755369220474, 41.96995212901377 ], [ 45.453862818725234, 41.96980374966963 ], [ 45.453961851898264, 41.96967217665118 ], [ 45.45406546760595, 41.969540995224676 ], [ 45.4541659070835, 41.969420960331661 ], [ 45.454264762099257, 41.969310176980834 ], [ 45.454362923562243, 41.969207650915408 ], [ 45.454460585166906, 41.969113120176949 ], [ 45.454558794105786, 41.969025507023872 ], [ 45.454657985772194, 41.96894442694667 ], [ 45.454758481750474, 41.968869614773283 ], [ 45.454860655516917, 41.9688008051249 ], [ 45.454964659671688, 41.968737900120288 ], [ 45.455070711772727, 41.968680771897986 ], [ 45.455178987355943, 41.968629323384981 ], [ 45.455271659487501, 41.968589627326502 ], [ 45.455367090779603, 41.968551676552998 ], [ 45.455465324565793, 41.9685154546737 ], [ 45.455566408994422, 41.968480943476997 ], [ 45.455670387412361, 41.968448128372657 ], [ 45.455777330866262, 41.968416986554082 ], [ 45.455887305601294, 41.96838749883586 ], [ 45.456000388705064, 41.968359643287116 ], [ 45.45611650546104, 41.968333434606215 ], [ 45.456235911280082, 41.968308809622805 ], [ 45.456358718242093, 41.968285745364447 ], [ 45.456485064958237, 41.968264216050343 ], [ 45.456615064734834, 41.968244201403479 ], [ 45.456748943004584, 41.968225665388495 ], [ 45.456886915590545, 41.968208578311533 ], [ 45.457029253797941, 41.968192905753043 ], [ 45.457268647374207, 41.968170536406134 ], [ 45.457522092594871, 41.968151577236512 ], [ 45.457792048921469, 41.968135837309624 ], [ 45.458083400926718, 41.96812302952069 ], [ 45.458346396050509, 41.968114397123081 ], [ 45.458640286177115, 41.968107182649149 ], [ 45.459643468592517, 41.968090295581874 ], [ 45.460023843172138, 41.968082009844565 ], [ 45.460405004672623, 41.968069554098676 ], [ 45.460741882249167, 41.968053207397205 ], [ 45.461417328155171, 41.968014891266563 ], [ 45.461963077621974, 41.967985922370048 ], [ 45.462458840383263, 41.967962077101603 ], [ 45.462917351039131, 41.967942801287627 ], [ 45.463359827916086, 41.967927309919197 ], [ 45.463780976394361, 41.96791590738038 ], [ 45.464185165761663, 41.967908476265741 ], [ 45.464574988108886, 41.96790497113912 ], [ 45.46496352024861, 41.967905445465512 ], [ 45.465340659593913, 41.967910062697889 ], [ 45.465707738723715, 41.967918840960273 ], [ 45.466065724578151, 41.967931804344438 ], [ 45.466415673524885, 41.967948993677147 ], [ 45.466758014261586, 41.967970436110278 ], [ 45.467093323996181, 41.967996168092135 ], [ 45.467422061646353, 41.968026223842514 ], [ 45.467610635428542, 41.968047848349286 ], [ 45.467819858904726, 41.968077570076346 ], [ 45.468027720665006, 41.968111171649184 ], [ 45.468569492353232, 41.968203723778743 ], [ 45.468728785736367, 41.96822860297717 ], [ 45.468871866142621, 41.968248705275215 ], [ 45.46903357371945, 41.968268021569173 ], [ 45.469184682169406, 41.968282006662768 ], [ 45.469328086262799, 41.96829092617002 ], [ 45.469465263794042, 41.968294865044392 ], [ 45.469545272651175, 41.968294134344156 ], [ 45.469627832415568, 41.968290225502223 ], [ 45.469713095075775, 41.968283129785263 ], [ 45.469801266873958, 41.968272831031932 ], [ 45.469892476860288, 41.968259319700607 ], [ 45.469987160261674, 41.968242536359547 ], [ 45.470085714811972, 41.968222410920824 ], [ 45.470188752668065, 41.968198819277056 ], [ 45.470370067123717, 41.968151998357584 ], [ 45.470572932643321, 41.968093415254266 ], [ 45.470769456544197, 41.968032485435678 ], [ 45.471237373047479, 41.967882750741573 ], [ 45.471472472832318, 41.967811983688399 ], [ 45.471591279308761, 41.967779195950229 ], [ 45.47170103982679, 41.96775142145016 ], [ 45.471803768542117, 41.967728152065753 ], [ 45.471900519751486, 41.967709152911233 ], [ 45.472008808181137, 41.967691913883925 ], [ 45.472110706984886, 41.96768033291093 ], [ 45.472206899922007, 41.967674334242744 ], [ 45.472297839390954, 41.967673890813877 ], [ 45.472384008217198, 41.967679010557482 ], [ 45.472465564675453, 41.967689714448994 ], [ 45.472542741934376, 41.967706033061823 ], [ 45.472615717706766, 41.967728005302632 ], [ 45.472672540617999, 41.967751567932773 ], [ 45.472728210672742, 41.967782102853569 ], [ 45.472782822392823, 41.967819660114735 ], [ 45.472836497089652, 41.967864322079521 ], [ 45.472889308748684, 41.967916136179731 ], [ 45.47294149677591, 41.967975323895232 ], [ 45.47299326807412, 41.968042117647379 ], [ 45.473044926066237, 41.968116908877668 ], [ 45.473087414219684, 41.968184498297475 ], [ 45.473130406096615, 41.968258335363217 ], [ 45.473174303831726, 41.968339103825421 ], [ 45.473219892922657, 41.968428245117131 ], [ 45.473301763631902, 41.968599294917283 ], [ 45.47348174375913, 41.96899289512163 ], [ 45.473568004406097, 41.969167891350565 ], [ 45.473611321755087, 41.969247701913396 ], [ 45.473652912943045, 41.969318006721785 ], [ 45.473693496576139, 41.969380017814522 ], [ 45.473733482722714, 41.96943435225996 ], [ 45.473777983427745, 41.969486665874769 ], [ 45.473822480200667, 41.969530296145365 ], [ 45.47386724896203, 41.969565509431533 ], [ 45.473912490007429, 41.969592464324606 ], [ 45.473935370333948, 41.969602889678221 ], [ 45.473958433523968, 41.969611281464083 ], [ 45.473981696518095, 41.969617645916841 ], [ 45.474005176243544, 41.969621987469871 ], [ 45.474028889620854, 41.969624309655799 ], [ 45.474052848709668, 41.969624611524054 ], [ 45.474077069216932, 41.96962289571163 ], [ 45.474101563188839, 41.969619159466603 ], [ 45.474141610705296, 41.969609442492171 ], [ 45.474183173572065, 41.969595427560741 ], [ 45.474226338473031, 41.9695770872925 ], [ 45.474271219688639, 41.969554372577406 ], [ 45.474317886998342, 41.969527255204447 ], [ 45.474366586793209, 41.969495599053054 ], [ 45.474417542458795, 41.969459258189886 ], [ 45.474471108170583, 41.969417984365037 ], [ 45.474554818214521, 41.969348243686362 ], [ 45.474647874625589, 41.969264902042006 ], [ 45.474750859125947, 41.969167810194236 ], [ 45.475047931158294, 41.968880883043632 ], [ 45.475139591054408, 41.968796885683226 ], [ 45.475220456133329, 41.968727303997071 ], [ 45.475329750633755, 41.968631967025267 ], [ 45.475445733609838, 41.968521090037626 ], [ 45.475568623791858, 41.968395214309446 ], [ 45.475813767024022, 41.96813361448141 ], [ 45.475918903110248, 41.968024159985099 ], [ 45.476031956216083, 41.967912646960485 ], [ 45.476136415879154, 41.967817475165184 ], [ 45.476200062106791, 41.967763842975764 ], [ 45.476262689387539, 41.96771455169656 ], [ 45.476324754891465, 41.96766924456913 ], [ 45.476386564712747, 41.967627697859228 ], [ 45.476448471976255, 41.967589683133383 ], [ 45.476510587262801, 41.967555138687075 ], [ 45.476573088479554, 41.967523968310637 ], [ 45.476636112695907, 41.967496102082919 ], [ 45.47670331427048, 41.967470568319435 ], [ 45.476773888772918, 41.967448248505356 ], [ 45.476847977092, 41.967429099717869 ], [ 45.476925767129167, 41.96741307163289 ], [ 45.477007386580148, 41.967400132188928 ], [ 45.477093215110386, 41.967390214051271 ], [ 45.477183608451234, 41.967383277003151 ], [ 45.47727909368912, 41.967379278312507 ], [ 45.477368026758683, 41.967378168210736 ], [ 45.477462157659254, 41.967379310611229 ], [ 45.4775624000536, 41.967382714309977 ], [ 45.47767050190496, 41.967388436866408 ], [ 45.477886645611157, 41.967404442008345 ], [ 45.47831307212418, 41.9674429675078 ], [ 45.478490113461035, 41.967457432153786 ], [ 45.478672836320989, 41.967468938460215 ], [ 45.478835148362364, 41.967474727500736 ], [ 45.478928195853243, 41.967475571493701 ], [ 45.479016818000915, 41.967474346126032 ], [ 45.479101604876035, 41.967471041740197 ], [ 45.479182937730279, 41.967465644144028 ], [ 45.479261230258025, 41.967458120094527 ], [ 45.479336606646569, 41.967448454668684 ], [ 45.479409262191197, 41.967436620036679 ], [ 45.479479341548483, 41.967422594884155 ], [ 45.479743267204853, 41.967363437024346 ], [ 45.479942365293354, 41.967315225208736 ], [ 45.480119560474328, 41.967267563088051 ], [ 45.480277367335873, 41.967219575602435 ], [ 45.480423434663855, 41.967168658515305 ], [ 45.480554446268101, 41.967115643559282 ], [ 45.480614681287904, 41.967088199328707 ], [ 45.480671494657976, 41.967060087586155 ], [ 45.480724958525478, 41.967031272908571 ], [ 45.480775122169149, 41.967001728074187 ], [ 45.480826143576714, 41.966967815886171 ], [ 45.4808744504627, 41.966930657327119 ], [ 45.48092014002026, 41.96689017813847 ], [ 45.480963332141897, 41.96684627334345 ], [ 45.481004104753168, 41.96679887416748 ], [ 45.481042662501807, 41.966747751886444 ], [ 45.48107917510562, 41.966692686928809 ], [ 45.481113865686858, 41.966633339710022 ], [ 45.481142243065804, 41.966578941092315 ], [ 45.481169714964068, 41.96652065267169 ], [ 45.481223248358695, 41.966389553935727 ], [ 45.481270677273343, 41.966254271036938 ], [ 45.481389618301606, 41.965888212567656 ], [ 45.481428956747685, 41.965781244514162 ], [ 45.481467982197088, 41.965687379786267 ], [ 45.481517634049553, 41.965584764611158 ], [ 45.481570658465699, 41.965493002735847 ], [ 45.481628053834221, 41.965410376895768 ], [ 45.481658576437773, 41.965372224410871 ], [ 45.481690404108505, 41.965336065926778 ], [ 45.481773685693277, 41.965250129521827 ], [ 45.481863930033377, 41.965165112236086 ], [ 45.481961296485125, 41.96508086477381 ], [ 45.482066003236589, 41.964997197961097 ], [ 45.482178192916116, 41.964913985085126 ], [ 45.482298350272067, 41.964830858416114 ], [ 45.482426936265661, 41.964747497155301 ], [ 45.482564669019496, 41.964663436212795 ], [ 45.482695634270833, 41.964587606850039 ], [ 45.482835651157103, 41.964510146887179 ], [ 45.482986119691226, 41.964430280329438 ], [ 45.483149906498419, 41.964346481948127 ], [ 45.483437084281121, 41.964205115446276 ], [ 45.484029434787338, 41.963922160308442 ], [ 45.484276607590395, 41.963801845967794 ], [ 45.484451089526772, 41.963716653209218 ], [ 45.484628595420503, 41.963632286843428 ], [ 45.484809112039962, 41.963548753217033 ], [ 45.484992624954018, 41.96346605958216 ], [ 45.485179117318452, 41.963384213201017 ], [ 45.485368572289445, 41.963303221335693 ], [ 45.485560969410237, 41.963223092164114 ], [ 45.485756291844687, 41.963143833848761 ], [ 45.486155653683923, 41.962987952493428 ], [ 45.486566442426323, 41.962835662724167 ], [ 45.486988451063894, 41.962687039151625 ], [ 45.487421430470974, 41.962542170975553 ], [ 45.487596106305844, 41.962486574896374 ], [ 45.487775643030581, 41.962432135073826 ], [ 45.487960428312171, 41.96237873275053 ], [ 45.488150978693511, 41.962326217094422 ], [ 45.4883476204866, 41.962274494820576 ], [ 45.488551437539343, 41.962223274872791 ], [ 45.488763421085515, 41.962172307110244 ], [ 45.488985091231939, 41.962121225646406 ], [ 45.489362399674889, 41.9620386424494 ], [ 45.489785632531536, 41.961951034515415 ], [ 45.490189674647105, 41.961870684393062 ], [ 45.491141219697184, 41.96168500495623 ], [ 45.491608064549368, 41.961590997214508 ], [ 45.492036319741572, 41.961500238657827 ], [ 45.492422597540092, 41.961412958607603 ], [ 45.492618876571527, 41.961366027536307 ], [ 45.492822649116846, 41.961315333391092 ], [ 45.493260951162902, 41.961200574739465 ], [ 45.493741059688659, 41.96106825621623 ], [ 45.494723668692579, 41.96078924735194 ], [ 45.495144142889515, 41.960672005831199 ], [ 45.495587908595532, 41.960553166219235 ], [ 45.495987098173352, 41.960452605616439 ], [ 45.49622392624164, 41.960396545946509 ], [ 45.496452115167301, 41.960345483131483 ], [ 45.496673310534462, 41.960299048034919 ], [ 45.49688859068182, 41.960257017167628 ], [ 45.497099153372361, 41.96021916291155 ], [ 45.497305361430918, 41.960185427879509 ], [ 45.497507793379484, 41.960155715918475 ], [ 45.497706890434756, 41.960129964790887 ], [ 45.497889493569566, 41.960109588890063 ], [ 45.498076422025648, 41.960091921161244 ], [ 45.498268071323913, 41.960076922939329 ], [ 45.498464960052154, 41.960064553220334 ], [ 45.498667422289977, 41.960054786208161 ], [ 45.498876526756256, 41.960047564089969 ], [ 45.499093247011686, 41.960042851073737 ], [ 45.499319059856226, 41.960040616375515 ], [ 45.499710462486775, 41.960042222507042 ], [ 45.500147442257678, 41.960050409903026 ], [ 45.500571271898174, 41.960062672658694 ], [ 45.501625684067761, 41.960098136815972 ], [ 45.501920881560963, 41.960106167679925 ], [ 45.50218650631318, 41.96011160261822 ], [ 45.502475506995893, 41.960114966674119 ], [ 45.502745996891591, 41.960115129923999 ], [ 45.503002748527905, 41.960112094106158 ], [ 45.503248247437199, 41.960105825901088 ], [ 45.50351302702925, 41.960096014044034 ], [ 45.503783085031735, 41.960083792541752 ], [ 45.504059004034374, 41.960069133580511 ], [ 45.504341546340427, 41.960051998643202 ], [ 45.504631195594406, 41.960032361237104 ], [ 45.50492953777303, 41.960010118862364 ], [ 45.505238005564109, 41.959985165172149 ], [ 45.505558786489537, 41.959957322927671 ], [ 45.506103485358317, 41.959906274314321 ], [ 45.506710279428525, 41.959845023700538 ], [ 45.507289256949342, 41.959783676631659 ], [ 45.50866945561733, 41.95963422383825 ], [ 45.509365418353354, 41.959561700217428 ], [ 45.510027438969267, 41.959497395866556 ], [ 45.510627358477521, 41.959444816828558 ], [ 45.511194995543043, 41.959401472458254 ], [ 45.511466940661322, 41.959383296276044 ], [ 45.511732289629983, 41.959367360894362 ], [ 45.511992023068736, 41.959353608846413 ], [ 45.512246522188931, 41.959342023158001 ], [ 45.512496309328519, 41.959332579916229 ], [ 45.51274180190962, 41.959325263777558 ], [ 45.513068890452018, 41.959320083658518 ], [ 45.513411217718911, 41.959320989636822 ], [ 45.513772160174831, 41.959327984479835 ], [ 45.514158258019357, 41.959341190935596 ], [ 45.514508287982949, 41.95935727415231 ], [ 45.514897615680503, 41.959378624610679 ], [ 45.5162630348959, 41.959464969948414 ], [ 45.516802686788317, 41.95949593613296 ], [ 45.517088215413793, 41.959509810559467 ], [ 45.517355011994859, 41.959520637061239 ], [ 45.517608067834246, 41.959528617532726 ], [ 45.51784994776596, 41.959533829662369 ], [ 45.518132397002773, 41.959536498447164 ], [ 45.518403568377742, 41.959535142833865 ], [ 45.518665263375304, 41.959529753863315 ], [ 45.518918673952122, 41.959520304596865 ], [ 45.519165113705476, 41.959506738711845 ], [ 45.519404997434314, 41.959489023753861 ], [ 45.519638963060977, 41.959467112743894 ], [ 45.519867502503175, 41.959440959357863 ], [ 45.520000048805962, 41.959422979785295 ], [ 45.520134817092554, 41.959401948433452 ], [ 45.520272090553796, 41.959377820779011 ], [ 45.520412241502953, 41.959350531177897 ], [ 45.520555506104536, 41.959320039819929 ], [ 45.520702650510444, 41.959286189204235 ], [ 45.520854358815946, 41.959248822197907 ], [ 45.521011672687777, 41.959207681868271 ], [ 45.52128144483391, 41.959132246669341 ], [ 45.521580806190691, 41.959042816017252 ], [ 45.521868682672377, 41.958952947726104 ], [ 45.522574252093762, 41.958728277321313 ], [ 45.522945360568372, 41.95861464968285 ], [ 45.523135490020628, 41.958559380379782 ], [ 45.523314268886743, 41.958509839417815 ], [ 45.523484796227486, 41.958465169693156 ], [ 45.523648710903544, 41.958424944956541 ], [ 45.523828564083466, 41.958384236560839 ], [ 45.524002794227677, 41.95834857567943 ], [ 45.524172396465673, 41.958317762349417 ], [ 45.524338047974567, 41.95829167190827 ], [ 45.52450050568315, 41.95827019373548 ], [ 45.524660028827036, 41.958253298739223 ], [ 45.524817002048529, 41.958240947345331 ], [ 45.524971725656869, 41.958233116575038 ], [ 45.525119789207345, 41.958229650979646 ], [ 45.525274714360926, 41.958229766384768 ], [ 45.525437997390384, 41.95823345861681 ], [ 45.525612486599705, 41.958240790256369 ], [ 45.525774458494965, 41.958250118996482 ], [ 45.525954509832815, 41.958262643121572 ], [ 45.526608562874408, 41.958315620661367 ], [ 45.526875459573063, 41.958334914292635 ], [ 45.527151848368092, 41.958349691897574 ], [ 45.527278493343566, 41.958353966740475 ], [ 45.527399578397045, 41.958356246783325 ], [ 45.527626299602218, 41.958356882116476 ], [ 45.527863144362875, 41.958353947939599 ], [ 45.528112547499362, 41.958347417678816 ], [ 45.528379286403428, 41.958337168390749 ], [ 45.52887680490187, 41.958311416985623 ], [ 45.529762356103291, 41.95825668328721 ], [ 45.530099437424731, 41.958237231108441 ], [ 45.530437576716515, 41.958220679511562 ], [ 45.53074236186206, 41.958209485180262 ], [ 45.531113388524616, 41.958196094018753 ], [ 45.531527683861874, 41.958176580348265 ], [ 45.531932349241629, 41.95815440419041 ], [ 45.532956650239619, 41.958094627468697 ], [ 45.533511318552442, 41.958066492113467 ], [ 45.533800632590854, 41.958054689656876 ], [ 45.53407116469436, 41.958046073945987 ], [ 45.534327789810753, 41.958040492729069 ], [ 45.534573028279596, 41.958037892933412 ], [ 45.534870288456112, 41.958038851092411 ], [ 45.535155008885312, 41.958044569326795 ], [ 45.535429143565537, 41.958055087253214 ], [ 45.535693969641514, 41.9580704557305 ], [ 45.535950894926017, 41.958090767324634 ], [ 45.536200340985218, 41.958116067855165 ], [ 45.536442980558299, 41.958146425380207 ], [ 45.536679322243963, 41.958181904214896 ], [ 45.536831457120606, 41.958210449389171 ], [ 45.536990540191191, 41.958247619094529 ], [ 45.537158086406485, 41.958293759276117 ], [ 45.537337045740252, 41.958349678400815 ], [ 45.537499701873372, 41.958405305199484 ], [ 45.537680325883954, 41.958471135061814 ], [ 45.538306076009953, 41.958712535396145 ], [ 45.538549300580044, 41.958802811729456 ], [ 45.538677759687971, 41.95884764062162 ], [ 45.538797483372868, 41.958886982059084 ], [ 45.538910754935948, 41.958921586416871 ], [ 45.539018747814502, 41.958951807571914 ], [ 45.539145578474312, 41.958983318187414 ], [ 45.539266918014597, 41.959008866807856 ], [ 45.539383608945663, 41.959028629626403 ], [ 45.539496209522191, 41.959042701306274 ], [ 45.539605330836466, 41.95905114563692 ], [ 45.53971116597485, 41.959053968025344 ], [ 45.539814011812297, 41.959051175190801 ], [ 45.53991409753921, 41.959042760659528 ], [ 45.540002469181047, 41.959030262565101 ], [ 45.540091478118327, 41.959012786109597 ], [ 45.540181315866768, 41.958990292562355 ], [ 45.540272228065177, 41.958962722221969 ], [ 45.540364376045964, 41.958930034697097 ], [ 45.540458241095124, 41.958892068300656 ], [ 45.540554253710262, 41.958848648973692 ], [ 45.540653049800149, 41.958799492707421 ], [ 45.540737934139102, 41.958753940607806 ], [ 45.540826009530917, 41.958703761087641 ], [ 45.540918173057285, 41.958648447339669 ], [ 45.541016129516223, 41.958586975365783 ], [ 45.541202477669565, 41.958464312229317 ], [ 45.541691845919033, 41.958132120808905 ], [ 45.541837941734933, 41.958037671762881 ], [ 45.541970730943781, 41.957956300914347 ], [ 45.542121207333004, 41.957870674496242 ], [ 45.542264292117892, 41.957796962617032 ], [ 45.542402582905098, 41.957733830850508 ], [ 45.542470363457703, 41.957706035699843 ], [ 45.542537428531531, 41.957680674795967 ], [ 45.54272385106816, 41.95761649557398 ], [ 45.542917283529832, 41.957556389050644 ], [ 45.543118135127216, 41.957500228962495 ], [ 45.54332695599976, 41.957447859553454 ], [ 45.543544089230402, 41.957399182784265 ], [ 45.543770706589747, 41.957353924658591 ], [ 45.544007881392105, 41.957311869278037 ], [ 45.544257282347935, 41.957272719551902 ], [ 45.544455976582356, 41.957244746584294 ], [ 45.544664483051882, 41.957218032693596 ], [ 45.544884718247197, 41.957192331854742 ], [ 45.545120317796375, 41.957167216033092 ], [ 45.545594602231837, 41.957122132714304 ], [ 45.546519434101462, 41.957042690282989 ], [ 45.546900047017388, 41.957008117812478 ], [ 45.547294678172108, 41.956968015599145 ], [ 45.547645391974449, 41.956926843475514 ], [ 45.547894535308515, 41.956893554036732 ], [ 45.548472779992608, 41.956811642281188 ], [ 45.548750137774569, 41.956775847435701 ], [ 45.548912469516992, 41.956757553417965 ], [ 45.54906398557312, 41.956742868538996 ], [ 45.549207716986785, 41.956731500936158 ], [ 45.549345183156788, 41.956723333486977 ], [ 45.549592955535978, 41.956713950681056 ], [ 45.549844702084123, 41.956709848745213 ], [ 45.550099624171253, 41.956711040486489 ], [ 45.550356878393409, 41.956717523621919 ], [ 45.550615628416708, 41.956729276027332 ], [ 45.550874965356144, 41.956746257920699 ], [ 45.551133994649632, 41.956768411445999 ], [ 45.551391817934636, 41.956795658058191 ], [ 45.551647434028091, 41.956827889992184 ], [ 45.551900081926114, 41.956865006443202 ], [ 45.552148908716362, 41.956906883637508 ], [ 45.552393096347863, 41.956953383230108 ], [ 45.552631819344754, 41.957004346202702 ], [ 45.552864385044032, 41.957059623711693 ], [ 45.553090092173761, 41.957119048946247 ], [ 45.553308302190295, 41.957182453896962 ], [ 45.55341664730291, 41.957217101013747 ], [ 45.553524041668318, 41.957254674381865 ], [ 45.553630536148759, 41.95729519357333 ], [ 45.553736192473785, 41.957338679008238 ], [ 45.553841060322483, 41.957385152965877 ], [ 45.553945217227501, 41.957434649299664 ], [ 45.554048737101887, 41.957487201880156 ], [ 45.554151698747859, 41.957542851759406 ], [ 45.554254041497067, 41.957601558701597 ], [ 45.55435601388978, 41.9576634566085 ], [ 45.554457720263727, 41.957728608924619 ], [ 45.554559281998351, 41.957797096124438 ], [ 45.554660802234238, 41.957868982558068 ], [ 45.55476247039222, 41.957944402410469 ], [ 45.55486446015415, 41.958023483637412 ], [ 45.554966987787118, 41.958106394518133 ], [ 45.555135078381099, 41.958249543873741 ], [ 45.555306630327316, 41.958404488507718 ], [ 45.555483422981482, 41.958572823885405 ], [ 45.55566883658387, 41.958757762518331 ], [ 45.555831124936596, 41.958925610934003 ], [ 45.556009631167065, 41.959115283033363 ], [ 45.556618590156837, 41.959778850435242 ], [ 45.556858285204903, 41.960035770139491 ], [ 45.557105453774469, 41.960291535335102 ], [ 45.557221131456188, 41.960406984547738 ], [ 45.557333391659718, 41.960516010452153 ], [ 45.55746314696357, 41.960638010086917 ], [ 45.557590358318926, 41.960753150728323 ], [ 45.557715805346717, 41.960862139225327 ], [ 45.557840019357457, 41.960965435946051 ], [ 45.557963605567636, 41.961063534221772 ], [ 45.558086764390353, 41.961156587094841 ], [ 45.558209803105406, 41.961244824544664 ], [ 45.558332964546601, 41.96132842012053 ], [ 45.55862759247362, 41.961519594808337 ], [ 45.558931359439903, 41.961710472052189 ], [ 45.559244591926792, 41.961901256442147 ], [ 45.559567696435806, 41.962092194503747 ], [ 45.559900990916027, 41.962283479147231 ], [ 45.560245188659444, 41.962475523812209 ], [ 45.560600956734284, 41.962668698019662 ], [ 45.560969181652347, 41.962863485492171 ], [ 45.561345487709076, 41.96305767474869 ], [ 45.561736300867501, 41.963254682025124 ], [ 45.562143277099288, 41.963455341188926 ], [ 45.562568953437747, 41.963660905074008 ], [ 45.563013231191576, 41.963871372154166 ], [ 45.563484540615988, 41.964090777258292 ], [ 45.563990008689295, 41.964322449034348 ], [ 45.564547725582671, 41.964574683289563 ], [ 45.565788262266359, 41.965133637202811 ], [ 45.566168025342357, 41.965302522576081 ], [ 45.566510278756716, 41.965452578693224 ], [ 45.566861246753234, 41.965603696775339 ], [ 45.567192438477328, 41.965743184794228 ], [ 45.567509224741876, 41.965873304969172 ], [ 45.567814457750124, 41.965995224088637 ], [ 45.568129857981603, 41.966117251497366 ], [ 45.568436507530379, 41.966231680101608 ], [ 45.568735879838613, 41.966339059285232 ], [ 45.569029006272615, 41.966439757770715 ], [ 45.569317023350287, 41.96653415995933 ], [ 45.569600342441326, 41.966622395346448 ], [ 45.569879556437989, 41.966704648362963 ], [ 45.57015513107909, 41.966781053627635 ], [ 45.57032795593522, 41.966826329176193 ], [ 45.570503375295722, 41.966870066741507 ], [ 45.570681475027918, 41.966912287500904 ], [ 45.570862347049236, 41.966953014402229 ], [ 45.571046080831444, 41.966992266802073 ], [ 45.571232806957667, 41.967030072858329 ], [ 45.571422651167993, 41.967066458950619 ], [ 45.571615762139771, 41.967101452243917 ], [ 45.571812005742544, 41.967135034475817 ], [ 45.572011849761971, 41.96716728886296 ], [ 45.572215497230182, 41.967198247699272 ], [ 45.572423195895489, 41.967227950259286 ], [ 45.57285174248679, 41.967283726501392 ], [ 45.57330047750186, 41.967335005974746 ], [ 45.573664261998836, 41.967371907548142 ], [ 45.574045360523257, 41.967406673279243 ], [ 45.574447411114605, 41.967439638754222 ], [ 45.574877383669033, 41.967471377702921 ], [ 45.575276302443832, 41.967498210704868 ], [ 45.575719845837504, 41.967525815585041 ], [ 45.577318726198705, 41.967617636179725 ], [ 45.57796507193234, 41.967657076597568 ], [ 45.57863230276444, 41.967703015405561 ], [ 45.578937186346629, 41.967726522288814 ], [ 45.579228112411634, 41.967750779687279 ], [ 45.579431635312389, 41.967767004940804 ], [ 45.579656522187463, 41.967782174465697 ], [ 45.580635911922329, 41.967835703785241 ], [ 45.580865606833576, 41.967850274700048 ], [ 45.581070622997217, 41.967865532082442 ], [ 45.581306939808094, 41.96788670290961 ], [ 45.581525699473033, 41.967910670489587 ], [ 45.581731327156696, 41.967937921376638 ], [ 45.581926019666035, 41.967968754335367 ], [ 45.582086349884456, 41.967998977613398 ], [ 45.582247648643907, 41.968034555623177 ], [ 45.582410198961874, 41.968075550872086 ], [ 45.582574350453775, 41.968122049845846 ], [ 45.582740349953731, 41.968174117033143 ], [ 45.582908854654796, 41.968231951738971 ], [ 45.583080456596157, 41.968295754495841 ], [ 45.583255985368808, 41.96836583540761 ], [ 45.58342720592016, 41.968438552579251 ], [ 45.583604178479078, 41.968517844843056 ], [ 45.583788525709735, 41.968604433460726 ], [ 45.583983256058154, 41.968699729749019 ], [ 45.584168350391082, 41.96879334275495 ], [ 45.5843725081277, 41.968899260605419 ], [ 45.585129754826042, 41.969301814982707 ], [ 45.585445634080116, 41.969466419891511 ], [ 45.585617215419596, 41.969553160717808 ], [ 45.585778297619413, 41.969632300092854 ], [ 45.585932024190257, 41.969705380170545 ], [ 45.586079996322198, 41.969773159273771 ], [ 45.586259045849204, 41.969851414558384 ], [ 45.586432643054707, 41.969922959527828 ], [ 45.586602013875236, 41.969988298621026 ], [ 45.586767972156615, 41.970047744731907 ], [ 45.586931428341884, 41.970101614758804 ], [ 45.587092666759659, 41.970149991020634 ], [ 45.587252133938556, 41.970193007243381 ], [ 45.587410173456362, 41.970230757147277 ], [ 45.587520458524814, 41.970253812779539 ], [ 45.5880737840451, 41.97007982160779 ], [ 45.588684509222844, 41.969884489380512 ], [ 45.589297397760731, 41.969685961643592 ], [ 45.589912500067413, 41.969484220089846 ], [ 45.590529872600321, 41.96927924818111 ], [ 45.591149566979212, 41.969071028502107 ], [ 45.591771649245267, 41.968859537257273 ], [ 45.59239618065159, 41.968644755177507 ], [ 45.593023228449624, 41.968426659358599 ], [ 45.593652811749713, 41.968205241554259 ], [ 45.594285053127749, 41.967980458756735 ], [ 45.59492003066304, 41.96775228529858 ], [ 45.595557826010349, 41.967520690988593 ], [ 45.596198516010773, 41.967285647459825 ], [ 45.596842201553812, 41.967047117211777 ], [ 45.597488976309599, 41.966805065480955 ], [ 45.598138944771613, 41.966559453842443 ], [ 45.598791415355805, 41.966310547942932 ], [ 45.599447295865254, 41.966058004348724 ], [ 45.600106705202606, 41.965801778246906 ], [ 45.600769776678831, 41.965541817540768 ], [ 45.601436632772504, 41.96527807378957 ], [ 45.602107440453672, 41.965010482104063 ], [ 45.602782357031536, 41.964738977641296 ], [ 45.603461557866922, 41.964463490956085 ], [ 45.604145022356512, 41.964184031987813 ], [ 45.604833154225517, 41.963900434611602 ], [ 45.605526167255007, 41.963612611151625 ], [ 45.606224300455025, 41.963320462984989 ], [ 45.606927771172465, 41.963023898802184 ], [ 45.607636897704651, 41.962722784421942 ], [ 45.608351982690372, 41.962416990240698 ], [ 45.609073368429108, 41.96210637112457 ], [ 45.609839897901061, 41.961771751678 ], [ 45.610617948568965, 41.961425256277415 ], [ 45.61140916365467, 41.961066156302984 ], [ 45.612215677514705, 41.960693479988038 ], [ 45.613038857892661, 41.960306609052644 ], [ 45.613883063534622, 41.959903506838288 ], [ 45.614752214092348, 41.959482302820369 ], [ 45.615652220088862, 41.959040131234943 ], [ 45.616410159772521, 41.958663492343561 ], [ 45.617199771496232, 41.958267433606267 ], [ 45.618029132116675, 41.957847908321156 ], [ 45.618914003834647, 41.957396943505572 ], [ 45.620566054704696, 41.95654809797837 ], [ 45.62465095857246, 41.95443764590739 ], [ 45.625793986559053, 41.953851356748004 ], [ 45.626825982288743, 41.953326048636484 ], [ 45.627951678543646, 41.952758749295171 ], [ 45.629011136576366, 41.952231479850923 ], [ 45.630023029262865, 41.951734954660893 ], [ 45.630997165643713, 41.951264370951748 ], [ 45.631582376197159, 41.950985378358901 ], [ 45.632180887455945, 41.950702737488037 ], [ 45.632793896450984, 41.950415882218216 ], [ 45.63342296050547, 41.950124083190168 ], [ 45.634069109665049, 41.94982685799738 ], [ 45.634735494977235, 41.949522751463235 ], [ 45.635424986481048, 41.949210453990403 ], [ 45.636141859425329, 41.948888025751543 ], [ 45.637432337664144, 41.948312584996415 ], [ 45.637604462443896, 41.948236540472315 ], [ 45.638869096227957, 41.947677814680226 ], [ 45.640293454957778, 41.947052662410755 ], [ 45.643992466779856, 41.945434065415924 ], [ 45.645074164467438, 41.944958394003379 ], [ 45.646045093394214, 41.944529199603096 ], [ 45.6471360831572, 41.944043574299897 ], [ 45.648153954221719, 41.943586492823712 ], [ 45.649117950658038, 41.943149313580903 ], [ 45.650037894981168, 41.942727578045272 ], [ 45.651118645941708, 41.942225620239292 ], [ 45.652153604889769, 41.941737434102549 ], [ 45.653149754893697, 41.941259727030577 ], [ 45.654111690268088, 41.940790295140168 ], [ 45.654581693128655, 41.940557768312203 ], [ 45.655044451003711, 41.940326662517307 ], [ 45.655500319295491, 41.940096803786147 ], [ 45.655949599316671, 41.939868038266148 ], [ 45.656392611568997, 41.939640202081847 ], [ 45.656829564945554, 41.93941318873236 ], [ 45.657260692309954, 41.939186877164751 ], [ 45.657686197707854, 41.938961159996772 ], [ 45.658158455459386, 41.938707882057308 ], [ 45.658633511635834, 41.938450258397005 ], [ 45.659111596413112, 41.93818816246629 ], [ 45.659592968759199, 41.937921453135317 ], [ 45.660077861225354, 41.937650002030914 ], [ 45.660566629868207, 41.937373609812738 ], [ 45.661059605521018, 41.937092088988017 ], [ 45.661557175350396, 41.936805218408381 ], [ 45.662059003485155, 41.936513198097757 ], [ 45.662566305623862, 41.936215325666936 ], [ 45.663079601908748, 41.93591129631438 ], [ 45.663599516733505, 41.935600740678105 ], [ 45.66412655812875, 41.935283354004355 ], [ 45.664661730394393, 41.934958534136726 ], [ 45.66520595619636, 41.934625720802131 ], [ 45.66576040741473, 41.934284196446839 ], [ 45.666672526836898, 41.933717337691867 ], [ 45.667621944645035, 41.933121277511205 ], [ 45.668618520844049, 41.93248983029374 ], [ 45.669681603903271, 41.931810735508833 ], [ 45.670611593870014, 41.931212881397897 ], [ 45.671645145863707, 41.930545319894186 ], [ 45.675086235051879, 41.928312923635403 ], [ 45.676374564729876, 41.927479181085182 ], [ 45.677654880818267, 41.926655057147897 ], [ 45.677886773119262, 41.926506901385551 ], [ 45.677928605774753, 41.926447995471271 ], [ 45.678151856510709, 41.926122195809583 ], [ 45.678242015649666, 41.925998938675797 ], [ 45.678337694139941, 41.925874840959658 ], [ 45.6784391013557, 41.925749633010042 ], [ 45.678546520588945, 41.925622964577741 ], [ 45.678660127933775, 41.925494613039838 ], [ 45.678780550128174, 41.925363861340877 ], [ 45.678908372529328, 41.925230071925441 ], [ 45.679044518287427, 41.925092276491284 ], [ 45.679250971460398, 41.924890720755258 ], [ 45.67948264821802, 41.92467250426494 ], [ 45.679756096814756, 41.924422122909611 ], [ 45.68034256449549, 41.923894556648314 ], [ 45.680595508539177, 41.923664341915952 ], [ 45.680858214180759, 41.923419104974194 ], [ 45.681087854446375, 41.923196612784459 ], [ 45.681407194372959, 41.922877271787087 ], [ 45.681759621921259, 41.922518667687029 ], [ 45.682698480581429, 41.921547989508106 ], [ 45.682865947194657, 41.921374843710808 ], [ 45.683245232036811, 41.920985579393992 ], [ 45.683593482811645, 41.92063348737765 ], [ 45.683913825146732, 41.92031584551416 ], [ 45.684125126429258, 41.920110278249098 ], [ 45.684330256966064, 41.919914102650601 ], [ 45.684530693570146, 41.919725906700748 ], [ 45.684727410630835, 41.919544775835689 ], [ 45.684921505801576, 41.919369709185226 ], [ 45.685113316061361, 41.919200410232506 ], [ 45.685303376683876, 41.919036406544379 ], [ 45.685492103559653, 41.918877339881405 ], [ 45.685815733609942, 41.918611202291132 ], [ 45.686150511152086, 41.918342495098592 ], [ 45.686496974009039, 41.918070783568545 ], [ 45.686855838338111, 41.917795509397472 ], [ 45.687227572651715, 41.917516301289716 ], [ 45.687613646826435, 41.917232046993774 ], [ 45.688015408953603, 41.916941752951075 ], [ 45.688434873768117, 41.916643962237941 ], [ 45.688837383837345, 41.916365595631547 ], [ 45.689264649931005, 41.916079868217189 ], [ 45.689721179109178, 41.91578375430548 ], [ 45.690216054887379, 41.915471353578447 ], [ 45.690629341049366, 41.915215792973058 ], [ 45.691089799356632, 41.914935291048465 ], [ 45.69285289682761, 41.913876925745178 ], [ 45.693591719903672, 41.913427753471673 ], [ 45.693890290272115, 41.913247153366839 ], [ 45.694222431949868, 41.913051908125119 ], [ 45.694597013195597, 41.912836567876148 ], [ 45.695378531367126, 41.912393377357546 ], [ 45.69571341965171, 41.912201821927958 ], [ 45.696063635495037, 41.911997742412524 ], [ 45.696373914819553, 41.911812018373055 ], [ 45.69655538280302, 41.91170056179643 ], [ 45.696728022083093, 41.911592168552218 ], [ 45.696893079432833, 41.911486054733025 ], [ 45.697051360785956, 41.911381703896723 ], [ 45.697203738849247, 41.911278531639446 ], [ 45.697350472151712, 41.911176358081271 ], [ 45.697491972411491, 41.91107489793152 ], [ 45.697628547121575, 41.910973928676334 ], [ 45.697826005186513, 41.910821394991885 ], [ 45.698026237144482, 41.910658267493936 ], [ 45.698231119385582, 41.910483027029898 ], [ 45.698444085170159, 41.910292740813418 ], [ 45.698641415993933, 41.910109998797566 ], [ 45.698856766599903, 41.909904886620296 ], [ 45.699640404548333, 41.909137833052249 ], [ 45.699968776550222, 41.908823352977606 ], [ 45.700149100214929, 41.908656185584398 ], [ 45.700320499700339, 41.908501962775837 ], [ 45.70048629334179, 41.908357705636291 ], [ 45.700648197613738, 41.908221925711437 ], [ 45.700747681986279, 41.908143049184353 ], [ 45.700856341813385, 41.908062528679991 ], [ 45.700975109908896, 41.907979668561637 ], [ 45.701105788272905, 41.907893210362154 ], [ 45.701238890650636, 41.9078089240463 ], [ 45.701389553704409, 41.907716788120247 ], [ 45.701975861521042, 41.907370235031237 ], [ 45.702217364779266, 41.907223217598144 ], [ 45.702344567205124, 41.907142233720464 ], [ 45.702459828233714, 41.907065673909074 ], [ 45.702565441344511, 41.90699201283671 ], [ 45.702662525302983, 41.906920464601015 ], [ 45.702774208779765, 41.906832192383249 ], [ 45.702874665916049, 41.906745483892806 ], [ 45.70296462890456, 41.906659705105668 ], [ 45.703044542833609, 41.906574429103856 ], [ 45.703114843684943, 41.906489168676103 ], [ 45.703175637107087, 41.906403769177793 ], [ 45.703227097674805, 41.90631798457148 ], [ 45.703269340283704, 41.90623162412377 ], [ 45.703295362779315, 41.906168239225892 ], [ 45.703319187034054, 41.906102967363275 ], [ 45.703340787290379, 41.906035878046907 ], [ 45.703360137870455, 41.905967047992519 ], [ 45.703377219095344, 41.905896551177023 ], [ 45.703392007877447, 41.905824480512237 ], [ 45.703404484726732, 41.90575092708643 ], [ 45.703414632663687, 41.905675990979148 ], [ 45.703422443770812, 41.905599719074509 ], [ 45.703427898144653, 41.905522274516862 ], [ 45.703431704493369, 41.905364335991386 ], [ 45.703426029895695, 41.905203147364354 ], [ 45.7034109126622, 41.905039775698299 ], [ 45.703386374728268, 41.904874894559228 ], [ 45.70335262183491, 41.904710105880902 ], [ 45.703309892494573, 41.904546592581013 ], [ 45.703258496292918, 41.904385532637001 ], [ 45.703198818926047, 41.904228118870265 ], [ 45.703131258895795, 41.90407539361037 ], [ 45.703094664996335, 41.904001117492605 ], [ 45.703056272460913, 41.903928389825765 ], [ 45.703016141630251, 41.903857325524974 ], [ 45.70297433398067, 41.903788033193727 ], [ 45.702951070877404, 41.903753179898906 ], [ 45.702922157346251, 41.903714297344735 ], [ 45.702811251246914, 41.903578321357863 ], [ 45.702771070931128, 41.903525786846103 ], [ 45.702736440813275, 41.903472533841011 ], [ 45.702714213837417, 41.903426047347509 ], [ 45.702707282774803, 41.903404292538369 ], [ 45.702702960771965, 41.903382982007265 ], [ 45.702701244061402, 41.90336210226738 ], [ 45.702702133717722, 41.903341641603561 ], [ 45.702705627198924, 41.903321588322534 ], [ 45.702711729137235, 41.903301925282861 ], [ 45.702720444184692, 41.903282637144251 ], [ 45.702731778198967, 41.903263708558754 ], [ 45.702745720416786, 41.903245147697575 ], [ 45.702762299265792, 41.903226908451387 ], [ 45.70280344910428, 41.903191309632419 ], [ 45.702855430707245, 41.903156734315765 ], [ 45.702918612673443, 41.903122934346285 ], [ 45.70298024724827, 41.903095134201571 ], [ 45.703050585055365, 41.903067426647468 ], [ 45.70313036072978, 41.903039519854417 ], [ 45.70322105387563, 41.903010892257853 ], [ 45.70341131479055, 41.902957280656864 ], [ 45.703816941521744, 41.902852565032667 ], [ 45.70398867876294, 41.902806030925568 ], [ 45.704159549621117, 41.902754843585392 ], [ 45.704303647700762, 41.902705161307843 ], [ 45.704380412007339, 41.902674958282972 ], [ 45.7044500010349, 41.902644378610198 ], [ 45.704512822737307, 41.902613243267474 ], [ 45.704569126519651, 41.902581427343122 ], [ 45.704619159127745, 41.902548783423377 ], [ 45.704662979135961, 41.90251526522254 ], [ 45.704700685770575, 41.902480795581418 ], [ 45.70473234228983, 41.902445315573914 ], [ 45.704769731659596, 41.902395487751505 ], [ 45.704804921142347, 41.902342739021051 ], [ 45.704837942743595, 41.902287019650906 ], [ 45.704868837925325, 41.902228262738461 ], [ 45.7048976315101, 41.902166423099217 ], [ 45.704924394296626, 41.902101360695454 ], [ 45.704949177904147, 41.902032945514406 ], [ 45.70497205373286, 41.901960982573186 ], [ 45.704992478774884, 41.901887619713044 ], [ 45.705011277923177, 41.901810358803118 ], [ 45.705044483338227, 41.901642072810994 ], [ 45.705072473205917, 41.90145384816681 ], [ 45.70510147012849, 41.901203867961243 ], [ 45.705123538270293, 41.900961447317066 ], [ 45.705130190890237, 41.900850896361469 ], [ 45.705134042403877, 41.900745669380512 ], [ 45.705135117533068, 41.900644615160388 ], [ 45.705133396798054, 41.900547824789193 ], [ 45.705128872119069, 41.900455001093825 ], [ 45.705121536693625, 41.900365963080269 ], [ 45.705111283840196, 41.900279889086924 ], [ 45.705098149525661, 41.900197417470899 ], [ 45.70508212082197, 41.900118468150623 ], [ 45.705063187478743, 41.900042985346097 ], [ 45.705041331982116, 41.899970910619658 ], [ 45.705016548102734, 41.89990222509384 ], [ 45.704988827120211, 41.899836902700834 ], [ 45.704958159177117, 41.899774923684227 ], [ 45.704932850946314, 41.899730563186111 ], [ 45.704904595851907, 41.8996869260003 ], [ 45.704873379215144, 41.899643992399859 ], [ 45.704839183896652, 41.899601738169352 ], [ 45.70480199643282, 41.89956014447462 ], [ 45.704761787550041, 41.899519179968756 ], [ 45.704718532846051, 41.89947881777811 ], [ 45.704672195814204, 41.899439026599644 ], [ 45.704622816517173, 41.899399831402704 ], [ 45.704570280554584, 41.899361133811034 ], [ 45.704514534473873, 41.899322896319902 ], [ 45.704455510247861, 41.899285071606144 ], [ 45.704393150797934, 41.899247621285838 ], [ 45.704327338415268, 41.899210474922178 ], [ 45.704184864780629, 41.899136816935993 ], [ 45.704073060017983, 41.899084150110781 ], [ 45.703952468186642, 41.899031269543116 ], [ 45.703822106831822, 41.898977740796795 ], [ 45.703680136430179, 41.898922806834975 ], [ 45.703530473969231, 41.898867794629496 ], [ 45.703361945332368, 41.89880843314068 ], [ 45.702688883671023, 41.89858129909625 ], [ 45.702406409548168, 41.898482139046727 ], [ 45.702256576841449, 41.898426358839352 ], [ 45.702120403601455, 41.898372813256117 ], [ 45.701995155876631, 41.898320426539904 ], [ 45.7018795037921, 41.898268636727529 ], [ 45.701497087976804, 41.89809225699463 ], [ 45.701109725899535, 41.897916020564914 ], [ 45.700717303704202, 41.897739874943191 ], [ 45.700319691797475, 41.897563761423264 ], [ 45.699916775123071, 41.897387627512622 ], [ 45.699508376903864, 41.897211398575422 ], [ 45.699094333646109, 41.897035001693055 ], [ 45.698674456457205, 41.896858355992173 ], [ 45.698377126018201, 41.896736062354407 ], [ 45.698043530581074, 41.896602747062069 ], [ 45.696952524344098, 41.896178317667534 ], [ 45.696561957228191, 41.896024195042912 ], [ 45.696189346982123, 41.895872762419728 ], [ 45.695855371773384, 41.89573161346366 ], [ 45.695565434273114, 41.895603531301205 ], [ 45.695251679467219, 41.895459411061488 ], [ 45.694881251715948, 41.895283865171344 ], [ 45.694088928260868, 41.894900822267751 ], [ 45.69374104492293, 41.894734890726994 ], [ 45.693370328315858, 41.894563185758699 ], [ 45.693034324615127, 41.894414168884502 ], [ 45.692779965366988, 41.894307211843397 ], [ 45.692493340647431, 41.894192484134244 ], [ 45.692213609196159, 41.894084398071783 ], [ 45.691517770409476, 41.893819949351396 ], [ 45.691151200011852, 41.893675882783377 ], [ 45.690963977584794, 41.893599131588793 ], [ 45.690790108525484, 41.893525185527153 ], [ 45.690626515574948, 41.893452732867416 ], [ 45.690471609524359, 41.893381067171504 ], [ 45.690274024059171, 41.893284925248174 ], [ 45.690070852384757, 41.893180874387198 ], [ 45.689860023143858, 41.893067859700388 ], [ 45.68963755486709, 41.892943750637556 ], [ 45.689441751890158, 41.892831079961432 ], [ 45.689225646350287, 41.892703830863212 ], [ 45.688491199073759, 41.892261993708999 ], [ 45.688205895603417, 41.892092704137319 ], [ 45.687914162912151, 41.891924670078559 ], [ 45.687647708275662, 41.891777541725929 ], [ 45.687040405423673, 41.891454252712286 ], [ 45.686411827379139, 41.891127378644036 ], [ 45.68576001573993, 41.890795900491241 ], [ 45.685082128876907, 41.890458370308565 ], [ 45.684698386201553, 41.890273086710984 ], [ 45.684292734346045, 41.890084771902593 ], [ 45.68386091665559, 41.889891440688359 ], [ 45.683394406825506, 41.889689270601494 ], [ 45.682985795864859, 41.889516665756155 ], [ 45.682528268949653, 41.889327043679657 ], [ 45.681024509326775, 41.888714761744907 ], [ 45.680479659806473, 41.888490757947856 ], [ 45.679953932752603, 41.888270210413936 ], [ 45.679482112568166, 41.888066826358262 ], [ 45.679014253120933, 41.887858374940762 ], [ 45.678577943600175, 41.887656356959681 ], [ 45.678369389379213, 41.887556729463263 ], [ 45.678166624476617, 41.887457730295495 ], [ 45.677969195729482, 41.887359138794494 ], [ 45.677776749269071, 41.887260776940863 ], [ 45.67726034439454, 41.886993441128979 ], [ 45.67693105027675, 41.886819821708592 ], [ 45.676632394468442, 41.886657466628137 ], [ 45.67636557620439, 41.886506521279564 ], [ 45.676242716023992, 41.886434144027575 ], [ 45.676119261154973, 41.886358838438092 ], [ 45.675994981119835, 41.886280463558698 ], [ 45.675869581071986, 41.886198831979549 ], [ 45.675742858430866, 41.88611381879393 ], [ 45.675614250005125, 41.88602504902601 ], [ 45.675349132036956, 41.885834675825407 ], [ 45.675099339592109, 41.885647247195038 ], [ 45.674827037876803, 41.88543572115141 ], [ 45.674554031860112, 41.885218255915682 ], [ 45.673821420430095, 41.884627731146999 ], [ 45.673598124402275, 41.88445142021547 ], [ 45.673395458782828, 41.884294925281374 ], [ 45.673160466810621, 41.8841188586009 ], [ 45.672936935083364, 41.883957761099559 ], [ 45.672720502316785, 41.883808496113112 ], [ 45.672508911484677, 41.883669513322857 ], [ 45.672212111417132, 41.883480845854514 ], [ 45.671934203793761, 41.883306844498883 ], [ 45.671669236251361, 41.883143784777992 ], [ 45.671414315399659, 41.882989888647188 ], [ 45.671166074228502, 41.882843145723527 ], [ 45.670924207236148, 41.882703398415842 ], [ 45.670687510215018, 41.882569951268763 ], [ 45.670455153780921, 41.882442336300784 ], [ 45.670277846145289, 41.882348923477089 ], [ 45.670089201001389, 41.882254674953309 ], [ 45.669887250760212, 41.882158601497096 ], [ 45.669668029825537, 41.882058814923091 ], [ 45.669474942797272, 41.881973925917492 ], [ 45.669258193969128, 41.881881078283676 ], [ 45.668541652620178, 41.881581489023048 ], [ 45.668281062656256, 41.88147106311267 ], [ 45.66802913853293, 41.881361269813233 ], [ 45.667804206196848, 41.88125945393098 ], [ 45.667579312356082, 41.881152815147701 ], [ 45.66737129164737, 41.881048655609433 ], [ 45.66717692730586, 41.880945360265208 ], [ 45.666994507975005, 41.880842014127012 ], [ 45.666857098027776, 41.880760113602449 ], [ 45.66671869128195, 41.880674808728891 ], [ 45.66657900028278, 41.880585921935932 ], [ 45.66643765866484, 41.880493220267631 ], [ 45.666294427467527, 41.880396552889337 ], [ 45.666148565206555, 41.88029542511876 ], [ 45.665999413945428, 41.880189378712892 ], [ 45.665845984232433, 41.880077714163846 ], [ 45.665577370638367, 41.879876649138694 ], [ 45.665281781500276, 41.879648731089979 ], [ 45.665003473878791, 41.879429703676934 ], [ 45.664356015068428, 41.878915301200479 ], [ 45.664038279551029, 41.878666738353694 ], [ 45.663882237933322, 41.87854434744591 ], [ 45.663721566027668, 41.878414909148823 ], [ 45.663554678014293, 41.878277151839477 ], [ 45.663378561860661, 41.878128587199285 ], [ 45.663045362237291, 41.877840622404065 ], [ 45.662189159660322, 41.877088538833995 ], [ 45.661935288480507, 41.87687111567346 ], [ 45.661703865679208, 41.876678199786355 ], [ 45.661438483323728, 41.876464809326237 ], [ 45.661184498149524, 41.876269744502999 ], [ 45.660937099501631, 41.876089315075369 ], [ 45.660815055781107, 41.876003997985379 ], [ 45.660693753171891, 41.87592168747242 ], [ 45.660598963660746, 41.875860915391897 ], [ 45.660496224908272, 41.875799984497014 ], [ 45.660384598387338, 41.875738332735075 ], [ 45.660262256409645, 41.875674950117926 ], [ 45.660143147216928, 41.875616408854313 ], [ 45.660008741444393, 41.875553043070809 ], [ 45.659503917850486, 41.875324515363658 ], [ 45.659298661874296, 41.875228508750304 ], [ 45.659190305662193, 41.875175290824409 ], [ 45.659091182653427, 41.875124366977346 ], [ 45.658999354428836, 41.875074743197622 ], [ 45.658913863556215, 41.875025896297075 ], [ 45.658814621137061, 41.874965178901718 ], [ 45.658723287021871, 41.874904481808478 ], [ 45.658639212001056, 41.874843371029172 ], [ 45.658561988104275, 41.874781550794197 ], [ 45.658491199606594, 41.87471867403729 ], [ 45.658426734437491, 41.87465462522519 ], [ 45.658368411183758, 41.874589225272516 ], [ 45.658316101832966, 41.874522331714296 ], [ 45.65827372047918, 41.874459459503676 ], [ 45.658231702061407, 41.87438743789081 ], [ 45.658189753247171, 41.874306569383968 ], [ 45.65807401899928, 41.874069567493834 ], [ 45.658034178095747, 41.873997608081964 ], [ 45.657994983383226, 41.873935417331218 ], [ 45.657928950938668, 41.873843917275735 ], [ 45.657856691307117, 41.873755286391507 ], [ 45.657778174028181, 41.873669490615434 ], [ 45.657693366183921, 41.873586491394107 ], [ 45.657602236133997, 41.873506257371076 ], [ 45.657504730361985, 41.87342873930033 ], [ 45.657400795442697, 41.873353896940991 ], [ 45.657290364593237, 41.873281680219776 ], [ 45.657173512919378, 41.873212126516847 ], [ 45.657050015988858, 41.873145089385183 ], [ 45.656919769587233, 41.873080511756008 ], [ 45.656782644129862, 41.873018330399184 ], [ 45.656638530627148, 41.872958492773229 ], [ 45.656487205171686, 41.872900903759017 ], [ 45.656328451215124, 41.872845480802425 ], [ 45.656161985759397, 41.87279212461344 ], [ 45.656016924585558, 41.872749102814986 ], [ 45.655866009329586, 41.872707370714188 ], [ 45.655708949966439, 41.872666848882702 ], [ 45.655545357441596, 41.872627436838577 ], [ 45.655374990088063, 41.872589070183352 ], [ 45.655197009621368, 41.872551555519728 ], [ 45.655010641928357, 41.872514728800297 ], [ 45.654814692799235, 41.87247835360963 ], [ 45.654471134187915, 41.872419348547218 ], [ 45.65408400169639, 41.872358374061292 ], [ 45.65370905688664, 41.872302977962185 ], [ 45.652820872727588, 41.8721757743062 ], [ 45.652381221485577, 41.872109160718367 ], [ 45.652163554991738, 41.872073832063712 ], [ 45.6519625488868, 41.872039244248427 ], [ 45.651774675792701, 41.872004788704132 ], [ 45.651598084883339, 41.871970124731121 ], [ 45.651298758425234, 41.871912301182078 ], [ 45.650984200014548, 41.871857499412066 ], [ 45.650651272122047, 41.871805166941002 ], [ 45.650293872258878, 41.87175433930944 ], [ 45.649970073513579, 41.871712100234511 ], [ 45.649609085140263, 41.871668201700608 ], [ 45.648341381334987, 41.871524574357665 ], [ 45.647840553870033, 41.871464951047464 ], [ 45.647576327239413, 41.871431213836004 ], [ 45.647329648075775, 41.8713977743096 ], [ 45.647095933336438, 41.871364010815519 ], [ 45.646872835759183, 41.87132958178595 ], [ 45.646396097660904, 41.871256222507981 ], [ 45.645446668385055, 41.871117246335842 ], [ 45.645048968428434, 41.87105734823573 ], [ 45.644634426614843, 41.870991108829756 ], [ 45.644264721942498, 41.870927095976832 ], [ 45.644055247042083, 41.870888143786985 ], [ 45.643854696600499, 41.870848686337595 ], [ 45.643661732780124, 41.870808459167904 ], [ 45.643475475269568, 41.870767279006301 ], [ 45.643294961471646, 41.870724927908512 ], [ 45.643119892992829, 41.870681331014666 ], [ 45.642949807151027, 41.870636372950749 ], [ 45.642784351133663, 41.870589959340748 ], [ 45.64252316509414, 41.870513154434974 ], [ 45.642271268063944, 41.870436356429593 ], [ 45.642027741388539, 41.870359285005563 ], [ 45.641791976977487, 41.870281746365286 ], [ 45.641563306219041, 41.870203519121453 ], [ 45.641341540411815, 41.870124533216412 ], [ 45.641126367555131, 41.870044679648196 ], [ 45.640917557812053, 41.869963871469743 ], [ 45.640714428773187, 41.869881831510384 ], [ 45.640517338440844, 41.869798692905768 ], [ 45.64032615005943, 41.869714397905156 ], [ 45.640140757096425, 41.86962889849503 ], [ 45.639961045745267, 41.869542142197417 ], [ 45.639786959083374, 41.869454101434926 ], [ 45.639618429271913, 41.869364741484375 ], [ 45.639455400566256, 41.869274032057412 ], [ 45.639296510722112, 41.869179858755736 ], [ 45.639134920674508, 41.869076948340378 ], [ 45.638968917104449, 41.868964222308989 ], [ 45.638795206294233, 41.868839444557068 ], [ 45.638646927597989, 41.868728237086458 ], [ 45.638483940704184, 41.868602072518009 ], [ 45.637957278834293, 41.868182374409507 ], [ 45.637764464247603, 41.868031113981367 ], [ 45.637574797154784, 41.867887169098502 ], [ 45.637399890362687, 41.8677603017602 ], [ 45.637282068655601, 41.86767833791167 ], [ 45.637157344519039, 41.867594122702876 ], [ 45.636881418739897, 41.867415073763759 ], [ 45.636594953630201, 41.867236403216843 ], [ 45.635812871624175, 41.866757666815843 ], [ 45.635580209267616, 41.866610443959829 ], [ 45.635375043813077, 41.866475888809447 ], [ 45.635145720612883, 41.866318016744657 ], [ 45.635039598239985, 41.866241512447658 ], [ 45.634938406548564, 41.866166084126739 ], [ 45.634841604078815, 41.866091324077225 ], [ 45.634749028049733, 41.866017100809714 ], [ 45.634660425808903, 41.865943211275919 ], [ 45.634575607787184, 41.865869495310505 ], [ 45.634446821167217, 41.86575049542386 ], [ 45.634318744104974, 41.865622777374412 ], [ 45.63419022794433, 41.865485202740224 ], [ 45.634059250026887, 41.865335612042728 ], [ 45.633935830644866, 41.86518669551166 ], [ 45.633803173504823, 41.86501933702327 ], [ 45.633670607491197, 41.864846493620817 ], [ 45.633313248365567, 41.864373167719435 ], [ 45.633202627296079, 41.864230703435062 ], [ 45.63310126796241, 41.864104030081222 ], [ 45.632981938139515, 41.863960765140796 ], [ 45.63286666469579, 41.863829245131129 ], [ 45.632753188255016, 41.86370689305231 ], [ 45.632640317818627, 41.863592435601632 ], [ 45.632461814062182, 41.863420309444827 ], [ 45.632276824507386, 41.863248097118735 ], [ 45.632085259234088, 41.863075716224053 ], [ 45.631887010083425, 41.862903067347126 ], [ 45.631681984738947, 41.862730068998935 ], [ 45.631470008312448, 41.862556574392748 ], [ 45.631250918083047, 41.86238244838129 ], [ 45.631024508900097, 41.862207529027366 ], [ 45.630791215256878, 41.862032130040653 ], [ 45.630550123020996, 41.861855545759475 ], [ 45.630300903373609, 41.861677533854099 ], [ 45.630043119588336, 41.861497782329025 ], [ 45.62977648055837, 41.86131608376423 ], [ 45.629500098438868, 41.861131826897171 ], [ 45.629213159579194, 41.860944469400515 ], [ 45.628914464840072, 41.860753226961705 ], [ 45.628635051760298, 41.86057822829202 ], [ 45.628352495656941, 41.860405697789353 ], [ 45.62806706560216, 41.86023579968488 ], [ 45.627779033062332, 41.86006869729853 ], [ 45.627488676681949, 41.859904549410103 ], [ 45.627196261767615, 41.859743506768851 ], [ 45.626902058430119, 41.859585719199636 ], [ 45.626606331876204, 41.859431328450675 ], [ 45.626303528110256, 41.859277888820614 ], [ 45.625994408023395, 41.859126204919512 ], [ 45.62567893774338, 41.85897626066869 ], [ 45.625357077338769, 41.858828036418352 ], [ 45.625028791731857, 41.858681516093455 ], [ 45.624694022858186, 41.858536673835026 ], [ 45.624352716293757, 41.858393486464585 ], [ 45.624004806719441, 41.858251925456962 ], [ 45.623650355820274, 41.858112013835047 ], [ 45.623289155567193, 41.857973667102442 ], [ 45.622921114067935, 41.85783684966664 ], [ 45.622546124939255, 41.857701522408512 ], [ 45.622164093889559, 41.857567650644256 ], [ 45.621774851691185, 41.857435174874006 ], [ 45.621378237586228, 41.857304039151231 ], [ 45.620974054598754, 41.857174179615456 ], [ 45.620707003710258, 41.857093006211095 ], [ 45.62042472679704, 41.85701386891877 ], [ 45.620124279820089, 41.856935935078532 ], [ 45.61979978324085, 41.856857674492119 ], [ 45.619514277571533, 41.856792796688609 ], [ 45.619194678845403, 41.856723426536639 ], [ 45.618131855439195, 41.856502662134879 ], [ 45.617739661673639, 41.856419112757884 ], [ 45.617355992345551, 41.856333032132838 ], [ 45.61701224262611, 41.856250478111257 ], [ 45.616832606147945, 41.856204718265772 ], [ 45.616660041145124, 41.856158760749572 ], [ 45.616493603069898, 41.856112353969834 ], [ 45.616332646843503, 41.856065317675451 ], [ 45.616176468075366, 41.856017442206529 ], [ 45.616024823857977, 41.855968649625254 ], [ 45.615877358894551, 41.855918825666599 ], [ 45.615733797606744, 41.855867877252308 ], [ 45.61559513304087, 41.855816969963072 ], [ 45.615327066175759, 41.855722268394381 ], [ 45.615063784978766, 41.855633563440726 ], [ 45.614804796233003, 41.85555068934778 ], [ 45.6145497554568, 41.855473537204091 ], [ 45.614298278359307, 41.855401992002861 ], [ 45.614050238052762, 41.855336021120927 ], [ 45.613805442410275, 41.855275572467271 ], [ 45.613563746462674, 41.855220611710713 ], [ 45.613324705924619, 41.855171047572497 ], [ 45.613088541709885, 41.855126933831897 ], [ 45.612855160837796, 41.855088254790743 ], [ 45.61262449204807, 41.855054998236689 ], [ 45.612396455658022, 41.855027152902238 ], [ 45.612171010604861, 41.855004714518707 ], [ 45.61194811220463, 41.854987677935462 ], [ 45.611727717013807, 41.854976041597482 ], [ 45.61140495894395, 41.854967271766412 ], [ 45.6111797942038, 41.854958906732307 ], [ 45.610952891109989, 41.854948138472324 ], [ 45.610724165318906, 41.854934962921241 ], [ 45.610493525250902, 41.854919375150743 ], [ 45.610260887751011, 41.854901369286345 ], [ 45.61002612987653, 41.854880936061299 ], [ 45.609789132299525, 41.854858066188577 ], [ 45.609549764808072, 41.85483274593436 ], [ 45.609308105846871, 41.854804986576504 ], [ 45.609063775565474, 41.854774746882001 ], [ 45.60881659912242, 41.854742007044763 ], [ 45.608566371484052, 41.854706739310927 ], [ 45.608312916555896, 41.854668918473223 ], [ 45.608055926740157, 41.854628499303175 ], [ 45.607795113724514, 41.854585437367803 ], [ 45.607530126420116, 41.854539674152242 ], [ 45.607015874312488, 41.854445443599552 ], [ 45.606481712194679, 41.854340641871126 ], [ 45.605923095118278, 41.854224385676922 ], [ 45.605331625821471, 41.854094927456423 ], [ 45.604741699220241, 41.853960426839031 ], [ 45.604089231100971, 41.853806832499792 ], [ 45.603413348220393, 41.853644057899892 ], [ 45.602126072413398, 41.853330368339094 ], [ 45.601751811768807, 41.853235847622528 ], [ 45.601649478991085, 41.853208138272272 ], [ 45.60158071770195, 41.853247284623514 ], [ 45.601486887849774, 41.853293005716715 ], [ 45.6013903306564, 41.853332579432568 ], [ 45.601290987344534, 41.853366030390418 ], [ 45.601188805093898, 41.853393375972665 ], [ 45.601083702233218, 41.853414640017007 ], [ 45.60097560182691, 41.853429837328918 ], [ 45.600864411272042, 41.853438981894726 ], [ 45.600750213803444, 41.853442082276885 ], [ 45.60063271570467, 41.853439159817491 ], [ 45.600511785677462, 41.853430212490785 ], [ 45.600387263421474, 41.853415228514258 ], [ 45.600259017533219, 41.853394194151925 ], [ 45.600126783856538, 41.853367070240651 ], [ 45.599990313789213, 41.853333805825557 ], [ 45.599849287405924, 41.853294323302016 ], [ 45.59973491875531, 41.853258831044982 ], [ 45.599617268771887, 41.853219355865448 ], [ 45.599496078849391, 41.85317580903461 ], [ 45.599371000929686, 41.853128068963755 ], [ 45.599241816241239, 41.853076054819198 ], [ 45.599107806600394, 41.853019484816208 ], [ 45.598968312891117, 41.85295808046088 ], [ 45.598822334785162, 41.852891402911055 ], [ 45.598572023259088, 41.852772259186779 ], [ 45.598290893802258, 41.852632897467373 ], [ 45.598019482352818, 41.852494676060914 ], [ 45.597350369294865, 41.852149778685515 ], [ 45.597000155036518, 41.851973418980123 ], [ 45.596823919823848, 41.851887309855833 ], [ 45.596658731139456, 41.851808761964847 ], [ 45.59650184577265, 41.851736471000081 ], [ 45.59635182033005, 41.851669775281692 ], [ 45.596195280244856, 41.851603069049816 ], [ 45.596044543596598, 41.851541966268719 ], [ 45.595898846098308, 41.851486156587967 ], [ 45.595757663028465, 41.85143544099531 ], [ 45.5956204202488, 41.851389617128945 ], [ 45.595486918391266, 41.851348624790262 ], [ 45.595356866256438, 41.851312373632076 ], [ 45.595230037963823, 41.851280801788974 ], [ 45.595087140543683, 41.851248943784277 ], [ 45.594968994656732, 41.851224406948973 ], [ 45.594832719668382, 41.851198285909121 ], [ 45.594692195982489, 41.851173469281555 ], [ 45.594547200334787, 41.851149914072863 ], [ 45.594397070326707, 41.851127508406542 ], [ 45.594078677408731, 41.851085749928316 ], [ 45.593776012036834, 41.851051969487003 ], [ 45.593437714726754, 41.851019271243125 ], [ 45.593096476740193, 41.850989915218037 ], [ 45.592191856695642, 41.850916566627383 ], [ 45.59192410580652, 41.850892644813072 ], [ 45.591915465398863, 41.850891794962891 ], [ 45.591684946597205, 41.850869132607727 ], [ 45.59141480551753, 41.850839267490876 ], [ 45.591164749270384, 41.850807632094067 ], [ 45.590929918604935, 41.850773608460649 ], [ 45.590707871989061, 41.850736836357584 ], [ 45.590574878184292, 41.850712347942192 ], [ 45.590561956252607, 41.850709770875376 ], [ 45.590445813399917, 41.850686608838537 ], [ 45.590320395233533, 41.850659562867463 ], [ 45.59019840763527, 41.850631164315516 ], [ 45.590079618796466, 41.85060135674069 ], [ 45.589963910389038, 41.850570110137447 ], [ 45.589851142319453, 41.850537385604369 ], [ 45.589741196234925, 41.850503150432438 ], [ 45.58963380871058, 41.850467315913647 ], [ 45.589529055829757, 41.850429902380327 ], [ 45.58942685300147, 41.850390880551188 ], [ 45.589327132507258, 41.850350221958536 ], [ 45.589229819401112, 41.850307898171366 ], [ 45.589134865295811, 41.85026388692684 ], [ 45.58904221938657, 41.8502181650735 ], [ 45.588951835686849, 41.850170709434927 ], [ 45.588899960124415, 41.850140896154286 ], [ 45.588843138037404, 41.850104875469782 ], [ 45.58862844729439, 41.849955936240782 ], [ 45.588538035464673, 41.84989797842956 ], [ 45.588488400184467, 41.849870053926914 ], [ 45.588441773524259, 41.849847189348921 ], [ 45.588397204385771, 41.84982892211621 ], [ 45.588354206700657, 41.849815056570463 ], [ 45.588320064112978, 41.849806821767842 ], [ 45.588284859196712, 41.849800707204949 ], [ 45.588248591948634, 41.849796712880845 ], [ 45.588211265987361, 41.849794839676647 ], [ 45.588172881292742, 41.849795085790099 ], [ 45.58813343787746, 41.849797453021452 ], [ 45.588092938146637, 41.849801941357278 ], [ 45.58805138328411, 41.849808548989067 ], [ 45.587965117790887, 41.849828122987191 ], [ 45.587874634140476, 41.849856175944161 ], [ 45.587779928686025, 41.849892708769275 ], [ 45.587680980970894, 41.84993772876215 ], [ 45.587579978424657, 41.849990034916061 ], [ 45.587474780260898, 41.850050537959909 ], [ 45.587365250993187, 41.850119313331703 ], [ 45.587251021669459, 41.850196594381359 ], [ 45.587135895616235, 41.850279518189282 ], [ 45.587014151022174, 41.850371938305315 ], [ 45.586889196449583, 41.850470899256258 ], [ 45.58671130286956, 41.850615842978378 ], [ 45.586674425659318, 41.850647307640159 ], [ 45.586640567386937, 41.850679180192103 ], [ 45.586609725696491, 41.850711466053014 ], [ 45.586581893389045, 41.850744167964145 ], [ 45.586557069329942, 41.850777293138947 ], [ 45.586535248729653, 41.850810844305826 ], [ 45.586516426831658, 41.850844827795612 ], [ 45.586500601288755, 41.850879249926535 ], [ 45.586487770909109, 41.850914111606592 ], [ 45.586477930977644, 41.850949423669057 ], [ 45.586471080343891, 41.850985191524693 ], [ 45.586467217890352, 41.851021424186563 ], [ 45.586466341253946, 41.851058126170443 ], [ 45.586468451743123, 41.851095308277912 ], [ 45.586473549420717, 41.851132976813282 ], [ 45.586481634382594, 41.851171141683174 ], [ 45.586492689259707, 41.85120974713319 ], [ 45.586506726778339, 41.851248866953583 ], [ 45.586523751861463, 41.851288511926363 ], [ 45.58654376943219, 41.85132869283327 ], [ 45.586566783225678, 41.851369422263183 ], [ 45.586592803008507, 41.851410713674717 ], [ 45.586653897249789, 41.851495041691805 ], [ 45.586727112108562, 41.851581772031444 ], [ 45.586812602332202, 41.851671090321368 ], [ 45.586910532210894, 41.851763171328038 ], [ 45.587021141195734, 41.851858240768067 ], [ 45.587116563306338, 41.851934753466288 ], [ 45.587220106702944, 41.852013408722456 ], [ 45.587332005565791, 41.85209438545386 ], [ 45.58745258856743, 41.852177919735617 ], [ 45.587582063140161, 41.85226416269473 ], [ 45.587721154238274, 41.852353605967799 ], [ 45.587870556290689, 41.852446695406947 ], [ 45.588031363460473, 41.852544114393503 ], [ 45.58831518832676, 41.852710714248893 ], [ 45.588644261457802, 41.852897906227874 ], [ 45.588968894313652, 41.853078743178493 ], [ 45.58978417972876, 41.853528652196715 ], [ 45.590207674431255, 41.853766681156436 ], [ 45.590416572159405, 41.853886890942057 ], [ 45.59060866857191, 41.853999775011211 ], [ 45.590787123738444, 41.854107193319429 ], [ 45.590953558461877, 41.854210123840616 ], [ 45.591121425071911, 41.854317256547148 ], [ 45.591277687894227, 41.854420677578986 ], [ 45.591423115351603, 41.854520898218354 ], [ 45.591558216586513, 41.854618268952485 ], [ 45.591683517947793, 41.854713176202068 ], [ 45.591799186859802, 41.854805753338688 ], [ 45.591905468448097, 41.854896198179524 ], [ 45.591978220405615, 41.854962498172085 ], [ 45.592044848326722, 41.855023516550027 ], [ 45.59209572149156, 41.855070237587086 ], [ 45.592198403031858, 41.855159643307573 ], [ 45.592311680125817, 41.855253835469355 ], [ 45.592437830435976, 41.855354709941025 ], [ 45.592679193747706, 41.855540080119638 ], [ 45.593223831086178, 41.855947624467959 ], [ 45.593269724223262, 41.855981964675671 ], [ 45.593420827899863, 41.856098472922866 ], [ 45.593553619169278, 41.856204096270176 ], [ 45.593682335027225, 41.856310615092028 ], [ 45.593798293823554, 41.85641137319903 ], [ 45.59390322495738, 41.85650787393574 ], [ 45.593998014239993, 41.856600939579288 ], [ 45.594056888089, 41.856662454418306 ], [ 45.59411153966947, 41.856722832788165 ], [ 45.594162084597819, 41.856782201993951 ], [ 45.594208606927467, 41.856840663383544 ], [ 45.594251193188896, 41.856898325496921 ], [ 45.594289881224682, 41.856955243084386 ], [ 45.594324716222978, 41.857011483467389 ], [ 45.594355733626323, 41.857067102308449 ], [ 45.594382999712856, 41.857122232568884 ], [ 45.594406487609938, 41.857176835661086 ], [ 45.594426214565395, 41.85723095383026 ], [ 45.594442194138111, 41.857284621234172 ], [ 45.594454436306428, 41.857337875651517 ], [ 45.594462947326335, 41.857390743170924 ], [ 45.594467731044467, 41.857443249893187 ], [ 45.594468788881564, 41.857495420129894 ], [ 45.594466279449627, 41.85755267337526 ], [ 45.594460498020638, 41.857611769241736 ], [ 45.594451451037777, 41.857672623931819 ], [ 45.594439154489827, 41.857735143690853 ], [ 45.594423623177121, 41.857799236571388 ], [ 45.594404887269249, 41.857864779022293 ], [ 45.59438298179623, 41.857931651970397 ], [ 45.594357948891286, 41.857999722795277 ], [ 45.594329793078472, 41.858068960848243 ], [ 45.594298614363787, 41.858139108013965 ], [ 45.594264483527638, 41.858210002701306 ], [ 45.594227483306511, 41.85828147334967 ], [ 45.594145244051603, 41.858425438974841 ], [ 45.594052779739933, 41.858569453823861 ], [ 45.593950534506291, 41.858712696853829 ], [ 45.593840209144588, 41.858852658046366 ], [ 45.593723133821761, 41.858987654330015 ], [ 45.593600703265949, 41.859116076159779 ], [ 45.59353798660586, 41.859177290103595 ], [ 45.593474464072841, 41.859236317714554 ], [ 45.593410308870375, 41.859292996874068 ], [ 45.593345689525876, 41.859347180799794 ], [ 45.593280781796608, 41.859398722672367 ], [ 45.59321573161337, 41.859447507350779 ], [ 45.593150687334145, 41.859493421483215 ], [ 45.59308579503309, 41.85953636524021 ], [ 45.593025494054451, 41.859573423605049 ], [ 45.592962355407217, 41.859609281566719 ], [ 45.592896370673415, 41.859643940965427 ], [ 45.592827531485241, 41.85967740904492 ], [ 45.592755829425258, 41.859709687644944 ], [ 45.592681251298842, 41.859740783132999 ], [ 45.592603783919955, 41.859770702776999 ], [ 45.592523411668317, 41.859799451155148 ], [ 45.592440151369537, 41.859827023671158 ], [ 45.592353948984361, 41.859853439511809 ], [ 45.59226478168128, 41.859878705092989 ], [ 45.592172620638479, 41.859902830463973 ], [ 45.59197919351427, 41.859947690006372 ], [ 45.591773309335593, 41.859988099184136 ], [ 45.591559821876182, 41.860023350211932 ], [ 45.591333325765028, 41.860054560705414 ], [ 45.591092924580927, 41.860081855892815 ], [ 45.590836918934144, 41.860105431771395 ], [ 45.590569292674878, 41.860125097522356 ], [ 45.590279211184424, 41.860141812135794 ], [ 45.589961685227344, 41.860155963145104 ], [ 45.589567751316004, 41.860169739952127 ], [ 45.589432636214582, 41.860171259396438 ], [ 45.589294041419819, 41.860167252829328 ], [ 45.589151689803813, 41.860157714454296 ], [ 45.589005211291308, 41.860142619134677 ], [ 45.588854374466102, 41.860121952729486 ], [ 45.588698409817539, 41.860095620090611 ], [ 45.588536612699194, 41.860063504116361 ], [ 45.588397821693569, 41.860032149118496 ], [ 45.58836791131958, 41.860025391406481 ], [ 45.588225380550483, 41.859989945539354 ], [ 45.58807623705696, 41.859950074070639 ], [ 45.587918980853622, 41.859905380245969 ], [ 45.587750641606, 41.859855020881319 ], [ 45.587437271589948, 41.859756186214035 ], [ 45.586687029959911, 41.859511371192205 ], [ 45.586486505234006, 41.859448665682109 ], [ 45.586306549744378, 41.859394952622836 ], [ 45.586115652391733, 41.859341500476738 ], [ 45.585937588201865, 41.859295742832039 ], [ 45.585769269144322, 41.859256887585381 ], [ 45.585609061659255, 41.859224564822028 ], [ 45.585436526248323, 41.859195628198513 ], [ 45.58527146909271, 41.859174468439384 ], [ 45.585112934808727, 41.859160964348597 ], [ 45.585035906933292, 41.859157064988707 ], [ 45.584960273454996, 41.859155062520529 ], [ 45.584885886157359, 41.859154954999582 ], [ 45.584812777603297, 41.859156746765883 ], [ 45.584740897194841, 41.859160438980183 ], [ 45.584670200366311, 41.859166033673034 ], [ 45.584600638954264, 41.85917353469452 ], [ 45.584532184071598, 41.859182945796469 ], [ 45.584464798414416, 41.859194272574761 ], [ 45.584398453095936, 41.859207518781034 ], [ 45.584317883374688, 41.859226020753383 ], [ 45.584147616088295, 41.859269375740553 ], [ 45.584053252417966, 41.859295835872636 ], [ 45.583931534879234, 41.859332795569927 ], [ 45.583807273443064, 41.859373288841901 ], [ 45.583681032675834, 41.859417131773675 ], [ 45.583553366229665, 41.859464132401989 ], [ 45.5834248492732, 41.859514079742333 ], [ 45.583296052052852, 41.859566751128817 ], [ 45.583167569946795, 41.859621904856184 ], [ 45.583039985003012, 41.859679290282635 ], [ 45.582913862382412, 41.859738654152622 ], [ 45.582789776708523, 41.859799723349958 ], [ 45.582668219766504, 41.859862256705078 ], [ 45.582549688025729, 41.859925997714967 ], [ 45.582434634702388, 41.859990702707336 ], [ 45.582325730918598, 41.860054779250831 ], [ 45.582220931357995, 41.860119341068902 ], [ 45.582120565489973, 41.860184182047668 ], [ 45.582024924413489, 41.860249116083395 ], [ 45.581934300312113, 41.860313943556989 ], [ 45.581848888290757, 41.860378521183883 ], [ 45.581768894200827, 41.860442694816761 ], [ 45.581694489103363, 41.860506326696608 ], [ 45.581625974182153, 41.860569146004671 ], [ 45.58156329910917, 41.860631180927498 ], [ 45.581506574969644, 41.860692322830218 ], [ 45.581455890096848, 41.860752478504004 ], [ 45.581411324317202, 41.860811546676203 ], [ 45.581372930065093, 41.860869461338645 ], [ 45.581340753685367, 41.860926149307559 ], [ 45.581314831957577, 41.860981545552825 ], [ 45.581301071498643, 41.861019335825581 ], [ 45.581291051678953, 41.861057614248722 ], [ 45.581284766676795, 41.861096402469116 ], [ 45.581282213088357, 41.861135723021619 ], [ 45.581283389895091, 41.861175595726685 ], [ 45.581288296176574, 41.861216051212061 ], [ 45.581296935799053, 41.861257116478164 ], [ 45.58130931630059, 41.861298824811314 ], [ 45.581325425485879, 41.861341159158982 ], [ 45.581345291872601, 41.86138420764221 ], [ 45.581368932735934, 41.861428014305069 ], [ 45.581396377440235, 41.861472627633439 ], [ 45.581427650482127, 41.861518090733362 ], [ 45.581462800740312, 41.861564478110949 ], [ 45.581501883085508, 41.861611860638739 ], [ 45.581544966985511, 41.861660324426559 ], [ 45.581632288695161, 41.861750012720364 ], [ 45.581733413439672, 41.861844207403998 ], [ 45.581849345063311, 41.861943850873843 ], [ 45.581982078842074, 41.862050661385176 ], [ 45.582118154845219, 41.862154757253904 ], [ 45.582275860954311, 41.862270918734559 ], [ 45.582940808379099, 41.862743644028576 ], [ 45.583093721431048, 41.862854570510315 ], [ 45.583228650303482, 41.862954955550329 ], [ 45.583377795017725, 41.863069807948357 ], [ 45.583463951303088, 41.863139221861289 ], [ 45.583512145601276, 41.863178051345969 ], [ 45.583634102808041, 41.863281620872364 ], [ 45.583744798322641, 41.863381485354438 ], [ 45.583865920344998, 41.863499517540149 ], [ 45.583972389367723, 41.863614029476537 ], [ 45.584020340813098, 41.863670189120214 ], [ 45.58406483194473, 41.863725694431238 ], [ 45.584105907823378, 41.863780599225514 ], [ 45.584143605010738, 41.86383495015626 ], [ 45.584177993198288, 41.863888859457745 ], [ 45.584209045550615, 41.863942292142816 ], [ 45.58423678164786, 41.863995282340539 ], [ 45.584261216209988, 41.864047859701031 ], [ 45.584282362760604, 41.86410005478082 ], [ 45.584300231110497, 41.864151887346871 ], [ 45.584314826267658, 41.864203378991618 ], [ 45.584326155633491, 41.864254549493694 ], [ 45.58437981195128, 41.864545179953581 ], [ 45.584410975426636, 41.864753523159571 ], [ 45.584421716513312, 41.864850421606342 ], [ 45.584428929642918, 41.864941368277549 ], [ 45.584432682784538, 41.865027213072857 ], [ 45.584432990704109, 41.86510838824546 ], [ 45.584431757688996, 41.865137982850399 ], [ 45.584412601219555, 41.865329369140632 ], [ 45.584411910127145, 41.865333926509358 ], [ 45.584397422485473, 41.865400657058679 ], [ 45.584379161745083, 41.8654633708448 ], [ 45.584357116144673, 41.865522100350468 ], [ 45.584331266867245, 41.86557689700831 ], [ 45.584301593760962, 41.865627797846365 ], [ 45.584259996967354, 41.865684300336 ], [ 45.584209745937933, 41.865738253767532 ], [ 45.584150729676722, 41.865789776683734 ], [ 45.58408278081361, 41.865839015832933 ], [ 45.584005797772456, 41.86588606538686 ], [ 45.583919363691862, 41.865931196751035 ], [ 45.583823051644337, 41.865974634543036 ], [ 45.583716160815023, 41.866016695737557 ], [ 45.583623425903525, 41.866049261954778 ], [ 45.583522642445082, 41.866081492505458 ], [ 45.583412741182521, 41.866113734158859 ], [ 45.583291515715324, 41.866146634877452 ], [ 45.583062864095389, 41.866203623848634 ], [ 45.5825248657546, 41.866330101416992 ], [ 45.582499470449342, 41.866336623268808 ], [ 45.582277633708102, 41.866393597727871 ], [ 45.58217175842659, 41.866423603903613 ], [ 45.582074343267635, 41.866453374357938 ], [ 45.581984106142336, 41.866483303803513 ], [ 45.581900347893935, 41.866513625473772 ], [ 45.581664876352704, 41.866605202705415 ], [ 45.581406965447961, 41.866710074543661 ], [ 45.581333899150813, 41.866740767695319 ], [ 45.581134844766801, 41.866824383002772 ], [ 45.580365112279367, 41.867152752528568 ], [ 45.580124718553407, 41.867252172097807 ], [ 45.579907919703842, 41.867338788614191 ], [ 45.579655366841216, 41.867434917155578 ], [ 45.579417381917473, 41.867519770756999 ], [ 45.579189184695693, 41.867595051588303 ], [ 45.578968342408807, 41.867661553764592 ], [ 45.57882212214902, 41.867701572266213 ], [ 45.578671773094378, 41.867739144415829 ], [ 45.578517016322238, 41.867774339153534 ], [ 45.578357491088731, 41.867807238438914 ], [ 45.578192949692841, 41.867837899341517 ], [ 45.578022682449543, 41.867866459613282 ], [ 45.57784603603583, 41.867893026995127 ], [ 45.577662062245807, 41.86791774673344 ], [ 45.577488106115254, 41.867938675271013 ], [ 45.577305806462867, 41.867958382729419 ], [ 45.577185458360411, 41.867970066020952 ], [ 45.576976638431425, 41.867989000150409 ], [ 45.576907759304305, 41.867995014165523 ], [ 45.576498049468505, 41.86802623292153 ], [ 45.576218828483569, 41.86804506149862 ], [ 45.575702395114654, 41.868079884157019 ], [ 45.5753746763693, 41.8681035013269 ], [ 45.575034593171956, 41.868131432493641 ], [ 45.574730857608145, 41.86816080559479 ], [ 45.574554375135321, 41.868180357082423 ], [ 45.574385413964713, 41.868201110021779 ], [ 45.574222806562759, 41.8682232098894 ], [ 45.574065787485395, 41.868246760514133 ], [ 45.573913518020056, 41.868271892205669 ], [ 45.57376574432363, 41.868298651285173 ], [ 45.573622062186082, 41.868327112744183 ], [ 45.573482170875842, 41.86835733484272 ], [ 45.573234048016708, 41.868409319819733 ], [ 45.572757951568136, 41.868499999886893 ], [ 45.572569607529289, 41.868537451801174 ], [ 45.572383018751147, 41.868577989403512 ], [ 45.572220966360618, 41.868617649681184 ], [ 45.572129108177549, 41.868642722077652 ], [ 45.572043606769974, 41.868668258113438 ], [ 45.571963910514221, 41.868694421772069 ], [ 45.571889673396242, 41.868721327373962 ], [ 45.571820531535863, 41.868749112744503 ], [ 45.571756387730048, 41.868777822510218 ], [ 45.571697081146787, 41.86880752773331 ], [ 45.571642497842255, 41.868838287532775 ], [ 45.571600319541119, 41.868865489116857 ], [ 45.571561110824462, 41.868894777198676 ], [ 45.571524856148656, 41.868926165368791 ], [ 45.571491541159531, 41.86895966541028 ], [ 45.571461152724403, 41.868995290901253 ], [ 45.571433671734503, 41.869033060853369 ], [ 45.571409085130377, 41.869072996950052 ], [ 45.571387376254293, 41.869115122693721 ], [ 45.571368549753103, 41.869159418247847 ], [ 45.571352567738259, 41.869205958558894 ], [ 45.571339418493665, 41.869254780614263 ], [ 45.571329087966014, 41.869305929518895 ], [ 45.571321569260114, 41.869359442235776 ], [ 45.571316849785362, 41.869415392683941 ], [ 45.571314924149377, 41.869473851143724 ], [ 45.571315789546738, 41.869534907697364 ], [ 45.571324521237621, 41.869652936507848 ], [ 45.571342555052034, 41.869780776105891 ], [ 45.57137004605228, 41.869919593899908 ], [ 45.571407451125495, 41.870071702362338 ], [ 45.571419879466333, 41.870115652363388 ], [ 45.571448482480562, 41.870216797165959 ], [ 45.571499242864348, 41.870380367868393 ], [ 45.571698547077595, 41.870973577543126 ], [ 45.57177272844698, 41.871207711635087 ], [ 45.571807994294872, 41.871330659291345 ], [ 45.571837006723619, 41.871443130714603 ], [ 45.571860332459906, 41.87154733426263 ], [ 45.57187821627469, 41.871644372056046 ], [ 45.57189316049525, 41.871757031500628 ], [ 45.571899948076158, 41.871860802198363 ], [ 45.571898625491386, 41.871956441393287 ], [ 45.571889183664631, 41.872044421988811 ], [ 45.571881393585279, 41.87208572192052 ], [ 45.571871551009536, 41.872125233410053 ], [ 45.571859648977295, 41.87216298711477 ], [ 45.571845676889701, 41.872199011008 ], [ 45.571829625353161, 41.872233333056897 ], [ 45.571811486075013, 41.872265969514231 ], [ 45.571796611241112, 41.872288730851281 ], [ 45.571699710669961, 41.872399153198536 ], [ 45.571688033949719, 41.872410414006119 ], [ 45.571641683667195, 41.872448958831072 ], [ 45.571591352764464, 41.872485177172763 ], [ 45.571537016111463, 41.872519088966101 ], [ 45.571478634174888, 41.872550720521872 ], [ 45.571416166169008, 41.872580092752614 ], [ 45.571349562897765, 41.872607229314134 ], [ 45.571278859251947, 41.872632123720969 ], [ 45.571203909924733, 41.872654832530522 ], [ 45.571124640424799, 41.872675380423374 ], [ 45.571040959359237, 41.872693788560717 ], [ 45.570952789787945, 41.872710077130442 ], [ 45.570859983739794, 41.87272427387817 ], [ 45.570762396811205, 41.872736401126723 ], [ 45.570659850858874, 41.872746481365446 ], [ 45.570565235118075, 41.872753681363903 ], [ 45.570466426324451, 41.872759323217323 ], [ 45.570255346663373, 41.872765974657909 ], [ 45.570024500098754, 41.872766509119231 ], [ 45.569769847420254, 41.872760939316024 ], [ 45.569519633588683, 41.872750814704588 ], [ 45.569235662238754, 41.872735389735212 ], [ 45.568939257028283, 41.872716419330992 ], [ 45.568352051447313, 41.872676251725935 ], [ 45.568089659155277, 41.872658301498866 ], [ 45.56782735726258, 41.872642515464364 ], [ 45.56759294880213, 41.872630503539547 ], [ 45.567329277296281, 41.872620203785495 ], [ 45.567085938043711, 41.872614573942379 ], [ 45.566858532828789, 41.872613515157248 ], [ 45.566644903289571, 41.872617022862613 ], [ 45.566520281786126, 41.872621429549 ], [ 45.566399942665548, 41.872627565005075 ], [ 45.566283661858563, 41.872635438455355 ], [ 45.566171267151645, 41.872645063370634 ], [ 45.566062575510479, 41.87265645597612 ], [ 45.56595749783655, 41.87266962572825 ], [ 45.565855927004336, 41.872684587575606 ], [ 45.565757773940007, 41.872701353675225 ], [ 45.565662837734074, 41.872719962853992 ], [ 45.565571182183575, 41.872740407600325 ], [ 45.565482747152167, 41.872762701728355 ], [ 45.56539748453816, 41.872786857191208 ], [ 45.56531534145202, 41.872812889567832 ], [ 45.565236285442225, 41.872840808932153 ], [ 45.565160281671488, 41.872870628071482 ], [ 45.565087301320077, 41.872902358842545 ], [ 45.564998345021593, 41.872945282579508 ], [ 45.564909957251615, 41.872992432152422 ], [ 45.564821944881665, 41.873043910289383 ], [ 45.564734059715839, 41.873099861420087 ], [ 45.564646145867918, 41.873160375478619 ], [ 45.564557715727304, 41.873225779107322 ], [ 45.564468339417729, 41.873296386954316 ], [ 45.564377381442142, 41.873372702018685 ], [ 45.56422664574562, 41.873508272047076 ], [ 45.5640633077277, 41.873666032624349 ], [ 45.56391003528568, 41.873821493639191 ], [ 45.563903120865483, 41.873828665493484 ], [ 45.563693063984324, 41.874046555666467 ], [ 45.563542808374983, 41.874202412987039 ], [ 45.56335059209767, 41.874393718722146 ], [ 45.563252718696013, 41.87448621873213 ], [ 45.563158984745733, 41.874570917369958 ], [ 45.563067852671601, 41.874649197525528 ], [ 45.56297848762722, 41.874721774836281 ], [ 45.562884977536825, 41.87479306100051 ], [ 45.562792145590294, 41.874858975702104 ], [ 45.562699540295036, 41.874919839095583 ], [ 45.562606835753826, 41.874975864438412 ], [ 45.562513661519354, 41.875027269708504 ], [ 45.562419874816356, 41.875074124956519 ], [ 45.562325275310265, 41.875116532939003 ], [ 45.562229696131155, 41.875154564724099 ], [ 45.562146215676108, 41.87518442476911 ], [ 45.562059494587785, 41.875212909060366 ], [ 45.561969343019655, 41.875240081567291 ], [ 45.561875506146123, 41.875266017384412 ], [ 45.561777827735597, 41.875290765903742 ], [ 45.561675764329834, 41.875314470279797 ], [ 45.561568819214564, 41.875337244614244 ], [ 45.561456217753594, 41.875359255703948 ], [ 45.561263267568386, 41.875393130471785 ], [ 45.561045061878389, 41.875427047237402 ], [ 45.560720230599934, 41.875471714175141 ], [ 45.560342098949064, 41.875523708817447 ], [ 45.560101458544992, 41.87555881587037 ], [ 45.559883427872286, 41.87559441835355 ], [ 45.559688285786542, 41.87563084288486 ], [ 45.559389419749259, 41.87569255821478 ], [ 45.559078394431559, 41.875760472808011 ], [ 45.558752026950863, 41.875835276662045 ], [ 45.558404112253534, 41.875918389568646 ], [ 45.557755819986326, 41.876080160763685 ], [ 45.556601285896058, 41.876377583862144 ], [ 45.556159778833589, 41.876489836547165 ], [ 45.555714691705504, 41.876599810822249 ], [ 45.555312541090736, 41.876695169364453 ], [ 45.554874500787164, 41.876793395647482 ], [ 45.554461732655952, 41.876879398493529 ], [ 45.5540669842106, 41.876954683978326 ], [ 45.553875138717302, 41.876988541904524 ], [ 45.553686431982882, 41.87701997415396 ], [ 45.553590989298556, 41.877034248018255 ], [ 45.553490138986277, 41.877047115782077 ], [ 45.553383711308975, 41.87705859896473 ], [ 45.5532714787008, 41.877068721164086 ], [ 45.553028653467003, 41.877084975362486 ], [ 45.552758068050046, 41.877096121599557 ], [ 45.552606743684592, 41.877099373557485 ], [ 45.552379595691477, 41.877102720738556 ], [ 45.552170840827287, 41.877104125434307 ], [ 45.551848413663322, 41.877102995698529 ], [ 45.551000301414675, 41.877095996770173 ], [ 45.550755330141939, 41.877095947818532 ], [ 45.550541078169303, 41.877097867686167 ], [ 45.550302626768811, 41.877103159078558 ], [ 45.550089953467605, 41.877111820247222 ], [ 45.549898647758639, 41.877124034576759 ], [ 45.549726577720811, 41.877139943878518 ], [ 45.549625717112747, 41.877152142695039 ], [ 45.549531825174824, 41.877165950020093 ], [ 45.549444667202849, 41.877181401219509 ], [ 45.549364072309743, 41.877198525047234 ], [ 45.549289868504204, 41.877217361969656 ], [ 45.54922197281131, 41.877237933111687 ], [ 45.549160291480405, 41.877260267754572 ], [ 45.549104751225236, 41.877284392378471 ], [ 45.549055212865042, 41.877310378811522 ], [ 45.549011725696651, 41.877338213315596 ], [ 45.548974250179278, 41.87736792220629 ], [ 45.548942756390836, 41.877399529050201 ], [ 45.548917220458812, 41.877433060086084 ], [ 45.548897625688376, 41.877468535212664 ], [ 45.54888396144208, 41.877505977901492 ], [ 45.548876218273179, 41.877545409816136 ], [ 45.548874704594041, 41.877581042605321 ], [ 45.54887835006469, 41.877618771841696 ], [ 45.548887162672855, 41.877658684852584 ], [ 45.548901169951222, 41.877700899494471 ], [ 45.548920390705071, 41.877745499438831 ], [ 45.548944917304162, 41.877792714815918 ], [ 45.548974862514605, 41.877842764849476 ], [ 45.54901041711085, 41.877895971067112 ], [ 45.54908726169856, 41.877998280462371 ], [ 45.549185462452307, 41.878115829886099 ], [ 45.549298361346963, 41.878242187838808 ], [ 45.549549895017186, 41.878514081852202 ], [ 45.549659183569041, 41.878634691455169 ], [ 45.549768271969334, 41.878760585305614 ], [ 45.549777977541659, 41.878772565640084 ], [ 45.549859928192312, 41.878873729608529 ], [ 45.549908818563964, 41.878938357172245 ], [ 45.549952924767744, 41.879000351515707 ], [ 45.549992501754886, 41.879060072596765 ], [ 45.550027704584622, 41.879117755655955 ], [ 45.550058684888079, 41.879173657566007 ], [ 45.550085475808366, 41.879227850226087 ], [ 45.550108137411982, 41.879280453142115 ], [ 45.550126707795798, 41.879331553500123 ], [ 45.550166389269975, 41.879464251707482 ], [ 45.550201557276679, 41.879606624121365 ], [ 45.550231751116172, 41.879756809443343 ], [ 45.550256535284213, 41.879912653532919 ], [ 45.550275551835917, 41.88007191271047 ], [ 45.550288502565429, 41.880232143058542 ], [ 45.550295198181217, 41.880390953277448 ], [ 45.550295541113236, 41.880546107445134 ], [ 45.550289660730172, 41.880693444696746 ], [ 45.550283290769613, 41.880767849849853 ], [ 45.549487198581971, 41.881261008852633 ], [ 45.548350873624386, 41.881428393491994 ], [ 45.546068592609146, 41.881764546577038 ], [ 45.54346798284984, 41.882629538629537 ], [ 45.540548501664709, 41.884348628515852 ], [ 45.538935940818966, 41.88642694107525 ], [ 45.538854370324131, 41.886472687514399 ] ] ] ] } }
]
}
