{
"type": "FeatureCollection",
"name": "ხვანჭკარა",
"crs": { "type": "name", "properties": { "name": "urn:ogc:def:crs:OGC:1.3:CRS84" } },
"features": [
{ "type": "Feature", "properties": { "OBJECTID": 1, "NAME_GEO": "ხვანჭკარა", "NAME_ENG": "Khvanchkara", "Location": "Racha-Lechkhumi", "MoreInfo": "https://www.sakpatenti.gov.ge/media/django-summernote/2025-11-18/c243974a-61a8-423c-8740-bdbb558e9f00.pdf" }, "geometry": { "type": "MultiPolygon", "coordinates": [ [ [ [ 43.007507404155781, 42.580180363119545 ], [ 43.007494620258107, 42.57998426857943 ], [ 43.007479093622564, 42.579790580258752 ], [ 43.007460818629319, 42.579599245828284 ], [ 43.007439792208416, 42.579410209400834 ], [ 43.007416008136985, 42.579223437547313 ], [ 43.007389461638837, 42.579038889659408 ], [ 43.007360150114941, 42.578856533271193 ], [ 43.007328001511425, 42.578675991606779 ], [ 43.007293066450153, 42.57849758883453 ], [ 43.007255337230106, 42.578321299603324 ], [ 43.0072148122103, 42.578147099567829 ], [ 43.007171483631481, 42.577974965176537 ], [ 43.007125347215414, 42.577804878341489 ], [ 43.00707639862604, 42.577636822774558 ], [ 43.007024632366402, 42.577470780366063 ], [ 43.006970039629749, 42.577306722142289 ], [ 43.006912619216031, 42.577144648078516 ], [ 43.006852367861889, 42.57698454640699 ], [ 43.006789279867867, 42.576826405317391 ], [ 43.006723350809231, 42.576670211220289 ], [ 43.006654577249193, 42.576515957747461 ], [ 43.006582954704768, 42.576363633109047 ], [ 43.00650847976695, 42.576213230036323 ], [ 43.006445626039152, 42.576100479482129 ], [ 43.006421625115493, 42.576045826479358 ], [ 43.006412168168971, 42.576012535917734 ], [ 43.006405876683935, 42.575977222030964 ], [ 43.006402684919401, 42.575939538772637 ], [ 43.006402530954851, 42.57589879075735 ], [ 43.006409040383332, 42.575820618368709 ], [ 43.006434524751754, 42.575640999353311 ], [ 43.00644717841152, 42.57554788606059 ], [ 43.006466592491869, 42.575444393863528 ], [ 43.006548636991042, 42.575094974780058 ], [ 43.006560988411444, 42.57503080281441 ], [ 43.006570406284766, 42.574961376533686 ], [ 43.006576995894164, 42.574885953933652 ], [ 43.00658089350275, 42.574803011889777 ], [ 43.00658182490573, 42.574646775480623 ], [ 43.006574263637525, 42.574272830603981 ], [ 43.006575069956391, 42.57417845656434 ], [ 43.006578291504141, 42.574094550885796 ], [ 43.006584376107725, 42.574014552901872 ], [ 43.006593355214228, 42.57394099364685 ], [ 43.006605358195259, 42.573872833459369 ], [ 43.006620485543152, 42.573809518461005 ], [ 43.006646814086061, 42.573728983062267 ], [ 43.006679578976438, 42.573656225874785 ], [ 43.006698450237394, 42.573622593528555 ], [ 43.006719010813164, 42.573590739405653 ], [ 43.006741283883876, 42.573560624285278 ], [ 43.006765294749975, 42.573532218889241 ], [ 43.006791102766471, 42.573505457610239 ], [ 43.006818696285478, 42.573480361857058 ], [ 43.006848096610767, 42.573456913088052 ], [ 43.006879321307089, 42.57343509539794 ], [ 43.006912395217178, 42.57341489390857 ], [ 43.006947333298761, 42.57339629807224 ], [ 43.006984152887931, 42.573379299183657 ], [ 43.00702287251012, 42.57336388945857 ], [ 43.007109915585964, 42.573331336051432 ], [ 43.007161182174961, 42.573314400261339 ], [ 43.00720878524065, 42.573302391442667 ], [ 43.007250682974089, 42.573296373622988 ], [ 43.007288895697499, 42.573295996531044 ], [ 43.00732871851551, 42.573300766046984 ], [ 43.007370523032655, 42.573310721052962 ], [ 43.00741505062863, 42.573326034738578 ], [ 43.007453515599082, 42.573342453251456 ], [ 43.007496006433541, 42.573363226504028 ], [ 43.007641203016448, 42.573442888887023 ], [ 43.007696444003756, 42.573470914282069 ], [ 43.007865891701513, 42.57355339091238 ], [ 43.007934993135578, 42.573589771932546 ], [ 43.00799760734057, 42.573624943243473 ], [ 43.008055836749961, 42.573660146327668 ], [ 43.008109197426052, 42.573695158449844 ], [ 43.008158121386117, 42.573730263592132 ], [ 43.008202856383306, 42.573765639870771 ], [ 43.008239571587104, 42.573798458751064 ], [ 43.00827749377072, 42.573836881890038 ], [ 43.008400781236787, 42.573977915229435 ], [ 43.008452274468041, 42.574032068791489 ], [ 43.008557096065921, 42.574129161941897 ], [ 43.008680243799567, 42.574233200603878 ], [ 43.008810689842953, 42.574336450172147 ], [ 43.009080754887684, 42.574543353251713 ], [ 43.00935841413979, 42.574754380625471 ], [ 43.009640767717308, 42.574960573810472 ], [ 43.009927517832018, 42.575161717775025 ], [ 43.010218382116115, 42.575357610365195 ], [ 43.010513056215068, 42.575548050848617 ], [ 43.010811285795654, 42.575732874484949 ], [ 43.011112801988844, 42.575911913582175 ], [ 43.011417347580355, 42.57608501686267 ], [ 43.011681664128396, 42.576232415090139 ], [ 43.011834422747626, 42.576315204893163 ], [ 43.011980284345839, 42.57639020047214 ], [ 43.012114853910624, 42.576454523128042 ], [ 43.01220136995115, 42.57649594420139 ], [ 43.012442691851511, 42.576617017165489 ], [ 43.012517766247711, 42.576651553925551 ], [ 43.012586013438693, 42.576679959340304 ], [ 43.012663735050765, 42.57670788162428 ], [ 43.012737699558542, 42.576729263863974 ], [ 43.012809250886299, 42.576744490495415 ], [ 43.012879080289032, 42.576753702291434 ], [ 43.0130051925305, 42.576761678750501 ], [ 43.013062948282645, 42.576762636553454 ], [ 43.01311719801302, 42.576761575757992 ], [ 43.013167944180537, 42.576758495511221 ], [ 43.013215130733052, 42.576753395746017 ], [ 43.013258728267907, 42.576746281359917 ], [ 43.013298711093718, 42.576737155513513 ], [ 43.013338836587906, 42.5767243039367 ], [ 43.013378645409432, 42.576707111705474 ], [ 43.013418559840204, 42.576685403336867 ], [ 43.013459377064684, 42.576658746895049 ], [ 43.013522395490838, 42.576609927133568 ], [ 43.0136625607554, 42.576486518933926 ], [ 43.013727414288788, 42.576434845586107 ], [ 43.014405681577593, 42.575949164224014 ], [ 43.014691535359972, 42.575739063004583 ], [ 43.014840294368788, 42.575625426246475 ], [ 43.014976384411973, 42.575517709540371 ], [ 43.015102312818726, 42.575413926589498 ], [ 43.015219310990588, 42.575313056853609 ], [ 43.015338826656389, 42.575204486963784 ], [ 43.015449444913749, 42.575097758358787 ], [ 43.015551755393496, 42.574992299538373 ], [ 43.015646139744547, 42.574887719102861 ], [ 43.015732986222375, 42.574783570831876 ], [ 43.015812413056011, 42.574679700999177 ], [ 43.015884594451784, 42.574575881201994 ], [ 43.015949656826137, 42.574471929935854 ], [ 43.015995026043456, 42.574392707358598 ], [ 43.016039274988685, 42.574310385545907 ], [ 43.016082426977192, 42.574224920776885 ], [ 43.016124514505037, 42.574136248777322 ], [ 43.016205619817121, 42.573949033984334 ], [ 43.016283108622389, 42.573747553336531 ], [ 43.016307930333802, 42.573670495338995 ], [ 43.016327467605961, 42.573590673943265 ], [ 43.016341758357093, 42.57350793131544 ], [ 43.016350840943709, 42.573422057397764 ], [ 43.016354740338485, 42.573332918444898 ], [ 43.016353485356518, 42.573240067393073 ], [ 43.016347071954939, 42.573143094430904 ], [ 43.016335459273776, 42.573041367578341 ], [ 43.016322068331007, 42.572954265149178 ], [ 43.016305044299841, 42.572862738530027 ], [ 43.01628421999299, 42.572765874387834 ], [ 43.016259211627528, 42.572661866814776 ], [ 43.016206837634286, 42.572466492083592 ], [ 43.01607075117311, 42.571991513474828 ], [ 43.016036948094595, 42.571862677186495 ], [ 43.016009706867479, 42.57174761198555 ], [ 43.015984644936466, 42.571623992568163 ], [ 43.015966413704874, 42.571509582314619 ], [ 43.015954687255345, 42.571402324175409 ], [ 43.015949355651678, 42.571301150020844 ], [ 43.015951183134057, 42.571189371858686 ], [ 43.015961723297693, 42.571083928554835 ], [ 43.015970283404791, 42.571033363476914 ], [ 43.015981047003052, 42.570984159444826 ], [ 43.015994029223492, 42.570936261787736 ], [ 43.0160092400697, 42.570889623850583 ], [ 43.016026719235967, 42.570844146361217 ], [ 43.016046461048724, 42.570799854435172 ], [ 43.016068481172482, 42.570756715023002 ], [ 43.016092793940111, 42.570714698654157 ], [ 43.016119417280649, 42.570673777721304 ], [ 43.016148361588883, 42.570633931690665 ], [ 43.016179645812102, 42.570595139275937 ], [ 43.016213282723754, 42.570557381785335 ], [ 43.016297035287323, 42.570472238230458 ], [ 43.016390288667857, 42.570385776875646 ], [ 43.016491891830292, 42.5702990629038 ], [ 43.016600385748838, 42.570213346178669 ], [ 43.016714295374641, 42.570129806049344 ], [ 43.016831572042797, 42.570049961344125 ], [ 43.016950226022679, 42.569975163520517 ], [ 43.017068248281369, 42.569906681761871 ], [ 43.017124997913243, 42.569876829143638 ], [ 43.017183523689773, 42.569849249564548 ], [ 43.017243852774733, 42.569823931785258 ], [ 43.017306014853062, 42.56980086190832 ], [ 43.017370037003559, 42.569780031394174 ], [ 43.017435959927873, 42.5697614247347 ], [ 43.01750382662064, 42.569745030963951 ], [ 43.017573681294586, 42.569730839136774 ], [ 43.017645492210931, 42.56971885140188 ], [ 43.017719397970943, 42.569709038635743 ], [ 43.017795465809968, 42.569701393893133 ], [ 43.017873773979787, 42.569695908618044 ], [ 43.017954389716529, 42.569692575864664 ], [ 43.018037437430245, 42.569691391477107 ], [ 43.018123036603733, 42.569692353014936 ], [ 43.01821133339508, 42.569695462100725 ], [ 43.018374143486604, 42.569706196405662 ], [ 43.018547153170545, 42.569723715016458 ], [ 43.018732031348264, 42.569748180933935 ], [ 43.018931989736345, 42.569780014364859 ], [ 43.019120567058202, 42.569814027121311 ], [ 43.019331769177242, 42.569855507173308 ], [ 43.020114112089097, 42.5700210110518 ], [ 43.0204352596365, 42.570085155711674 ], [ 43.020606269537112, 42.570116260777631 ], [ 43.020764953267197, 42.57014248424516 ], [ 43.020914325169628, 42.570164320409283 ], [ 43.021055899995545, 42.570181988190647 ], [ 43.021221907194153, 42.570198283131802 ], [ 43.021379189968236, 42.5702085646695 ], [ 43.021528806142769, 42.570212898839678 ], [ 43.021671440971737, 42.570211305612673 ], [ 43.021807832165003, 42.57020376443559 ], [ 43.021938199806698, 42.570190249413905 ], [ 43.0220628861222, 42.570170725053323 ], [ 43.022182149404749, 42.570145151706349 ], [ 43.02229262318869, 42.570115885585288 ], [ 43.022403476556178, 42.570082199803046 ], [ 43.022514930883801, 42.570044027939005 ], [ 43.022627265801653, 42.570001272158116 ], [ 43.022740673402204, 42.569953867333311 ], [ 43.022855695355631, 42.569901596778088 ], [ 43.022972812557967, 42.569844239152559 ], [ 43.023092726542501, 42.569781453550107 ], [ 43.023199697290231, 42.569722234773778 ], [ 43.023310291373882, 42.569658111099031 ], [ 43.023425588428694, 42.569588458167004 ], [ 43.023547625270588, 42.569512047664759 ], [ 43.02378374806726, 42.5693582353816 ], [ 43.02423284996803, 42.569056647111708 ], [ 43.024417780335341, 42.568934363251572 ], [ 43.024611308624202, 42.568810620822191 ], [ 43.024787526319052, 42.568703320416695 ], [ 43.024890751653388, 42.568643383466053 ], [ 43.024991064674488, 42.568587472007486 ], [ 43.02508913878016, 42.568535211331842 ], [ 43.025185418827313, 42.56848636507091 ], [ 43.025280406164086, 42.568440682519878 ], [ 43.025374260156681, 42.568398094387007 ], [ 43.02546722563622, 42.568358486926194 ], [ 43.025559495155122, 42.568321781510569 ], [ 43.025735783659385, 42.568257903550979 ], [ 43.025924455239867, 42.568196789040293 ], [ 43.026127478364948, 42.568137791038218 ], [ 43.026348851714452, 42.568079743741336 ], [ 43.02654377780263, 42.568032780657198 ], [ 43.026763123703645, 42.567983293193166 ], [ 43.027480818550302, 42.567831307059343 ], [ 43.027736083335498, 42.567775404030684 ], [ 43.027978373942425, 42.56771861336783 ], [ 43.028194348526874, 42.567663380054753 ], [ 43.028401164370386, 42.567604950291361 ], [ 43.028592233795116, 42.567544765962346 ], [ 43.028770313217805, 42.567481956942544 ], [ 43.028936892347041, 42.567415990598526 ], [ 43.029100280268459, 42.567343955351888 ], [ 43.029262443767308, 42.567265564466233 ], [ 43.029423724219669, 42.567180653619012 ], [ 43.029584553897458, 42.567088996111615 ], [ 43.029745213939208, 42.566990444591632 ], [ 43.02990654610344, 42.566884496632319 ], [ 43.030069285439474, 42.566770672281272 ], [ 43.030234510668976, 42.566648216526048 ], [ 43.030373445242695, 42.566540148302593 ], [ 43.030516143948219, 42.566424642301705 ], [ 43.030664052903703, 42.566300533769954 ], [ 43.030819932373937, 42.566165507145492 ], [ 43.031110542696652, 42.565904823564068 ], [ 43.031636534275414, 42.565420276956196 ], [ 43.031844727843833, 42.565230761587344 ], [ 43.032059729165169, 42.565039998487926 ], [ 43.032256542225284, 42.56487158619997 ], [ 43.032479734575425, 42.564689553180067 ], [ 43.03258788647031, 42.564605216473417 ], [ 43.032694451309915, 42.564524775120979 ], [ 43.032799965494327, 42.564447830398848 ], [ 43.032904603438226, 42.564374260131473 ], [ 43.033008635513973, 42.564303873549036 ], [ 43.03311226962856, 42.564236529237782 ], [ 43.033343871765098, 42.564092094732644 ], [ 43.033589667687714, 42.563944555246394 ], [ 43.03385216435683, 42.56379239850061 ], [ 43.034136334906904, 42.563632737075594 ], [ 43.034390868495016, 42.563493206551591 ], [ 43.034676076248992, 42.563339726611588 ], [ 43.035654940116949, 42.562822045566804 ], [ 43.036029952473868, 42.562621505950304 ], [ 43.03640508045833, 42.56241611590567 ], [ 43.036738678457141, 42.562227366064469 ], [ 43.037111808106907, 42.562014771186703 ], [ 43.038103589819087, 42.561457055434659 ], [ 43.038395801008534, 42.561289140669004 ], [ 43.038655868803183, 42.561136205344006 ], [ 43.038948805840228, 42.56095851819083 ], [ 43.039217957072125, 42.56078866928911 ], [ 43.039468519982016, 42.560623375273209 ], [ 43.039703076084336, 42.560460923506639 ], [ 43.039957171924691, 42.560280675184146 ], [ 43.040104335464299, 42.560173658797538 ], [ 43.040238651999701, 42.560071541045801 ], [ 43.040356219231924, 42.55997663892407 ], [ 43.04039819264441, 42.559937464300184 ], [ 43.040485875946423, 42.559842284929019 ], [ 43.04052645540073, 42.559802845067473 ], [ 43.040550202818537, 42.559783358533103 ], [ 43.040573655439452, 42.55976706294188 ], [ 43.040597293812439, 42.559753627913992 ], [ 43.040621377073222, 42.559742908393645 ], [ 43.040657139582393, 42.559731420575304 ], [ 43.040697595973256, 42.559722722738762 ], [ 43.040742906980498, 42.559716778004876 ], [ 43.040793426126335, 42.559713539283244 ], [ 43.040847144434828, 42.55971293708506 ], [ 43.040907458561044, 42.559714762041644 ], [ 43.041073103758968, 42.55972680745441 ], [ 43.041138120725819, 42.559734719271042 ], [ 43.041201445840059, 42.559747804497327 ], [ 43.041263220633518, 42.559766095273879 ], [ 43.041323626251646, 42.559789642428996 ], [ 43.041382778601736, 42.559818479465392 ], [ 43.041441022471652, 42.55985276086831 ], [ 43.041498652141321, 42.559892659169883 ], [ 43.041556094534492, 42.559938468039803 ], [ 43.041601716168437, 42.55997913445556 ], [ 43.041647956874812, 42.56002411688489 ], [ 43.04169531331673, 42.560073893896302 ], [ 43.041744736180128, 42.560129461521051 ], [ 43.041833091766719, 42.56023614614756 ], [ 43.042040269517003, 42.560498329750594 ], [ 43.042096418967731, 42.560565604761159 ], [ 43.042148453037363, 42.56062456232231 ], [ 43.042202736018332, 42.560681920228959 ], [ 43.04225566543699, 42.560733327668302 ], [ 43.042308042936796, 42.560779560194042 ], [ 43.042360321463207, 42.560821013677788 ], [ 43.042453799740997, 42.560889460496384 ], [ 43.042553148379525, 42.560959316031386 ], [ 43.042659266024565, 42.56103121609074 ], [ 43.042773857370733, 42.561106315449869 ], [ 43.043011150978629, 42.561255868035282 ], [ 43.043487312865153, 42.561546559735071 ], [ 43.043685068208625, 42.56166947050901 ], [ 43.043888505413435, 42.561800896152633 ], [ 43.044066365906488, 42.56192235705818 ], [ 43.044227334690902, 42.562040807862559 ], [ 43.044399856692337, 42.562177569002607 ], [ 43.044565515883832, 42.562316014689891 ], [ 43.044986671426066, 42.562676763596443 ], [ 43.045111491576193, 42.56277971667032 ], [ 43.045225945959757, 42.562870396754469 ], [ 43.045357705875254, 42.562969329143293 ], [ 43.045484943260099, 42.563058538605354 ], [ 43.045610051839361, 42.563139702266319 ], [ 43.045734309481503, 42.563213638906802 ], [ 43.045913608059749, 42.563314211107951 ], [ 43.046053901866891, 42.563389237756624 ], [ 43.046183406397894, 42.563453800617481 ], [ 43.046305256252076, 42.563509297687133 ], [ 43.046444770698322, 42.563573453743324 ], [ 43.046502859946877, 42.563598016788767 ], [ 43.046565348146906, 42.563619655150859 ], [ 43.046623690032447, 42.563633861816129 ], [ 43.04669073499803, 42.563644435529078 ], [ 43.04675011879052, 42.563649420433194 ], [ 43.046809912754078, 42.563648327401978 ], [ 43.046913624680911, 42.563638805866518 ], [ 43.04709475542947, 42.563620158032577 ], [ 43.047180219984199, 42.563608787036515 ], [ 43.047262495959622, 42.563596025227298 ], [ 43.047341736475104, 42.563581845504501 ], [ 43.047417970917259, 42.563566242972144 ], [ 43.047491258175533, 42.563549204231521 ], [ 43.047561639953337, 42.563530720093276 ], [ 43.047660796416352, 42.563501639006951 ], [ 43.047754998275913, 42.563471035239139 ], [ 43.047844230752602, 42.563438913953334 ], [ 43.047928461853388, 42.563405285422327 ], [ 43.048007668109129, 42.563370160063577 ], [ 43.048081818661899, 42.563333550869622 ], [ 43.04815088630734, 42.563295470894737 ], [ 43.048214851147357, 42.563255933317045 ], [ 43.048291262377511, 42.56320135455406 ], [ 43.048408569585611, 42.563107797758576 ], [ 43.048508731152495, 42.563022882915924 ], [ 43.048602880974656, 42.562932758644877 ], [ 43.048691196088221, 42.562837255974223 ], [ 43.048773881999907, 42.56273615238424 ], [ 43.048851083670073, 42.562629291862379 ], [ 43.048923153038913, 42.562516209435515 ], [ 43.04899036936775, 42.562396465906936 ], [ 43.049053106509362, 42.562269401258114 ], [ 43.049105725810364, 42.562148957867258 ], [ 43.04915551380703, 42.562021049439167 ], [ 43.049202946763856, 42.561884465667191 ], [ 43.049248840553616, 42.561736870957937 ], [ 43.04928817762719, 42.561597492693529 ], [ 43.049328794007614, 42.561441526767346 ], [ 43.049466210952346, 42.560868397422304 ], [ 43.049525822944709, 42.560635278404312 ], [ 43.049560547178224, 42.560511248504156 ], [ 43.049595327951621, 42.560396346457146 ], [ 43.049630833421588, 42.560288363826253 ], [ 43.049667434457859, 42.560186188463618 ], [ 43.04971488632367, 42.56006607730847 ], [ 43.049764916114846, 42.559952557799676 ], [ 43.049817873526173, 42.559844845219757 ], [ 43.049874007026901, 42.559742432292218 ], [ 43.049933629571733, 42.559644775015187 ], [ 43.049996852211834, 42.559551710476335 ], [ 43.050063848459345, 42.559462986772743 ], [ 43.05013475942615, 42.55937841448641 ], [ 43.050288429502302, 42.559208841975625 ], [ 43.050447957368796, 42.559041439276946 ], [ 43.050612737347834, 42.558876839939686 ], [ 43.050782211120968, 42.55871560447806 ], [ 43.050955755044171, 42.558558318413041 ], [ 43.051132934301229, 42.55840537146377 ], [ 43.051313261971764, 42.558257183984054 ], [ 43.051496299287024, 42.558114116813869 ], [ 43.051681098423629, 42.557976879649075 ], [ 43.051867795110752, 42.55784533971002 ], [ 43.052056033129418, 42.55771975028383 ], [ 43.052245492861864, 42.55760032385767 ], [ 43.052435829045471, 42.557487275186425 ], [ 43.052626812222265, 42.557380738146939 ], [ 43.052818187063359, 42.557280856083636 ], [ 43.053009724649698, 42.557187745775551 ], [ 43.053199006555424, 42.557102757444028 ], [ 43.05339691991631, 42.557021002510425 ], [ 43.053603536266692, 42.556942452427997 ], [ 43.053818941920227, 42.556867073495368 ], [ 43.05404320462295, 42.556794841599014 ], [ 43.054276496752678, 42.556725697478186 ], [ 43.054518980529259, 42.556659595204145 ], [ 43.054770879605336, 42.556596471877143 ], [ 43.055031010659981, 42.556536581104957 ], [ 43.055301087740901, 42.55647948545505 ], [ 43.05558155835616, 42.556425091593724 ], [ 43.0558731039417, 42.556373265123788 ], [ 43.056175851162891, 42.556323967586124 ], [ 43.056491858503847, 42.556276848389615 ], [ 43.056822918874857, 42.556231636160653 ], [ 43.057172645817531, 42.556187836428556 ], [ 43.057320612110594, 42.556172866626326 ], [ 43.057473371663939, 42.556162915547333 ], [ 43.057631227246716, 42.556157962191115 ], [ 43.057794579991175, 42.556157995327411 ], [ 43.057963683638583, 42.556163003925747 ], [ 43.058139376989409, 42.556173003981613 ], [ 43.058322423719098, 42.556188038127502 ], [ 43.058513991491111, 42.556208201764193 ], [ 43.058679703348538, 42.556228833718826 ], [ 43.058853605597449, 42.556253239687827 ], [ 43.059037421759733, 42.556281658663082 ], [ 43.059234534174564, 42.556314611679113 ], [ 43.059607601118479, 42.556382104340933 ], [ 43.060535084924908, 42.556558401510429 ], [ 43.060793807344616, 42.556604252322906 ], [ 43.061024906739227, 42.556642029056704 ], [ 43.061278109723531, 42.556678746684035 ], [ 43.061512494540004, 42.556707171060239 ], [ 43.061732414070249, 42.556727828025018 ], [ 43.061940104442392, 42.556740920293258 ], [ 43.062060097166125, 42.556745206274208 ], [ 43.062176544723961, 42.556746794489776 ], [ 43.062289680822815, 42.556745689804771 ], [ 43.062399693102442, 42.556741889999756 ], [ 43.062506777948329, 42.556735385797957 ], [ 43.062611036674092, 42.556726169915777 ], [ 43.062712592619498, 42.556714231839408 ], [ 43.062811548428208, 42.556699560704402 ], [ 43.062908125867452, 42.556682114340489 ], [ 43.063002267483157, 42.55666189898637 ], [ 43.063094046868734, 42.55663889788169 ], [ 43.063183525415674, 42.556613094959992 ], [ 43.063270767006507, 42.556584472395492 ], [ 43.063355814716111, 42.556553015612394 ], [ 43.063438715383583, 42.556518706496227 ], [ 43.063519509705422, 42.556481528629391 ], [ 43.063622014455447, 42.556429442851098 ], [ 43.063727479388547, 42.556371002417698 ], [ 43.063836958990201, 42.556305627189658 ], [ 43.063952508204885, 42.556232092940199 ], [ 43.064053575173212, 42.556164594137321 ], [ 43.064165112825648, 42.556087432958705 ], [ 43.064530389376806, 42.555826465571336 ], [ 43.064665003261808, 42.555732047834098 ], [ 43.064749117008212, 42.555671793141869 ], [ 43.064834674641702, 42.555606039801468 ], [ 43.064922438343714, 42.555534206332318 ], [ 43.065013792651193, 42.555455161632018 ], [ 43.06510070108915, 42.555376462308402 ], [ 43.065195559920618, 42.555287424889627 ], [ 43.065545157002632, 42.55494765283202 ], [ 43.065691968591146, 42.554809038991564 ], [ 43.065772757519319, 42.554736039752946 ], [ 43.065849283638926, 42.554669686466873 ], [ 43.065923065051557, 42.55460866567946 ], [ 43.065994885368418, 42.554552334136822 ], [ 43.06608349904387, 42.554487316747071 ], [ 43.066170797098742, 42.554428370995588 ], [ 43.066257418875402, 42.554375068217752 ], [ 43.066343790253264, 42.554327147245175 ], [ 43.066430404149457, 42.554284345338075 ], [ 43.066517419742731, 42.554246596742253 ], [ 43.066605084008778, 42.554213793058707 ], [ 43.066693594114611, 42.554185861068333 ], [ 43.06679846409628, 42.554158307774166 ], [ 43.066908799679886, 42.554134214620781 ], [ 43.067024640057333, 42.554113575049485 ], [ 43.067146046557767, 42.554096375669964 ], [ 43.067273054668725, 42.554082611660128 ], [ 43.0674057903285, 42.554072268016029 ], [ 43.067544372061469, 42.554065333209323 ], [ 43.067688971848447, 42.554061800214122 ], [ 43.06783801552821, 42.554061645156764 ], [ 43.067993462379775, 42.554064807410292 ], [ 43.06815570440569, 42.554071294460343 ], [ 43.068325420501623, 42.554081132135252 ], [ 43.068502138767705, 42.554094259313075 ], [ 43.068688843633062, 42.554110866763438 ], [ 43.068887848301998, 42.554131148326867 ], [ 43.069106806143481, 42.554155881335063 ], [ 43.069194528093213, 42.55416745229634 ], [ 43.069283186346574, 42.554181643319069 ], [ 43.069372928800583, 42.5541984776061 ], [ 43.069463945601264, 42.554217990778838 ], [ 43.069556367547726, 42.554240207551921 ], [ 43.069650545343045, 42.554265210377466 ], [ 43.069746793169507, 42.554293081090925 ], [ 43.069845555331682, 42.554323947845404 ], [ 43.069944889498139, 42.554357125019564 ], [ 43.070047872333895, 42.554393564983968 ], [ 43.070269312699772, 42.554477856655588 ], [ 43.070499970750141, 42.554572025342765 ], [ 43.070954468976829, 42.554764872556554 ], [ 43.071145166004378, 42.554844057472664 ], [ 43.071345810434636, 42.55492346989368 ], [ 43.071527065310015, 42.554990183081564 ], [ 43.07163440668792, 42.555026873305415 ], [ 43.071738154967854, 42.555060042187819 ], [ 43.071839047154562, 42.555089923676022 ], [ 43.07193756606847, 42.55511666008411 ], [ 43.072034254186455, 42.55514039472839 ], [ 43.072129276120229, 42.555161161002125 ], [ 43.072222895590954, 42.555179017379857 ], [ 43.072315313624308, 42.555194001468323 ], [ 43.072404058179316, 42.555205736672157 ], [ 43.072495602379078, 42.555215160416161 ], [ 43.072590136880201, 42.555222291210754 ], [ 43.072687911965204, 42.555227149469253 ], [ 43.07278908558547, 42.555229747746623 ], [ 43.072894187007584, 42.555230104843957 ], [ 43.073003699761571, 42.555228221680323 ], [ 43.073118370867462, 42.555224086494761 ], [ 43.07331656427553, 42.555212588455987 ], [ 43.073539034365226, 42.555194649792661 ], [ 43.07375352366499, 42.555174017170287 ], [ 43.074268548433245, 42.555120773049616 ], [ 43.074529211724297, 42.555097276159586 ], [ 43.074658777354159, 42.555087778561528 ], [ 43.074779534401131, 42.555080722708688 ], [ 43.074893525559077, 42.555075989867944 ], [ 43.075001831336088, 42.555073537881832 ], [ 43.075115319081341, 42.555073451226058 ], [ 43.075223703206227, 42.555076097375206 ], [ 43.075327567950666, 42.555081490663135 ], [ 43.075427314635199, 42.555089652253521 ], [ 43.075523378114326, 42.555100621882268 ], [ 43.075615909913274, 42.555114423717079 ], [ 43.075705129566607, 42.555131088470624 ], [ 43.075791205365739, 42.555150649595817 ], [ 43.075869427260535, 42.555171238618897 ], [ 43.075947411362833, 42.555194057822035 ], [ 43.076025192737148, 42.555219115899519 ], [ 43.076102812369314, 42.555246427048175 ], [ 43.076180306458447, 42.555276002682703 ], [ 43.076257729161057, 42.555307864425167 ], [ 43.076335129819434, 42.555342032015581 ], [ 43.076412568539361, 42.555378531678322 ], [ 43.076489993836944, 42.555417334632175 ], [ 43.076567588226894, 42.555458526791099 ], [ 43.07664543082489, 42.5555021500072 ], [ 43.076723610237686, 42.555548254396619 ], [ 43.07688135283631, 42.555648126387069 ], [ 43.077041892730541, 42.55575882182297 ], [ 43.077167630899616, 42.555851535408578 ], [ 43.077296765690008, 42.555951855954959 ], [ 43.077430483459295, 42.556060699394799 ], [ 43.077570994767896, 42.55617986155621 ], [ 43.077702045957778, 42.556294733133548 ], [ 43.077846052509692, 42.556424226015416 ], [ 43.0783653490153, 42.556902765085731 ], [ 43.078577897098505, 42.557094919712604 ], [ 43.078801743557797, 42.557288925828907 ], [ 43.078905506133253, 42.557374869720412 ], [ 43.079005633796655, 42.557454950412293 ], [ 43.079185379223802, 42.557600984020901 ], [ 43.079378269336701, 42.557767490775902 ], [ 43.079569410595795, 42.557939935729244 ], [ 43.080078667928802, 42.55840907540469 ], [ 43.08023526047586, 42.558548166999579 ], [ 43.080378806538342, 42.558670766176888 ], [ 43.080547543348715, 42.558807452912106 ], [ 43.080710655844342, 42.5589308991526 ], [ 43.080871339363839, 42.55904351875958 ], [ 43.081031281605803, 42.559146481895269 ], [ 43.081241237688147, 42.559279086200412 ], [ 43.081337060480003, 42.559336745066247 ], [ 43.081437105298384, 42.55939103272356 ], [ 43.081530928003424, 42.559434668119501 ], [ 43.081656919931987, 42.559484770410521 ], [ 43.081778765340182, 42.559526648782196 ], [ 43.081896408744996, 42.559560283407514 ], [ 43.082009753491306, 42.559585646565409 ], [ 43.082064249157916, 42.559594925907419 ], [ 43.082121867820213, 42.559602546496492 ], [ 43.082183104403441, 42.559608576049563 ], [ 43.082248909796427, 42.559613109727771 ], [ 43.08238771775261, 42.559617910953094 ], [ 43.082621083707288, 42.55961970751806 ], [ 43.082896021532086, 42.559621894999836 ], [ 43.082987803242716, 42.559620683532081 ], [ 43.0830700330661, 42.559617814551437 ], [ 43.083151101436151, 42.559612775598495 ], [ 43.08322640017947, 42.559605603932532 ], [ 43.083296998286052, 42.559596197681103 ], [ 43.083363456075247, 42.559584477975946 ], [ 43.083434084683141, 42.559568304630766 ], [ 43.083506520857242, 42.559547638998403 ], [ 43.083581493154703, 42.559522278036638 ], [ 43.083660414559446, 42.559491745582392 ], [ 43.083729025720814, 42.559462520170769 ], [ 43.083804609663083, 42.559428074792415 ], [ 43.084053762335436, 42.559307472462827 ], [ 43.084146786690468, 42.559264008839165 ], [ 43.084257584415518, 42.559213192347798 ], [ 43.08436762089449, 42.55915607728349 ], [ 43.084470312995954, 42.559096495202304 ], [ 43.084564961245796, 42.559034853176243 ], [ 43.084651126816532, 42.558971440163589 ], [ 43.08472835935563, 42.558906603464187 ], [ 43.084796554499846, 42.558840450315991 ], [ 43.084855533990087, 42.558773154259654 ], [ 43.084905181656573, 42.558704850248574 ], [ 43.084946871226187, 42.558635350536441 ], [ 43.085022622626319, 42.558501593435153 ], [ 43.085093446470047, 42.558363771738897 ], [ 43.085159485233611, 42.558221608672447 ], [ 43.085220908385288, 42.558074741459436 ], [ 43.085277826888934, 42.557922927916827 ], [ 43.085330532564214, 42.557765429086786 ], [ 43.085379252128938, 42.557601563456998 ], [ 43.085424292044436, 42.557430312245792 ], [ 43.085459736081113, 42.557278879001736 ], [ 43.085493088136865, 42.557120007477408 ], [ 43.085524678805385, 42.55695212816314 ], [ 43.085555081928895, 42.556772209542579 ], [ 43.085606313338431, 42.556425482529619 ], [ 43.085691423900613, 42.555778087146813 ], [ 43.08572735906403, 42.555519898995762 ], [ 43.08576862253819, 42.555255189032906 ], [ 43.085811212800081, 42.555018344874938 ], [ 43.085838638325711, 42.554883047430685 ], [ 43.085867436400903, 42.554753330117713 ], [ 43.085897799011278, 42.554628331629182 ], [ 43.085929865342493, 42.554507483350235 ], [ 43.085963806719896, 42.554390161369582 ], [ 43.085999685166342, 42.55427616950476 ], [ 43.086037595113886, 42.554165207652446 ], [ 43.086077615511194, 42.554057043891149 ], [ 43.086126484562762, 42.553925496056955 ], [ 43.086178232850138, 42.553777210316412 ], [ 43.086355988428643, 42.553235481927054 ], [ 43.086431324319378, 42.553016111866796 ], [ 43.086515212719718, 42.552793547227452 ], [ 43.086556711485677, 42.552693027400281 ], [ 43.086598582172243, 42.552598029551369 ], [ 43.086651318386686, 42.552487172829103 ], [ 43.086705576746532, 42.552382659664794 ], [ 43.086761710782916, 42.552283802548672 ], [ 43.086819975019495, 42.552190164466623 ], [ 43.086880670148176, 42.552101272252912 ], [ 43.086943901395287, 42.552016990779755 ], [ 43.087009830053795, 42.551937103906511 ], [ 43.087078590091444, 42.551861452669947 ], [ 43.087133459946735, 42.551805857616422 ], [ 43.087191312495271, 42.551750942717774 ], [ 43.087252164052003, 42.55169669203228 ], [ 43.087316037128808, 42.551643086119256 ], [ 43.087382951720372, 42.551590108197274 ], [ 43.087452939025141, 42.551537733566917 ], [ 43.087526028969229, 42.551485939308193 ], [ 43.087602257675464, 42.551434699002172 ], [ 43.087681594127119, 42.551384031036022 ], [ 43.087764152735289, 42.55133385806603 ], [ 43.087849988075391, 42.551284147676391 ], [ 43.087939165898739, 42.551234860433105 ], [ 43.088127826332631, 42.551137406891698 ], [ 43.088330945903508, 42.551041074163088 ], [ 43.088534321709638, 42.550951808252421 ], [ 43.08875258651122, 42.550862468007267 ], [ 43.088987560957676, 42.550772300249164 ], [ 43.089242902783162, 42.550679899814924 ], [ 43.089491198505065, 42.550594346038139 ], [ 43.089770345695449, 42.550501851561165 ], [ 43.090757919049544, 42.550186067609033 ], [ 43.090853764616703, 42.550157606950293 ], [ 43.090897346308545, 42.550141486958985 ], [ 43.090921922204302, 42.550129585306038 ], [ 43.090945572788719, 42.550115874358099 ], [ 43.090990114144901, 42.550083014942139 ], [ 43.091031008900131, 42.550042883241709 ], [ 43.091068343594635, 42.549995396952816 ], [ 43.091101896898223, 42.549941024271618 ], [ 43.091132333690993, 42.549878890152854 ], [ 43.091159947867183, 42.549808542924161 ], [ 43.091186561158679, 42.549725358070226 ], [ 43.091196197224228, 42.5496824153578 ], [ 43.091200678705349, 42.549636722063511 ], [ 43.091200060489484, 42.549587796414947 ], [ 43.091194331075698, 42.549534657535979 ], [ 43.091176676532349, 42.549447081538808 ], [ 43.091120687384382, 42.549242824481411 ], [ 43.091100915092312, 42.549152089217067 ], [ 43.09107906097892, 42.549045944393207 ], [ 43.091048447664313, 42.548934920373497 ], [ 43.091008813757334, 42.548818044717791 ], [ 43.090959547160004, 42.548693504341145 ], [ 43.09090557976937, 42.5485715133646 ], [ 43.090840687650456, 42.548436222165527 ], [ 43.090577299237964, 42.547925842997543 ], [ 43.09052160965156, 42.547813765049391 ], [ 43.09047423329605, 42.547713445278752 ], [ 43.090423912602887, 42.547598731753631 ], [ 43.090381779288172, 42.54749207311329 ], [ 43.090347001564048, 42.547391349144739 ], [ 43.090319215018113, 42.547295488444568 ], [ 43.090293774769613, 42.547180238669149 ], [ 43.090278844976197, 42.547070344899211 ], [ 43.090275283926687, 42.547017140345488 ], [ 43.090274319702225, 42.546965005696052 ], [ 43.090275951837903, 42.546913876104547 ], [ 43.090280179567138, 42.546863696625344 ], [ 43.090287022523476, 42.54681434241084 ], [ 43.090296480848011, 42.54676584858386 ], [ 43.090308561856531, 42.546718174741557 ], [ 43.090323275052576, 42.546671288622193 ], [ 43.090340631294282, 42.546625153483753 ], [ 43.090360639810996, 42.54657974606495 ], [ 43.090383313538879, 42.546535041364976 ], [ 43.090408661707549, 42.546491016122175 ], [ 43.090459650698648, 42.546414973754807 ], [ 43.090477442412677, 42.54638550758839 ], [ 43.09049675044195, 42.54634481448501 ], [ 43.090511845194214, 42.546301224360043 ], [ 43.090522891639488, 42.546254279790638 ], [ 43.090530111704233, 42.546203053321904 ], [ 43.090534266182587, 42.546113962200806 ], [ 43.090529764556315, 42.545925342616535 ], [ 43.090531473027859, 42.545844975646425 ], [ 43.090554162763681, 42.54550679422907 ], [ 43.090558421939029, 42.545407473839724 ], [ 43.090559842496432, 42.545318731570333 ], [ 43.09055815904253, 42.545227741149333 ], [ 43.090552988948573, 42.545142979258898 ], [ 43.090544245786965, 42.545063046824446 ], [ 43.09053184451448, 42.544987218395889 ], [ 43.090508630104054, 42.544882780659051 ], [ 43.090478957457805, 42.544776785395761 ], [ 43.090442927729733, 42.544669590899929 ], [ 43.090400671406428, 42.544561591975125 ], [ 43.090352335346068, 42.544453165686235 ], [ 43.090298131359177, 42.544344795543125 ], [ 43.090238288953152, 42.544236943737268 ], [ 43.090173078386421, 42.544130093851628 ], [ 43.090102686883959, 42.544024576794264 ], [ 43.090027544749262, 42.543921058923708 ], [ 43.089948011944159, 42.543820037025689 ], [ 43.089864474260771, 42.543721999311643 ], [ 43.089777344428555, 42.543627429039795 ], [ 43.089687026750624, 42.543536766102847 ], [ 43.089593949062824, 42.543450437278949 ], [ 43.089498528175909, 42.543368831340921 ], [ 43.089407468517386, 42.543297887482503 ], [ 43.089309024799405, 42.543228399930868 ], [ 43.089203180356627, 42.543160356682101 ], [ 43.089089913763885, 42.543093742049237 ], [ 43.088969210651328, 42.543028548566298 ], [ 43.08884101357048, 42.542964743732568 ], [ 43.088705270993614, 42.542902300547667 ], [ 43.088561898830278, 42.542841181560178 ], [ 43.088411589429924, 42.542781645942853 ], [ 43.088253473839515, 42.542723316250026 ], [ 43.08808735819246, 42.542666120772886 ], [ 43.087912912288886, 42.542609945900558 ], [ 43.087730196921378, 42.542554795311453 ], [ 43.08753799732942, 42.542500290271654 ], [ 43.087335285062039, 42.542446132593852 ], [ 43.087119634527205, 42.542391675656326 ], [ 43.086952911093498, 42.542353766003046 ], [ 43.086780524923924, 42.542320645144613 ], [ 43.086602126091627, 42.542292245974011 ], [ 43.086417246793907, 42.542268493108139 ], [ 43.086225590107745, 42.542249338329242 ], [ 43.086026168097121, 42.542234670540026 ], [ 43.08581807427381, 42.542224423221704 ], [ 43.085599913919054, 42.542218526190403 ], [ 43.085416570266659, 42.542216906466528 ], [ 43.085224100417122, 42.542218034533242 ], [ 43.085020601838124, 42.542221919964405 ], [ 43.084802342248501, 42.542228631779707 ], [ 43.084387820444597, 42.542246666248801 ], [ 43.083348218163295, 42.542300732517162 ], [ 43.083055690159206, 42.542312376927207 ], [ 43.082794479555581, 42.542319354941519 ], [ 43.081965990182724, 42.542337201940001 ], [ 43.081290423805903, 42.542356814678271 ], [ 43.080677286861217, 42.542380837459419 ], [ 43.080389225303101, 42.542394735490355 ], [ 43.08011093815476, 42.542410011439557 ], [ 43.079834826012622, 42.542427150359686 ], [ 43.079566483478089, 42.542445874136654 ], [ 43.07930503662989, 42.542466246518728 ], [ 43.079049838522238, 42.542488316139796 ], [ 43.078800188183401, 42.542512146029843 ], [ 43.078555786282266, 42.542537767225731 ], [ 43.078316238160639, 42.542565221769422 ], [ 43.078081226091335, 42.542594544884707 ], [ 43.077537257544485, 42.542664594960449 ], [ 43.077248541571237, 42.542703279386899 ], [ 43.076972667219749, 42.542742991846588 ], [ 43.076725274217736, 42.542782010234262 ], [ 43.076480157449168, 42.542824900793846 ], [ 43.076251528052502, 42.54286966616521 ], [ 43.076035968897656, 42.542916978489373 ], [ 43.07583165666513, 42.542967242172473 ], [ 43.075651386527269, 42.543015121311939 ], [ 43.075478361829582, 42.543063011127167 ], [ 43.075311735061959, 42.543111146860006 ], [ 43.075150987739157, 42.543159677420071 ], [ 43.074995539545135, 42.543208782192842 ], [ 43.074845264894591, 42.543258505917287 ], [ 43.074699915347594, 42.543308928188075 ], [ 43.07455931729325, 42.543360110944469 ], [ 43.074422911211016, 42.54341226993283 ], [ 43.074291019636057, 42.543465292619885 ], [ 43.074163545141786, 42.543519218808008 ], [ 43.074040410025667, 42.543574080525396 ], [ 43.073921536419014, 42.543629915199816 ], [ 43.073806886067842, 42.543686739311504 ], [ 43.073696411976449, 42.543744576397359 ], [ 43.073590078242468, 42.543803445677497 ], [ 43.073482104466834, 42.543869185385823 ], [ 43.073374490920294, 42.543943240300578 ], [ 43.073266105699354, 42.544026378452834 ], [ 43.073154798610062, 42.544120244073106 ], [ 43.073061544254699, 42.544204815342333 ], [ 43.072960259204741, 42.544301695951411 ], [ 43.072642304000077, 42.544621080152538 ], [ 43.072529029103841, 42.544732087070983 ], [ 43.07241919777109, 42.544834313055105 ], [ 43.072316527301311, 42.544923473781736 ], [ 43.072216810748422, 42.545003187969684 ], [ 43.072118648692744, 42.545074528928374 ], [ 43.072020720880595, 42.545138450622758 ], [ 43.071922245749207, 42.545195458607743 ], [ 43.071818055710558, 42.54524919952221 ], [ 43.071708491920553, 42.545300301364087 ], [ 43.071593313472555, 42.545348875331101 ], [ 43.071472198262967, 42.54539505916884 ], [ 43.071344942677634, 42.545438939483965 ], [ 43.071210846016498, 42.545480767414325 ], [ 43.071069256490681, 42.545520748089054 ], [ 43.07091915804471, 42.545559169651419 ], [ 43.070792776315727, 42.545588850902 ], [ 43.070659066489775, 42.545618019556223 ], [ 43.070516625777941, 42.545646985158299 ], [ 43.070362651316898, 42.545676318228438 ], [ 43.070075461580082, 42.545727127808277 ], [ 43.069383025624951, 42.545843453796493 ], [ 43.069200107682427, 42.54587613286904 ], [ 43.069036179892088, 42.545907232534148 ], [ 43.068868570554514, 42.545941404665193 ], [ 43.068712728035614, 42.545975897408702 ], [ 43.068566185070218, 42.546011259063405 ], [ 43.068427628663983, 42.546047809728762 ], [ 43.067920199746702, 42.546190816047371 ], [ 43.067403214147802, 42.546342388669309 ], [ 43.066875347992017, 42.546502913965448 ], [ 43.066334787537443, 42.546672943813356 ], [ 43.065780629134359, 42.546852741938963 ], [ 43.065208612674596, 42.5470436725425 ], [ 43.064614964777171, 42.54724699178567 ], [ 43.063993275409665, 42.547464893662692 ], [ 43.063654759247342, 42.54758838524954 ], [ 43.06328135920738, 42.547731578712288 ], [ 43.062923904629542, 42.547873400717812 ], [ 43.06204978091381, 42.548225627051593 ], [ 43.061588397260856, 42.548405943168284 ], [ 43.061351020746621, 42.548495108018777 ], [ 43.06112682280267, 42.548576364502473 ], [ 43.060911922309785, 42.548651119373318 ], [ 43.06070426097439, 42.548720083481022 ], [ 43.060282400444635, 42.548853798813042 ], [ 43.059857838242301, 42.548982590424366 ], [ 43.059431009588792, 42.549106329677748 ], [ 43.059002336211549, 42.549224891315767 ], [ 43.05857225669223, 42.54933815667664 ], [ 43.058141171492274, 42.549446019066437 ], [ 43.057709490705967, 42.549548375562679 ], [ 43.057277613170278, 42.549645132964088 ], [ 43.056790673620725, 42.549748273316261 ], [ 43.056318626990119, 42.549842618422886 ], [ 43.055859377850183, 42.549928586775096 ], [ 43.055411540930528, 42.550006435978418 ], [ 43.054973570028537, 42.55007642808453 ], [ 43.05454501272289, 42.550138626666083 ], [ 43.054125137579035, 42.550193137374578 ], [ 43.053713394488781, 42.550240031107023 ], [ 43.053386666246574, 42.550275820063007 ], [ 43.052471385346223, 42.550379911831101 ], [ 43.052190185364118, 42.550409757033584 ], [ 43.051937495076857, 42.550434517491048 ], [ 43.051653927483507, 42.550459215077765 ], [ 43.051389289403474, 42.550478585824557 ], [ 43.051138789514908, 42.550492979702284 ], [ 43.05090002441078, 42.550502527910865 ], [ 43.05064891322003, 42.550507521340151 ], [ 43.050408130984458, 42.550506782509167 ], [ 43.050176430726779, 42.550500306466994 ], [ 43.049952975297913, 42.55048806911168 ], [ 43.049736854325964, 42.550470011766237 ], [ 43.049527773035827, 42.550446097934334 ], [ 43.049325288444997, 42.550416278686399 ], [ 43.049129062370213, 42.550380503271164 ], [ 43.049003752629346, 42.550352851502552 ], [ 43.048874942054439, 42.550319470200925 ], [ 43.048741589073437, 42.550280093964957 ], [ 43.04860187497556, 42.5502341865961 ], [ 43.048455448239814, 42.550181734877974 ], [ 43.048294843159169, 42.55012014952073 ], [ 43.048126594451588, 42.550052430729828 ], [ 43.04765179305074, 42.54985695781356 ], [ 43.047503636606876, 42.549798629128688 ], [ 43.04736987383869, 42.549748553166388 ], [ 43.047214325259283, 42.549694354925329 ], [ 43.047067581301867, 42.549648052081366 ], [ 43.046926736333191, 42.549608731513985 ], [ 43.04679031219424, 42.549575987114096 ], [ 43.046097060843785, 42.549419746274381 ], [ 43.045904661978284, 42.549378691354384 ], [ 43.045731484632661, 42.549344085878651 ], [ 43.045549223133357, 42.549310837143111 ], [ 43.045378818433214, 42.549283404371927 ], [ 43.045217700052248, 42.549261376334272 ], [ 43.045064585923861, 42.549244581700165 ], [ 43.044907899223304, 42.549232248369762 ], [ 43.044758531052508, 42.549225770747967 ], [ 43.044615879368997, 42.549225120575549 ], [ 43.044479547041774, 42.549230299202627 ], [ 43.044349104619201, 42.549241329037372 ], [ 43.044224423576672, 42.549258229518244 ], [ 43.044105305753853, 42.54928102699796 ], [ 43.043991604035085, 42.549309751400884 ], [ 43.043931692417665, 42.549327877307995 ], [ 43.043870988717842, 42.549348277014751 ], [ 43.043746845458088, 42.549396024059156 ], [ 43.043618318873307, 42.549453314712906 ], [ 43.043483808245469, 42.549520859157738 ], [ 43.043349654087976, 42.549594838446907 ], [ 43.043203510133594, 42.54968148499723 ], [ 43.043050111020285, 42.549777310831239 ], [ 43.042789847110136, 42.549944641984737 ], [ 43.042660732625812, 42.550031626531279 ], [ 43.042531725694865, 42.550127042669224 ], [ 43.042401499984088, 42.550231861921453 ], [ 43.042267578017352, 42.550348073545962 ], [ 43.042152465314203, 42.550454054939678 ], [ 43.042027472264373, 42.550574365029604 ], [ 43.041610606238557, 42.55099274743759 ], [ 43.04144750615837, 42.551152130625191 ], [ 43.041277528339393, 42.551309066285242 ], [ 43.041196853552911, 42.551379365653474 ], [ 43.041117761451908, 42.551445359559885 ], [ 43.040939534702815, 42.551586849064286 ], [ 43.040749398128881, 42.551730347188794 ], [ 43.040545863350104, 42.551876979295699 ], [ 43.040326247221685, 42.55202868418634 ], [ 43.040086324598761, 42.552188372042842 ], [ 43.039817459138582, 42.552361777234324 ], [ 43.039530240045899, 42.552542705009635 ], [ 43.038713647207935, 42.553051287833604 ], [ 43.038462939727673, 42.553210966781187 ], [ 43.038240623469285, 42.553356052876389 ], [ 43.037987882711242, 42.553526550076825 ], [ 43.037756885854492, 42.553689200927671 ], [ 43.037543019558065, 42.553847260299619 ], [ 43.037344024275257, 42.55400240779209 ], [ 43.037244088068078, 42.554083974060887 ], [ 43.037141441304051, 42.554170518769403 ], [ 43.036922717346968, 42.554363054391466 ], [ 43.036718631357601, 42.554550240058894 ], [ 43.036237595819465, 42.554999941585855 ], [ 43.035990816945926, 42.555223028587569 ], [ 43.035867263459323, 42.555330228500601 ], [ 43.035748826516787, 42.555429472453788 ], [ 43.035633617214408, 42.555522344527574 ], [ 43.03552059356754, 42.555609678766324 ], [ 43.034738046581388, 42.556205423602485 ], [ 43.034508798481582, 42.55637579913251 ], [ 43.034300554643629, 42.556526476176131 ], [ 43.034081668937105, 42.556679508792747 ], [ 43.033873337749121, 42.556819132205767 ], [ 43.033672295161459, 42.55694753183684 ], [ 43.033476837364887, 42.557065788831437 ], [ 43.033272195764958, 42.557182102046397 ], [ 43.033071318331885, 42.557288341329141 ], [ 43.032873322045319, 42.557384972420458 ], [ 43.032677595977589, 42.557472291024418 ], [ 43.032580331746999, 42.557512568177771 ], [ 43.032483452407746, 42.557550594223329 ], [ 43.032386909868407, 42.557586388147762 ], [ 43.032290658585296, 42.55761996537921 ], [ 43.032194652986192, 42.557651342245684 ], [ 43.032098863523451, 42.557680529046685 ], [ 43.032003253316283, 42.557707536856036 ], [ 43.031907792901634, 42.557732373272835 ], [ 43.031736050146264, 42.557772307455885 ], [ 43.031557721829351, 42.557808220796765 ], [ 43.031372805483834, 42.557840115023509 ], [ 43.031181295021113, 42.557867990900235 ], [ 43.03098319171648, 42.557891847515322 ], [ 43.030778473546349, 42.557911688958725 ], [ 43.030567119792011, 42.55792751663995 ], [ 43.030349098751898, 42.557939332678842 ], [ 43.030124690790842, 42.557947131953142 ], [ 43.029893528620484, 42.557950936024767 ], [ 43.029655531877047, 42.557950745271619 ], [ 43.029410567792368, 42.557946560969242 ], [ 43.029158608358379, 42.557938384392216 ], [ 43.028899249462881, 42.557926207639937 ], [ 43.028632139687481, 42.557910012907236 ], [ 43.028356641999075, 42.557889762158851 ], [ 43.028186702770135, 42.557872814697248 ], [ 43.028009529483946, 42.557848436422503 ], [ 43.027823285747338, 42.557816381356247 ], [ 43.027624329640638, 42.557776026611982 ], [ 43.027451463233866, 42.557736829529468 ], [ 43.027259193727772, 42.557689828101672 ], [ 43.026634650855108, 42.557526909959776 ], [ 43.026410185972054, 42.557470320103718 ], [ 43.026193333252415, 42.557419646000241 ], [ 43.025997265461207, 42.557378740249533 ], [ 43.025801960680418, 42.557344007856919 ], [ 43.025617728415234, 42.557317933693611 ], [ 43.025528821946253, 42.557308008234962 ], [ 43.025441793842248, 42.557300128677831 ], [ 43.025356446077865, 42.557294278104713 ], [ 43.025272626748851, 42.557290444895216 ], [ 43.025159364355964, 42.557287707855011 ], [ 43.025044837969865, 42.557287159716438 ], [ 43.024929013547336, 42.557288798087633 ], [ 43.024811844700231, 42.557292625766834 ], [ 43.024693296110534, 42.557298642140793 ], [ 43.024573306751861, 42.557306850655387 ], [ 43.024451821656228, 42.557317255761212 ], [ 43.024328777333224, 42.557329861761552 ], [ 43.024204223939527, 42.557344661411697 ], [ 43.024077964743931, 42.557361673826264 ], [ 43.023949914028407, 42.557380912829885 ], [ 43.023819969030214, 42.557402391952621 ], [ 43.023688042784251, 42.557426125897038 ], [ 43.023553973606511, 42.557452142484458 ], [ 43.023278779984992, 42.557511148727087 ], [ 43.023013239512807, 42.557574622758089 ], [ 43.022736557202713, 42.557646829917324 ], [ 43.022446341620217, 42.557728391628046 ], [ 43.02213792367462, 42.557820615784976 ], [ 43.021845058171181, 42.557912514243903 ], [ 43.021520106814236, 42.558018249152262 ], [ 43.0203613413873, 42.558407245562762 ], [ 43.020174037788323, 42.558470867390056 ], [ 43.019984410331013, 42.558538357047716 ], [ 43.019792048720028, 42.558609860521301 ], [ 43.019596422939088, 42.558685573053836 ], [ 43.019397198876696, 42.558765619428193 ], [ 43.019193283511875, 42.558850432790699 ], [ 43.018983699248551, 42.558940416756961 ], [ 43.018766965278694, 42.55903620937427 ], [ 43.018419531409293, 42.559194837324235 ], [ 43.018037948303572, 42.55937487872329 ], [ 43.017647310885131, 42.559563617068662 ], [ 43.016578396944709, 42.560085862371579 ], [ 43.016250911022269, 42.560242608378786 ], [ 43.015955600623741, 42.560380804188668 ], [ 43.015797494168986, 42.560455192391217 ], [ 43.015625024173204, 42.560538990638285 ], [ 43.014878205486077, 42.560914191819393 ], [ 43.014700933702038, 42.561001206789115 ], [ 43.014540882486287, 42.561077512783861 ], [ 43.014353476733831, 42.56116330783405 ], [ 43.014176451449011, 42.56124008811485 ], [ 43.014006224841182, 42.5613094044243 ], [ 43.013840971914945, 42.561371994201856 ], [ 43.013615528453087, 42.561453090475318 ], [ 43.013408591402658, 42.561525498356772 ], [ 43.013213299541192, 42.561591615922126 ], [ 43.013026998270028, 42.561652334635319 ], [ 43.012846468338054, 42.561708680229302 ], [ 43.012671811634341, 42.561760591462267 ], [ 43.012502091091918, 42.56180834747606 ], [ 43.012336703240322, 42.561852117927039 ], [ 43.012173108103696, 42.561892519744212 ], [ 43.012013059598772, 42.561929063769732 ], [ 43.011856237473943, 42.561961823706653 ], [ 43.011702401471183, 42.561990847628721 ], [ 43.011551289329439, 42.562016185927703 ], [ 43.011402788523711, 42.562037853771024 ], [ 43.011256753426018, 42.562055872954886 ], [ 43.011113066667434, 42.56207025766043 ], [ 43.010971832948023, 42.562081202428402 ], [ 43.010827502230846, 42.562089397048496 ], [ 43.010680056185635, 42.562094843892318 ], [ 43.010529468046101, 42.562097542482974 ], [ 43.010375718294682, 42.562097494270155 ], [ 43.010218763064294, 42.562094700280241 ], [ 43.010058559820656, 42.562089157960088 ], [ 43.009895054986913, 42.562080867265784 ], [ 43.009728424811399, 42.562069841151548 ], [ 43.009558357948968, 42.562056064287582 ], [ 43.00938475960178, 42.562039530508535 ], [ 43.009207499865589, 42.562020226734205 ], [ 43.009026503453761, 42.56199814623583 ], [ 43.008841480354064, 42.561973254236783 ], [ 43.008652173371829, 42.561945518329708 ], [ 43.008458190943806, 42.561914879454584 ], [ 43.008312550510446, 42.561889314238421 ], [ 43.008161200272532, 42.561859279269378 ], [ 43.008002516785048, 42.561824457221249 ], [ 43.0078332870184, 42.561784143799024 ], [ 43.007526318479258, 42.561704806935651 ], [ 43.00684639309425, 42.561519682080672 ], [ 43.006552191284506, 42.561444778347173 ], [ 43.006366057453263, 42.561398007133818 ], [ 43.006159073027575, 42.561342726470386 ], [ 43.00550937717626, 42.561159782268838 ], [ 43.005291110126912, 42.561099731581542 ], [ 43.00509656662728, 42.561048723445538 ], [ 43.004918748545919, 42.561005025940133 ], [ 43.004686543476225, 42.560953371926217 ], [ 43.00446841955268, 42.560911653375094 ], [ 43.004363127440996, 42.560894228961502 ], [ 43.004259968012633, 42.560879032602045 ], [ 43.004158652640548, 42.560866023252089 ], [ 43.004058961751063, 42.56085517187546 ], [ 43.003834513946352, 42.560835072635165 ], [ 43.003615421474237, 42.560819667107083 ], [ 43.00340217406626, 42.560808990874264 ], [ 43.003195123207639, 42.560803060002506 ], [ 43.002994657168934, 42.560801883095678 ], [ 43.002800925797146, 42.560805458298368 ], [ 43.00261413868531, 42.560813782095266 ], [ 43.002434454381437, 42.560826847379374 ], [ 43.002322970488848, 42.560838718144666 ], [ 43.002210682617459, 42.560854862206249 ], [ 43.002097364302045, 42.560875313433812 ], [ 43.001982728873728, 42.560900121756056 ], [ 43.001866583926002, 42.560929322535273 ], [ 43.001748370935523, 42.560963048306888 ], [ 43.001627590716843, 42.561001442544956 ], [ 43.001503511102136, 42.561044734709363 ], [ 43.001393327405147, 42.561086181773398 ], [ 43.001279130738943, 42.561131830824088 ], [ 43.001159800730392, 42.56118212787235 ], [ 43.001033219707139, 42.561237964391999 ], [ 43.000788953021448, 42.561351171879977 ], [ 43.000327361613166, 42.561573247698618 ], [ 43.000138890783916, 42.561662252617531 ], [ 42.999942550833289, 42.561751268405487 ], [ 42.999764423818846, 42.561827309172742 ], [ 42.999660611146091, 42.561869060326124 ], [ 42.999560001847314, 42.561907466926932 ], [ 42.999461921396858, 42.561942785560895 ], [ 42.9993659224506, 42.561975177720903 ], [ 42.99927150403407, 42.56200480576252 ], [ 42.999178509956273, 42.56203171649053 ], [ 42.9990866955592, 42.562055980378645 ], [ 42.9989958692559, 42.562077646313611 ], [ 42.998756577640052, 42.562127576809687 ], [ 42.998303436228177, 42.562212396289382 ], [ 42.998121889627576, 42.562248266896177 ], [ 42.997508029444347, 42.562372905292911 ], [ 42.99719530272867, 42.562440502115642 ], [ 42.997040556017176, 42.562476763959836 ], [ 42.996896819782918, 42.562512778686724 ], [ 42.996761551925445, 42.562549185381272 ], [ 42.996633443702521, 42.562586339406003 ], [ 42.996511954105699, 42.562624359197315 ], [ 42.996389410999129, 42.56266552579477 ], [ 42.996265563107244, 42.562709924852186 ], [ 42.996140087528133, 42.562757672287759 ], [ 42.99601277605646, 42.562808840097809 ], [ 42.995882972271566, 42.562863687850353 ], [ 42.995750094477536, 42.562922462009375 ], [ 42.995613267837605, 42.562985547090406 ], [ 42.995373710172551, 42.563101522426429 ], [ 42.995109831234089, 42.563235868315445 ], [ 42.994860912855216, 42.563366994037452 ], [ 42.994280807236365, 42.563677394560791 ], [ 42.99399530687262, 42.563826237797592 ], [ 42.993748709193085, 42.563956342692975 ], [ 42.99347900885946, 42.564106561820068 ], [ 42.99322148047721, 42.56425546716094 ], [ 42.992588470036509, 42.564627812495942 ], [ 42.992410644047368, 42.564730012798769 ], [ 42.992249175533331, 42.564820569328568 ], [ 42.992071779005826, 42.564916905171401 ], [ 42.991903301365724, 42.565004752914128 ], [ 42.991740768094218, 42.56508565888452 ], [ 42.991582600825282, 42.565160407710394 ], [ 42.991239382083045, 42.565313964685643 ], [ 42.990888690663461, 42.565462646457 ], [ 42.99053124664335, 42.565606147702098 ], [ 42.990167811542626, 42.565744162932987 ], [ 42.989799145189004, 42.565876401949772 ], [ 42.989426100540221, 42.566002558185708 ], [ 42.989049520135829, 42.56612234651454 ], [ 42.988670271810555, 42.566235491270206 ], [ 42.988488890399204, 42.566286420678018 ], [ 42.988302621294437, 42.56633593837379 ], [ 42.988111102012809, 42.566384140627029 ], [ 42.987913857154581, 42.566431149637012 ], [ 42.987710574819317, 42.566477041842703 ], [ 42.987500285356838, 42.566522041516819 ], [ 42.987282109211499, 42.56656633668463 ], [ 42.987054728061374, 42.566610196804639 ], [ 42.986625825510849, 42.566687530577411 ], [ 42.986144278182152, 42.56676787695767 ], [ 42.985726579382877, 42.566833848744565 ], [ 42.984412370322318, 42.567036553686293 ], [ 42.983920817192619, 42.567112797309925 ], [ 42.983388533287304, 42.567191266438414 ], [ 42.982801628775384, 42.567274075270511 ], [ 42.982081640335998, 42.567372302170625 ], [ 42.981650634522246, 42.567426824727079 ], [ 42.981170221383131, 42.567480590999914 ], [ 42.980693784073445, 42.567528991554184 ], [ 42.979457106077817, 42.567648679871361 ], [ 42.979095933644984, 42.5676863411529 ], [ 42.978771938046528, 42.567722728411532 ], [ 42.978408304810884, 42.567767487089164 ], [ 42.978069392163341, 42.567813885906077 ], [ 42.977748792696687, 42.567862804338404 ], [ 42.977443245804466, 42.567914745992944 ], [ 42.97699606878286, 42.567987971089899 ], [ 42.976836666060294, 42.568016427344077 ], [ 42.976748133609611, 42.568034353655648 ], [ 42.976667226463654, 42.568052656842184 ], [ 42.976592367488067, 42.56807169628604 ], [ 42.976522783970978, 42.568091669972404 ], [ 42.976459247979008, 42.568112475382698 ], [ 42.976397518395146, 42.568135550485735 ], [ 42.976337564395855, 42.568160906446714 ], [ 42.976279353823898, 42.568188558009176 ], [ 42.976222856986631, 42.568218519059585 ], [ 42.97616803053598, 42.56825081134771 ], [ 42.976114835994544, 42.568285456709233 ], [ 42.976063232246119, 42.568322483236763 ], [ 42.976013245730549, 42.568361864383753 ], [ 42.975964752961154, 42.568403688923489 ], [ 42.975917703804022, 42.568448000097796 ], [ 42.975872041687872, 42.568494851840896 ], [ 42.975827720073454, 42.568544289258895 ], [ 42.975784655596875, 42.568596403634444 ], [ 42.975742774722271, 42.568651283722133 ], [ 42.975701989675457, 42.568709044140093 ], [ 42.975637388444802, 42.568810091669576 ], [ 42.975574921627299, 42.568920060599091 ], [ 42.975513937355544, 42.5690400821804 ], [ 42.97545327781274, 42.569172427795031 ], [ 42.975402073467677, 42.569294002687201 ], [ 42.975347773188425, 42.569431692716471 ], [ 42.975165283082433, 42.569924978493049 ], [ 42.975089769507377, 42.570120224354511 ], [ 42.975006924838183, 42.570315727774968 ], [ 42.974966160530208, 42.570403662277883 ], [ 42.974925186359641, 42.57048648255634 ], [ 42.974875326786574, 42.570579952056967 ], [ 42.974824305604635, 42.570667748379606 ], [ 42.974771804264307, 42.570750416113185 ], [ 42.974717595653964, 42.570828309650288 ], [ 42.974661411865739, 42.570901801572639 ], [ 42.974603159156729, 42.570971002785875 ], [ 42.97454268938521, 42.571036086270247 ], [ 42.97447988761234, 42.5710971778648 ], [ 42.974410118876811, 42.571159556441131 ], [ 42.974336181065318, 42.571221624402611 ], [ 42.974257916341024, 42.571283514929362 ], [ 42.97417510710649, 42.571345400667347 ], [ 42.974087615791539, 42.571407390838814 ], [ 42.973994970766427, 42.571469827395944 ], [ 42.973896723597754, 42.571533013075829 ], [ 42.973792178722157, 42.571597394828522 ], [ 42.97360994901323, 42.571704061517146 ], [ 42.973401436101327, 42.571819824672716 ], [ 42.973198814189736, 42.571928262332364 ], [ 42.97271125741937, 42.57218479057093 ], [ 42.972468627874925, 42.572316338652783 ], [ 42.972243522048053, 42.572444896018972 ], [ 42.972046673693825, 42.572565437865229 ], [ 42.971954990129895, 42.572625121547894 ], [ 42.971868230072538, 42.572684198931157 ], [ 42.971786002341922, 42.572742935959198 ], [ 42.971708035017201, 42.572801527743721 ], [ 42.971634041992992, 42.572860193458141 ], [ 42.97156392054012, 42.572919020443138 ], [ 42.971497523011884, 42.572978128562774 ], [ 42.971434741398156, 42.573037617670209 ], [ 42.971314981482109, 42.573157183952034 ], [ 42.971198775804297, 42.573277971140008 ], [ 42.971086309626301, 42.573399789813678 ], [ 42.970977739651111, 42.57352246715719 ], [ 42.970873229052479, 42.573645818762699 ], [ 42.970772886893954, 42.573769713295505 ], [ 42.970676831115348, 42.573894008771816 ], [ 42.970585159824743, 42.574018573662741 ], [ 42.970498053007255, 42.574143156318783 ], [ 42.970415491898294, 42.574267772627465 ], [ 42.970337545726927, 42.574392317563223 ], [ 42.970264276183322, 42.574516693170786 ], [ 42.970195742610763, 42.574640798751332 ], [ 42.97013198521136, 42.574764560282198 ], [ 42.970073043116038, 42.57488789921856 ], [ 42.970018952816282, 42.575010743272038 ], [ 42.969979103741274, 42.575105789179069 ], [ 42.969956192765977, 42.575167055724833 ], [ 42.969940490025635, 42.57521994904706 ], [ 42.96992725984672, 42.575279402407034 ], [ 42.969895048614177, 42.575488796637359 ], [ 42.969878619053425, 42.575570730778551 ], [ 42.969862713658507, 42.575629488330264 ], [ 42.969841890528571, 42.57569455515759 ], [ 42.969763339060016, 42.575908999380772 ], [ 42.969736293790497, 42.575988611974317 ], [ 42.969713887701495, 42.576067568363037 ], [ 42.96969897411995, 42.576139383102024 ], [ 42.969675321702084, 42.576304423099209 ], [ 42.969668727745848, 42.576373570261183 ], [ 42.969665208195401, 42.576437641617474 ], [ 42.96966471546552, 42.576498779579694 ], [ 42.969667329967322, 42.576556496587223 ], [ 42.969673072566508, 42.576611238770738 ], [ 42.969681972668063, 42.576663264201905 ], [ 42.969697587388744, 42.576721796997639 ], [ 42.969720584572265, 42.576781878083565 ], [ 42.969751201613782, 42.576844152838582 ], [ 42.969790052178517, 42.576909874861634 ], [ 42.969827733751274, 42.576966114311915 ], [ 42.969873059147851, 42.577028278724249 ], [ 42.970030165881965, 42.577228580423871 ], [ 42.970084729180066, 42.577300802569816 ], [ 42.97013325072151, 42.577370490693426 ], [ 42.970172772139314, 42.577434410811378 ], [ 42.970206897796949, 42.577496727809717 ], [ 42.970242042680333, 42.577566840712137 ], [ 42.970361017992332, 42.577826744769425 ], [ 42.970412840442087, 42.577932134125028 ], [ 42.970443175351186, 42.577987893778847 ], [ 42.970473633362076, 42.578039184489043 ], [ 42.97050480487956, 42.578087000092665 ], [ 42.970537017494642, 42.578131834479507 ], [ 42.970615563439324, 42.578234443649464 ], [ 42.970678997953613, 42.578313307384462 ], [ 42.970739134487509, 42.578383107382699 ], [ 42.970797280197509, 42.578445204090769 ], [ 42.970856409029643, 42.57850253999036 ], [ 42.970915633111034, 42.578554012414543 ], [ 42.970975499990317, 42.578600095735204 ], [ 42.971036334292712, 42.578641037043241 ], [ 42.971090704111283, 42.578672709948926 ], [ 42.971150714380023, 42.57870318328218 ], [ 42.971216943966631, 42.578732755456357 ], [ 42.971290587905003, 42.578761962729189 ], [ 42.971438936193657, 42.578813197101773 ], [ 42.971768931046952, 42.578916103645831 ], [ 42.971852901665784, 42.578945971605592 ], [ 42.972054216742293, 42.579023835120786 ], [ 42.972156737280677, 42.579057945889971 ], [ 42.972215760658813, 42.579073482162919 ], [ 42.972271305669601, 42.579084492912465 ], [ 42.97232444994404, 42.579091189033697 ], [ 42.97237573489636, 42.579093633245805 ], [ 42.972457838502173, 42.579091268468758 ], [ 42.972541445412489, 42.579083237112272 ], [ 42.972623016834859, 42.579069883571286 ], [ 42.972699493802409, 42.579051711131868 ], [ 42.972751478406018, 42.579034934104264 ], [ 42.972807261195065, 42.57901247621443 ], [ 42.972865824992745, 42.578985192965121 ], [ 42.972961123898948, 42.578937209233111 ], [ 42.973042168535144, 42.57889415029026 ], [ 42.9731228623031, 42.578846497795539 ], [ 42.973203365490939, 42.578794155527966 ], [ 42.973283923209053, 42.578736966630728 ], [ 42.973364558343221, 42.578674938712659 ], [ 42.973446023552782, 42.578607518659197 ], [ 42.973528927199325, 42.578534206633215 ], [ 42.973614576254477, 42.578453850566632 ], [ 42.973669727779999, 42.578395180793784 ], [ 42.973724574926372, 42.578325477753438 ], [ 42.973772624261677, 42.578255952501415 ], [ 42.973881760638662, 42.578087854630439 ], [ 42.973940741409599, 42.578006457416059 ], [ 42.973972405184576, 42.57796812105255 ], [ 42.974004227928788, 42.577933566104029 ], [ 42.974036732469983, 42.577902225481054 ], [ 42.974070224238673, 42.577873811013738 ], [ 42.974107895394276, 42.577845472262041 ], [ 42.974148330277217, 42.577818029777347 ], [ 42.974191613531907, 42.57779142832063 ], [ 42.974237860801345, 42.577765596090792 ], [ 42.974287144231212, 42.577740487532822 ], [ 42.974339720420119, 42.577715967599232 ], [ 42.974455871579714, 42.577668182091578 ], [ 42.97455710999796, 42.577631783771707 ], [ 42.974672724201625, 42.57759425095557 ], [ 42.974793127093086, 42.577558067935875 ], [ 42.975119317291735, 42.577463660469306 ], [ 42.975215432877597, 42.57743395106688 ], [ 42.975299716425674, 42.577406025290692 ], [ 42.975607542540132, 42.577301375186259 ], [ 42.975899489615301, 42.577205085093105 ], [ 42.976179629482992, 42.577115815055045 ], [ 42.976450083493049, 42.577032892122133 ], [ 42.976713289278727, 42.576955583170026 ], [ 42.976969531760716, 42.576883822140083 ], [ 42.97721970499763, 42.576817357412523 ], [ 42.977464428475976, 42.576756025264508 ], [ 42.977705946462329, 42.5766993052289 ], [ 42.97794288257235, 42.576647561154587 ], [ 42.978175590239346, 42.576600717361273 ], [ 42.978404343039116, 42.576558718368425 ], [ 42.978629437623638, 42.576521510901131 ], [ 42.97885100995039, 42.576489074867268 ], [ 42.97906923761154, 42.576461383703624 ], [ 42.979284261344077, 42.576438420100942 ], [ 42.979396410448153, 42.57642879264494 ], [ 42.979510947171143, 42.576421332443232 ], [ 42.979628069326665, 42.57641602676852 ], [ 42.9797480307463, 42.576412863880662 ], [ 42.979871013268173, 42.576411835271095 ], [ 42.979997502043517, 42.576412935077897 ], [ 42.98012793687618, 42.576416165642399 ], [ 42.980262950848164, 42.576421543518101 ], [ 42.980536577452717, 42.576437909492824 ], [ 42.980840022018995, 42.576462861101625 ], [ 42.981157236169736, 42.57649417369889 ], [ 42.981784256744412, 42.576561948224438 ], [ 42.982046467698474, 42.57658891757309 ], [ 42.982320471185531, 42.576613999432467 ], [ 42.982566021183843, 42.576632468481122 ], [ 42.982709946052033, 42.576641035205711 ], [ 42.982848129541395, 42.576647409610018 ], [ 42.982981538840967, 42.576651637564147 ], [ 42.9831108057599, 42.576653736514082 ], [ 42.983236630623388, 42.576653715203086 ], [ 42.983359225630991, 42.576651567472837 ], [ 42.983478925978673, 42.576647289329287 ], [ 42.983595984227954, 42.576640869918876 ], [ 42.983898478971632, 42.576619933719627 ], [ 42.98417166951355, 42.576598083840508 ], [ 42.984425955582765, 42.57657448590632 ], [ 42.984665117622413, 42.576548776109803 ], [ 42.984893707964815, 42.5765204204776 ], [ 42.985111467495948, 42.576489405509456 ], [ 42.985319659527036, 42.576455549068704 ], [ 42.985519081423639, 42.576418722047713 ], [ 42.985668122918995, 42.576387579812156 ], [ 42.98581878504735, 42.576352381086551 ], [ 42.985971390659124, 42.576313050493859 ], [ 42.986126357443055, 42.576269481003202 ], [ 42.986283949501548, 42.576221605205816 ], [ 42.986445025433461, 42.576169169827459 ], [ 42.986610353513029, 42.576111926304648 ], [ 42.986781095660305, 42.576049471793603 ], [ 42.98705565531705, 42.575942812036786 ], [ 42.987356817060366, 42.575818638226615 ], [ 42.98766331733664, 42.575686835383124 ], [ 42.988495200809922, 42.575322040143021 ], [ 42.988749042812273, 42.575214597301567 ], [ 42.988978080528447, 42.575121395196376 ], [ 42.989036784954507, 42.575096302476894 ], [ 42.98910081869338, 42.575065526403378 ], [ 42.989175621498688, 42.575026354620313 ], [ 42.989403934815648, 42.574901775336919 ], [ 42.989477316046802, 42.574865576258844 ], [ 42.989543270729563, 42.574836812115102 ], [ 42.98962013397017, 42.574809262402781 ], [ 42.989656676353015, 42.574798863317653 ], [ 42.989692229167595, 42.574790631534185 ], [ 42.989726993487814, 42.574784528257588 ], [ 42.989761029305214, 42.574780544635686 ], [ 42.989794430736978, 42.574778671514629 ], [ 42.989827272271597, 42.574778903898583 ], [ 42.989872200155141, 42.574782641621226 ], [ 42.989919330372899, 42.574790418123357 ], [ 42.989969175787181, 42.574802312643762 ], [ 42.99002275458345, 42.574818566377779 ], [ 42.990120655934248, 42.574854976329469 ], [ 42.99033924876089, 42.574946341504649 ], [ 42.990433327707535, 42.574980150935424 ], [ 42.990530336531954, 42.575009274011691 ], [ 42.990633671060955, 42.575036933856424 ], [ 42.990744268700979, 42.575063382835246 ], [ 42.990863928584602, 42.575089054121982 ], [ 42.991109374658237, 42.575134942108001 ], [ 42.991594157785109, 42.575215167268084 ], [ 42.991792637403243, 42.575250316309436 ], [ 42.991995917636949, 42.575291586311408 ], [ 42.99208711580512, 42.575312695059019 ], [ 42.992172945837112, 42.575334478682571 ], [ 42.992274125316676, 42.575363039422498 ], [ 42.99236892568949, 42.575393214572124 ], [ 42.992458028404307, 42.575425221411756 ], [ 42.992541864682849, 42.57545921519921 ], [ 42.992620893703375, 42.575495391303527 ], [ 42.99269524722483, 42.575533820483855 ], [ 42.992765136252267, 42.575574610007905 ], [ 42.99283071379994, 42.575617851717546 ], [ 42.99302097376205, 42.57574235990915 ], [ 42.993065393828154, 42.575773958836159 ], [ 42.99310253491268, 42.575803277942434 ], [ 42.993139048037541, 42.575836562767208 ], [ 42.993168427270696, 42.575869159755726 ], [ 42.993191156042528, 42.575901609595917 ], [ 42.993207425021069, 42.575934197497766 ], [ 42.993217513264817, 42.575965022835277 ], [ 42.99322488606272, 42.576000429311044 ], [ 42.993234299326126, 42.576101453415248 ], [ 42.993234933081169, 42.576147526544567 ], [ 42.993228605569406, 42.576248116364113 ], [ 42.993228188674053, 42.576291958486138 ], [ 42.993232711279887, 42.576349480626561 ], [ 42.993242016729759, 42.576407485498827 ], [ 42.993256124220011, 42.576466096810485 ], [ 42.993275072437257, 42.576525476432202 ], [ 42.993298882518438, 42.576585725591087 ], [ 42.99332767784054, 42.576647176939524 ], [ 42.993361593925826, 42.576710126420323 ], [ 42.993400873543074, 42.57677502134198 ], [ 42.993468156308182, 42.57687387766542 ], [ 42.993549805767813, 42.576981452391109 ], [ 42.993645670990063, 42.577098313779253 ], [ 42.993849168045941, 42.577335574363211 ], [ 42.993933783037541, 42.577436925873187 ], [ 42.994018135753016, 42.577544261238948 ], [ 42.994087606085692, 42.577641298616086 ], [ 42.994164885131241, 42.577763975659522 ], [ 42.994244144287833, 42.57790676460035 ], [ 42.994314871877982, 42.578046284656175 ], [ 42.994476450069882, 42.578379001756865 ], [ 42.994560078219187, 42.578539490305609 ], [ 42.994601760813921, 42.578613235844486 ], [ 42.994642877943861, 42.578681398999549 ], [ 42.994684033596414, 42.578744980026556 ], [ 42.994725577366054, 42.578804514556701 ], [ 42.994783865689527, 42.578880520210426 ], [ 42.99484395613684, 42.578950335635135 ], [ 42.994906276526279, 42.579014451000624 ], [ 42.994971122861386, 42.579073173162037 ], [ 42.995038860476924, 42.57912681288888 ], [ 42.995109609827736, 42.579175451531015 ], [ 42.99518356525865, 42.579219222160795 ], [ 42.995260883412392, 42.579258217566583 ], [ 42.99536066530834, 42.579300667883579 ], [ 42.995477541171006, 42.579343296609615 ], [ 42.995605693749006, 42.57938481229256 ], [ 42.995839212545775, 42.57945557195228 ], [ 42.995993517709366, 42.579500546278453 ], [ 42.996152716252638, 42.579542415437615 ], [ 42.996317101793132, 42.579581256588121 ], [ 42.996487062537021, 42.579617161147901 ], [ 42.996662856028045, 42.579650191230584 ], [ 42.996845275418437, 42.579680502063873 ], [ 42.997035046700212, 42.579708215275829 ], [ 42.997233260212994, 42.579733490377826 ], [ 42.997418614906593, 42.579754153838252 ], [ 42.997613371694506, 42.579773187520139 ], [ 42.997819531188263, 42.57979078844285 ], [ 42.998041094987457, 42.579807301149209 ], [ 42.998433038593639, 42.579832057301381 ], [ 42.999200340374422, 42.579873902331755 ], [ 42.999516558485382, 42.579892654579432 ], [ 42.999621761306891, 42.579896522690255 ], [ 42.999739911111291, 42.579895473895149 ], [ 42.999873079814734, 42.579889761362729 ], [ 43.000149709783521, 42.579872324414595 ], [ 43.000267276460015, 42.579866377726717 ], [ 43.000389417308625, 42.579863562665501 ], [ 43.000496607504132, 42.579865526731645 ], [ 43.000558794551651, 42.579869251786683 ], [ 43.00061747403479, 42.579874940866659 ], [ 43.000673076014422, 42.579882634803617 ], [ 43.000725872229907, 42.579892371664897 ], [ 43.000776156811796, 42.57990421332169 ], [ 43.000824014265646, 42.579918184666063 ], [ 43.000869581061821, 42.579934324104144 ], [ 43.000912955888126, 42.579952670282793 ], [ 43.000989416689897, 42.579989731440712 ], [ 43.001056559150321, 42.580026343551594 ], [ 43.00111539398349, 42.580063060985594 ], [ 43.001166170588256, 42.58010004840186 ], [ 43.001226685749984, 42.580153474685886 ], [ 43.001291257248532, 42.5802213639641 ], [ 43.001336020161816, 42.580273047443882 ], [ 43.001368725169478, 42.580314792092928 ], [ 43.001394828890625, 42.580353576774627 ], [ 43.001414821537011, 42.580390305172372 ], [ 43.001419719676051, 42.580405001711107 ], [ 43.001428731080807, 42.580451180444967 ], [ 43.001435507683681, 42.580463681854113 ], [ 43.001445453648152, 42.580472791343773 ], [ 43.001476224108373, 42.580486683089859 ], [ 43.001517722625174, 42.58050900545134 ], [ 43.001556814964331, 42.580535624559026 ], [ 43.001593927140171, 42.580566822509432 ], [ 43.001629815187691, 42.580603231158214 ], [ 43.00165816792093, 42.58063658340982 ], [ 43.001687693872448, 42.580675398915467 ], [ 43.001805883594436, 42.580845758812941 ], [ 43.001835477626173, 42.580883135523131 ], [ 43.0018644714348, 42.580915575865674 ], [ 43.00200273629067, 42.581057638176148 ], [ 43.002144190109313, 42.581197926971285 ], [ 43.00228871946215, 42.581336331297159 ], [ 43.002436215674592, 42.581472743885101 ], [ 43.002586562676022, 42.581607060039438 ], [ 43.002739651499404, 42.581739181492367 ], [ 43.002895370624536, 42.581869013534124 ], [ 43.003053612125022, 42.581996463319108 ], [ 43.003214223785434, 42.582121412915676 ], [ 43.003377136658322, 42.582243807980916 ], [ 43.003542242408002, 42.582363568270786 ], [ 43.003709435046162, 42.582480616284265 ], [ 43.003878603681969, 42.582594875335886 ], [ 43.004049651721445, 42.582706278895699 ], [ 43.004222476421631, 42.582814762128102 ], [ 43.004396978633935, 42.582920262061783 ], [ 43.004493352684896, 42.582979533555033 ], [ 43.004733569335215, 42.583133298899767 ], [ 43.004802893937224, 42.583175252737497 ], [ 43.004866438091284, 42.583211460432082 ], [ 43.004942315707162, 42.583251185161004 ], [ 43.005015284065394, 42.583285234468683 ], [ 43.005086750513549, 42.583314261441558 ], [ 43.005157446575645, 42.583338559788011 ], [ 43.005255399265899, 42.583367975917092 ], [ 43.005335675867229, 42.583389148677718 ], [ 43.00540916458413, 42.583404943190139 ], [ 43.005477412292962, 42.583415611536786 ], [ 43.005553064094414, 42.583422807562172 ], [ 43.005632686796986, 42.58342616078842 ], [ 43.005715343357089, 42.583425630577175 ], [ 43.005799656553691, 42.583421222660121 ], [ 43.005869781544433, 42.583412953837694 ], [ 43.005946747509313, 42.583397965464165 ], [ 43.006019666302919, 42.583379770942024 ], [ 43.006195387650521, 42.583331413449436 ], [ 43.00628681839774, 42.583310571065432 ], [ 43.006374277096228, 42.583295328293531 ], [ 43.006578722120274, 42.583263968749982 ], [ 43.006675788017041, 42.583245861777101 ], [ 43.006861023966167, 42.583209109154012 ], [ 43.006949983202702, 42.583188336695848 ], [ 43.006993104715811, 42.583176017689205 ], [ 43.007031846800963, 42.58316300289902 ], [ 43.007066870969254, 42.583149068802285 ], [ 43.007098498211796, 42.583134085007899 ], [ 43.00714596027867, 42.583106353286496 ], [ 43.007191981928912, 42.583073075345794 ], [ 43.00723657066041, 42.583034245014197 ], [ 43.007279762758138, 42.582989832306538 ], [ 43.00732146761171, 42.582939965323924 ], [ 43.007361961370776, 42.582884352598384 ], [ 43.007401415642356, 42.582822771083983 ], [ 43.007440509716822, 42.58275417087647 ], [ 43.007463895598882, 42.582704023867862 ], [ 43.007481976495107, 42.582649950117201 ], [ 43.007494949625688, 42.582591382122978 ], [ 43.007503077529435, 42.582527155568563 ], [ 43.007506097606658, 42.582475575424958 ], [ 43.007506769862864, 42.582418129821406 ], [ 43.007497943880637, 42.582172376133556 ], [ 43.007499478324419, 42.58206540837039 ], [ 43.007511288663885, 42.581843877662607 ], [ 43.007520357002889, 42.581625716750445 ], [ 43.007526691657141, 42.581410742071881 ], [ 43.00753029863391, 42.581198804244572 ], [ 43.0075311770048, 42.580989742058463 ], [ 43.007529329435883, 42.580783472711737 ], [ 43.007524754294266, 42.580579895317015 ], [ 43.007517449458938, 42.580378924287238 ], [ 43.007507404155781, 42.580180363119545 ] ] ], [ [ [ 43.138200698128394, 42.515422886646917 ], [ 43.138265615225549, 42.5154230815915 ], [ 43.138333500838129, 42.515425833652174 ], [ 43.138404701547991, 42.515431154759241 ], [ 43.138479045688918, 42.515439005194899 ], [ 43.13855793935344, 42.515449504157495 ], [ 43.138736207153279, 42.515479417739165 ], [ 43.13892261165276, 42.515515354579861 ], [ 43.138989501690247, 42.515530450039151 ], [ 43.139049062530454, 42.515545829849025 ], [ 43.139105668686156, 42.515562779910887 ], [ 43.139157223816675, 42.515580854630116 ], [ 43.139204336319402, 42.515600267418264 ], [ 43.139247321176846, 42.515621151273933 ], [ 43.139276878065807, 42.515638631796932 ], [ 43.139307684472648, 42.515660605606264 ], [ 43.139429420932927, 42.515761115704429 ], [ 43.13945850760269, 42.515780785870156 ], [ 43.139486893224515, 42.515796596620937 ], [ 43.139538824571794, 42.51581919170313 ], [ 43.139600608334604, 42.515840160077303 ], [ 43.139661169609134, 42.515857120059543 ], [ 43.139818865444028, 42.515897294595007 ], [ 43.139997031834362, 42.515943861924299 ], [ 43.140189751971334, 42.515989093792882 ], [ 43.140266109094107, 42.516004909537131 ], [ 43.140352131388703, 42.516020404832325 ], [ 43.140726135328869, 42.516079828827834 ], [ 43.140815034149938, 42.516096931101323 ], [ 43.14089459365389, 42.516114902966805 ], [ 43.141047448258206, 42.516155906799376 ], [ 43.141213041162793, 42.516207168073855 ], [ 43.141392082453628, 42.516268430793559 ], [ 43.141660151704265, 42.516365593092118 ], [ 43.141760142973581, 42.516404762274739 ], [ 43.141950245305452, 42.516486293760678 ], [ 43.142029315589028, 42.516518625076969 ], [ 43.142113374841337, 42.516549465796928 ], [ 43.142190920180447, 42.516573451249165 ], [ 43.142236792286958, 42.516589468340037 ], [ 43.142352101664407, 42.51663808895929 ], [ 43.142379885956068, 42.516647773652231 ], [ 43.142403964959087, 42.516654287781435 ], [ 43.14243158923454, 42.516658403607558 ], [ 43.142454893167972, 42.516657427945709 ], [ 43.142474291241548, 42.516651340502619 ], [ 43.14248996182382, 42.516640078432573 ], [ 43.142501576609867, 42.516626710869751 ], [ 43.142530803100691, 42.51659819353695 ], [ 43.142563424863411, 42.516574394259237 ], [ 43.142599525209079, 42.516555254048072 ], [ 43.14263921181125, 42.516540713408901 ], [ 43.142682560069943, 42.516530733936534 ], [ 43.142729816714841, 42.516525246682725 ], [ 43.142781217543295, 42.5165242230457 ], [ 43.142837134067783, 42.516527655534269 ], [ 43.142886813417014, 42.516533830805599 ], [ 43.142940312673439, 42.516543089299439 ], [ 43.142998197525664, 42.516555525731519 ], [ 43.143061565158852, 42.51657137400975 ], [ 43.143187328629857, 42.516607525909492 ], [ 43.143440208294649, 42.516687193348744 ], [ 43.143546547984883, 42.516719177555096 ], [ 43.143655405676071, 42.516748596290476 ], [ 43.143751909354279, 42.516770394274431 ], [ 43.143805828252212, 42.51678025082095 ], [ 43.143857037302269, 42.516787726526893 ], [ 43.143905844321786, 42.516792867807936 ], [ 43.143952445935639, 42.516795694062516 ], [ 43.143997054906578, 42.516796214143433 ], [ 43.144039733416129, 42.516794424557638 ], [ 43.144080580201503, 42.516790320603043 ], [ 43.144119668475497, 42.516783896263199 ], [ 43.144148209299111, 42.516776135745367 ], [ 43.144161540925786, 42.51677524493995 ], [ 43.144173020538346, 42.516778976340326 ], [ 43.144197538835918, 42.516793358954757 ], [ 43.144234861788874, 42.51680614789467 ], [ 43.14427974853681, 42.516814762848867 ], [ 43.144321743713583, 42.516819033554256 ], [ 43.144446152469101, 42.516827169632236 ], [ 43.144523800256138, 42.516833174011815 ], [ 43.144611151141717, 42.516835234408056 ], [ 43.144695822004486, 42.516834110239735 ], [ 43.144902843728715, 42.51682785747839 ], [ 43.145009897435969, 42.516828130239851 ], [ 43.145063865142468, 42.516830543991567 ], [ 43.145114103077631, 42.516834683107625 ], [ 43.145161478235288, 42.516840621065853 ], [ 43.14520644294263, 42.516848416524049 ], [ 43.145353690114945, 42.516883131693049 ], [ 43.145420209354121, 42.516893950622197 ], [ 43.145490871378115, 42.516902292538788 ], [ 43.145565934466624, 42.516908191333862 ], [ 43.145645940291594, 42.516911689086463 ], [ 43.145747151050017, 42.51691121999292 ], [ 43.145897396299489, 42.516903845649736 ], [ 43.145969262370222, 42.516898477969278 ], [ 43.146049067441247, 42.516889663560256 ], [ 43.146300944417796, 42.516853537269931 ], [ 43.146386973006962, 42.51684251703221 ], [ 43.146465540086403, 42.516834891732131 ], [ 43.146537279275393, 42.516830805817129 ], [ 43.146696779629444, 42.516826804103296 ], [ 43.146755120047018, 42.516827651507519 ], [ 43.146807840631944, 42.516830417088215 ], [ 43.146898449394506, 42.516840829651073 ], [ 43.147061178444602, 42.516867872767747 ], [ 43.147162812175523, 42.516887113160273 ], [ 43.14727447207914, 42.516914500728028 ], [ 43.147389672247321, 42.516947566630805 ], [ 43.147705615257522, 42.517044601922471 ], [ 43.147802364018332, 42.51707069425165 ], [ 43.147889363673237, 42.517090634869952 ], [ 43.147990090634075, 42.517108201968753 ], [ 43.148084558992117, 42.517118034800397 ], [ 43.148130099464829, 42.517120121767164 ], [ 43.148174676588091, 42.517120328117954 ], [ 43.148218415735371, 42.517118654079333 ], [ 43.148261413184855, 42.51711509580516 ], [ 43.148425594836212, 42.517091017683704 ], [ 43.148487268547385, 42.517087207334114 ], [ 43.148555512175825, 42.517087930200084 ], [ 43.148631518737133, 42.51709293808775 ], [ 43.148789006253885, 42.517108558902763 ], [ 43.148856501351524, 42.517113855062917 ], [ 43.148927340347825, 42.517116227114464 ], [ 43.148990498063725, 42.51711418662611 ], [ 43.149081235805276, 42.517106896657374 ], [ 43.149155135089245, 42.517098755532601 ], [ 43.149220961341364, 42.517088790917875 ], [ 43.149280090466533, 42.51707674408452 ], [ 43.149341357396196, 42.51705920511727 ], [ 43.149406840309886, 42.517034145337014 ], [ 43.149467571644529, 42.517006539476284 ], [ 43.149611831498838, 42.516935963370258 ], [ 43.149687563865129, 42.516903607066666 ], [ 43.149748785620297, 42.516881484282784 ], [ 43.149899431437895, 42.516830568057891 ], [ 43.149975266023247, 42.51680154522564 ], [ 43.150039353835716, 42.516772467739571 ], [ 43.150107851419442, 42.516736929778375 ], [ 43.150341140873699, 42.516600323348008 ], [ 43.150437044750383, 42.516548771125699 ], [ 43.150771761429368, 42.516393342686754 ], [ 43.150824381288857, 42.516369098378348 ], [ 43.150951200040424, 42.516315616847201 ], [ 43.151008634415, 42.516287856988505 ], [ 43.151039832767644, 42.516269941680271 ], [ 43.151066731424145, 42.516251742641749 ], [ 43.151089857135943, 42.516232900054575 ], [ 43.151109449542325, 42.516213213364978 ], [ 43.151129271343756, 42.516190411790085 ], [ 43.151139874719291, 42.516174702717279 ], [ 43.151146704517956, 42.516159238929845 ], [ 43.151151349758536, 42.516142230575504 ], [ 43.151153628031125, 42.516105589985777 ], [ 43.15115075204411, 42.516087078818138 ], [ 43.15114464911391, 42.516067572703811 ], [ 43.151135488919508, 42.516047633618449 ], [ 43.151123692117821, 42.516028187805503 ], [ 43.151100577085437, 42.516001592723164 ], [ 43.151068264728707, 42.515975762353911 ], [ 43.151027195605067, 42.515951072122746 ], [ 43.150978729509326, 42.515928345451023 ], [ 43.15095524652299, 42.515920587384095 ], [ 43.150898205403806, 42.515906749332004 ], [ 43.150873850538325, 42.515897598443047 ], [ 43.15084471769719, 42.515881722612598 ], [ 43.150825956254543, 42.515867827875212 ], [ 43.150819836403357, 42.515859259478098 ], [ 43.150818900231563, 42.515850222717113 ], [ 43.150823132698349, 42.515840608383833 ], [ 43.150832617776906, 42.515830210707932 ], [ 43.150861245572763, 42.515810047622459 ], [ 43.150940171646887, 42.515766205156773 ], [ 43.150972159725114, 42.515745980107745 ], [ 43.150996927081025, 42.515724547952452 ], [ 43.151004428251419, 42.515714428029924 ], [ 43.151008788514204, 42.515704565400739 ], [ 43.151011583000944, 42.515687490258571 ], [ 43.151010834239415, 42.51566768061312 ], [ 43.150996223406437, 42.515598237990481 ], [ 43.150993371001746, 42.5155720770762 ], [ 43.150993523049664, 42.515516602411907 ], [ 43.150996516862918, 42.515473573203444 ], [ 43.151002895816987, 42.515435254441847 ], [ 43.15101291380801, 42.515400837933477 ], [ 43.151038743702564, 42.515344070255594 ], [ 43.151051357638295, 42.515323540604804 ], [ 43.151067853836949, 42.515301595814819 ], [ 43.15113470109209, 42.515226712832643 ], [ 43.151159059392633, 42.51519590207532 ], [ 43.151193733742062, 42.515142193053578 ], [ 43.151227473784004, 42.515080577474855 ], [ 43.15132316703999, 42.514873312496121 ], [ 43.151427078518367, 42.514664938184872 ], [ 43.151468626322547, 42.514574355529476 ], [ 43.151503533367766, 42.514481227035198 ], [ 43.151515898062435, 42.514438337296397 ], [ 43.151525090417636, 42.514397185752458 ], [ 43.151530440160222, 42.514351522618675 ], [ 43.151529668821503, 42.514303403997978 ], [ 43.151522776674973, 42.514252325589844 ], [ 43.15150963023418, 42.514197282933523 ], [ 43.151494298593214, 42.514149143710966 ], [ 43.151474023192563, 42.514095322431338 ], [ 43.15139810232381, 42.513918816359016 ], [ 43.151372471791149, 42.513854939624167 ], [ 43.15135149267951, 42.513793243412479 ], [ 43.151337305562556, 42.513737793104319 ], [ 43.151328997883397, 42.513682629483391 ], [ 43.151327759742344, 42.513631067747461 ], [ 43.151333577523523, 42.513582330507234 ], [ 43.15134650753734, 42.513535993613353 ], [ 43.151368940579268, 42.51347334900877 ], [ 43.151384085261689, 42.513437646352948 ], [ 43.151401490970372, 42.513406175814801 ], [ 43.151421013131419, 42.513380331804996 ], [ 43.151439486453704, 42.513362193937148 ], [ 43.151461888243723, 42.513344867805671 ], [ 43.151488409240301, 42.513328200691646 ], [ 43.151519486014202, 42.513311917765812 ], [ 43.151586792863512, 42.513283249739239 ], [ 43.151731392421574, 42.513230464822236 ], [ 43.151790248958143, 42.513209602248104 ], [ 43.151857671929008, 42.513189541537322 ], [ 43.152104775811033, 42.513128642376564 ], [ 43.15220219909083, 42.513101054109114 ], [ 43.152320354156039, 42.513062609051303 ], [ 43.152426984447629, 42.513025767395185 ], [ 43.152525481700025, 42.512989356425976 ], [ 43.152617194905439, 42.512952871098925 ], [ 43.152766104434654, 42.512891941399793 ], [ 43.152848613410875, 42.512855428150694 ], [ 43.152922556242657, 42.512817851874956 ], [ 43.152984604646704, 42.512780092795538 ], [ 43.153031851286769, 42.51274609707577 ], [ 43.153079784383664, 42.512707225147146 ], [ 43.153129207491993, 42.512662850575879 ], [ 43.153182834781646, 42.512610543316896 ], [ 43.153234619887854, 42.51255180256377 ], [ 43.153330477489618, 42.512423200115428 ], [ 43.153375120881158, 42.512369416947152 ], [ 43.153448542523719, 42.51228448759084 ], [ 43.153482202462413, 42.512248568860429 ], [ 43.153519786653497, 42.512214636030933 ], [ 43.153557604235857, 42.512187698779258 ], [ 43.153588398313687, 42.512170561515575 ], [ 43.153625391567317, 42.512153594394157 ], [ 43.153761424934885, 42.512101632417028 ], [ 43.153946592505612, 42.512031313730439 ], [ 43.154150669963215, 42.51196183794071 ], [ 43.154378598218869, 42.511891417714153 ], [ 43.154655601335904, 42.511812245333914 ], [ 43.154722725251951, 42.511795357029875 ], [ 43.154866800444928, 42.511764074591191 ], [ 43.154928262232993, 42.511749362546624 ], [ 43.154991195577466, 42.511731135026345 ], [ 43.155045038646257, 42.51171129589622 ], [ 43.155124757656907, 42.511674894557338 ], [ 43.155200339570463, 42.511634055300043 ], [ 43.15526983615856, 42.511589835520951 ], [ 43.155331783669268, 42.511543168041229 ], [ 43.155371909339209, 42.511504636810237 ], [ 43.155455464530775, 42.511403887333991 ], [ 43.155477067137397, 42.511380770543305 ], [ 43.155498164110107, 42.51136118745076 ], [ 43.155518810648012, 42.511345247911308 ], [ 43.155544147924047, 42.511328866073576 ], [ 43.155638308243653, 42.511277238116094 ], [ 43.15567253428167, 42.511256360640004 ], [ 43.155702990019861, 42.511232895529758 ], [ 43.15572495677452, 42.511208897516589 ], [ 43.155735064322016, 42.511192595564168 ], [ 43.155755377829109, 42.511149194806542 ], [ 43.155766766407076, 42.511130225346136 ], [ 43.155812516035603, 42.51107307566744 ], [ 43.155834329428565, 42.511050978015128 ], [ 43.155856213233875, 42.511032362998726 ], [ 43.155878646127441, 42.511016888911826 ], [ 43.155901455981578, 42.511004738495778 ], [ 43.155924708286854, 42.510995878583834 ], [ 43.155948435023234, 42.510990297983398 ], [ 43.155987250370508, 42.510986367791787 ], [ 43.156018594819791, 42.510981309630516 ], [ 43.156049142102326, 42.510974012483011 ], [ 43.156078951089604, 42.510964461087603 ], [ 43.156108099140809, 42.510952632375201 ], [ 43.156136634177919, 42.510938510907771 ], [ 43.156164703041043, 42.51092202880649 ], [ 43.156192432019829, 42.510903113358907 ], [ 43.15622000614654, 42.510881639665705 ], [ 43.156263134064709, 42.510842722369603 ], [ 43.156308060553485, 42.510795703880682 ], [ 43.156351430147339, 42.510745249955377 ], [ 43.156462466588053, 42.510609445177934 ], [ 43.156496497246863, 42.510571218008806 ], [ 43.156528103433565, 42.510538904420066 ], [ 43.156610143073713, 42.510457927272064 ], [ 43.156673728442527, 42.510390995223652 ], [ 43.156779119741238, 42.510276589907257 ], [ 43.156835148114943, 42.510209917114267 ], [ 43.156880472651103, 42.510145224394883 ], [ 43.156897976821561, 42.510114542554327 ], [ 43.156912307598333, 42.510084529194458 ], [ 43.156935697845817, 42.510026022439163 ], [ 43.156950991562965, 42.509977199569342 ], [ 43.156959770767308, 42.50993297814653 ], [ 43.156962097526112, 42.509892613519476 ], [ 43.156960133478897, 42.509873172473846 ], [ 43.156955027291573, 42.509851970744833 ], [ 43.156915372192685, 42.509751969348422 ], [ 43.156908647569409, 42.509727565357622 ], [ 43.156905787398216, 42.50970552532953 ], [ 43.156907514512653, 42.509646758320436 ], [ 43.156912379163785, 42.509607758322524 ], [ 43.156922243241425, 42.50956517983694 ], [ 43.15693660170944, 42.509519474916225 ], [ 43.156983324075021, 42.509387770749505 ], [ 43.156994574980502, 42.509346167342514 ], [ 43.157001336187982, 42.509308565776408 ], [ 43.157003907134609, 42.509272273735981 ], [ 43.157004503188809, 42.509182325157433 ], [ 43.157010832573349, 42.509135601323941 ], [ 43.157022054156627, 42.509094413492647 ], [ 43.157035325136455, 42.509056880620484 ], [ 43.157050648050706, 42.509022999145458 ], [ 43.157068007347654, 42.508992801236246 ], [ 43.157086614644555, 42.508968304939771 ], [ 43.157110118668989, 42.508944716809957 ], [ 43.157138768024488, 42.508921777883472 ], [ 43.15717314489774, 42.50889901933148 ], [ 43.157242958820156, 42.508861079326493 ], [ 43.157411640386997, 42.508780713465647 ], [ 43.157448982810358, 42.508760581686822 ], [ 43.157480875174457, 42.508741223166609 ], [ 43.15764406373431, 42.508631292868088 ], [ 43.157817110350045, 42.508506953624568 ], [ 43.158003953802286, 42.508365668842714 ], [ 43.158251160116521, 42.508172230967588 ], [ 43.158332803321215, 42.508111325627809 ], [ 43.158528105930223, 42.507974520186664 ], [ 43.158614645098467, 42.507907896525126 ], [ 43.158661879102048, 42.507866678558273 ], [ 43.158702392270939, 42.507826570093407 ], [ 43.158736988328862, 42.507786769961619 ], [ 43.158766026561082, 42.507746856183324 ], [ 43.158781855888094, 42.507719727690535 ], [ 43.15881472851418, 42.507654424303574 ], [ 43.158834037986296, 42.507624048530538 ], [ 43.15886738416571, 42.507583035048263 ], [ 43.158904628892444, 42.507544422922464 ], [ 43.158944624898773, 42.507509397742645 ], [ 43.15898644040314, 42.507478770333229 ], [ 43.159026907697871, 42.507456214447259 ], [ 43.159076922923248, 42.507436203817193 ], [ 43.159130595867261, 42.507419791982258 ], [ 43.159278976915907, 42.50738030610875 ], [ 43.159321304496856, 42.507366187500445 ], [ 43.159357301270987, 42.507351297159644 ], [ 43.159422829354689, 42.50731960878035 ], [ 43.159474995665711, 42.50729123944803 ], [ 43.159536928593219, 42.507253731555437 ], [ 43.159583660495322, 42.507221913135055 ], [ 43.159622034913156, 42.507191111340639 ], [ 43.159652723717429, 42.507160662464507 ], [ 43.15967088392695, 42.507136167559786 ], [ 43.159706906794305, 42.507070935222565 ], [ 43.159727030985543, 42.507042721083032 ], [ 43.159748168816243, 42.507021856365036 ], [ 43.15980053266825, 42.506978236611843 ], [ 43.159819673685611, 42.506958432169071 ], [ 43.159835114844896, 42.506935550567853 ], [ 43.159847242647345, 42.506908490346326 ], [ 43.159856116715488, 42.506878745567889 ], [ 43.159876033521684, 42.506792754459653 ], [ 43.159885353044068, 42.506767157542249 ], [ 43.159896775279648, 42.506745227197769 ], [ 43.159936493577618, 42.506689304542121 ], [ 43.15999039546135, 42.506627595823474 ], [ 43.160034758942082, 42.506578615297975 ], [ 43.1600583928494, 42.50655521864882 ], [ 43.1600837891243, 42.506534933766417 ], [ 43.160109485186652, 42.506519904775118 ], [ 43.160131561161705, 42.506510821580868 ], [ 43.160158164542224, 42.506502743152922 ], [ 43.160245792622355, 42.506483970008823 ], [ 43.160308746109202, 42.506473784427939 ], [ 43.160449078408952, 42.50645950913691 ], [ 43.160504411088134, 42.506450000769405 ], [ 43.160574031090995, 42.506433740733151 ], [ 43.160627133608678, 42.506419098510221 ], [ 43.160672970654623, 42.506403518321434 ], [ 43.160712368744541, 42.506386623508213 ], [ 43.160758053413922, 42.50636171118407 ], [ 43.160802659695094, 42.506331817721126 ], [ 43.160845017075097, 42.506297719512247 ], [ 43.160883516487857, 42.50626070462647 ], [ 43.160908695401105, 42.506229057484873 ], [ 43.160930130720295, 42.506190884325171 ], [ 43.160946413458738, 42.506151940434471 ], [ 43.160982102204045, 42.506051919632647 ], [ 43.161007072997798, 42.506000591299056 ], [ 43.161060630483114, 42.505910180641372 ], [ 43.161080732718517, 42.505882515236273 ], [ 43.161101388196762, 42.505859143504871 ], [ 43.161123331274474, 42.505839510790373 ], [ 43.161150967256383, 42.505819569602188 ], [ 43.161258585774824, 42.50575589021048 ], [ 43.161298422411051, 42.505728873790268 ], [ 43.16140114930873, 42.505647457851829 ], [ 43.161474068615917, 42.50558192280495 ], [ 43.161503494103556, 42.505551414423216 ], [ 43.161528098477469, 42.505522447851092 ], [ 43.161548036734544, 42.505494842768059 ], [ 43.161563373800732, 42.505468502058967 ], [ 43.161574358939227, 42.505441565595319 ], [ 43.161580371584591, 42.505413862222689 ], [ 43.161581425781556, 42.505385328228499 ], [ 43.161577523990367, 42.505355879901586 ], [ 43.161568671371576, 42.50532546599316 ], [ 43.161554826796859, 42.505293912036699 ], [ 43.161535920683868, 42.505261059318279 ], [ 43.161511815425783, 42.505226661579236 ], [ 43.161462559741132, 42.505168363188083 ], [ 43.161397536255528, 42.505102815390941 ], [ 43.161329322667228, 42.50504034845877 ], [ 43.161162006538923, 42.504893276780621 ], [ 43.16108567349103, 42.504821536139573 ], [ 43.161025052612047, 42.504757244814201 ], [ 43.160979183756425, 42.504698901516385 ], [ 43.160939285696912, 42.504639073585494 ], [ 43.160900248602047, 42.504575288052727 ], [ 43.160861702993479, 42.50450694642835 ], [ 43.160822990469271, 42.50443288544438 ], [ 43.160752204038793, 42.504284582735856 ], [ 43.160625731330086, 42.503998843354225 ], [ 43.160572833529464, 42.503883892177818 ], [ 43.160514308786603, 42.503766680314477 ], [ 43.160457154256065, 42.503664256676217 ], [ 43.16042118192528, 42.503605978392855 ], [ 43.160384483812805, 42.503551202375391 ], [ 43.160346799831444, 42.503499542615309 ], [ 43.160307948550987, 42.503450753050899 ], [ 43.160267713791988, 42.503404569051241 ], [ 43.160226019915463, 42.503360913754435 ], [ 43.160182751215721, 42.503319665528174 ], [ 43.160137811717078, 42.503280735476466 ], [ 43.16007741358225, 42.503232666056199 ], [ 43.160013294565609, 42.503185068168548 ], [ 43.15994552375156, 42.503137993347423 ], [ 43.159874182230261, 42.503091498722654 ], [ 43.159799345246441, 42.503045633225121 ], [ 43.159721134668111, 42.503000474451419 ], [ 43.159639673842896, 42.502956091016465 ], [ 43.159555105264133, 42.502912562649335 ], [ 43.159467323153251, 42.50286984441766 ], [ 43.159376766350803, 42.502828161296506 ], [ 43.15928364377713, 42.502787610292742 ], [ 43.1591882029877, 42.502748298940539 ], [ 43.159090666439603, 42.502710319062061 ], [ 43.158991393812997, 42.502673814215299 ], [ 43.158890724660907, 42.502638908724421 ], [ 43.158789051742012, 42.502605738576356 ], [ 43.158648833180898, 42.502564720153984 ], [ 43.158499307903178, 42.502527398203966 ], [ 43.158339434601523, 42.502493507400352 ], [ 43.158167291406805, 42.502462638574052 ], [ 43.157988201460874, 42.502435419382962 ], [ 43.157789631660798, 42.502409654459683 ], [ 43.157569849351454, 42.502384874571675 ], [ 43.157251350852526, 42.502352351300196 ], [ 43.157175726269564, 42.502345984690344 ], [ 43.157096095819377, 42.502341710402256 ], [ 43.157011684318618, 42.502339484438643 ], [ 43.156920985067281, 42.502339265440099 ], [ 43.156745436564151, 42.502343476308802 ], [ 43.156289142933602, 42.502362402297166 ], [ 43.156157030730199, 42.502364240395707 ], [ 43.156039548831274, 42.502362341505112 ], [ 43.155908673123626, 42.50235482363189 ], [ 43.155788483201434, 42.502341380020347 ], [ 43.155731603970381, 42.502332350501504 ], [ 43.15567666956737, 42.50232174838947 ], [ 43.15562352992194, 42.502309545155342 ], [ 43.155572073837327, 42.502295714696693 ], [ 43.155513888201739, 42.502277144364655 ], [ 43.155450142009663, 42.502253399094428 ], [ 43.155191192580453, 42.502145259878205 ], [ 43.155136659859423, 42.502125518929091 ], [ 43.155085891192364, 42.502109552419491 ], [ 43.155003273768685, 42.502087761583731 ], [ 43.154915253459635, 42.502068513272135 ], [ 43.154820974253035, 42.502051615377709 ], [ 43.154718735208391, 42.502036762220314 ], [ 43.15462329470845, 42.502025419839924 ], [ 43.154515907953936, 42.502014778291297 ], [ 43.154085070513808, 42.5019790614664 ], [ 43.15391412184195, 42.501965660784855 ], [ 43.153725222502025, 42.501956008623864 ], [ 43.153517584391324, 42.501949713963455 ], [ 43.153091589944886, 42.50194208474371 ], [ 43.152909813583641, 42.501937450437751 ], [ 43.152718956575733, 42.501929441872115 ], [ 43.152548472958216, 42.501918199856661 ], [ 43.152420363814286, 42.501906628728186 ], [ 43.152286860503786, 42.50189192931785 ], [ 43.152146552165952, 42.50187394827222 ], [ 43.151996645254805, 42.501852330718421 ], [ 43.15172260218413, 42.501808065394876 ], [ 43.151089316540087, 42.501698369266236 ], [ 43.150930079094969, 42.50167276071339 ], [ 43.150785659395098, 42.50165130938408 ], [ 43.150647073812117, 42.501632760849482 ], [ 43.150515772002677, 42.501617396989325 ], [ 43.150389931015582, 42.501605005587855 ], [ 43.150268527757277, 42.501595489095877 ], [ 43.150080733461053, 42.501580323917089 ], [ 43.149661227236379, 42.50153994379189 ], [ 43.149477085102525, 42.501523885631144 ], [ 43.149292335386257, 42.501511429449792 ], [ 43.14913502699207, 42.501505658874571 ], [ 43.149051928906225, 42.501505288079606 ], [ 43.14897587468122, 42.501507194139755 ], [ 43.148906452621191, 42.501511388428121 ], [ 43.148843412818103, 42.501517884929761 ], [ 43.148786498725215, 42.501526716432302 ], [ 43.148735651497709, 42.501537897303251 ], [ 43.148690767044712, 42.501551449282907 ], [ 43.148651774093928, 42.501567395541279 ], [ 43.148628834789264, 42.501579591074766 ], [ 43.14860822548227, 42.50159324981982 ], [ 43.148589934959283, 42.501608380601994 ], [ 43.148573949521008, 42.501624994007507 ], [ 43.148560261550621, 42.501643100720813 ], [ 43.148548854757095, 42.501662716689289 ], [ 43.148539721391401, 42.501683857097632 ], [ 43.14853285351888, 42.501706543431261 ], [ 43.148528248023354, 42.501730757629311 ], [ 43.148525887233646, 42.501756562444676 ], [ 43.148527890851518, 42.501813081567157 ], [ 43.14853887329204, 42.501876417934369 ], [ 43.148558921597534, 42.501947087161987 ], [ 43.148581315098212, 42.502008604212747 ], [ 43.148609705369815, 42.502075715096765 ], [ 43.148644403830041, 42.50214916779214 ], [ 43.148686106867004, 42.502230439634658 ], [ 43.148774502561587, 42.502389785008191 ], [ 43.14895994580101, 42.502707121322373 ], [ 43.149035258177214, 42.502839251337321 ], [ 43.149107460468024, 42.502973142054024 ], [ 43.149166079011188, 42.503091624675712 ], [ 43.149220766974189, 42.503217646177099 ], [ 43.149242639300169, 42.503275991053215 ], [ 43.149260992239917, 42.503331562126014 ], [ 43.149275903844334, 42.503384601103726 ], [ 43.149287386735551, 42.503435174832028 ], [ 43.149295466779883, 42.503483396298051 ], [ 43.149300156202912, 42.503529345848548 ], [ 43.149304692652144, 42.503620328317652 ], [ 43.149306211234517, 42.503712492181151 ], [ 43.149304712520909, 42.503805817636334 ], [ 43.149300195785678, 42.503900287560853 ], [ 43.149292662815526, 42.503995882171154 ], [ 43.14928211671959, 42.504092578102558 ], [ 43.149268556930679, 42.504190352831344 ], [ 43.149251989070045, 42.504289180331305 ], [ 43.149232411959119, 42.504389058780944 ], [ 43.149209834421832, 42.504489936089499 ], [ 43.149184263454629, 42.504591780849061 ], [ 43.149155707323381, 42.504694559870835 ], [ 43.149124175404083, 42.504798243585995 ], [ 43.149089678714098, 42.504902788043253 ], [ 43.149052233030488, 42.505008152970156 ], [ 43.149011851803564, 42.505114294454309 ], [ 43.148968370101613, 42.505221604266687 ], [ 43.148921968966398, 42.505329597233079 ], [ 43.148872671925645, 42.505438217896241 ], [ 43.148820506342759, 42.505547404556829 ], [ 43.148707691223855, 42.505767227468503 ], [ 43.148583834703494, 42.505988459491014 ], [ 43.148449185530623, 42.506210627319028 ], [ 43.148304355808683, 42.506432699776823 ], [ 43.148149945901451, 42.506653755365932 ], [ 43.147986761584406, 42.506872635463694 ], [ 43.147747248790395, 42.507177816095528 ], [ 43.147516317362268, 42.50745949114981 ], [ 43.147290705213692, 42.507721634266964 ], [ 43.147179759055064, 42.507845529120502 ], [ 43.147069994982004, 42.507964704313352 ], [ 43.146961094099353, 42.508079490594611 ], [ 43.146853355766076, 42.508189561408777 ], [ 43.146746776363656, 42.508294916700919 ], [ 43.146641363355123, 42.508395552092637 ], [ 43.146537120606531, 42.508491461346161 ], [ 43.146434061849028, 42.508582633880629 ], [ 43.146332197137014, 42.508669059956226 ], [ 43.146231536524418, 42.508750729833103 ], [ 43.146131928104523, 42.508827759928501 ], [ 43.146033551641587, 42.508899999161301 ], [ 43.145936418325014, 42.508967440511654 ], [ 43.145840539370312, 42.509030076059567 ], [ 43.145745924722625, 42.509087899665559 ], [ 43.145652584353215, 42.509140904290021 ], [ 43.145560528152927, 42.50918908559364 ], [ 43.145469764822032, 42.509232438317269 ], [ 43.145380306736662, 42.50927095636068 ], [ 43.145292158813085, 42.509304638906137 ], [ 43.145205328453365, 42.509333483375009 ], [ 43.145119823085572, 42.50935748628855 ], [ 43.145035650083919, 42.509376645968132 ], [ 43.144952816821963, 42.509390960735097 ], [ 43.144871328212844, 42.509400429771482 ], [ 43.144791190358951, 42.509405053179037 ], [ 43.144750763054816, 42.509405222516065 ], [ 43.144709918124612, 42.509403503837902 ], [ 43.144668640973038, 42.509399896907745 ], [ 43.144626909758522, 42.509394399570368 ], [ 43.144542017267028, 42.509377724467718 ], [ 43.144455051879973, 42.509353442148303 ], [ 43.144365879415659, 42.509321522517148 ], [ 43.144274153945538, 42.509281851900447 ], [ 43.144179555785207, 42.509234293634009 ], [ 43.144081642449706, 42.509178624411945 ], [ 43.143981568249352, 42.509115653604191 ], [ 43.143876994092615, 42.50904405643027 ], [ 43.143766958389278, 42.508963177911021 ], [ 43.143649695699708, 42.508871723258771 ], [ 43.143534538140166, 42.50877762617948 ], [ 43.14340667681239, 42.508669365572096 ], [ 43.142906928480791, 42.50823173752805 ], [ 43.14269150165461, 42.508048592928716 ], [ 43.142574555965837, 42.507953571651313 ], [ 43.142465020965709, 42.50786835936988 ], [ 43.14236080965577, 42.507791337307303 ], [ 43.142260872533832, 42.507721733803606 ], [ 43.142141233612151, 42.507644618069982 ], [ 43.142025939590305, 42.507577464258794 ], [ 43.141914218604725, 42.507519824901713 ], [ 43.141805568194584, 42.50747144420987 ], [ 43.141752187705123, 42.507450637636367 ], [ 43.14169943168362, 42.507432088926926 ], [ 43.141647260377837, 42.50741578392941 ], [ 43.141595641201611, 42.50740171311066 ], [ 43.141544539135943, 42.507389866897839 ], [ 43.141493931194042, 42.507380240416047 ], [ 43.141443793172741, 42.507372828770535 ], [ 43.141394099599083, 42.507367628847071 ], [ 43.141300698292746, 42.507361994472788 ], [ 43.141205225431065, 42.507360385167701 ], [ 43.141107673750099, 42.507362799007588 ], [ 43.141008033445239, 42.507369237629071 ], [ 43.140906294791115, 42.507379699968268 ], [ 43.14080244187204, 42.507394188462854 ], [ 43.140696461231272, 42.507412704689699 ], [ 43.140588335681443, 42.507435252866522 ], [ 43.140478086147688, 42.507461824321325 ], [ 43.140365650108357, 42.507492433342293 ], [ 43.140251000534235, 42.507527087588947 ], [ 43.140134104258976, 42.507565796422071 ], [ 43.140014936684452, 42.507608567540181 ], [ 43.139893442450628, 42.507655419849186 ], [ 43.139769572225639, 42.507706374153543 ], [ 43.139643263187459, 42.507761454640473 ], [ 43.139518027217242, 42.507819004595923 ], [ 43.139390331428892, 42.507880525490435 ], [ 43.139260078240653, 42.507946064360098 ], [ 43.139127139094192, 42.508015686648648 ], [ 43.138991431216255, 42.508089432426956 ], [ 43.138852683709082, 42.508167446774564 ], [ 43.138710655162448, 42.508249865342464 ], [ 43.138564987614501, 42.508336895731176 ], [ 43.138271129761009, 42.508519389073527 ], [ 43.137955761805181, 42.508724018643825 ], [ 43.137616753948528, 42.508951782562953 ], [ 43.137164916766601, 42.509262616040019 ], [ 43.137069838156066, 42.509329714017731 ], [ 43.13697457181005, 42.509399723924211 ], [ 43.136878912485223, 42.509472793712582 ], [ 43.136782596098712, 42.509549126212001 ], [ 43.136586957774114, 42.509712388311733 ], [ 43.136383761413633, 42.509892755436496 ], [ 43.136221355002597, 42.510043811166568 ], [ 43.136044960062591, 42.510213493763871 ], [ 43.135864628811021, 42.510391330398498 ], [ 43.135369608941815, 42.510885325293735 ], [ 43.135216216666272, 42.511035038571208 ], [ 43.13507687148136, 42.511167805125972 ], [ 43.134886080976194, 42.511351707983756 ], [ 43.134692839169908, 42.511547188520659 ], [ 43.13449539795981, 42.511756007638425 ], [ 43.134290591541877, 42.5119815079075 ], [ 43.134096999168989, 42.512201934866646 ], [ 43.13388614889741, 42.512448533850957 ], [ 43.133107687140836, 42.513383287793054 ], [ 43.132778107898361, 42.51377041402813 ], [ 43.132596084692786, 42.513977338651827 ], [ 43.132422917191548, 42.514168361455177 ], [ 43.132255208654634, 42.514347227396286 ], [ 43.132091199406304, 42.514515804354346 ], [ 43.131888491177946, 42.51471497367784 ], [ 43.131687586227656, 42.514901990390712 ], [ 43.131487048832227, 42.515078184604107 ], [ 43.131285911546982, 42.515244407763738 ], [ 43.131083049559209, 42.515401562773711 ], [ 43.130980873249619, 42.51547681038079 ], [ 43.130878100944734, 42.515549910281706 ], [ 43.130774658014452, 42.515620916190386 ], [ 43.130670493508966, 42.515689863295556 ], [ 43.130565550314124, 42.515756789386643 ], [ 43.13045977637011, 42.515821726031618 ], [ 43.130367445533317, 42.515873208118613 ], [ 43.130257415920966, 42.515926946211302 ], [ 43.130134108702975, 42.515981552639118 ], [ 43.129779363120086, 42.516131413700293 ], [ 43.129675491811042, 42.516179611660327 ], [ 43.129588047105734, 42.51622465204953 ], [ 43.129539522982654, 42.516252356594286 ], [ 43.12949554461094, 42.516279844462751 ], [ 43.129455790718673, 42.516307316638944 ], [ 43.129420064881309, 42.516334910404758 ], [ 43.129388170082827, 42.516362782843736 ], [ 43.129360058481332, 42.516390987210464 ], [ 43.129335648551027, 42.516419604125943 ], [ 43.129314884800422, 42.516448698426096 ], [ 43.129289331470822, 42.516493808116479 ], [ 43.129268804604273, 42.516542214817861 ], [ 43.129253292237792, 42.516593952558154 ], [ 43.129242778356875, 42.516649068806636 ], [ 43.129237253569322, 42.516707593129162 ], [ 43.129236702363421, 42.516769637840994 ], [ 43.129241124098343, 42.516835306494094 ], [ 43.129250528556426, 42.516904761345323 ], [ 43.12926432632004, 42.516975440629949 ], [ 43.129282831257484, 42.517050125845358 ], [ 43.12930613999486, 42.517129210303175 ], [ 43.129334475613746, 42.517213459502301 ], [ 43.129366557506565, 42.517299732147485 ], [ 43.12940447341817, 42.517394188717674 ], [ 43.129515075019036, 42.517649608162259 ], [ 43.129585140921648, 42.517832412319883 ], [ 43.129619434046141, 42.517906609589673 ], [ 43.129641289632197, 42.517943472612266 ], [ 43.129664709159698, 42.517975491928468 ], [ 43.129690109112289, 42.518003233573808 ], [ 43.129717731402181, 42.518026953648331 ], [ 43.129760552435613, 42.518054746442942 ], [ 43.129811813501227, 42.518079758343028 ], [ 43.129871657382097, 42.518102059208829 ], [ 43.129940395835128, 42.518121767584255 ], [ 43.130016749289929, 42.518138684259632 ], [ 43.130103345012799, 42.518153535614189 ], [ 43.130201132093397, 42.51816658116207 ], [ 43.130325139585473, 42.518179829414763 ], [ 43.130385067349913, 42.518184386185943 ], [ 43.130448241023316, 42.518186477978375 ], [ 43.130515218738111, 42.518186125601588 ], [ 43.130587087742214, 42.518183323376334 ], [ 43.130735130561057, 42.518171829237879 ], [ 43.131002617534037, 42.518143229923879 ], [ 43.131111678987025, 42.518130289752428 ], [ 43.131224751545744, 42.518113265205848 ], [ 43.13134302238948, 42.51809198292036 ], [ 43.131468815668676, 42.518066025112276 ], [ 43.131699361025412, 42.518011794650967 ], [ 43.13224729538647, 42.517872195379368 ], [ 43.132393499388968, 42.517838334748227 ], [ 43.132526342118595, 42.517810674299248 ], [ 43.132643608666633, 42.517790011879285 ], [ 43.132903578894911, 42.517750814077814 ], [ 43.13301727183245, 42.517731640165628 ], [ 43.133135554322678, 42.517707019700673 ], [ 43.13323884428025, 42.517679325309636 ], [ 43.133350397699438, 42.51764274833053 ], [ 43.133474250188961, 42.517596995172802 ], [ 43.133541511050353, 42.517568954839085 ], [ 43.133612949749931, 42.51753514791011 ], [ 43.133692073266346, 42.51749398351533 ], [ 43.13392673958996, 42.517366152161799 ], [ 43.134003831667727, 42.517328399937547 ], [ 43.134075205464903, 42.517297492309311 ], [ 43.134157738113331, 42.517266389949761 ], [ 43.134332803362582, 42.517206152589871 ], [ 43.13440725811305, 42.517179001562134 ], [ 43.134582596479888, 42.517109363893475 ], [ 43.134754824185435, 42.517035962369 ], [ 43.13492354179381, 42.51695896520512 ], [ 43.135088370370951, 42.516878547257882 ], [ 43.135248931883261, 42.51679489420637 ], [ 43.135404914728234, 42.516708168497864 ], [ 43.135556003283099, 42.516618545123023 ], [ 43.135701912481771, 42.516526195068131 ], [ 43.13579593955901, 42.516463322789136 ], [ 43.135897686966459, 42.516392577426849 ], [ 43.135975409457238, 42.516332475430069 ], [ 43.136055404496439, 42.516260212494579 ], [ 43.136131642583749, 42.516183164128442 ], [ 43.136328283180795, 42.515973571978947 ], [ 43.136389705185138, 42.515913753854512 ], [ 43.136447484579293, 42.515862711674792 ], [ 43.136517643418749, 42.515808446062621 ], [ 43.136588112314371, 42.515762666767664 ], [ 43.136660289995213, 42.515724471681423 ], [ 43.136734950340404, 42.515693462739478 ], [ 43.136807836766053, 42.515668975451497 ], [ 43.136895684302054, 42.515642951050395 ], [ 43.136993205589079, 42.515619138934525 ], [ 43.137104538688327, 42.515598997707073 ], [ 43.137212797944287, 42.515583981814167 ], [ 43.137475332175789, 42.515552562644679 ], [ 43.137607717554282, 42.515532110289548 ], [ 43.13769981762276, 42.515512935492524 ], [ 43.13789040179627, 42.515466322491577 ], [ 43.137972588253625, 42.515448125526291 ], [ 43.138059777955661, 42.515433159017626 ], [ 43.138138542592287, 42.515425249062254 ], [ 43.138200698128394, 42.515422886646917 ] ] ], [ [ [ 43.193789784803208, 42.52181242722277 ], [ 43.193564894828206, 42.521786751400391 ], [ 43.193330363482552, 42.521765582513169 ], [ 43.193091150646374, 42.52174916803186 ], [ 43.192839746874519, 42.521736803216562 ], [ 43.192573870389722, 42.5217283718397 ], [ 43.192289251994268, 42.521723736193927 ], [ 43.192012373143342, 42.521722716997644 ], [ 43.191704258396996, 42.52172463427916 ], [ 43.190533291815818, 42.521743152546584 ], [ 43.190042574064279, 42.521746938683272 ], [ 43.189778205001652, 42.52174576230928 ], [ 43.189532310657441, 42.521741873067114 ], [ 43.189300105175235, 42.521735194534159 ], [ 43.189079180238544, 42.521725652703502 ], [ 43.188815607976451, 42.521709543060062 ], [ 43.188564469321854, 42.521688671906432 ], [ 43.188324003281735, 42.521662893505379 ], [ 43.188093066740336, 42.521632081779607 ], [ 43.187870415796873, 42.52159605951595 ], [ 43.187655680110943, 42.521554752462777 ], [ 43.187448273781314, 42.521508046931672 ], [ 43.187247755347286, 42.521455844121611 ], [ 43.186996447330507, 42.521382918961748 ], [ 43.186736656141541, 42.521301900868743 ], [ 43.186466371782082, 42.521212165408407 ], [ 43.186181993727907, 42.52111252081518 ], [ 43.185893542619333, 42.521006836805753 ], [ 43.185577688980317, 42.520886889315413 ], [ 43.185234199204096, 42.520752896851761 ], [ 43.184710900392638, 42.52054547058254 ], [ 43.184570505420488, 42.520488400925679 ], [ 43.18442861887732, 42.520428028575068 ], [ 43.18428494978447, 42.520364229141016 ], [ 43.184139119537122, 42.520296835418293 ], [ 43.18399088658375, 42.520225740007014 ], [ 43.183839484742379, 42.520150581340296 ], [ 43.183684231174261, 42.520071020781344 ], [ 43.183524101497298, 42.519986533264479 ], [ 43.183247357246174, 42.519835415616363 ], [ 43.18294247918211, 42.519662890900641 ], [ 43.182648280949877, 42.519492235018738 ], [ 43.18191720528047, 42.519063286061609 ], [ 43.181523635791891, 42.518837823561569 ], [ 43.18131710515582, 42.518723168420735 ], [ 43.181122360958845, 42.518618105326929 ], [ 43.180935868301042, 42.518520731195217 ], [ 43.180755776681536, 42.518430081914886 ], [ 43.180548632925969, 42.518330355694239 ], [ 43.180346814370864, 42.518238267452197 ], [ 43.180149050952345, 42.51815323960475 ], [ 43.179954479259678, 42.518074902740928 ], [ 43.179762130320974, 42.518002875860454 ], [ 43.17957167862464, 42.51793704753787 ], [ 43.179382629960877, 42.51787724693019 ], [ 43.179194599439789, 42.517823353557993 ], [ 43.179022520640501, 42.517778910693671 ], [ 43.178845116739218, 42.517737635690402 ], [ 43.178662029804443, 42.517699445386171 ], [ 43.178472787946752, 42.517664240395298 ], [ 43.17827708021882, 42.517631954505767 ], [ 43.178073947237642, 42.51760242383736 ], [ 43.177862508987623, 42.517575518183712 ], [ 43.177641445847286, 42.517551070619504 ], [ 43.17744570038996, 42.517532170212085 ], [ 43.177240263767651, 42.51751473896374 ], [ 43.177023105674003, 42.517498602229587 ], [ 43.176790301456187, 42.517483466045007 ], [ 43.176340807776228, 42.517458864652347 ], [ 43.175497730865644, 42.51741937233254 ], [ 43.175160031066106, 42.517402276795778 ], [ 43.174813399329729, 42.517381897764409 ], [ 43.174503181293993, 42.517360030262616 ], [ 43.174155819043015, 42.517330056704331 ], [ 43.173833512994783, 42.517295666279757 ], [ 43.173679682183185, 42.517276595448877 ], [ 43.173530207681381, 42.517256207924447 ], [ 43.173384694193487, 42.517234450592632 ], [ 43.173242841200363, 42.517211276351077 ], [ 43.172923777880051, 42.517153497493943 ], [ 43.172594190860785, 42.517087174820091 ], [ 43.172251438252076, 42.517011781597418 ], [ 43.171890860953113, 42.516926295089007 ], [ 43.171511793940859, 42.516830694606824 ], [ 43.171094803788783, 42.51672019672867 ], [ 43.170657663051216, 42.516600166604739 ], [ 43.169428804658736, 42.516257056790188 ], [ 43.169047390001765, 42.516153993762636 ], [ 43.168704152879606, 42.516064585926031 ], [ 43.168306356664822, 42.515966198965273 ], [ 43.167933036254674, 42.515880159466683 ], [ 43.167576746428104, 42.515804756422604 ], [ 43.167233720550108, 42.51573920119376 ], [ 43.167139434795466, 42.515723294895587 ], [ 43.167040429594365, 42.515708722364643 ], [ 43.166936532800591, 42.515695459221156 ], [ 43.166827520053715, 42.515683476646529 ], [ 43.166593220983657, 42.515663247375294 ], [ 43.166334053700496, 42.515647730191176 ], [ 43.166070445757491, 42.515637377102763 ], [ 43.165771386881289, 42.515630302956382 ], [ 43.165461910103744, 42.515626361702864 ], [ 43.164635753272947, 42.515620032959042 ], [ 43.164393805308649, 42.515616033243958 ], [ 43.164181394263622, 42.515610396353466 ], [ 43.16394381688459, 42.515600686927883 ], [ 43.163730461273389, 42.515587736049113 ], [ 43.163536955477483, 42.515571275650878 ], [ 43.163361175972845, 42.515551117797557 ], [ 43.163257601084311, 42.515536251708042 ], [ 43.163160312228761, 42.515519768971764 ], [ 43.163069078043016, 42.515501630773812 ], [ 43.16298372178403, 42.515481803676103 ], [ 43.162904067051109, 42.515460242537515 ], [ 43.162830028116794, 42.515436923481587 ], [ 43.162761504889758, 42.515411814295547 ], [ 43.162698419073394, 42.515384886717271 ], [ 43.162640612248396, 42.515356063469845 ], [ 43.162588139959304, 42.515325359860761 ], [ 43.162540953108611, 42.515292748093529 ], [ 43.162499018309873, 42.515258204224999 ], [ 43.162462301091011, 42.515221699791098 ], [ 43.162430781395024, 42.515183212862034 ], [ 43.162404439190439, 42.515142720607123 ], [ 43.16238326171878, 42.515100201212142 ], [ 43.162370496833141, 42.515066739348519 ], [ 43.162360042620207, 42.515031524264153 ], [ 43.162351898044761, 42.514994549639219 ], [ 43.162346059716967, 42.514955806414342 ], [ 43.162341299114267, 42.514872980802565 ], [ 43.162345755134673, 42.514782949179128 ], [ 43.162359419611441, 42.514685656478314 ], [ 43.162382320064935, 42.514580868095599 ], [ 43.162414503264522, 42.514468356937257 ], [ 43.162456072273081, 42.514347760827775 ], [ 43.162503407118933, 42.514227669627694 ], [ 43.1625592940103, 42.514099487288632 ], [ 43.162624103864346, 42.513962350720284 ], [ 43.162698690661038, 42.513814447297086 ], [ 43.162772801413148, 42.513674511412155 ], [ 43.162858142672562, 42.513519104094875 ], [ 43.163182806567114, 42.512945757455071 ], [ 43.16326709282994, 42.512799534663351 ], [ 43.163357531043232, 42.512653629261706 ], [ 43.163454135129257, 42.512508021646575 ], [ 43.163556919142046, 42.512362687712873 ], [ 43.163665896977406, 42.51221760875508 ], [ 43.16378109141661, 42.512072753601451 ], [ 43.163902522675613, 42.511928095540775 ], [ 43.164030219618439, 42.511783603496518 ], [ 43.164164162262878, 42.511639293337232 ], [ 43.164304428608261, 42.511495077136679 ], [ 43.164451058756882, 42.511350914088915 ], [ 43.164604100241945, 42.511206759003045 ], [ 43.164763594407212, 42.511062570189857 ], [ 43.164929613749031, 42.510918281242589 ], [ 43.165102230604354, 42.510773831153585 ], [ 43.165281532329587, 42.510629144745444 ], [ 43.165465011323846, 42.510486140519191 ], [ 43.165655204135611, 42.51034274008444 ], [ 43.165852242679136, 42.510198842857193 ], [ 43.166056292319944, 42.510054328074325 ], [ 43.166267482322446, 42.50990910230928 ], [ 43.166486114530933, 42.509762956023131 ], [ 43.166712466957399, 42.509615703606563 ], [ 43.166946919211199, 42.509467098033902 ], [ 43.167187662176758, 42.509318233293776 ], [ 43.16743738836297, 42.509167395449815 ], [ 43.167696811408369, 42.509014151887172 ], [ 43.167967012443249, 42.508857864230386 ], [ 43.168248130631191, 42.508698431064765 ], [ 43.168543485832991, 42.508533949394518 ], [ 43.168855944739086, 42.50836281872931 ], [ 43.169191763537924, 42.508181610563959 ], [ 43.169392791578915, 42.508075321866478 ], [ 43.169598141291893, 42.507969649389878 ], [ 43.169807822604717, 42.507864586065075 ], [ 43.17002185155453, 42.507760124019569 ], [ 43.17024023920716, 42.507656258902877 ], [ 43.170463010247197, 42.507552978476639 ], [ 43.170690183197536, 42.507450273104951 ], [ 43.170921785149559, 42.507348131487035 ], [ 43.171157782821673, 42.507246567473423 ], [ 43.171398267459253, 42.507145540167642 ], [ 43.171643278476431, 42.507045033060002 ], [ 43.171892858962956, 42.506945028798029 ], [ 43.172147048306186, 42.506845511770393 ], [ 43.17240591918609, 42.506746451586636 ], [ 43.172669542908061, 42.506647823236435 ], [ 43.172938004421127, 42.506549592920322 ], [ 43.173069992402333, 42.506503253716843 ], [ 43.173206352655406, 42.506458189907974 ], [ 43.17334736295166, 42.506414308647777 ], [ 43.1734933917676, 42.506371495120383 ], [ 43.173644677365921, 42.506329675657781 ], [ 43.17380198433721, 42.506288632787211 ], [ 43.173966016635617, 42.506248183185775 ], [ 43.174137844527799, 42.506208061109639 ], [ 43.174441801279556, 42.506141779671424 ], [ 43.17478327712913, 42.506072782945573 ], [ 43.175118324841755, 42.506008800614744 ], [ 43.175961043852702, 42.505852172201038 ], [ 43.176411227297805, 42.505763572736242 ], [ 43.176644371510321, 42.505714311504526 ], [ 43.176860600441842, 42.505665749611666 ], [ 43.177063874986445, 42.50561699379621 ], [ 43.177256223711041, 42.505567554083903 ], [ 43.177474073991313, 42.505506972911803 ], [ 43.177680283129725, 42.505444352835731 ], [ 43.177876174878627, 42.505379290814354 ], [ 43.178062616928678, 42.505311497214812 ], [ 43.17824054327226, 42.505240620412117 ], [ 43.178410243611509, 42.505166533572144 ], [ 43.178572165481363, 42.505089039422238 ], [ 43.178726642075802, 42.505007980293001 ], [ 43.17879959633607, 42.50496624696035 ], [ 43.17887251538194, 42.504921237732077 ], [ 43.178945546633862, 42.504872863095542 ], [ 43.179018875000153, 42.50482099991283 ], [ 43.179092621986328, 42.504765570866297 ], [ 43.179167158280599, 42.504706299975098 ], [ 43.179242815169161, 42.504642926841129 ], [ 43.179320082874916, 42.504575040498025 ], [ 43.179451949697395, 42.504452476882307 ], [ 43.179595230846381, 42.504311255032817 ], [ 43.179731653819196, 42.504171183902031 ], [ 43.180062787126069, 42.503824672771124 ], [ 43.18023886117269, 42.503647345755105 ], [ 43.180331491592753, 42.503558620015959 ], [ 43.180419486659247, 42.503478093908015 ], [ 43.180504447865502, 42.503404306072689 ], [ 43.180587230402772, 42.503336516339928 ], [ 43.180683350893695, 42.503263256795961 ], [ 43.18077813370342, 42.503197044323755 ], [ 43.180872188670513, 42.503137457247838 ], [ 43.180965936179412, 42.503084227577901 ], [ 43.18105985725304, 42.503037094588706 ], [ 43.181154121960809, 42.502995986234581 ], [ 43.181248981834088, 42.50296079123779 ], [ 43.18134463864768, 42.502931435352906 ], [ 43.18143268906141, 42.502908955903436 ], [ 43.181523648627326, 42.502889189081095 ], [ 43.181617522325112, 42.502872131355872 ], [ 43.181714316221232, 42.502857783717438 ], [ 43.1818140340282, 42.502846144416296 ], [ 43.18191668670601, 42.502837213618747 ], [ 43.182022282860693, 42.502830988751896 ], [ 43.182130832237249, 42.502827469962234 ], [ 43.182242319061288, 42.502826656090605 ], [ 43.182356784734075, 42.502828546884757 ], [ 43.182474248760897, 42.502833141744652 ], [ 43.182594729353049, 42.502840442751108 ], [ 43.182718244826965, 42.502850448384095 ], [ 43.182844832781143, 42.502863163732854 ], [ 43.18297452362031, 42.502878590170042 ], [ 43.183107364624441, 42.502896734738748 ], [ 43.183241238383388, 42.50291725316297 ], [ 43.183378270435149, 42.502940420488414 ], [ 43.183518528663733, 42.502966246785554 ], [ 43.1836621050494, 42.502994750611165 ], [ 43.183809061421968, 42.503025941037869 ], [ 43.183959584051109, 42.503059858828216 ], [ 43.184272077902435, 42.503136044121476 ], [ 43.184596826275971, 42.50322247465089 ], [ 43.184942291485712, 42.50332125657458 ], [ 43.185313474497057, 42.503433744091538 ], [ 43.185741556430692, 42.503569375858923 ], [ 43.185872847403346, 42.503614514501471 ], [ 43.186003865427764, 42.503665310413162 ], [ 43.18613489104326, 42.50372186979822 ], [ 43.186266283648997, 42.503784349638138 ], [ 43.186398272981613, 42.503852845424049 ], [ 43.186531581245362, 42.503927720699295 ], [ 43.1866668408639, 42.504009329477825 ], [ 43.186805002963219, 42.504098242442979 ], [ 43.186918502535235, 42.504175201928163 ], [ 43.187035603047896, 42.504257995293493 ], [ 43.187157520040188, 42.504347477469281 ], [ 43.187286620523885, 42.504445384322956 ], [ 43.187523110053355, 42.504631127310986 ], [ 43.188088744687533, 42.505085809066763 ], [ 43.188242593593927, 42.505205979624684 ], [ 43.188382746328195, 42.505312228879205 ], [ 43.18853205315893, 42.505421138827614 ], [ 43.188674439906428, 42.505520150227611 ], [ 43.188812264177685, 42.5056109006482 ], [ 43.188946806464905, 42.505694227143664 ], [ 43.189088675587385, 42.505776095134848 ], [ 43.189228810178605, 42.505850645606671 ], [ 43.189367917452074, 42.505918253563351 ], [ 43.189506502694528, 42.505979163837473 ], [ 43.189645139428272, 42.506033618735152 ], [ 43.189784042105792, 42.506081692787916 ], [ 43.18992352037958, 42.506123493549325 ], [ 43.190063822794194, 42.50615909518644 ], [ 43.190569440285145, 42.506280477704578 ], [ 43.190799056433768, 42.506332370514265 ], [ 43.190919303898035, 42.50635713691748 ], [ 43.191031400436529, 42.506378189418875 ], [ 43.191137120727113, 42.506395860446638 ], [ 43.19123733690828, 42.506410294366631 ], [ 43.191341086355806, 42.506422451560319 ], [ 43.191439625328421, 42.506430937728268 ], [ 43.191533369014635, 42.506435789155738 ], [ 43.19162258483307, 42.506437017279801 ], [ 43.191707562413683, 42.506434623080139 ], [ 43.191788384727722, 42.506428598870222 ], [ 43.191865183488233, 42.506418935030389 ], [ 43.191938052773914, 42.506405618644607 ], [ 43.191988229390674, 42.506393889283821 ], [ 43.192039012246774, 42.506380001850623 ], [ 43.192142229748768, 42.506345800560212 ], [ 43.192247330472284, 42.506303137631214 ], [ 43.192353845205474, 42.506252201974334 ], [ 43.192461400407801, 42.506193156994897 ], [ 43.192569192690492, 42.50612642678081 ], [ 43.192676494665314, 42.506052459135667 ], [ 43.192782417190841, 42.505971866816054 ], [ 43.192888011088002, 42.505883619063638 ], [ 43.192989963429959, 42.505790248197613 ], [ 43.193087017863355, 42.505692905124647 ], [ 43.193177784555495, 42.505592980897433 ], [ 43.193261002233648, 42.505491840682623 ], [ 43.193335179461116, 42.505391277382209 ], [ 43.193399080143955, 42.50529296635262 ], [ 43.193451643540932, 42.505198537986743 ], [ 43.193475601477722, 42.505146874920925 ], [ 43.193496135706056, 42.505093225290558 ], [ 43.193513241029365, 42.505037600722659 ], [ 43.193526913286846, 42.50498001916403 ], [ 43.193537145988962, 42.504920494922345 ], [ 43.193543938522197, 42.504859049601983 ], [ 43.193547286598104, 42.504795705649556 ], [ 43.19354718952669, 42.504730487369272 ], [ 43.193543642763466, 42.504663383882864 ], [ 43.193536649241487, 42.504594462777291 ], [ 43.193526211714769, 42.504523755614507 ], [ 43.19351233632829, 42.504451303015067 ], [ 43.193495028166538, 42.504377140179209 ], [ 43.19347430023393, 42.504301323144396 ], [ 43.193450168046162, 42.50422390528567 ], [ 43.193422651700153, 42.504144949956128 ], [ 43.193391229538449, 42.504063173752101 ], [ 43.193356366639165, 42.503979966344652 ], [ 43.193318102925971, 42.503895421116624 ], [ 43.193276487510197, 42.503809650506966 ], [ 43.193231566346142, 42.503722749794242 ], [ 43.193183428013462, 42.503634897779364 ], [ 43.193132165233351, 42.503546256218087 ], [ 43.193077892672989, 42.5034570277368 ], [ 43.192960102028266, 42.503276585052426 ], [ 43.192832234322616, 42.503097047741484 ], [ 43.192696372373511, 42.502921360097076 ], [ 43.192626491642102, 42.502836336589716 ], [ 43.192556011230117, 42.50275405385149 ], [ 43.192474509728058, 42.502666270454945 ], [ 43.192385796861934, 42.502581000121801 ], [ 43.192289864369457, 42.502498234600154 ], [ 43.192186700441049, 42.502417961978516 ], [ 43.192076293161833, 42.50234017394456 ], [ 43.191958622229649, 42.502264857549399 ], [ 43.191833669799813, 42.502191998980905 ], [ 43.19170141075319, 42.50212158341013 ], [ 43.191561877529836, 42.502053625732692 ], [ 43.191414982684798, 42.501988077713207 ], [ 43.191260685306489, 42.501924923368243 ], [ 43.191098937364849, 42.501864140296476 ], [ 43.190929696703265, 42.501805713391995 ], [ 43.190752880193145, 42.501749613391929 ], [ 43.190568404653021, 42.501695812831649 ], [ 43.19037616505581, 42.501644282098347 ], [ 43.19018180652656, 42.5015963512814 ], [ 43.189979857480971, 42.501550495753541 ], [ 43.189770152222259, 42.501506679536348 ], [ 43.189552464541613, 42.501464854885846 ], [ 43.189326649291544, 42.50142499064507 ], [ 43.18909223071028, 42.501386999097278 ], [ 43.188848775093696, 42.501350811195771 ], [ 43.188595637775578, 42.501316330237891 ], [ 43.188340848074965, 42.501284502622681 ], [ 43.188075121201472, 42.501254026998893 ], [ 43.18779702340894, 42.50122473832581 ], [ 43.187503883002073, 42.50119635380107 ], [ 43.187203264484793, 42.50116947929483 ], [ 43.186877119550346, 42.501142387351301 ], [ 43.186035446866519, 42.501078416761253 ], [ 43.185844608037364, 42.501065967268275 ], [ 43.185644326931346, 42.501056153322459 ], [ 43.185432519469664, 42.501048867121149 ], [ 43.185205047085489, 42.501043964697892 ], [ 43.184792562111319, 42.501040701889188 ], [ 43.184024019616764, 42.501042482229053 ], [ 43.183718096219799, 42.501041703318194 ], [ 43.183219755375831, 42.501036655886054 ], [ 43.182091605801553, 42.501020109015471 ], [ 43.181588200561642, 42.501014415784908 ], [ 43.181055600699601, 42.501012242667585 ], [ 43.180579185141518, 42.501015325168879 ], [ 43.180316479017314, 42.501019631647246 ], [ 43.180063855804079, 42.501025825839541 ], [ 43.179819685909187, 42.501033949464158 ], [ 43.179582888778107, 42.501044038538382 ], [ 43.179352271342552, 42.501056147993616 ], [ 43.179127456784542, 42.501070303397491 ], [ 43.178907858665021, 42.5010865404901 ], [ 43.178693033000634, 42.501104892768026 ], [ 43.178264022893451, 42.501145151763929 ], [ 43.177883292663964, 42.501183224105965 ], [ 43.17753047109619, 42.501221152871025 ], [ 43.177199144741572, 42.50125964407092 ], [ 43.176881241744347, 42.501299682524085 ], [ 43.176577582608367, 42.50134121836259 ], [ 43.176286073041581, 42.501384538057373 ], [ 43.176005409964858, 42.501429838888136 ], [ 43.175729924349227, 42.501478130236237 ], [ 43.17546375509356, 42.501528790033305 ], [ 43.17520623523788, 42.501581944604482 ], [ 43.174956876208981, 42.501637696092089 ], [ 43.174715152388643, 42.5016961649536 ], [ 43.174480844315589, 42.501757406276035 ], [ 43.174253668644155, 42.501821495738206 ], [ 43.174033395919658, 42.501888497266506 ], [ 43.173829641204698, 42.501955800380394 ], [ 43.173624646260841, 42.502029444822988 ], [ 43.1734179670011, 42.502109591008832 ], [ 43.173209029768991, 42.502196460321578 ], [ 43.1729974714601, 42.502290190144969 ], [ 43.172782119788813, 42.502391288587631 ], [ 43.17256193205462, 42.502500243302208 ], [ 43.172335331262261, 42.502617834192023 ], [ 43.172165884094142, 42.502709082318937 ], [ 43.171990797348819, 42.502806069449804 ], [ 43.171808582890549, 42.502909617425438 ], [ 43.171616557690044, 42.503021248543696 ], [ 43.171211192058472, 42.503263425053589 ], [ 43.170388149218503, 42.503766388619617 ], [ 43.170035887750643, 42.503978705711489 ], [ 43.169662258831139, 42.504197214708604 ], [ 43.169489692731474, 42.504294922651624 ], [ 43.169323603726603, 42.504386655139264 ], [ 43.169135776261271, 42.504486801410359 ], [ 43.168935670661114, 42.504589186215867 ], [ 43.168721172697957, 42.504694895976705 ], [ 43.168488004648466, 42.504806041549401 ], [ 43.168053747418668, 42.505005742486048 ], [ 43.167033252251208, 42.505463815414529 ], [ 43.166777864757293, 42.505581466847147 ], [ 43.166549211963456, 42.50568955578855 ], [ 43.166331221583256, 42.505795849029745 ], [ 43.166128494642393, 42.505898296792097 ], [ 43.165938182511191, 42.505998338555528 ], [ 43.165758728848886, 42.506096797779605 ], [ 43.165638774122669, 42.506165217086291 ], [ 43.165523257617942, 42.506233356118223 ], [ 43.165411925456688, 42.506301364816935 ], [ 43.165304578181846, 42.506369363375377 ], [ 43.165201011099839, 42.50643748450905 ], [ 43.165101121220914, 42.506505795920866 ], [ 43.165004785563056, 42.506574383003638 ], [ 43.16491190343622, 42.506643317998368 ], [ 43.164822252004122, 42.506712771149353 ], [ 43.164735898259387, 42.506782699410628 ], [ 43.164652774936449, 42.506853155744849 ], [ 43.164572825850065, 42.50692418878895 ], [ 43.164495989764006, 42.506995853402394 ], [ 43.164422230431455, 42.50706818233089 ], [ 43.164351508961587, 42.507141215481823 ], [ 43.164283790218477, 42.507214989220245 ], [ 43.16417875839285, 42.507339343942178 ], [ 43.164070322401386, 42.507481308218935 ], [ 43.163963280438345, 42.507632637891334 ], [ 43.163758640420546, 42.507935240258007 ], [ 43.163671410233817, 42.508061025304286 ], [ 43.163576601437313, 42.508190643998212 ], [ 43.163486879206928, 42.508304492742667 ], [ 43.163208377234184, 42.508645793410835 ], [ 43.163066291472788, 42.508816279606762 ], [ 43.162923952057639, 42.508980231696263 ], [ 43.162791186544737, 42.509124849325815 ], [ 43.162652462858865, 42.509265959976723 ], [ 43.162515797127114, 42.509394222058575 ], [ 43.162379131959938, 42.509511562166779 ], [ 43.162310429101382, 42.509566454284354 ], [ 43.162241309063013, 42.509618964029038 ], [ 43.162178414251919, 42.509663641589341 ], [ 43.162110595922826, 42.509708192402101 ], [ 43.162037341529533, 42.509752952244241 ], [ 43.16195773875171, 42.509798482817573 ], [ 43.161867465185203, 42.50984711561324 ], [ 43.161765698624414, 42.509899160709153 ], [ 43.161338374479463, 42.510106295528352 ], [ 43.161155223108793, 42.510199945797964 ], [ 43.161058320153458, 42.510253538011547 ], [ 43.160970699180162, 42.510305641045825 ], [ 43.160890608505554, 42.510357298451744 ], [ 43.160817201889209, 42.51040906040145 ], [ 43.160712352563806, 42.510489915735789 ], [ 43.160607169074957, 42.510577714214108 ], [ 43.160500587385904, 42.510673332992042 ], [ 43.160390612375025, 42.510778559130507 ], [ 43.16029425908696, 42.51087559821061 ], [ 43.160189241032526, 42.510985554164073 ], [ 43.159749439068392, 42.511460754074825 ], [ 43.159447211586212, 42.511784423281675 ], [ 43.159153427521822, 42.512111649404815 ], [ 43.158868487117438, 42.512441986867508 ], [ 43.158729452176438, 42.512608186724378 ], [ 43.158592767200922, 42.512775000525394 ], [ 43.158460034448751, 42.512945566316738 ], [ 43.15832005048636, 42.513139153078235 ], [ 43.158190213877653, 42.51332847031339 ], [ 43.157876956957253, 42.513796813220814 ], [ 43.1577880273096, 42.513925432713684 ], [ 43.157705860386827, 42.514040297900216 ], [ 43.157614088224136, 42.514163141375782 ], [ 43.157524657743622, 42.514276704499537 ], [ 43.157436001260194, 42.514382972079744 ], [ 43.157347261010088, 42.514482966849222 ], [ 43.157245340482078, 42.51458919384217 ], [ 43.157132714215969, 42.514697100050959 ], [ 43.157008199504105, 42.514807826318851 ], [ 43.156869324879288, 42.514923577902714 ], [ 43.156745142721107, 42.515022090641146 ], [ 43.156603714242046, 42.51513031458073 ], [ 43.156135427166468, 42.515477039310802 ], [ 43.155969234501477, 42.515602229977127 ], [ 43.155813278061785, 42.515724046035615 ], [ 43.155676323935005, 42.515836437408794 ], [ 43.155548417806543, 42.515947949465819 ], [ 43.155432995824505, 42.516056028685163 ], [ 43.155328421914341, 42.516162209404683 ], [ 43.155233835191297, 42.516267371131804 ], [ 43.155150388243179, 42.516361924546253 ], [ 43.154961891488846, 42.516567111903463 ], [ 43.15488031981009, 42.516658348893124 ], [ 43.154798324725363, 42.516755691896407 ], [ 43.154730114534765, 42.516844340584591 ], [ 43.154663374490219, 42.516942963021982 ], [ 43.154635099558121, 42.516990575920204 ], [ 43.154610034633329, 42.517037362487237 ], [ 43.154588061001022, 42.517083551352229 ], [ 43.154569149701196, 42.517129216795631 ], [ 43.154553254816555, 42.517174471547918 ], [ 43.154540344529003, 42.517219404251691 ], [ 43.154518784633296, 42.51730612334601 ], [ 43.154511993250765, 42.517361909810312 ], [ 43.154512835836947, 42.517396724905879 ], [ 43.15451715457818, 42.51743375009918 ], [ 43.15452497671226, 42.517473259593928 ], [ 43.154536446211125, 42.517515986950308 ], [ 43.154548306275245, 42.51755057427598 ], [ 43.154563896814444, 42.517587458643504 ], [ 43.15460908351762, 42.517674415404855 ], [ 43.154656446243635, 42.517755357343866 ], [ 43.154696476919611, 42.51781450777284 ], [ 43.154737705912503, 42.517864463123153 ], [ 43.154781028052049, 42.517905923120225 ], [ 43.15480616172708, 42.517925552745012 ], [ 43.154834406908861, 42.517944811023845 ], [ 43.154901231371952, 42.517982870820099 ], [ 43.1549810593676, 42.518020440274363 ], [ 43.155104672306926, 42.518071967184881 ], [ 43.155187992319071, 42.518103315938248 ], [ 43.155283664987934, 42.518133747761922 ], [ 43.15538639030877, 42.518162301059242 ], [ 43.155578859278492, 42.518211841836127 ], [ 43.155730835475843, 42.518250061691333 ], [ 43.15588328341849, 42.518285327950331 ], [ 43.156035917728396, 42.518317574780909 ], [ 43.15618847220329, 42.518346746567005 ], [ 43.156319786065744, 42.518369394090861 ], [ 43.156457387508716, 42.518390886384751 ], [ 43.156584884748234, 42.518408249033357 ], [ 43.156727803749391, 42.518424648438462 ], [ 43.157217141317517, 42.518471405191704 ], [ 43.157348383008021, 42.518487335019955 ], [ 43.157414053214438, 42.518490804705905 ], [ 43.157443628828524, 42.518489517117516 ], [ 43.157474063966106, 42.518485948759213 ], [ 43.157505659034832, 42.518480067539336 ], [ 43.157538975863261, 42.518471769023982 ], [ 43.15760303234228, 42.518451154616521 ], [ 43.157724481458111, 42.518404994319461 ], [ 43.157774644866961, 42.518387423576129 ], [ 43.157827343560172, 42.518372270113517 ], [ 43.157875633673697, 42.518362562471374 ], [ 43.157983265700629, 42.518349335954632 ], [ 43.158108198465975, 42.518340092327954 ], [ 43.158206645138947, 42.518338523154824 ], [ 43.158420323381428, 42.51834652843776 ], [ 43.158513841130898, 42.518346613316432 ], [ 43.158604716735091, 42.51834290218364 ], [ 43.158693717916535, 42.518337439912649 ], [ 43.158780731217497, 42.518330234590309 ], [ 43.158865662701835, 42.518321292816445 ], [ 43.158915561311524, 42.518314301410435 ], [ 43.159035927592853, 42.518294238093489 ], [ 43.15909857791916, 42.51828691299346 ], [ 43.159201338128732, 42.51828229729594 ], [ 43.15932736314749, 42.518283440553468 ], [ 43.159426905272213, 42.518287968404593 ], [ 43.159526685167066, 42.518296174208849 ], [ 43.159597652119956, 42.518306025239283 ], [ 43.15975619313695, 42.518335141657623 ], [ 43.159828049147563, 42.518343903659904 ], [ 43.159937623460181, 42.518348808338899 ], [ 43.160072722813538, 42.518347833455955 ], [ 43.160128854070081, 42.51834503369124 ], [ 43.16019001388068, 42.518339174456784 ], [ 43.160261639886293, 42.518329641541946 ], [ 43.160481150818228, 42.518296235968499 ], [ 43.160551934268405, 42.518288696655837 ], [ 43.160615676167993, 42.518285071476896 ], [ 43.160702458641758, 42.518284189110453 ], [ 43.160828224986837, 42.518286101030803 ], [ 43.160979751476468, 42.518289220607542 ], [ 43.161075978453852, 42.518294842903352 ], [ 43.161122824303902, 42.518297044718047 ], [ 43.1612503616346, 42.518298012013332 ], [ 43.161284079964517, 42.518299994959442 ], [ 43.161312458467471, 42.518303366385126 ], [ 43.161342279534111, 42.518309809297776 ], [ 43.161366013380672, 42.518318842633285 ], [ 43.161384065651802, 42.518330623296478 ], [ 43.161396590195515, 42.518345260023253 ], [ 43.16140200737636, 42.518357547534343 ], [ 43.161414300092289, 42.518400346858137 ], [ 43.161434968538899, 42.518431677086546 ], [ 43.161476066296558, 42.518477213449493 ], [ 43.161513104771103, 42.518513101064585 ], [ 43.161556792527222, 42.518547325801975 ], [ 43.161607544594567, 42.518580223012627 ], [ 43.161666281989106, 42.518612391919355 ], [ 43.161722164420432, 42.518639133333785 ], [ 43.161786997347626, 42.518667104391355 ], [ 43.162002273253911, 42.518751302053879 ], [ 43.162075643708839, 42.518781474867211 ], [ 43.162117813041156, 42.518797125622818 ], [ 43.162218944214445, 42.518827256497119 ], [ 43.162261439578913, 42.518842169481061 ], [ 43.16230123845596, 42.518861569832822 ], [ 43.162316894942393, 42.518872199746411 ], [ 43.162330015240329, 42.518883633686279 ], [ 43.162346181523539, 42.518902455017795 ], [ 43.162361091141619, 42.51892548334375 ], [ 43.162393062615621, 42.518994261019067 ], [ 43.16240351625332, 42.519025819862286 ], [ 43.162409443945862, 42.519061442307724 ], [ 43.162411234217586, 42.519102243157697 ], [ 43.162409387584866, 42.519225217053844 ], [ 43.162413919595053, 42.519263434992958 ], [ 43.16242300765532, 42.519296854066596 ], [ 43.162442635716722, 42.519349335612318 ], [ 43.162458564505108, 42.519384737537138 ], [ 43.162476273239534, 42.519415275352962 ], [ 43.162496085827236, 42.51944098757437 ], [ 43.162510340418528, 42.519454970214944 ], [ 43.162528466062327, 42.519469249983231 ], [ 43.162607537828563, 42.519519924729202 ], [ 43.162638030914202, 42.519543338029273 ], [ 43.162685617637329, 42.519591739993146 ], [ 43.162740921869421, 42.51965935723706 ], [ 43.162771682280471, 42.519700819889778 ], [ 43.162800514825051, 42.519743680781154 ], [ 43.1628272701073, 42.519787720485716 ], [ 43.162851797193561, 42.51983268893494 ], [ 43.162870732141727, 42.51987564774381 ], [ 43.162905398923201, 42.519972624899424 ], [ 43.162923830094094, 42.520012546190422 ], [ 43.162950813061109, 42.520060662676372 ], [ 43.162975461297648, 42.520099924492136 ], [ 43.163000239714165, 42.520134246204535 ], [ 43.163025675530982, 42.520164289161663 ], [ 43.163043278847894, 42.520181656542732 ], [ 43.163063608739094, 42.520198538119878 ], [ 43.163113423961967, 42.520231613256264 ], [ 43.16317000675059, 42.520261735928933 ], [ 43.163332571240083, 42.520339652056371 ], [ 43.163378115540745, 42.520365973868614 ], [ 43.163415183328432, 42.52039212555362 ], [ 43.163491412721363, 42.520455114987087 ], [ 43.163552075208074, 42.520511465473611 ], [ 43.163601522103235, 42.520565235296885 ], [ 43.163640501191892, 42.520617327095806 ], [ 43.163670342163776, 42.520667189448673 ], [ 43.163695730080583, 42.520719374962887 ], [ 43.163716104741063, 42.5207727264686 ], [ 43.163731015928811, 42.520826072348861 ], [ 43.163741048854455, 42.520885035075906 ], [ 43.163744851149254, 42.520946159200719 ], [ 43.163742334336163, 42.521008059169702 ], [ 43.163733559482097, 42.521069148302303 ], [ 43.163725697527703, 42.521102437868052 ], [ 43.163715042499085, 42.521136612025209 ], [ 43.163685245196056, 42.521207934773606 ], [ 43.163643889765829, 42.521283871243831 ], [ 43.163589547551425, 42.521367059629057 ], [ 43.163543531356027, 42.521428337042408 ], [ 43.163528539807388, 42.52145324260983 ], [ 43.163517124129626, 42.521477886705263 ], [ 43.163509279143284, 42.521502280053227 ], [ 43.163505002128879, 42.521526432516907 ], [ 43.163504291610046, 42.521550353078446 ], [ 43.163507144735277, 42.521574056100967 ], [ 43.163513564763562, 42.521597555144595 ], [ 43.163523556144327, 42.521620864688764 ], [ 43.163537103484508, 42.521643970077101 ], [ 43.163554230917647, 42.521666920324577 ], [ 43.163574950035901, 42.521689735427387 ], [ 43.163599284547104, 42.521712437376699 ], [ 43.163627249746696, 42.521735044426244 ], [ 43.163658890797521, 42.521757594219601 ], [ 43.163733402160155, 42.521802660339866 ], [ 43.163801915968683, 42.521837816157579 ], [ 43.163880225952241, 42.52187336128047 ], [ 43.163968977191907, 42.521909592399723 ], [ 43.16406952186437, 42.521947063381909 ], [ 43.164170200750185, 42.521981950965483 ], [ 43.164285724860427, 42.522019793277309 ], [ 43.164707246721036, 42.522150639063739 ], [ 43.164867188735244, 42.522202342096314 ], [ 43.1650217150031, 42.522257237040371 ], [ 43.165086330637209, 42.522282784789077 ], [ 43.165143738052507, 42.522307538943878 ], [ 43.165336685634209, 42.522391340303351 ], [ 43.16553739868619, 42.522471598670833 ], [ 43.165746285191069, 42.522548475431329 ], [ 43.165963883500574, 42.522622170073966 ], [ 43.166190540436752, 42.522692812375858 ], [ 43.166427400613415, 42.522760769113241 ], [ 43.166675521532646, 42.522826347120997 ], [ 43.166936524499327, 42.522889973910381 ], [ 43.167164132669519, 42.522941602819579 ], [ 43.167403968158375, 42.522992683022608 ], [ 43.167658499066711, 42.523043744714577 ], [ 43.167932666024868, 42.523095779958993 ], [ 43.168441772348636, 42.523186536279248 ], [ 43.169643592457469, 42.52339156040059 ], [ 43.169953603219881, 42.523447174899168 ], [ 43.170231609272363, 42.523499570355867 ], [ 43.170534419949348, 42.523556475835143 ], [ 43.170851125777745, 42.523612552336935 ], [ 43.171184632383216, 42.523668316213936 ], [ 43.171540401375196, 42.52372468298929 ], [ 43.171881151962481, 42.523776226138772 ], [ 43.172259432364513, 42.523831318118653 ], [ 43.173672914069797, 42.524029458201539 ], [ 43.174260381755474, 42.524114426237894 ], [ 43.174577122801708, 42.524162357492742 ], [ 43.17487250813371, 42.524208891311794 ], [ 43.175152288119449, 42.524254935349994 ], [ 43.175419369400565, 42.524300970977151 ], [ 43.175810213916307, 42.524367161430149 ], [ 43.176249200632313, 42.524436102649894 ], [ 43.176678377973104, 42.524499853827592 ], [ 43.177760605919772, 42.524656385318856 ], [ 43.178341134526868, 42.524745125023607 ], [ 43.178641021306127, 42.524794181895551 ], [ 43.178920424824426, 42.524842600795061 ], [ 43.17918432256932, 42.524891244455922 ], [ 43.17943528046586, 42.524940590525517 ], [ 43.179738991515983, 42.525005005541402 ], [ 43.180027604507359, 42.52507175185491 ], [ 43.180303102780442, 42.525141287941253 ], [ 43.180566767377009, 42.525213940424948 ], [ 43.180819992995502, 42.525290105260467 ], [ 43.181063190768853, 42.525369921424613 ], [ 43.181297013152715, 42.52545360286198 ], [ 43.181521950582457, 42.52554132491592 ], [ 43.181719763080338, 42.525624510436501 ], [ 43.181918819491479, 42.525713560787693 ], [ 43.182119449191298, 42.52580862347547 ], [ 43.18232207501903, 42.525909897916804 ], [ 43.182526981621329, 42.526017520996795 ], [ 43.182734980057027, 42.526131908111807 ], [ 43.182946792978967, 42.526253458841289 ], [ 43.183163462472308, 42.526382767839607 ], [ 43.183370480772886, 42.526510679736312 ], [ 43.183584374514965, 42.526646933044091 ], [ 43.183807115241592, 42.526792779216976 ], [ 43.184042458611891, 42.526950674082819 ], [ 43.184266129592494, 42.527103735757663 ], [ 43.184513924011362, 42.527275935816007 ], [ 43.185384503482879, 42.527889218159025 ], [ 43.185538458480941, 42.528002001189904 ], [ 43.18569366204548, 42.52812538157491 ], [ 43.185851560612825, 42.528260497987596 ], [ 43.186014796747642, 42.52840960849759 ], [ 43.186164440565179, 42.528553726184128 ], [ 43.186327095643612, 42.528716950274912 ], [ 43.186487682168192, 42.528882935774945 ], [ 43.186907842331138, 42.529323297946881 ], [ 43.187148274938401, 42.529566689836017 ], [ 43.187280421803138, 42.529694379724795 ], [ 43.187406259423703, 42.529810840716046 ], [ 43.187528242517978, 42.529918339612166 ], [ 43.187647647499908, 42.530017997082886 ], [ 43.187794725376598, 42.530132748529319 ], [ 43.187940687038669, 42.5302376121724 ], [ 43.188086570248544, 42.530333330268249 ], [ 43.188233082359709, 42.530420366077031 ], [ 43.188306876364621, 42.530460801302389 ], [ 43.188381041483119, 42.530499184606654 ], [ 43.188455638918605, 42.530535546674905 ], [ 43.188530717860459, 42.530569912598772 ], [ 43.188606337260495, 42.530602306723566 ], [ 43.188682531912129, 42.530632746708683 ], [ 43.188759346423154, 42.530661247666956 ], [ 43.188836818099169, 42.53068782459561 ], [ 43.188936468369732, 42.530719536678426 ], [ 43.189039517704323, 42.530750172224394 ], [ 43.189146015611229, 42.530779745515062 ], [ 43.189256023664974, 42.530808274624427 ], [ 43.189486830053738, 42.530862267403002 ], [ 43.189732783487322, 42.530912347562655 ], [ 43.189993533582545, 42.530958504967224 ], [ 43.190272469534392, 42.531001391916668 ], [ 43.190572425034603, 42.531041460080544 ], [ 43.190901345799077, 42.531079774937218 ], [ 43.191156252981465, 42.531105094305069 ], [ 43.191414155634, 42.531125731640955 ], [ 43.191674380707461, 42.531141633074455 ], [ 43.191936249917944, 42.531152757266035 ], [ 43.192199071254173, 42.531159074372667 ], [ 43.192462180253969, 42.531160570301651 ], [ 43.19272490491845, 42.531157238952261 ], [ 43.192986592254137, 42.531149090739532 ], [ 43.193246365822418, 42.531136157775677 ], [ 43.193503852188876, 42.531118467505017 ], [ 43.193758458411835, 42.53109605922338 ], [ 43.194009622909924, 42.531068982632149 ], [ 43.194256771519349, 42.531037301647615 ], [ 43.194499439795372, 42.531001075616111 ], [ 43.19473714952057, 42.530960377178509 ], [ 43.194969461401186, 42.530915280492898 ], [ 43.195131616199617, 42.530880931914226 ], [ 43.195293262185437, 42.530844796515531 ], [ 43.19545410401728, 42.530806939889175 ], [ 43.195613876858978, 42.530767425407959 ], [ 43.195772298655847, 42.530726322478827 ], [ 43.195929177985597, 42.53068368212552 ], [ 43.196084305042099, 42.53063955958595 ], [ 43.196237496821205, 42.53059400962065 ], [ 43.196388388489147, 42.530547143564235 ], [ 43.196537021731189, 42.530498951275412 ], [ 43.19668325026521, 42.530449480890816 ], [ 43.19682694743824, 42.530398775453293 ], [ 43.196967980383739, 42.530346882411145 ], [ 43.197106256812653, 42.530293835442983 ], [ 43.197241677005174, 42.53023967261354 ], [ 43.197374155950421, 42.530184428617027 ], [ 43.197502930289481, 42.530128439963512 ], [ 43.19762864186437, 42.530071446600317 ], [ 43.197751221591659, 42.530013479870263 ], [ 43.197870611497187, 42.52995456588777 ], [ 43.197986750992321, 42.529894737029863 ], [ 43.198099596863941, 42.52983401423981 ], [ 43.198209102119051, 42.529772422904031 ], [ 43.19831522592807, 42.529709985804111 ], [ 43.198417901335311, 42.529646745122662 ], [ 43.19851712588698, 42.529582701730916 ], [ 43.198612868543066, 42.529517876762789 ], [ 43.198705101992758, 42.529452288709052 ], [ 43.198793797631154, 42.529385958741507 ], [ 43.198878935605698, 42.529318900064425 ], [ 43.198960494692074, 42.529251131263486 ], [ 43.199038454961027, 42.529182668242846 ], [ 43.199169634303125, 42.529060527298327 ], [ 43.199297649571932, 42.528934033665401 ], [ 43.19942142683135, 42.52880424842683 ], [ 43.199540077169118, 42.528672107700324 ], [ 43.199652668244099, 42.52853866129341 ], [ 43.199758716757792, 42.528404501391933 ], [ 43.199857668114689, 42.528270328928691 ], [ 43.199949094083266, 42.528136727050232 ], [ 43.200032054724829, 42.528005181313873 ], [ 43.200106964730452, 42.527875159727955 ], [ 43.200173594864296, 42.527747057648348 ], [ 43.200231777489321, 42.527621202956091 ], [ 43.200281354110835, 42.527497944386859 ], [ 43.200322254806672, 42.527377471769199 ], [ 43.200354403881008, 42.527260006358162 ], [ 43.200377753495637, 42.52714573202163 ], [ 43.200388334848128, 42.527071869869566 ], [ 43.200395468431282, 42.526996641462816 ], [ 43.200399153817486, 42.526920062104537 ], [ 43.200399391744874, 42.526842148917019 ], [ 43.200396179404514, 42.526762915364294 ], [ 43.200389519814294, 42.52668238400711 ], [ 43.200379412419167, 42.526600574648093 ], [ 43.200365862723466, 42.526517508085355 ], [ 43.200348865847893, 42.526433185141528 ], [ 43.200328433772249, 42.526347655533222 ], [ 43.200304570578268, 42.526260947239635 ], [ 43.200277286355245, 42.526173091035602 ], [ 43.20024658881055, 42.526084115857216 ], [ 43.200212493808607, 42.525994063376025 ], [ 43.200175013666595, 42.525902971605369 ], [ 43.200134167822604, 42.525810884974028 ], [ 43.200089704335547, 42.525717292513377 ], [ 43.200041879898556, 42.525622795313488 ], [ 43.199990725783607, 42.525527449695247 ], [ 43.199936275412099, 42.52543132191915 ], [ 43.19987856246378, 42.525334469243994 ], [ 43.19981764032373, 42.525236983458804 ], [ 43.199753561418184, 42.525138947331875 ], [ 43.199686387520529, 42.525040457286416 ], [ 43.199616069294052, 42.524941451304635 ], [ 43.199542803132132, 42.52484221343726 ], [ 43.199387819604112, 42.524643575012377 ], [ 43.199222344652171, 42.524445708030832 ], [ 43.199047693026408, 42.524250187456168 ], [ 43.198934441697716, 42.524130671623219 ], [ 43.1988174948062, 42.524013647918601 ], [ 43.198697845279035, 42.52390010903445 ], [ 43.198576405683013, 42.52379092032696 ], [ 43.198434604944076, 42.523672231147131 ], [ 43.198283124502666, 42.523555754392056 ], [ 43.198121863135611, 42.523441412785715 ], [ 43.197950688419908, 42.52332911324897 ], [ 43.197769506148667, 42.523218788515784 ], [ 43.197578046078618, 42.523110269487397 ], [ 43.197376055497301, 42.523003412551589 ], [ 43.197163167436152, 42.522898025465196 ], [ 43.196942045957073, 42.522795283882132 ], [ 43.196709255147873, 42.522693464061369 ], [ 43.196464012476618, 42.52259221951055 ], [ 43.196205019803649, 42.52249101459892 ], [ 43.195932859432332, 42.522390007893613 ], [ 43.195642337925186, 42.52228721015085 ], [ 43.195329256039869, 42.522181115110826 ], [ 43.194980729266184, 42.522067350062876 ], [ 43.194798594052884, 42.5220123648281 ], [ 43.194610404881203, 42.521962496256123 ], [ 43.194415843992623, 42.521917659160636 ], [ 43.194214500162403, 42.521877758773847 ], [ 43.194006075798171, 42.521842728231114 ], [ 43.193789784803208, 42.52181242722277 ] ] ], [ [ [ 43.207136734064157, 42.544368060710561 ], [ 43.207337887361795, 42.54436954806404 ], [ 43.207536097688653, 42.544373781597905 ], [ 43.207731324924175, 42.544380759799289 ], [ 43.207923536225046, 42.544390482169732 ], [ 43.208112695120981, 42.544402947253502 ], [ 43.208298774905074, 42.544418152846973 ], [ 43.208481747677951, 42.544436095827251 ], [ 43.208661589139837, 42.544456774928811 ], [ 43.208838254398707, 42.544480184961763 ], [ 43.209011742333388, 42.544506323221704 ], [ 43.209182031076047, 42.544535188480729 ], [ 43.209349102487081, 42.544566776867406 ], [ 43.209512937208643, 42.544601084491092 ], [ 43.209673519508208, 42.544638108418226 ], [ 43.209830832460689, 42.544677844795778 ], [ 43.209984864009421, 42.544720289846715 ], [ 43.210487234185244, 42.544858130066018 ], [ 43.210666336272922, 42.544909319262189 ], [ 43.210860845893222, 42.544970101847696 ], [ 43.211030312474328, 42.545030002227591 ], [ 43.211116881557324, 42.545064055495438 ], [ 43.211198335227834, 42.545098806889811 ], [ 43.211275110305792, 42.54513444064915 ], [ 43.211347491565846, 42.545171091807816 ], [ 43.211415777826062, 42.545208915430216 ], [ 43.211480057597129, 42.545247967838634 ], [ 43.211540471015311, 42.545288331375851 ], [ 43.211597118379252, 42.545330076054988 ], [ 43.211663131422036, 42.545383076906177 ], [ 43.211690441602116, 42.545400376704762 ], [ 43.211720117011168, 42.545415796164065 ], [ 43.211752200855642, 42.545429357569709 ], [ 43.211786750898263, 42.545441085235502 ], [ 43.211823800760257, 42.545450995893759 ], [ 43.211863485753341, 42.545459127675848 ], [ 43.211905928157961, 42.545465505901809 ], [ 43.211951326817911, 42.545470161589016 ], [ 43.212041752025961, 42.545474291683867 ], [ 43.212145994988958, 42.545473013469653 ], [ 43.21224494835991, 42.545468035132814 ], [ 43.212500051356002, 42.545450869403766 ], [ 43.212601834928705, 42.545443546680708 ], [ 43.212750896670784, 42.545428363102808 ], [ 43.213025233839133, 42.545397731487917 ], [ 43.213246615899642, 42.545368864142816 ], [ 43.213445644150802, 42.545337759317945 ], [ 43.213626882412804, 42.545303590456122 ], [ 43.213797977561818, 42.545264697401919 ], [ 43.213878798024709, 42.545243601576338 ], [ 43.213956728820193, 42.545221338564993 ], [ 43.214031963979018, 42.545197851962854 ], [ 43.214104580961383, 42.545173115966577 ], [ 43.214174679396116, 42.545147096112494 ], [ 43.214242341741141, 42.545119762171609 ], [ 43.214331697487566, 42.545081166450245 ], [ 43.214398436653035, 42.545049556658327 ], [ 43.21449103538766, 42.545000237267303 ], [ 43.214574914311825, 42.544949797605469 ], [ 43.214650097083663, 42.544898220049895 ], [ 43.214716572456098, 42.544845515248973 ], [ 43.21476164285761, 42.544805190701631 ], [ 43.214802203308153, 42.544765383909969 ], [ 43.214838184889068, 42.544726163146599 ], [ 43.214869539812462, 42.544687581703798 ], [ 43.214895797389318, 42.5446507291119 ], [ 43.214920063487909, 42.544612004772233 ], [ 43.214942162064638, 42.544571688713276 ], [ 43.214961910745664, 42.544530112195901 ], [ 43.214979153004251, 42.54448759697771 ], [ 43.214993713462697, 42.544444570786602 ], [ 43.215005450099298, 42.544401444759799 ], [ 43.215014248557964, 42.54435864217254 ], [ 43.215021247456853, 42.544297874532759 ], [ 43.215021888461145, 42.544234267474657 ], [ 43.215016163654845, 42.544168441348916 ], [ 43.215004141860724, 42.544101187003072 ], [ 43.21498592008178, 42.544033203867322 ], [ 43.214961806554001, 42.543965727783785 ], [ 43.214932197018797, 42.543899872583054 ], [ 43.214897628597896, 42.543836833546251 ], [ 43.214872061878204, 42.543798090932796 ], [ 43.214841517089482, 42.543758606139349 ], [ 43.214805757146323, 42.543718066581107 ], [ 43.21476427011897, 42.543675889729045 ], [ 43.214669706397473, 42.54359071147195 ], [ 43.214500702626076, 42.543451865880307 ], [ 43.21440880655571, 42.543381216919215 ], [ 43.214309453372323, 42.543315156981905 ], [ 43.214202425585988, 42.543253540372923 ], [ 43.214087423648067, 42.543196194900112 ], [ 43.213964255974005, 42.543143005885192 ], [ 43.21383226248247, 42.543093674836356 ], [ 43.213690811857333, 42.543047962240486 ], [ 43.213538917031265, 42.543005548286338 ], [ 43.213407515493678, 42.542973401134454 ], [ 43.213267298870903, 42.542942896718642 ], [ 43.213116813730046, 42.54291371335551 ], [ 43.212953174000198, 42.542885289972162 ], [ 43.212640778160456, 42.542837700865341 ], [ 43.212066704797948, 42.542759227878157 ], [ 43.21184411820505, 42.542727312747274 ], [ 43.211621157907999, 42.542692115175122 ], [ 43.211423220472241, 42.542656746812824 ], [ 43.211211560918322, 42.542612974305356 ], [ 43.211112785013853, 42.542589889116613 ], [ 43.211018087757871, 42.542565862530886 ], [ 43.210927018292907, 42.54254077584983 ], [ 43.210839435354387, 42.542514586351345 ], [ 43.210755120363565, 42.542487229392655 ], [ 43.210673909236633, 42.542458651087074 ], [ 43.210571317035111, 42.542420733317975 ], [ 43.210458215284135, 42.542380425142696 ], [ 43.210341982101326, 42.542341202619731 ], [ 43.210222412479482, 42.542302994995921 ], [ 43.210099246969236, 42.542265718959293 ], [ 43.209841058559284, 42.542193637799592 ], [ 43.209563630601764, 42.542123897556067 ], [ 43.20927972856677, 42.542059084973367 ], [ 43.20896291810719, 42.54199261620289 ], [ 43.208632728244346, 42.541927766343484 ], [ 43.207717265525218, 42.54175374961941 ], [ 43.207438507116066, 42.541697460042222 ], [ 43.207190024165783, 42.541644050747628 ], [ 43.206906606703342, 42.541578043050293 ], [ 43.206645114559265, 42.541510948724429 ], [ 43.20640035795595, 42.541441430408049 ], [ 43.206169758057577, 42.541368748105334 ], [ 43.205998072284252, 42.541310641992411 ], [ 43.205824151149947, 42.541249637787054 ], [ 43.205647693312713, 42.54118562809726 ], [ 43.205468316651853, 42.541118477247274 ], [ 43.205099276942661, 42.540974175107486 ], [ 43.2047116394073, 42.540814626812569 ], [ 43.204324081169226, 42.540648217213729 ], [ 43.203898416692645, 42.540459178881235 ], [ 43.203447722564754, 42.540254032871779 ], [ 43.202666800737042, 42.539893753341502 ], [ 43.202532380962296, 42.539830472239089 ], [ 43.20239360959819, 42.539762465087648 ], [ 43.202249155992533, 42.539689084211652 ], [ 43.202096515240079, 42.539609057433879 ], [ 43.201801283483249, 42.539448719751334 ], [ 43.2012457101237, 42.539138624691006 ], [ 43.201019347434681, 42.539014005713234 ], [ 43.200782748088969, 42.538887603637249 ], [ 43.20056779197899, 42.538777676965452 ], [ 43.200441452558195, 42.538715760379908 ], [ 43.200318822722558, 42.53865782559739 ], [ 43.200199057792787, 42.538603474827426 ], [ 43.200081595206257, 42.53855245159081 ], [ 43.199965803309468, 42.538504488414361 ], [ 43.199851484634976, 42.538459506554567 ], [ 43.199738324839217, 42.538417384005399 ], [ 43.199626085384196, 42.538378030569412 ], [ 43.199372826980401, 42.538294744728887 ], [ 43.199116290050149, 42.538215816749016 ], [ 43.198857347228376, 42.538141516081964 ], [ 43.198596846329743, 42.538072085681527 ], [ 43.198335676803026, 42.538007760158479 ], [ 43.198074574956635, 42.537948721292381 ], [ 43.197814310267297, 42.537895140584887 ], [ 43.197555598080811, 42.537847166179219 ], [ 43.197428779916557, 42.537826225154255 ], [ 43.197298741498379, 42.537807254133412 ], [ 43.197165200225534, 42.537790213537178 ], [ 43.197027787285059, 42.537775055223229 ], [ 43.19688626612178, 42.537761747537466 ], [ 43.196739864468434, 42.53775021346938 ], [ 43.196587877624189, 42.53774039778002 ], [ 43.196429225066609, 42.537732229403225 ], [ 43.196158363838471, 42.537722416497843 ], [ 43.195855225160216, 42.537716215514564 ], [ 43.19556461965503, 42.537713429682128 ], [ 43.194866252544315, 42.537710226143844 ], [ 43.194511613396912, 42.53770539930364 ], [ 43.194172761039241, 42.537695413359295 ], [ 43.194016841128857, 42.537688356361919 ], [ 43.193867622192279, 42.537679827949518 ], [ 43.193347346925968, 42.537652248024621 ], [ 43.193176213952697, 42.537641779152146 ], [ 43.192982558198267, 42.537626153063563 ], [ 43.192810795197829, 42.537607219411413 ], [ 43.19272978794649, 42.537595421333307 ], [ 43.192647735517021, 42.537580555669521 ], [ 43.192564468349609, 42.537562590925241 ], [ 43.192479771022242, 42.53754148137336 ], [ 43.19239350676235, 42.537517198736857 ], [ 43.192305229696629, 42.537489623408632 ], [ 43.19221454041395, 42.537458629308979 ], [ 43.192120837151521, 42.537424013318869 ], [ 43.191960217411548, 42.537359327464053 ], [ 43.191782918385222, 42.537281622827969 ], [ 43.191613182981555, 42.537202949459051 ], [ 43.191203917862438, 42.53700839902843 ], [ 43.190991867913702, 42.536912411883975 ], [ 43.190883441862844, 42.536866442489817 ], [ 43.190781477364048, 42.536825778376588 ], [ 43.190684181872086, 42.536789704136311 ], [ 43.190590604616958, 42.536757872463525 ], [ 43.190487034811262, 42.536726298928329 ], [ 43.190386607238274, 42.536699727020533 ], [ 43.190288722453445, 42.536677998689242 ], [ 43.190192972696082, 42.536661022848094 ], [ 43.190098900923537, 42.536648728343117 ], [ 43.190006348005205, 42.536641100957148 ], [ 43.1899150806953, 42.536638120798649 ], [ 43.189824912801484, 42.536639783127498 ], [ 43.189341675091612, 42.536660943894368 ], [ 43.189170334124093, 42.536671271894768 ], [ 43.189016602641772, 42.536683021705812 ], [ 43.188870051424828, 42.536697231642115 ], [ 43.188738915006496, 42.536713381733861 ], [ 43.188622583580717, 42.536731547042926 ], [ 43.188520835698299, 42.536751763736611 ], [ 43.188431102544577, 42.536774771101967 ], [ 43.188356632240883, 42.536800004562231 ], [ 43.188325107585193, 42.536813460833727 ], [ 43.188297386648415, 42.536827477952684 ], [ 43.188273469432268, 42.536842055921888 ], [ 43.188253353452282, 42.536857196505487 ], [ 43.18823703619821, 42.536872902367477 ], [ 43.188224522619095, 42.53688917088607 ], [ 43.188215810257169, 42.536906002924205 ], [ 43.188210900332365, 42.536923398502076 ], [ 43.188209791656568, 42.536941356700808 ], [ 43.188212486667304, 42.536959877559099 ], [ 43.188218984124816, 42.536978961957587 ], [ 43.188229282867674, 42.536998608076182 ], [ 43.188253055573398, 42.537032614811281 ], [ 43.18828597350852, 42.537072005528415 ], [ 43.18832733851206, 42.537115910961553 ], [ 43.188374709957891, 42.537161732262703 ], [ 43.188407968882011, 42.53718988235989 ], [ 43.188444565308117, 42.537215768128227 ], [ 43.188484576920509, 42.537239440322836 ], [ 43.1885281042168, 42.537260960865623 ], [ 43.188575216594508, 42.537280372274914 ], [ 43.188626142554433, 42.537297773616814 ], [ 43.188681102727728, 42.537313241318657 ], [ 43.18874043772378, 42.537326871714768 ], [ 43.188852686770943, 42.537346128639257 ], [ 43.188983479039145, 42.537361139863656 ], [ 43.18911810245676, 42.53737155389291 ], [ 43.189479943069877, 42.537393536910351 ], [ 43.189585080262802, 42.537402789158328 ], [ 43.189677291625799, 42.537413719183093 ], [ 43.189777844593884, 42.537429995087876 ], [ 43.189867689734285, 42.537449911907444 ], [ 43.189948507577789, 42.537473846530872 ], [ 43.190021102026087, 42.537502044919123 ], [ 43.190113980157939, 42.537544869742135 ], [ 43.190206274018763, 42.53759085246822 ], [ 43.190297522650233, 42.53763976338292 ], [ 43.190387281174189, 42.537691364021711 ], [ 43.190475096864972, 42.537745392383378 ], [ 43.190560579688452, 42.537801608170732 ], [ 43.190643338858052, 42.537859754865906 ], [ 43.190723019943142, 42.537919581929472 ], [ 43.190799054928931, 42.537980644534592 ], [ 43.190871412244732, 42.538042897162754 ], [ 43.1909398245161, 42.538106110462962 ], [ 43.191004064039291, 42.53817007282121 ], [ 43.191063904793403, 42.538234556440351 ], [ 43.191119198027188, 42.538299398681851 ], [ 43.191169792995446, 42.538364421566236 ], [ 43.191215566375256, 42.538429467358633 ], [ 43.191243577658163, 42.538474274863205 ], [ 43.191270017659271, 42.538522303107769 ], [ 43.191295167602746, 42.538574060837263 ], [ 43.191319533506004, 42.538630579958593 ], [ 43.191359162247295, 42.538736381792646 ], [ 43.191443766230208, 42.538986745423152 ], [ 43.19149101586293, 42.539105716380909 ], [ 43.191537628127129, 42.539206612372709 ], [ 43.191588685203641, 42.539308778933382 ], [ 43.191644291828958, 42.539412427536703 ], [ 43.191704597046829, 42.539517837895801 ], [ 43.191769696874019, 42.539625186224058 ], [ 43.19183992679956, 42.539735043349246 ], [ 43.191915614321339, 42.539847919635172 ], [ 43.191997276624612, 42.539964588694481 ], [ 43.192143283107058, 42.540163191378454 ], [ 43.192312819491725, 42.540382630896602 ], [ 43.192480235702263, 42.540592150552918 ], [ 43.192889669170135, 42.541096732360472 ], [ 43.193095130639925, 42.541357380680026 ], [ 43.193195376556105, 42.541489390947746 ], [ 43.193286750750879, 42.541613816425489 ], [ 43.193370806908206, 42.541732773596742 ], [ 43.193448339290477, 42.54184739167551 ], [ 43.193527378857418, 42.541970439128676 ], [ 43.193599669482005, 42.542090070612367 ], [ 43.193665607511228, 42.54220694077943 ], [ 43.193725447746921, 42.542321503028937 ], [ 43.193779444681866, 42.542434263885625 ], [ 43.193827678375619, 42.542545402026747 ], [ 43.193870261673091, 42.542655183998143 ], [ 43.193907277563149, 42.542763813736457 ], [ 43.193923727192086, 42.542819974230262 ], [ 43.193938007337984, 42.54287775931661 ], [ 43.193950122241993, 42.542937190676142 ], [ 43.193960079667043, 42.542998294547559 ], [ 43.193973532358811, 42.543125627154531 ], [ 43.193978397358826, 42.543260041314369 ], [ 43.193974695139985, 42.543401712055513 ], [ 43.19396242467193, 42.543551264336358 ], [ 43.193941538636871, 42.543709280958595 ], [ 43.193911919370898, 42.54387667231061 ], [ 43.193880327849307, 42.544024563738937 ], [ 43.193842254175983, 42.544180964836201 ], [ 43.193797345642807, 42.544347335215612 ], [ 43.19374481356072, 42.54452661170717 ], [ 43.193636649403821, 42.544866737461064 ], [ 43.193366201911921, 42.545674428080538 ], [ 43.193299935559317, 42.545886093634252 ], [ 43.193246065166136, 42.546072358554269 ], [ 43.193194872108606, 42.546272234130335 ], [ 43.193156633584152, 42.546452854201242 ], [ 43.193130608794689, 42.546617739021471 ], [ 43.193122086238859, 42.546694858452135 ], [ 43.193116527009614, 42.546768678209425 ], [ 43.193113732428017, 42.546855964143511 ], [ 43.193115482503764, 42.546938625435388 ], [ 43.19312177900207, 42.547016854828804 ], [ 43.193132635940792, 42.547090800233107 ], [ 43.193148079405702, 42.547160613349618 ], [ 43.193168126602217, 42.547226373695636 ], [ 43.193192807865302, 42.547288170000463 ], [ 43.193222150317816, 42.547346075632859 ], [ 43.193256244767156, 42.547400236108224 ], [ 43.193295082649584, 42.547450610762958 ], [ 43.193338697949265, 42.547497246055954 ], [ 43.193387127369206, 42.547540178582295 ], [ 43.19344041367173, 42.547579445932534 ], [ 43.193498589102823, 42.547615070221468 ], [ 43.193561690698488, 42.547647076340304 ], [ 43.193629758135607, 42.547675482016921 ], [ 43.193733055574974, 42.547710335394918 ], [ 43.193847865458956, 42.547741326762022 ], [ 43.193974176932308, 42.547768452310393 ], [ 43.194111979083644, 42.547791710028797 ], [ 43.194261253745076, 42.547811095987264 ], [ 43.194422003258126, 42.547826612879383 ], [ 43.194594228846597, 42.547838259775531 ], [ 43.194777946286678, 42.547846037773034 ], [ 43.194972131534826, 42.547849937885132 ], [ 43.195177802408139, 42.547850013916914 ], [ 43.195395079494489, 42.547846264103867 ], [ 43.195624252695779, 42.547838685741695 ], [ 43.195864684996927, 42.547827320957843 ], [ 43.196118370923443, 42.547812098426881 ], [ 43.196386751090571, 42.547792938080491 ], [ 43.196675717593251, 42.547769421961185 ], [ 43.196780518107353, 42.547759198936681 ], [ 43.196885415472316, 42.547746499050227 ], [ 43.196990451195717, 42.547731318452101 ], [ 43.197095673027327, 42.547713647987401 ], [ 43.197201124935113, 42.547693482944261 ], [ 43.197306868163217, 42.547670810777596 ], [ 43.197412961520804, 42.547645618903822 ], [ 43.197519471224616, 42.547617891253488 ], [ 43.197626359082335, 42.547587642533664 ], [ 43.19773381410895, 42.547554821684429 ], [ 43.197841922256934, 42.547519403940598 ], [ 43.197950781910897, 42.547481355726752 ], [ 43.198060479151671, 42.54744064777627 ], [ 43.198171164087405, 42.547397226614123 ], [ 43.198282975920762, 42.54735103679203 ], [ 43.198396081075437, 42.547302007979987 ], [ 43.198610736420555, 42.547202895691726 ], [ 43.19883215009645, 42.547092912556266 ], [ 43.199062381307385, 42.546971046277839 ], [ 43.199305245082037, 42.546835280120909 ], [ 43.199534355515389, 42.546701538731902 ], [ 43.199786867494097, 42.546549174003154 ], [ 43.200040700513007, 42.546392371784627 ], [ 43.200719807271163, 42.545968244170936 ], [ 43.200924497481083, 42.545842780517781 ], [ 43.201109046601168, 42.545731951916522 ], [ 43.201320578893636, 42.545608425789538 ], [ 43.20151953479553, 42.545496427782304 ], [ 43.201709772879553, 42.545393788790733 ], [ 43.201893266122795, 42.545299451972603 ], [ 43.202115235305179, 42.545192122331862 ], [ 43.202331056442553, 42.545095552715289 ], [ 43.202542238450462, 42.545009069814647 ], [ 43.202646408542066, 42.544969480135642 ], [ 43.202749782052443, 42.544932266101739 ], [ 43.202852607424063, 42.544897343359544 ], [ 43.202954816890355, 42.544864739664952 ], [ 43.203056489120861, 42.544834430137946 ], [ 43.203157695351663, 42.544806394284372 ], [ 43.2032585068185, 42.544780611609809 ], [ 43.203358972612698, 42.544757069377127 ], [ 43.203459146642963, 42.544735756725679 ], [ 43.203559078000211, 42.544716660918006 ], [ 43.203798306996596, 42.544674721365325 ], [ 43.204036133867255, 42.544635374504445 ], [ 43.204272350643002, 42.544598654006478 ], [ 43.204506786029356, 42.544564588715765 ], [ 43.204739251818808, 42.544533202710198 ], [ 43.204969642864953, 42.544504511464609 ], [ 43.205197832083854, 42.544478531011464 ], [ 43.205423714457773, 42.544455272326523 ], [ 43.205647056790006, 42.544434756986064 ], [ 43.205867909202183, 42.544416979486293 ], [ 43.206086191176254, 42.544401945785161 ], [ 43.20630183198368, 42.544389660193325 ], [ 43.206514758460692, 42.544380126983633 ], [ 43.206724919431785, 42.544373348071829 ], [ 43.206932261260377, 42.544369326235895 ], [ 43.207136734064157, 42.544368060710561 ] ] ], [ [ [ 43.11781230606077, 42.555041669410137 ], [ 43.117945543745826, 42.55499189489823 ], [ 43.118038154100375, 42.554952902190202 ], [ 43.118130240803076, 42.554910740819295 ], [ 43.11822174829787, 42.554865435089049 ], [ 43.118312622111347, 42.554817013823687 ], [ 43.118402806580178, 42.554765504927403 ], [ 43.118492237248965, 42.554710945165638 ], [ 43.118580852043735, 42.55465337314412 ], [ 43.118668586348072, 42.554592831029161 ], [ 43.118755410446148, 42.554529334544355 ], [ 43.118841218465391, 42.554462961200258 ], [ 43.118925938108433, 42.554393765645095 ], [ 43.119009498161049, 42.554321807047778 ], [ 43.119091828627397, 42.554247144597426 ], [ 43.119172849367494, 42.554169850824721 ], [ 43.119252483867747, 42.55408999922075 ], [ 43.11933065304558, 42.554007667737153 ], [ 43.119407547461314, 42.553922635271562 ], [ 43.119482804972677, 42.553835279510153 ], [ 43.119556346014093, 42.55374569460686 ], [ 43.119628085935297, 42.553653981836611 ], [ 43.11969794625557, 42.553560239874109 ], [ 43.119765843112269, 42.553464584416041 ], [ 43.11983169516003, 42.553367128498905 ], [ 43.119895422083118, 42.553267991479956 ], [ 43.119956960123318, 42.553167268673761 ], [ 43.120016214521861, 42.553065114321591 ], [ 43.120073110756898, 42.552961657781893 ], [ 43.120127575417186, 42.55285703203343 ], [ 43.120179537446482, 42.552751372795342 ], [ 43.120228928143561, 42.5526448185269 ], [ 43.120275684841374, 42.552537509587495 ], [ 43.120319743656523, 42.552429586316457 ], [ 43.120360887438963, 42.552321628702074 ], [ 43.120399245669432, 42.552213340794133 ], [ 43.120434769103092, 42.552104862271371 ], [ 43.120467412202082, 42.551996331072054 ], [ 43.120497134217771, 42.551887887914468 ], [ 43.120523899568823, 42.551779663695704 ], [ 43.120547672647405, 42.551671790212644 ], [ 43.120568427666193, 42.551564396721588 ], [ 43.120586134051415, 42.551457650222623 ], [ 43.120600778404487, 42.551351632446355 ], [ 43.120612344974909, 42.551246462907145 ], [ 43.120620821826371, 42.551142255778466 ], [ 43.12062619815881, 42.551039127953814 ], [ 43.120628470962508, 42.550937180244595 ], [ 43.12062763717347, 42.550836515262148 ], [ 43.120623696351181, 42.550737229356756 ], [ 43.120616684943172, 42.550639772494598 ], [ 43.120606600408244, 42.550543864566279 ], [ 43.120593452394495, 42.550449590379955 ], [ 43.120577249575227, 42.550357026622649 ], [ 43.120558007846242, 42.550266252801357 ], [ 43.120535741100184, 42.550177333981303 ], [ 43.120510465609698, 42.550090337067637 ], [ 43.120482200243515, 42.550005323604637 ], [ 43.120450976369064, 42.549922385059176 ], [ 43.120416803193898, 42.549841539590808 ], [ 43.120379703506643, 42.549762839802113 ], [ 43.120339699039782, 42.549686332874913 ], [ 43.1202968152311, 42.549612064250546 ], [ 43.120251074054572, 42.549540073009645 ], [ 43.120202498754736, 42.549470396452357 ], [ 43.120151115037004, 42.549403071018503 ], [ 43.120084856791983, 42.54932202670593 ], [ 43.12001589595986, 42.549241554869077 ], [ 43.119944670404536, 42.549162162488003 ], [ 43.119871539476812, 42.549084253494343 ], [ 43.119796922390819, 42.549008266122947 ], [ 43.119721019011529, 42.548934399068393 ], [ 43.119644088555226, 42.548862902430059 ], [ 43.119566341838244, 42.548793975083342 ], [ 43.119488369247819, 42.548728113909661 ], [ 43.119409944641539, 42.548665102669055 ], [ 43.119331216609062, 42.548605062671186 ], [ 43.119252309012808, 42.548548086903416 ], [ 43.119173361377221, 42.548494274013855 ], [ 43.119094446461055, 42.548443674726713 ], [ 43.119015658718155, 42.548396347326964 ], [ 43.118937073476033, 42.548352338078764 ], [ 43.118867940947176, 42.548316591550154 ], [ 43.11879537728278, 42.548282112423713 ], [ 43.118719233590937, 42.548248829806766 ], [ 43.118639307958503, 42.548216653924399 ], [ 43.118555475354064, 42.548185530483941 ], [ 43.118467298704559, 42.548155292002079 ], [ 43.118374374212138, 42.548125798556399 ], [ 43.118276074552391, 42.5480968507174 ], [ 43.11810651000399, 42.548051307640023 ], [ 43.117914379215478, 42.548004698336022 ], [ 43.117722827326062, 42.547961651745389 ], [ 43.117233177262996, 42.547855622803795 ], [ 43.116970274213202, 42.547793793991836 ], [ 43.116800958577365, 42.54775400571225 ], [ 43.116621515118517, 42.547716845038408 ], [ 43.116430207114306, 42.547681946564744 ], [ 43.116223634654361, 42.547648686081708 ], [ 43.116033621873058, 42.547621272805223 ], [ 43.115821143805249, 42.547593287080375 ], [ 43.115068350490816, 42.54750300684556 ], [ 43.114771173002495, 42.547464887509427 ], [ 43.114468968503367, 42.547420573607319 ], [ 43.114331990032362, 42.547397805499436 ], [ 43.114202107661022, 42.547374253508757 ], [ 43.114050783052349, 42.547343982451707 ], [ 43.113907229979397, 42.54731197503952 ], [ 43.113770468497734, 42.54727801344503 ], [ 43.113639862780239, 42.547241938633491 ], [ 43.113514724633141, 42.547203551080045 ], [ 43.113394843038222, 42.547162780687451 ], [ 43.113279892581041, 42.547119514047935 ], [ 43.113169625131185, 42.547073659737052 ], [ 43.112960222299961, 42.546979405548555 ], [ 43.112748006630596, 42.546878446058265 ], [ 43.112538304359234, 42.546773317573056 ], [ 43.112334775806481, 42.546665861687956 ], [ 43.112141489543781, 42.546558273458501 ], [ 43.111959274037609, 42.546451066389714 ], [ 43.111789730354282, 42.54634518277247 ], [ 43.111633913872886, 42.546241283945243 ], [ 43.111495085235582, 42.546141738101483 ], [ 43.111370847875953, 42.54604503971472 ], [ 43.111261632509077, 42.545951522829213 ], [ 43.111167723920971, 42.545861433527875 ], [ 43.111126606186673, 42.545817769255542 ], [ 43.111089386853294, 42.545775036469202 ], [ 43.111056081219878, 42.545733252535072 ], [ 43.111026705721599, 42.545692437539465 ], [ 43.111001272006284, 42.545652608787677 ], [ 43.110979787015886, 42.545613778103814 ], [ 43.110962258855672, 42.54557595913181 ], [ 43.110948694441191, 42.545539164595034 ], [ 43.110936724788075, 42.545489914897772 ], [ 43.110932109691667, 42.545440186723688 ], [ 43.110934849650292, 42.545389962971612 ], [ 43.110944945243396, 42.545339223838674 ], [ 43.11096239696866, 42.545287952220853 ], [ 43.110987216550235, 42.545236122192399 ], [ 43.111019413277354, 42.545183707786059 ], [ 43.11105900631258, 42.545130678693219 ], [ 43.11110596182013, 42.545077065867005 ], [ 43.111160352203846, 42.545022769631899 ], [ 43.111222221295456, 42.544967749275138 ], [ 43.111291624179785, 42.544911954362064 ], [ 43.111368608338665, 42.544855344236979 ], [ 43.111453283391242, 42.544797836941612 ], [ 43.111545759982526, 42.544739356836594 ], [ 43.111646192065372, 42.544679805580401 ], [ 43.111828891947013, 42.54457938854744 ], [ 43.112034815630629, 42.544475094431256 ], [ 43.112265716906684, 42.544366026253456 ], [ 43.112525350212422, 42.544250405923698 ], [ 43.112769737706117, 42.544146381312707 ], [ 43.113048343022214, 42.544031695516594 ], [ 43.113983634119606, 42.543658481530052 ], [ 43.114311439806151, 42.543525206868075 ], [ 43.114624921355691, 42.54339208814212 ], [ 43.114760105786459, 42.543331829127382 ], [ 43.114883356131614, 42.543274696549425 ], [ 43.115263639723686, 42.543095860851878 ], [ 43.115609135732171, 42.54293623826814 ], [ 43.115933752919787, 42.542789409198122 ], [ 43.11624258155944, 42.542653083707592 ], [ 43.116541869312265, 42.54252454776308 ], [ 43.116831327461014, 42.542403972299155 ], [ 43.117112738224961, 42.542290614923466 ], [ 43.117387251816751, 42.542184014611969 ], [ 43.117659738935046, 42.542082369323801 ], [ 43.117926844320536, 42.541987026087519 ], [ 43.118189189795345, 42.541897761016152 ], [ 43.118447241749493, 42.541814416104259 ], [ 43.118701512927181, 42.541736830500795 ], [ 43.118952225860497, 42.541664936742947 ], [ 43.119199670455714, 42.541598654063151 ], [ 43.119444082544788, 42.541537917913544 ], [ 43.119641179426367, 42.541494456795853 ], [ 43.11984486107886, 42.541456580490774 ], [ 43.120055563595706, 42.541424205165654 ], [ 43.12027386199415, 42.54139724385977 ], [ 43.120500120990847, 42.54137563767496 ], [ 43.120735558661387, 42.54135925705733 ], [ 43.120981292951399, 42.541348022129164 ], [ 43.121239042155892, 42.541341853841324 ], [ 43.121455460315083, 42.541340530210427 ], [ 43.121682854788283, 42.541342402952701 ], [ 43.121923579096617, 42.541347488975056 ], [ 43.122182303063198, 42.541355884554903 ], [ 43.122663603450825, 42.541377349728528 ], [ 43.123822795367325, 42.541438397879169 ], [ 43.12413219234795, 42.54145163447177 ], [ 43.124410158309018, 42.541460677812942 ], [ 43.124699957937764, 42.541466294934359 ], [ 43.124970525060306, 42.5414671496628 ], [ 43.125226312654156, 42.541463256475978 ], [ 43.125469680824366, 42.541454572143699 ], [ 43.125717069763205, 42.541439996912658 ], [ 43.125953973664679, 42.541419835575404 ], [ 43.126181571893738, 42.541393986815912 ], [ 43.126400681933099, 42.54136235599514 ], [ 43.126612187044081, 42.541324807216078 ], [ 43.126715176909677, 42.54130379423836 ], [ 43.126816403395182, 42.5412812727469 ], [ 43.126915925324035, 42.541257230200102 ], [ 43.127013784398279, 42.541231656477699 ], [ 43.127110021129852, 42.541204540539312 ], [ 43.127204677274861, 42.541175870464031 ], [ 43.127485628753945, 42.541086559503583 ], [ 43.127735273964888, 42.541004618611019 ], [ 43.127966256092236, 42.540925893292872 ], [ 43.128182234692574, 42.540849119666476 ], [ 43.12838790337856, 42.540772578826306 ], [ 43.128582542222098, 42.540696483301296 ], [ 43.128767246678215, 42.540620404374359 ], [ 43.128942661594778, 42.540544077061043 ], [ 43.129111766015789, 42.540466103790763 ], [ 43.129272192241594, 42.540387475242781 ], [ 43.129424233285107, 42.540308044947629 ], [ 43.129568092013166, 42.540227708186364 ], [ 43.129703982810227, 42.540146341513982 ], [ 43.129831980154108, 42.540063898446164 ], [ 43.129952188379704, 42.539980311371103 ], [ 43.130064682179764, 42.539895526599672 ], [ 43.130133529751305, 42.539838896094508 ], [ 43.130200170832737, 42.539778953368575 ], [ 43.130264731818812, 42.539715584318984 ], [ 43.130327371932232, 42.539648635754453 ], [ 43.130388195416103, 42.539578001314531 ], [ 43.130447483201735, 42.539503366795714 ], [ 43.130505473134335, 42.539424433500429 ], [ 43.130562491419461, 42.539340757384423 ], [ 43.1306126807319, 42.539261926370408 ], [ 43.130662806823217, 42.539178271910487 ], [ 43.130713353830366, 42.539088995020819 ], [ 43.130765194485178, 42.538992557410459 ], [ 43.130862832598623, 42.538799527676737 ], [ 43.13104443808713, 42.538422278217993 ], [ 43.131120882448762, 42.538267571655012 ], [ 43.131203855596063, 42.538108629139032 ], [ 43.131282850620131, 42.537968363703143 ], [ 43.131331287851602, 42.537888149357414 ], [ 43.131379881984557, 42.537812142170715 ], [ 43.131428963916534, 42.537739822525616 ], [ 43.131478762751335, 42.537670858257059 ], [ 43.131529545017393, 42.537604887191655 ], [ 43.131581399112449, 42.537541803605698 ], [ 43.131634462834391, 42.537481437742102 ], [ 43.131688848242014, 42.537423666251762 ], [ 43.132111576051514, 42.536981976416811 ], [ 43.13231795740105, 42.536774198900531 ], [ 43.132426784411166, 42.536670163242952 ], [ 43.132530819327691, 42.53657519974967 ], [ 43.132631762050899, 42.536487758397548 ], [ 43.132730486162593, 42.53640708887589 ], [ 43.132835947959329, 42.536326527284402 ], [ 43.132940185362742, 42.536252841976648 ], [ 43.133043664829401, 42.536185704656681 ], [ 43.133146705492187, 42.536124908900639 ], [ 43.133249674028271, 42.536070246356502 ], [ 43.133352687755568, 42.536021663102872 ], [ 43.133455931977437, 42.535979071204544 ], [ 43.13355954967637, 42.535942413554992 ], [ 43.133666288547857, 42.535910608342242 ], [ 43.133779075580293, 42.535882522632242 ], [ 43.133897967255386, 42.535858141117515 ], [ 43.134023041991334, 42.535837447946207 ], [ 43.134154346349426, 42.535820433950562 ], [ 43.134292054033693, 42.5358070731209 ], [ 43.134436323823351, 42.535797350009155 ], [ 43.134587393637638, 42.535791249553434 ], [ 43.134742671074662, 42.535788770941323 ], [ 43.134905235220423, 42.535789766167404 ], [ 43.135075638825278, 42.535794238795951 ], [ 43.135254885756176, 42.535802214138322 ], [ 43.135441571109531, 42.535813560321053 ], [ 43.135640998697589, 42.535828538329966 ], [ 43.135856645484253, 42.535847379382929 ], [ 43.136106432094024, 42.535871642928086 ], [ 43.136179562642589, 42.535879994772962 ], [ 43.136253144819662, 42.535890357621554 ], [ 43.136327210196782, 42.53590273468825 ], [ 43.136401795106906, 42.535917132866956 ], [ 43.136476929851199, 42.535933557152269 ], [ 43.136552665234291, 42.535952019176065 ], [ 43.136706127775156, 42.535995101847796 ], [ 43.136862411461912, 42.536046430519328 ], [ 43.137022293352047, 42.536106247453922 ], [ 43.137186466102875, 42.536174807946303 ], [ 43.137355987028975, 42.53625255332409 ], [ 43.137497792815601, 42.536322502142838 ], [ 43.137645127120294, 42.536399419893016 ], [ 43.137799447104669, 42.536484060578822 ], [ 43.137963639267198, 42.536578006511611 ], [ 43.138265542696416, 42.536758595290792 ], [ 43.138958925906927, 42.537185732336518 ], [ 43.139135111181282, 42.537290708528978 ], [ 43.139293789013948, 42.537381980229128 ], [ 43.139456492827236, 42.537471333205929 ], [ 43.139609244087147, 42.537550413054547 ], [ 43.139754560054641, 42.537620520548039 ], [ 43.139893816611867, 42.537682313837166 ], [ 43.140035204865853, 42.537738966161868 ], [ 43.140171944748715, 42.537787269580456 ], [ 43.140304742330926, 42.537827475115634 ], [ 43.140434097281172, 42.537859731376415 ], [ 43.140560559816954, 42.537884166176681 ], [ 43.140622767959584, 42.537893459072876 ], [ 43.140684343302723, 42.53790081000524 ], [ 43.140745327089604, 42.537906224146944 ], [ 43.140805743630494, 42.537909702793961 ], [ 43.140865624511882, 42.537911248260897 ], [ 43.140924994097702, 42.537910860043397 ], [ 43.140993024651202, 42.537907992672366 ], [ 43.141061040389324, 42.537902505348193 ], [ 43.141129070621723, 42.537894394944288 ], [ 43.141197147092257, 42.537883658373538 ], [ 43.141265301571444, 42.537870291648559 ], [ 43.141333573266081, 42.537854286399927 ], [ 43.141402003870553, 42.537835632497341 ], [ 43.141470636322936, 42.537814318930081 ], [ 43.141539450819565, 42.537790356182917 ], [ 43.141608567859095, 42.537763704785398 ], [ 43.141678041626932, 42.537734344002921 ], [ 43.141747937422615, 42.537702247877824 ], [ 43.141818310834914, 42.53766738939413 ], [ 43.141889255690671, 42.537629725045797 ], [ 43.141960858646748, 42.537589206707437 ], [ 43.142033223719643, 42.537545775728532 ], [ 43.142175906442972, 42.537453169199033 ], [ 43.142322976743998, 42.537348674459651 ], [ 43.142475816260031, 42.537231317897721 ], [ 43.142636911856421, 42.537099195542545 ], [ 43.142794018439425, 42.536963387211379 ], [ 43.142967245795901, 42.53680743913835 ], [ 43.143145767917211, 42.53664200477202 ], [ 43.143650724718121, 42.53616775709299 ], [ 43.143808648786695, 42.536023147889331 ], [ 43.14395185568538, 42.535895579595262 ], [ 43.144117261390072, 42.535753671221933 ], [ 43.144274012936869, 42.535625636633021 ], [ 43.144425037925522, 42.535509086422287 ], [ 43.144571827825203, 42.535402879469899 ], [ 43.144661105751609, 42.535341928740472 ], [ 43.144749405423198, 42.535284483212934 ], [ 43.144836901905499, 42.535230429554929 ], [ 43.144923732950332, 42.53517968084553 ], [ 43.14501004842591, 42.535132152160706 ], [ 43.145095926302545, 42.535087801538189 ], [ 43.145181461802338, 42.535046580090594 ], [ 43.145266731544062, 42.535008450335994 ], [ 43.145351927830959, 42.534973333439154 ], [ 43.145436996244676, 42.534941258237197 ], [ 43.145521997154411, 42.534912201393198 ], [ 43.145606979815526, 42.534886144793319 ], [ 43.14569200067907, 42.5348630740422 ], [ 43.145777095399019, 42.534842978009948 ], [ 43.145862305661353, 42.534825847465136 ], [ 43.145947665769597, 42.534811675758462 ], [ 43.146056626015252, 42.534796496388523 ], [ 43.146168749017413, 42.534782862994412 ], [ 43.146284088494092, 42.534770771032903 ], [ 43.146402716579722, 42.534760210854934 ], [ 43.146650124204093, 42.534743663413373 ], [ 43.146911907800352, 42.534733156474509 ], [ 43.147187676578028, 42.534728648498323 ], [ 43.147481188152661, 42.534730021841547 ], [ 43.147795542770197, 42.53473727696398 ], [ 43.148139545727396, 42.534750610967926 ], [ 43.148337964246636, 42.534763302794119 ], [ 43.148543346432788, 42.534783667766582 ], [ 43.14875738253626, 42.534811869144058 ], [ 43.14898308327404, 42.534848300432522 ], [ 43.149216095745174, 42.534891925857927 ], [ 43.149472825333405, 42.534945520192728 ], [ 43.149740393918087, 42.53500566845198 ], [ 43.15048720335821, 42.535179295006891 ], [ 43.150717863181612, 42.535229519988441 ], [ 43.150925259584596, 42.535271372206587 ], [ 43.151165065853952, 42.535314589120198 ], [ 43.151389774316478, 42.535348855467205 ], [ 43.151603854418951, 42.535374849515556 ], [ 43.151707637325288, 42.535384830607263 ], [ 43.151809569259889, 42.535392834772352 ], [ 43.152028822711706, 42.535404904469921 ], [ 43.152258240971584, 42.535411332810632 ], [ 43.152500041773372, 42.535412188819237 ], [ 43.152758464482901, 42.535407490346586 ], [ 43.152997603129108, 42.535398979972541 ], [ 43.153263444014186, 42.535385971795016 ], [ 43.154224562351061, 42.53532668689315 ], [ 43.154615154300153, 42.535306338799039 ], [ 43.154824007230324, 42.535298457911694 ], [ 43.155019113983862, 42.535293671052116 ], [ 43.155204185109397, 42.535291886753107 ], [ 43.155381112086317, 42.535293091393683 ], [ 43.155579467053983, 42.535297463058029 ], [ 43.155785747635413, 42.535304533015882 ], [ 43.156001686164231, 42.535314357926623 ], [ 43.156230413980857, 42.535327080889374 ], [ 43.156720939200248, 42.535360445594407 ], [ 43.157730349947506, 42.535439675831753 ], [ 43.158162918495499, 42.53547081994197 ], [ 43.158398605746299, 42.535485511886691 ], [ 43.158618745960801, 42.53549725542473 ], [ 43.158827704961773, 42.535506282910696 ], [ 43.159027688879156, 42.535512686592917 ], [ 43.159295982397332, 42.535516309805416 ], [ 43.159577043801178, 42.535513491514244 ], [ 43.159873641391719, 42.535504211252849 ], [ 43.160191151078045, 42.53548830488721 ], [ 43.160478671398174, 42.535469626010652 ], [ 43.160798594487588, 42.535445247493683 ], [ 43.161916011467774, 42.535348243060803 ], [ 43.162355291598679, 42.535313309910876 ], [ 43.162587230925489, 42.535297411048184 ], [ 43.162803812059636, 42.535284735200761 ], [ 43.163009088344843, 42.535275044871135 ], [ 43.163205139913771, 42.535268246496152 ], [ 43.163433613934856, 42.535263793877036 ], [ 43.163652724998677, 42.535263503410611 ], [ 43.163863929463645, 42.5352673759797 ], [ 43.164068194888067, 42.535275429836098 ], [ 43.164266579240945, 42.535287714389995 ], [ 43.164459417740687, 42.535304260258293 ], [ 43.164647226610271, 42.535325112661859 ], [ 43.164830400361197, 42.535350314867564 ], [ 43.164931572007426, 42.535366832310572 ], [ 43.165034547672853, 42.535386032457659 ], [ 43.165139539312015, 42.535407954720469 ], [ 43.165246827728538, 42.535432657623353 ], [ 43.165356592070175, 42.535460178249465 ], [ 43.165469411529358, 42.535490656445482 ], [ 43.165585809261721, 42.53552423295929 ], [ 43.165706579772838, 42.535561138432712 ], [ 43.165913051795577, 42.535628423256107 ], [ 43.166142270660252, 42.53570802113434 ], [ 43.166361698318944, 42.535787506862 ], [ 43.166888853722647, 42.535982143945837 ], [ 43.167158910334763, 42.536078353557556 ], [ 43.167422243302958, 42.536166082637664 ], [ 43.167543702836014, 42.53620374014551 ], [ 43.167660228694515, 42.536237848823411 ], [ 43.167784088920619, 42.536271664040321 ], [ 43.167903869457781, 42.536301708148152 ], [ 43.16802021940174, 42.536328144631995 ], [ 43.168133589927145, 42.536351076174313 ], [ 43.168244476290973, 42.536370597155035 ], [ 43.168353056680154, 42.53638673474498 ], [ 43.168459586889654, 42.536399527260826 ], [ 43.168564268365756, 42.536408997740757 ], [ 43.168666131216661, 42.536415249556555 ], [ 43.168768789996655, 42.536418725927049 ], [ 43.168872292160373, 42.536419427608593 ], [ 43.16897668997818, 42.536417357235372 ], [ 43.169082033443757, 42.536412512001782 ], [ 43.169188393215421, 42.536404890332726 ], [ 43.169295835187853, 42.536394486974572 ], [ 43.169404441183239, 42.536381293325746 ], [ 43.169514151126279, 42.536365322831621 ], [ 43.169625199663372, 42.536346545917993 ], [ 43.169737690786583, 42.536324945331017 ], [ 43.169851745737468, 42.536300496887471 ], [ 43.169967468585575, 42.536273180632165 ], [ 43.170085050604406, 42.536242950985965 ], [ 43.170204669625299, 42.53620976395532 ], [ 43.170326546656042, 42.536173556423442 ], [ 43.170541332057354, 42.536104287724115 ], [ 43.170765203568926, 42.536025378414422 ], [ 43.17100037054847, 42.535936056828433 ], [ 43.171251035256965, 42.535834731179783 ], [ 43.171481182749083, 42.535737189370586 ], [ 43.171736689673246, 42.535625060489288 ], [ 43.172659370693815, 42.535206884189705 ], [ 43.173036035408323, 42.535040217322305 ], [ 43.173237731580137, 42.534954189120292 ], [ 43.173426784298009, 42.534876300691835 ], [ 43.173606748092887, 42.53480508865421 ], [ 43.173779439946536, 42.53473983816788 ], [ 43.173983556887038, 42.534667110420386 ], [ 43.174180550960145, 42.534601955813912 ], [ 43.174371727929774, 42.534543944923399 ], [ 43.174557950355862, 42.534492814155861 ], [ 43.174740181440896, 42.534448314123011 ], [ 43.174918717806946, 42.534410380228081 ], [ 43.175094026244629, 42.534378916362222 ], [ 43.175266465518682, 42.534353856211624 ], [ 43.175488003609502, 42.534327147214398 ], [ 43.175712440555351, 42.534303289140411 ], [ 43.175939769055475, 42.534282282756983 ], [ 43.176169975698294, 42.5342641296346 ], [ 43.17640305199378, 42.53424882962085 ], [ 43.176638983314859, 42.534236384266585 ], [ 43.176877759929823, 42.534226794299961 ], [ 43.177119367239378, 42.534220060371489 ], [ 43.177363799190822, 42.534216182367054 ], [ 43.177611035127121, 42.534215159940075 ], [ 43.177861060398946, 42.534216995541122 ], [ 43.178113856863462, 42.534221686161807 ], [ 43.17836941111613, 42.534229233371853 ], [ 43.178627703746137, 42.534239635943727 ], [ 43.178888716534338, 42.534252893569331 ], [ 43.179152428854252, 42.534269005001818 ], [ 43.179418940389546, 42.534287977210035 ], [ 43.179688111344475, 42.534309803450491 ], [ 43.179959919903688, 42.534334481556847 ], [ 43.180234341844425, 42.534362008424004 ], [ 43.180511355352586, 42.534392381885688 ], [ 43.180790927660794, 42.534425599601782 ], [ 43.181073032139963, 42.534461657528603 ], [ 43.181357638484187, 42.534500552464756 ], [ 43.18164473948687, 42.534542282476238 ], [ 43.181934274520053, 42.534586840278351 ], [ 43.18222620729825, 42.534634218973146 ], [ 43.182520496615687, 42.534684413385904 ], [ 43.182817106187599, 42.534737416619173 ], [ 43.183115985176535, 42.53479321974384 ], [ 43.18341708639656, 42.53485181388902 ], [ 43.183720357845736, 42.534913188306867 ], [ 43.183890702894132, 42.534952250135085 ], [ 43.184242870084411, 42.535043991943397 ], [ 43.184393948105125, 42.53508038011374 ], [ 43.184476353226614, 42.535097811212623 ], [ 43.184553272418398, 42.535111976399421 ], [ 43.184626246298876, 42.535123160355624 ], [ 43.184696052079794, 42.535131477165805 ], [ 43.184780533107102, 42.535138917899381 ], [ 43.184866620225471, 42.535144342487882 ], [ 43.184954189463802, 42.535147742659653 ], [ 43.185043108252579, 42.535149112708822 ], [ 43.185133247542886, 42.535148451488375 ], [ 43.185224453917201, 42.535145758366085 ], [ 43.18531657620948, 42.535141039049734 ], [ 43.185409454681633, 42.53513430091283 ], [ 43.185502981957569, 42.535125551258183 ], [ 43.185596937130455, 42.535114807297923 ], [ 43.18569114543979, 42.535102090577908 ], [ 43.185785434533386, 42.535087423583128 ], [ 43.185879625817385, 42.535070834103742 ], [ 43.185973539376903, 42.53505235351161 ], [ 43.186066993950043, 42.535032017660612 ], [ 43.186159810605439, 42.535009866044305 ], [ 43.186251718320982, 42.534985964615601 ], [ 43.186342635952641, 42.534960340008844 ], [ 43.186432392908372, 42.534933038155081 ], [ 43.186520819631561, 42.534904111305977 ], [ 43.186607750113559, 42.534873615372113 ], [ 43.186693031891039, 42.534841601075591 ], [ 43.186776514701286, 42.534808127278673 ], [ 43.186858054420121, 42.534773251140017 ], [ 43.186937458649503, 42.534737056971444 ], [ 43.187014658187998, 42.534699579703954 ], [ 43.187089532039074, 42.534660876863001 ], [ 43.18716196645763, 42.534621007890117 ], [ 43.187231850081496, 42.534580034065748 ], [ 43.187299092448505, 42.534538009796798 ], [ 43.187363603045128, 42.534494991290487 ], [ 43.187425298687259, 42.534451033969511 ], [ 43.187542710550836, 42.534373785213958 ], [ 43.18758328310701, 42.534343976147028 ], [ 43.187603426603346, 42.534326261455966 ], [ 43.187619867988751, 42.534308897939447 ], [ 43.187632911438193, 42.534291557210302 ], [ 43.187642682394227, 42.534274070151042 ], [ 43.187656901418777, 42.534232124467998 ], [ 43.187664690360492, 42.534181493082407 ], [ 43.187665018649149, 42.534153597650509 ], [ 43.187661533417995, 42.534122538617048 ], [ 43.187640048521551, 42.53403099352046 ], [ 43.187618023752307, 42.533957863188427 ], [ 43.187577589481734, 42.533851303414991 ], [ 43.187532667609744, 42.533744557357409 ], [ 43.187478706408534, 42.533632074990877 ], [ 43.187414728356053, 42.533511745272051 ], [ 43.187337180731951, 42.533376865961216 ], [ 43.187211605227503, 42.533164783106507 ], [ 43.187168570800594, 42.533096834249065 ], [ 43.187127775104791, 42.533036607839001 ], [ 43.187084285358708, 42.532977374405341 ], [ 43.187040559343529, 42.532923069491019 ], [ 43.186995931703287, 42.532872869375524 ], [ 43.186950017854478, 42.53282634651714 ], [ 43.186862797253937, 42.532744136954044 ], [ 43.186830326373688, 42.532717512683163 ], [ 43.186799170931778, 42.53269529396826 ], [ 43.186770600949274, 42.532677942178204 ], [ 43.186738902294536, 42.532661410785053 ], [ 43.186703779997927, 42.532645542025023 ], [ 43.186664618710118, 42.532630056892295 ], [ 43.186584905034863, 42.532603147629594 ], [ 43.186411456244777, 42.53255120433198 ], [ 43.186332314239152, 42.532527689085775 ], [ 43.186250418289504, 42.532506436474961 ], [ 43.186165594357171, 42.53248740141251 ], [ 43.186077611383659, 42.532470531604062 ], [ 43.185986322983801, 42.5324557941059 ], [ 43.185891238506841, 42.532443102793181 ], [ 43.185791904275575, 42.532432398240346 ], [ 43.18568762483396, 42.532423602782067 ], [ 43.185518549493025, 42.532413762053288 ], [ 43.185329760801757, 42.532407751309229 ], [ 43.18513236559717, 42.53240524390494 ], [ 43.184585685829866, 42.532403242479347 ], [ 43.184419595855175, 42.532399806172108 ], [ 43.184271870179565, 42.532393970769412 ], [ 43.184088990917836, 42.532385812891135 ], [ 43.183897636913287, 42.532379382695538 ], [ 43.183695782868114, 42.532374609306444 ], [ 43.183479396393871, 42.532371395408695 ], [ 43.183082883346259, 42.532369240904025 ], [ 43.182169371490609, 42.532370047416727 ], [ 43.181737921050768, 42.532366265819412 ], [ 43.181364320800832, 42.532357248471151 ], [ 43.181023991101888, 42.532342436364786 ], [ 43.180468664614359, 42.532311289507533 ], [ 43.180047895224519, 42.53228500992229 ], [ 43.179668112874253, 42.532257751892438 ], [ 43.179320554865875, 42.53222874257991 ], [ 43.178985158579927, 42.532196093723023 ], [ 43.178668407447489, 42.532160196679619 ], [ 43.178366633985547, 42.532120633970692 ], [ 43.178077730122077, 42.53207712634039 ], [ 43.177635401130658, 42.532003391216548 ], [ 43.177244739566412, 42.531932689109041 ], [ 43.176885600273025, 42.531861363444804 ], [ 43.176551874239827, 42.531788164588441 ], [ 43.176391412512388, 42.53175014162494 ], [ 43.176235929125447, 42.531711304352314 ], [ 43.176085115798791, 42.531671576739797 ], [ 43.1759387393694, 42.5316308956575 ], [ 43.175796548576677, 42.531589192282333 ], [ 43.175658432446689, 42.531546430642038 ], [ 43.175524248546139, 42.531502567958483 ], [ 43.175393883493832, 42.53145756731849 ], [ 43.175273682891905, 42.531412868916199 ], [ 43.175153685558215, 42.531364122983732 ], [ 43.17503366882773, 42.531311241323543 ], [ 43.174913356292706, 42.531254099759849 ], [ 43.174792554369091, 42.531192615059098 ], [ 43.174670741015589, 42.531126526749759 ], [ 43.174547454758532, 42.531055585229211 ], [ 43.1744220369903, 42.530979411675254 ], [ 43.174305328174334, 42.530905104016469 ], [ 43.174185280033761, 42.530825480244808 ], [ 43.174060760169489, 42.530739791059837 ], [ 43.173929667725488, 42.530646593609845 ], [ 43.173672545457329, 42.530456899229954 ], [ 43.173178867477013, 42.530081871131351 ], [ 43.17297349868349, 42.529928272015496 ], [ 43.172756711686716, 42.529771527623652 ], [ 43.172558517618576, 42.529635089479015 ], [ 43.172440720447447, 42.529557763748279 ], [ 43.17232584066435, 42.529485370786396 ], [ 43.17221307948104, 42.529417410663925 ], [ 43.172101908038883, 42.529353563360914 ], [ 43.171991726154289, 42.529293491507431 ], [ 43.171882345467623, 42.529237098444092 ], [ 43.171773468423837, 42.529184232636162 ], [ 43.171664864545036, 42.529134780540502 ], [ 43.171437467264923, 42.529031588913149 ], [ 43.170867904780728, 42.528762050338656 ], [ 43.170601856473425, 42.52864047040898 ], [ 43.170455920371843, 42.528577186628858 ], [ 43.170318960489972, 42.528520736159813 ], [ 43.170188372068175, 42.528470047208472 ], [ 43.170062857110509, 42.528424620874667 ], [ 43.169922644143398, 42.528378152720926 ], [ 43.169786865324049, 42.528337908646535 ], [ 43.169654739609577, 42.528303657356474 ], [ 43.169525747312036, 42.528275265384195 ], [ 43.169399309833238, 42.528252615429501 ], [ 43.169275246437806, 42.528235682999522 ], [ 43.169153278132946, 42.528224431223656 ], [ 43.169033187519737, 42.528218840424174 ], [ 43.168884650492778, 42.528218828459323 ], [ 43.168728119620432, 42.528225507431308 ], [ 43.168563032933022, 42.528238898941652 ], [ 43.168388405514939, 42.528259081763153 ], [ 43.168205364571534, 42.528285811817611 ], [ 43.16800901960989, 42.528319698873247 ], [ 43.16779593194817, 42.528361293030265 ], [ 43.167550595479824, 42.528413612437944 ], [ 43.16747602880627, 42.528431207714107 ], [ 43.16740089625727, 42.528451290194511 ], [ 43.167325039517429, 42.528473902372525 ], [ 43.167248250986333, 42.528499106665059 ], [ 43.167170396844654, 42.528526940553142 ], [ 43.167091056347253, 42.528557552196155 ], [ 43.167009852742574, 42.528591084152502 ], [ 43.166926214151175, 42.528627773115709 ], [ 43.166785372143039, 42.528693906657601 ], [ 43.166630393493044, 42.5287717973141 ], [ 43.166483490172247, 42.528849074055088 ], [ 43.166133356358955, 42.529037108027666 ], [ 43.165954427258875, 42.529129666034436 ], [ 43.16578051064203, 42.529213726343031 ], [ 43.165620655296969, 42.52928384690216 ], [ 43.165540115152226, 42.529316075438942 ], [ 43.165461334818893, 42.52934537471733 ], [ 43.165383929018141, 42.529371888061128 ], [ 43.165307624770328, 42.529395707459479 ], [ 43.165232119886895, 42.529416924432979 ], [ 43.16515729662445, 42.529435568616371 ], [ 43.165082994301827, 42.529451680663499 ], [ 43.165009080623506, 42.529465288174272 ], [ 43.164782417100476, 42.529500736371567 ], [ 43.164567489186005, 42.529529125475285 ], [ 43.164364261568437, 42.529550458588261 ], [ 43.164172918751753, 42.529564716216228 ], [ 43.163993620707856, 42.529571884773119 ], [ 43.163826551556049, 42.529571957360844 ], [ 43.163747648664419, 42.52956933195474 ], [ 43.163671855062027, 42.529564932735425 ], [ 43.163599184114972, 42.529558760823875 ], [ 43.163529649188824, 42.529550817340876 ], [ 43.163474268754435, 42.529542448735995 ], [ 43.163419853270824, 42.52953185682501 ], [ 43.163366378535237, 42.529519036718526 ], [ 43.163313811904963, 42.529503980690222 ], [ 43.163262129229686, 42.529486682050326 ], [ 43.163211290696388, 42.52946712845462 ], [ 43.163161262629636, 42.5294453058562 ], [ 43.163112005321707, 42.529421198310132 ], [ 43.163063543885237, 42.529394821529351 ], [ 43.163015764240669, 42.529366121454061 ], [ 43.162968619800381, 42.529335067620153 ], [ 43.162922054399175, 42.529301624006571 ], [ 43.162876021449527, 42.529265760149002 ], [ 43.16283043883071, 42.529227411693086 ], [ 43.162740314648985, 42.529142993959802 ], [ 43.162665282462051, 42.529063762183462 ], [ 43.162590155165091, 42.528976194309337 ], [ 43.162514164942309, 42.528879403594651 ], [ 43.162435911334654, 42.528771615117648 ], [ 43.162366410564196, 42.528669735865407 ], [ 43.162290907675136, 42.528553692008849 ], [ 43.162021440325482, 42.52812043332829 ], [ 43.161908026130199, 42.52794418574566 ], [ 43.161845720616256, 42.527852091644121 ], [ 43.1617858886272, 42.527767575641697 ], [ 43.16172742890582, 42.527689080143155 ], [ 43.161669761348037, 42.527615834883186 ], [ 43.16159995331008, 42.527532899447245 ], [ 43.161530078907099, 42.527456217173494 ], [ 43.161459692185943, 42.527385300915661 ], [ 43.161388490357496, 42.527319846833187 ], [ 43.161316117432492, 42.527259538523758 ], [ 43.16124245418478, 42.527204289420595 ], [ 43.161167319506916, 42.527153964234529 ], [ 43.161090566553362, 42.527108463346948 ], [ 43.160945975253732, 42.527030420150886 ], [ 43.160796286925525, 42.526954107735691 ], [ 43.160641984922968, 42.526879775187496 ], [ 43.160483581933278, 42.526807667562821 ], [ 43.160321601775266, 42.526738023795467 ], [ 43.160156586701007, 42.526671076814004 ], [ 43.159989085332292, 42.526607049746239 ], [ 43.159819649089279, 42.526546153160353 ], [ 43.159648994996559, 42.526488638110756 ], [ 43.159477494435052, 42.526434626728573 ], [ 43.159305680661589, 42.526384284272581 ], [ 43.159134059389245, 42.526337760252829 ], [ 43.158963159687445, 42.526295196452864 ], [ 43.158793411839582, 42.52625669885105 ], [ 43.158625265703677, 42.526222370140772 ], [ 43.158459135183811, 42.526192293528595 ], [ 43.158307468335991, 42.526169397785047 ], [ 43.158151369960557, 42.526151306132526 ], [ 43.157990501536297, 42.526137977988647 ], [ 43.157824413615465, 42.526129377288569 ], [ 43.157652825689297, 42.526125477885408 ], [ 43.157474787780771, 42.526126248265683 ], [ 43.157289434169002, 42.52613168978332 ], [ 43.157095429291225, 42.526141841254251 ], [ 43.15695358296027, 42.526151794105147 ], [ 43.156805703439616, 42.526164163126126 ], [ 43.156486289612225, 42.52619663563592 ], [ 43.156116036109012, 42.526241447719315 ], [ 43.155331282587099, 42.526345912710525 ], [ 43.15499150512305, 42.526388450810515 ], [ 43.154806493277846, 42.526409420966324 ], [ 43.154634296113677, 42.526427022090118 ], [ 43.154471468736851, 42.526441605789337 ], [ 43.154316283949775, 42.526453323485249 ], [ 43.153653131543187, 42.526501877934159 ], [ 43.152315063781494, 42.526609188646354 ], [ 43.151747818854581, 42.526652327558104 ], [ 43.15115148161567, 42.526692342952764 ], [ 43.150878015565745, 42.526708114019605 ], [ 43.150616252745429, 42.526721345618839 ], [ 43.150405988793572, 42.52672964191364 ], [ 43.150191069248791, 42.52673508447463 ], [ 43.149971059218117, 42.526737682462439 ], [ 43.149745391164593, 42.526737442891289 ], [ 43.149513694801627, 42.526734372354213 ], [ 43.149274813867827, 42.526728459339608 ], [ 43.149027698429279, 42.526719678733755 ], [ 43.148770769830001, 42.52670797525537 ], [ 43.148315186783272, 42.526681716308687 ], [ 43.147808068055191, 42.526645987941031 ], [ 43.147310087151055, 42.52660639319096 ], [ 43.146041490897929, 42.526500176393199 ], [ 43.145676676352998, 42.526471913261148 ], [ 43.145349043390766, 42.526448714004786 ], [ 43.144984049823776, 42.526426109279207 ], [ 43.144643236147793, 42.526408850681754 ], [ 43.144320250269409, 42.526396618504641 ], [ 43.144011824180836, 42.526389294214034 ], [ 43.143653370594919, 42.526386916519577 ], [ 43.143479824084864, 42.526388398907336 ], [ 43.143309664173721, 42.526391664960045 ], [ 43.143142586297408, 42.526396720562715 ], [ 43.14297843440967, 42.526403572204735 ], [ 43.142817017120663, 42.526412227602393 ], [ 43.142658175897701, 42.526422695003511 ], [ 43.142501549506314, 42.52643500278225 ], [ 43.142347234203633, 42.526449148005774 ], [ 43.142195114049827, 42.526465139609712 ], [ 43.14204508881847, 42.526482990385951 ], [ 43.141897051035166, 42.526502711207115 ], [ 43.141750930950174, 42.526524313557019 ], [ 43.141606652755996, 42.526547807920302 ], [ 43.141464146729859, 42.526573204879732 ], [ 43.141100717583548, 42.526644057904164 ], [ 43.140736411658729, 42.526721537939849 ], [ 43.140372342604799, 42.526805407301481 ], [ 43.140009640596595, 42.526895405172169 ], [ 43.139649437626275, 42.526991250967001 ], [ 43.1392928479004, 42.527092648517076 ], [ 43.138940977656837, 42.527199283526862 ], [ 43.138594893285067, 42.52731083116057 ], [ 43.138375788165291, 42.527387202051564 ], [ 43.138151466881467, 42.527472499468601 ], [ 43.137919958027567, 42.527567464901985 ], [ 43.137677715476094, 42.527673550868727 ], [ 43.13744062662191, 42.5277830539153 ], [ 43.13718084590478, 42.527908160391235 ], [ 43.136915797043365, 42.528039698716825 ], [ 43.136190654656929, 42.528404678315134 ], [ 43.135967941477666, 42.528513913264788 ], [ 43.135766600935234, 42.52860990640584 ], [ 43.135533221224975, 42.528716909186024 ], [ 43.135312602176931, 42.528812974991915 ], [ 43.135100402031583, 42.528899990996379 ], [ 43.134894397522139, 42.528978862116425 ], [ 43.1346830082285, 42.529055450565487 ], [ 43.134461603988171, 42.529133021922611 ], [ 43.134228385907811, 42.529212206928577 ], [ 43.133980096822256, 42.529294114154204 ], [ 43.13344571376598, 42.529464145224118 ], [ 43.132657340234935, 42.529707070746156 ], [ 43.132379500099553, 42.529791276358573 ], [ 43.132095198891356, 42.529875356132109 ], [ 43.131803869110868, 42.529959476369413 ], [ 43.131504779891337, 42.530043851131872 ], [ 43.130880373660197, 42.53021419299062 ], [ 43.130210974582425, 42.530389387635175 ], [ 43.129570987281312, 42.530551163220032 ], [ 43.128854334875676, 42.530727380351159 ], [ 43.126257427678723, 42.531350339179411 ], [ 43.125839079861493, 42.531450554774715 ], [ 43.125403534431257, 42.531552727063435 ], [ 43.124947361551513, 42.531657660626948 ], [ 43.124464489661797, 42.53176675251315 ], [ 43.123377315053553, 42.532006717070473 ], [ 43.121072566446315, 42.532505010532475 ], [ 43.120072756385028, 42.532724108825498 ], [ 43.119527619509029, 42.532845968689593 ], [ 43.11901955694465, 42.532961634721055 ], [ 43.118538415153552, 42.533073420743207 ], [ 43.118079100688576, 42.533182513183881 ], [ 43.11743998348971, 42.533338587691375 ], [ 43.11677388824836, 42.533506185098886 ], [ 43.116073763446124, 42.533687072897635 ], [ 43.115325636954843, 42.533884857792785 ], [ 43.114678723753649, 42.534058900219186 ], [ 43.113958674033029, 42.534255093087154 ], [ 43.111633887969276, 42.534895866217497 ], [ 43.110806502138715, 42.535122552307989 ], [ 43.110017902601669, 42.535335930155583 ], [ 43.109302454795504, 42.535526260185584 ], [ 43.108622528887629, 42.535703467808581 ], [ 43.107977986309741, 42.535867488334631 ], [ 43.107360048958128, 42.536020554760171 ], [ 43.106763763350386, 42.536163890534624 ], [ 43.10640957409526, 42.53624647561459 ], [ 43.106014499352646, 42.536336287658756 ], [ 43.104674207852668, 42.536633698167513 ], [ 43.104163832657001, 42.536748659985484 ], [ 43.10365270825028, 42.536867473131004 ], [ 43.103194117366662, 42.536978725706483 ], [ 43.102924340883824, 42.53704286417274 ], [ 43.102636882675085, 42.5371055969756 ], [ 43.102328708636378, 42.537167592350102 ], [ 43.101993745421595, 42.537230075095515 ], [ 43.101696912773946, 42.537282155329763 ], [ 43.101363362380539, 42.537337998352001 ], [ 43.100234884300306, 42.537518649694029 ], [ 43.099810230166945, 42.537588468352652 ], [ 43.099391896271349, 42.537661136935974 ], [ 43.099018696669589, 42.537730860770601 ], [ 43.098821329424482, 42.537770158341388 ], [ 43.098632435140516, 42.537809646634948 ], [ 43.098450956252897, 42.537849545880384 ], [ 43.09827617800466, 42.537890015349618 ], [ 43.098107326504028, 42.53793123674113 ], [ 43.097944141541859, 42.537973277803744 ], [ 43.097786240213125, 42.538016236665882 ], [ 43.097633326600217, 42.538060193986375 ], [ 43.097439338986199, 42.538119664221 ], [ 43.097253078901133, 42.538181132898096 ], [ 43.097074151553215, 42.538244728577993 ], [ 43.09690225774051, 42.538310559792215 ], [ 43.096737080783079, 42.538378749187352 ], [ 43.096578466437187, 42.538449363571004 ], [ 43.096426227077473, 42.53852248630421 ], [ 43.096280211947622, 42.538598189651729 ], [ 43.096140085356851, 42.538676660773383 ], [ 43.096005954647246, 42.53875785374629 ], [ 43.095877716886996, 42.538841829918226 ], [ 43.095755287593235, 42.538928644638425 ], [ 43.095638582092228, 42.539018359555513 ], [ 43.095527548013116, 42.539111015240962 ], [ 43.095422126599296, 42.539206662064991 ], [ 43.095322270295618, 42.53930534247813 ], [ 43.095243782874611, 42.539390643108305 ], [ 43.095075026386567, 42.539585487089461 ], [ 43.094998587071004, 42.539667205942983 ], [ 43.094947834449961, 42.539716265249581 ], [ 43.094888292464347, 42.539769352354085 ], [ 43.094685717759653, 42.539937249350189 ], [ 43.094614631786229, 42.539998476081507 ], [ 43.094549686578901, 42.540059191645085 ], [ 43.094495184699767, 42.540116307633056 ], [ 43.094427697806026, 42.540195437374337 ], [ 43.094360913960493, 42.540280793382884 ], [ 43.094294256886627, 42.540373104513876 ], [ 43.094226541869382, 42.540474005345985 ], [ 43.094161176301071, 42.540576287926008 ], [ 43.094109472938833, 42.540661113008355 ], [ 43.094065058542348, 42.540738950492901 ], [ 43.094026926722137, 42.54081165946446 ], [ 43.093993630282142, 42.54088221824378 ], [ 43.093965624408106, 42.540949915779734 ], [ 43.093942654066183, 42.541015370104567 ], [ 43.093924596093764, 42.541078947492075 ], [ 43.093908527733973, 42.541158380432947 ], [ 43.093897624167397, 42.541247652135382 ], [ 43.093891502382853, 42.54134230126644 ], [ 43.093885498788737, 42.541516709398678 ], [ 43.093874537532088, 42.541787165643669 ], [ 43.093873678954786, 42.54187481150889 ], [ 43.093875427852964, 42.541953487277766 ], [ 43.093880337516609, 42.542032144497249 ], [ 43.09388848801877, 42.542105710869528 ], [ 43.093900007184054, 42.542175308790064 ], [ 43.093914997447349, 42.542241534317355 ], [ 43.093930180334439, 42.542291545262884 ], [ 43.093951310518456, 42.542346855769061 ], [ 43.09405247041839, 42.542573026775528 ], [ 43.094069745796503, 42.542620192596196 ], [ 43.094082592055123, 42.5426636744671 ], [ 43.094096904038146, 42.542727426611258 ], [ 43.094107997630552, 42.542794371644895 ], [ 43.094115968209842, 42.542865056881489 ], [ 43.094120932101497, 42.542940501864486 ], [ 43.094122946373318, 42.54301686945206 ], [ 43.094122482164124, 42.543101649149648 ], [ 43.094113251239854, 42.543350395163749 ], [ 43.09410693573821, 42.543479988215111 ], [ 43.09409899182787, 42.543585651201418 ], [ 43.094088368634011, 42.543681228613877 ], [ 43.094074732950965, 42.543769105835494 ], [ 43.094053717840893, 42.543861922195319 ], [ 43.094022258257091, 42.54396367010466 ], [ 43.093984094162401, 42.544066664458889 ], [ 43.093872448152261, 42.544345882501929 ], [ 43.093842790158426, 42.544431151678282 ], [ 43.093820240420207, 42.544508265891864 ], [ 43.093804384842464, 42.544584110069451 ], [ 43.093782511356068, 42.544738281004285 ], [ 43.09377088705876, 42.544802582255123 ], [ 43.093753185562356, 42.544868686110206 ], [ 43.093730189618718, 42.54492611883478 ], [ 43.0937107655025, 42.544962987787713 ], [ 43.093687491064365, 42.545000758038128 ], [ 43.093660146887977, 42.54503979605304 ], [ 43.093628244008592, 42.545080801514452 ], [ 43.093559910155804, 42.545159489712631 ], [ 43.093408829882407, 42.5453210603469 ], [ 43.093371192256335, 42.545360688820445 ], [ 43.093326967207133, 42.545403715228829 ], [ 43.093168930847476, 42.54554679159029 ], [ 43.093110177554237, 42.545602457358967 ], [ 43.093054873643489, 42.545660387735502 ], [ 43.093010171355672, 42.545714714119477 ], [ 43.092967295536447, 42.54577404906172 ], [ 43.092927562018161, 42.545833815426832 ], [ 43.092891171155046, 42.545893713072623 ], [ 43.092858275539506, 42.545953490591351 ], [ 43.092829021146713, 42.546012873951447 ], [ 43.092803474453348, 42.546071720176634 ], [ 43.092781710089746, 42.546129858509374 ], [ 43.092763778653961, 42.546187147509436 ], [ 43.092741666835217, 42.54626833109743 ], [ 43.092726761758243, 42.54633113944044 ], [ 43.092716110889207, 42.546388023737975 ], [ 43.09270962719313, 42.546440002850836 ], [ 43.092707145550136, 42.546489619849012 ], [ 43.092708885056787, 42.546535919308816 ], [ 43.09271486138519, 42.546579306732816 ], [ 43.092725108135269, 42.546619998808751 ], [ 43.092744450412702, 42.546666880423714 ], [ 43.092774523338498, 42.546717889551068 ], [ 43.092808459809191, 42.546765248280025 ], [ 43.092892103878619, 42.546872910537616 ], [ 43.092927127224009, 42.546923777807251 ], [ 43.093035211763159, 42.547092383648 ], [ 43.093084030003389, 42.547173028035736 ], [ 43.093127363990618, 42.547254077304558 ], [ 43.093159904624144, 42.547328258600132 ], [ 43.093194697397287, 42.547431116252334 ], [ 43.093221516637925, 42.54753809350381 ], [ 43.09324003617094, 42.547647901665265 ], [ 43.093249989327163, 42.547758977472185 ], [ 43.093250524089697, 42.547861901536628 ], [ 43.093242032763769, 42.547971388858699 ], [ 43.093224453049224, 42.548088483922157 ], [ 43.093197377197605, 42.548215936478307 ], [ 43.093181721105474, 42.548272927499447 ], [ 43.093160561965625, 42.548335732633689 ], [ 43.093073589015447, 42.548554912753396 ], [ 43.093042488268672, 42.548642577381592 ], [ 43.092979758898437, 42.548813914745985 ], [ 43.092960074879848, 42.548875180161865 ], [ 43.092945304213025, 42.548942757285346 ], [ 43.092941946075108, 42.548973723069153 ], [ 43.092941203644557, 42.549003342871295 ], [ 43.09294630393731, 42.549064990275731 ], [ 43.092959343256418, 42.54913118157841 ], [ 43.092980424641851, 42.549202533558521 ], [ 43.093010145754825, 42.549281098578497 ], [ 43.093033559, 42.549335871763262 ], [ 43.09305343173763, 42.54937700500912 ], [ 43.093073897005972, 42.549413039370485 ], [ 43.093095465917855, 42.549444668663952 ], [ 43.093144989904751, 42.549503634423687 ], [ 43.093200514008089, 42.549556906886963 ], [ 43.09322980689273, 42.549580708485699 ], [ 43.093259888828491, 42.549602436667506 ], [ 43.093290582239774, 42.549621963301377 ], [ 43.093321746136724, 42.549639198688055 ], [ 43.093369209386829, 42.549660571365727 ], [ 43.093425135897867, 42.549680314431384 ], [ 43.093490405963379, 42.549698877482989 ], [ 43.093577296042369, 42.549719758080954 ], [ 43.093650744918484, 42.549734034622539 ], [ 43.093733843890753, 42.549745343243139 ], [ 43.093824893320424, 42.549753903286501 ], [ 43.093975839345966, 42.549764543249537 ], [ 43.094031658439476, 42.549767536050446 ], [ 43.094090181965349, 42.549768749333651 ], [ 43.094218416456258, 42.549765875867422 ], [ 43.094340435596052, 42.549758203460591 ], [ 43.094623017528086, 42.549735160409774 ], [ 43.094757490565087, 42.549728114359695 ], [ 43.094875856462608, 42.549727543488792 ], [ 43.094982995669966, 42.549733605556625 ], [ 43.095188156867017, 42.549753647495379 ], [ 43.095329852958805, 42.549773011152134 ], [ 43.095394255574909, 42.549784756942294 ], [ 43.095453764113685, 42.549797916217081 ], [ 43.095509087474937, 42.549812647557687 ], [ 43.095560601323491, 42.54982905357317 ], [ 43.095605148138183, 42.549845591386671 ], [ 43.095650471203534, 42.54986451950478 ], [ 43.095744118201232, 42.549909834288876 ], [ 43.095843007726216, 42.549965633739937 ], [ 43.095954219403502, 42.550035897923614 ], [ 43.096004409556471, 42.550071254245672 ], [ 43.09605357155953, 42.550110584635654 ], [ 43.096102227575457, 42.550154301213979 ], [ 43.096151348761538, 42.550203271129249 ], [ 43.096235814178044, 42.550297631034148 ], [ 43.096426508262098, 42.550527865941987 ], [ 43.096479164823727, 42.550586042117445 ], [ 43.096529365414035, 42.550636826376746 ], [ 43.096575958871895, 42.550684351069108 ], [ 43.09667888425372, 42.550796573345551 ], [ 43.096728964762768, 42.550846149702842 ], [ 43.096760686519978, 42.550873894581898 ], [ 43.09679200122482, 42.550898162020772 ], [ 43.096823537332071, 42.550919433441841 ], [ 43.096855625454424, 42.550937931367166 ], [ 43.096908817457667, 42.550962962982098 ], [ 43.096972107679882, 42.550986995239683 ], [ 43.09704108292231, 42.551009121812768 ], [ 43.097174786792451, 42.551048153222986 ], [ 43.097270573949444, 42.551075638363784 ], [ 43.097365289884891, 42.551100460755755 ], [ 43.097458799252252, 42.551122584833749 ], [ 43.097550994430797, 42.551141984498862 ], [ 43.097660170412595, 42.551161796670236 ], [ 43.097773138058322, 42.551178961987524 ], [ 43.097889456121756, 42.551193410975515 ], [ 43.098008551824293, 42.551205073777588 ], [ 43.098068914435281, 42.551208662365383 ], [ 43.098132390513022, 42.551209393880647 ], [ 43.098199627661891, 42.551207279970399 ], [ 43.098271915707215, 42.55120228080488 ], [ 43.098406841319722, 42.551187481668315 ], [ 43.098732558225656, 42.551142976935949 ], [ 43.098819797434643, 42.55113398765203 ], [ 43.098897982492943, 42.551128678019666 ], [ 43.098980229866314, 42.551126846983365 ], [ 43.099056738297463, 42.551129503482599 ], [ 43.099128805940808, 42.551136695186365 ], [ 43.099197113868463, 42.551148495541604 ], [ 43.09924663050127, 42.551160426213386 ], [ 43.099360601045923, 42.551192597841741 ], [ 43.099412374217003, 42.551205546567381 ], [ 43.099477491685811, 42.551218774302619 ], [ 43.099546277516758, 42.551230243776985 ], [ 43.099619338822635, 42.551240056910601 ], [ 43.099697847318794, 42.551248373616907 ], [ 43.099862107501266, 42.551260398298666 ], [ 43.100146748743803, 42.551274057354334 ], [ 43.100274889603625, 42.551278378952723 ], [ 43.100408754683897, 42.551278696089533 ], [ 43.100549699303841, 42.551275017710189 ], [ 43.100700355099086, 42.551267276656333 ], [ 43.100835170568104, 42.55125766172273 ], [ 43.100985111885628, 42.551244721356163 ], [ 43.101504121660618, 42.551192605639613 ], [ 43.101707199594451, 42.551174120542761 ], [ 43.101913984542215, 42.551159466157436 ], [ 43.102100127026745, 42.551151563819467 ], [ 43.102497548588154, 42.551139335504921 ], [ 43.102691217315417, 42.551135719157287 ], [ 43.102881042012179, 42.551136768439072 ], [ 43.103051034283546, 42.551143488360353 ], [ 43.103247609820798, 42.551156535915268 ], [ 43.103421303578031, 42.551171180065495 ], [ 43.103580951204698, 42.551188171453035 ], [ 43.103729078589012, 42.551207798697476 ], [ 43.103868902209392, 42.551230551845855 ], [ 43.103999906155373, 42.551256414284595 ], [ 43.104122831352505, 42.5512855342878 ], [ 43.104238105869925, 42.551318014422783 ], [ 43.104340528133548, 42.5513530355963 ], [ 43.104443724772935, 42.551395593478787 ], [ 43.104548798057607, 42.551446132261212 ], [ 43.104657847859265, 42.551505657461604 ], [ 43.104750384017692, 42.551561089261057 ], [ 43.104851598460804, 42.551625859944529 ], [ 43.1051796048094, 42.551848608173479 ], [ 43.105301676161069, 42.551928828165359 ], [ 43.105423447092193, 42.552003408398853 ], [ 43.105536733075681, 42.552066214140282 ], [ 43.10583993373497, 42.552221224290548 ], [ 43.106129275398494, 42.552373361430966 ], [ 43.106206088010879, 42.552415758878297 ], [ 43.10627301025265, 42.552454821977697 ], [ 43.106341032358124, 42.552497512571989 ], [ 43.106401635136585, 42.552539133114145 ], [ 43.106455851853681, 42.55258039501004 ], [ 43.106504183617474, 42.552621683876943 ], [ 43.106547410410073, 42.552664998298724 ], [ 43.106586908182685, 42.552712929355579 ], [ 43.106623039022367, 42.552765908990082 ], [ 43.106656382723244, 42.552824782486631 ], [ 43.106684792373471, 42.552884257929193 ], [ 43.10671264450901, 42.552951982072422 ], [ 43.106805736969008, 42.553218287502759 ], [ 43.106850246227019, 42.553328863384245 ], [ 43.106878404235481, 42.553386845128642 ], [ 43.106908211243791, 42.553439356340817 ], [ 43.106940246752309, 42.553487413396532 ], [ 43.106974845464897, 42.553531508115128 ], [ 43.10701074786617, 42.553571763766151 ], [ 43.107050562251068, 42.553612797277076 ], [ 43.107144039418174, 42.553699322014033 ], [ 43.107239281221602, 42.553779216363097 ], [ 43.107474029087498, 42.553967573532901 ], [ 43.107587124256739, 42.554065812912135 ], [ 43.107654841200798, 42.554131624364999 ], [ 43.107789683855295, 42.554272104067742 ], [ 43.107849089567473, 42.554331336574741 ], [ 43.107915089266513, 42.554391234499612 ], [ 43.107978611122121, 42.554441594399755 ], [ 43.108050310303526, 42.554491696691287 ], [ 43.108127310493444, 42.554540712188476 ], [ 43.108209289001806, 42.554588436532839 ], [ 43.108295829344691, 42.55463462509411 ], [ 43.108386576873563, 42.554679082892775 ], [ 43.108480810565496, 42.554721445002436 ], [ 43.108577841768117, 42.554761403767074 ], [ 43.108676833166378, 42.554798613056633 ], [ 43.108763124882707, 42.554825874183138 ], [ 43.10885608083052, 42.554848168942428 ], [ 43.108956482002377, 42.554865691219163 ], [ 43.109065796834074, 42.554878700274223 ], [ 43.109179144430023, 42.554887079493582 ], [ 43.109306728655739, 42.554891990577516 ], [ 43.109440661397365, 42.554893755360034 ], [ 43.109813589260746, 42.554894250703562 ], [ 43.109926609930099, 42.554896920689501 ], [ 43.110026742477871, 42.554901766144134 ], [ 43.110140007902501, 42.554911178673891 ], [ 43.110243337596863, 42.554924589459887 ], [ 43.110338780701497, 42.554942269173857 ], [ 43.110427342388, 42.554964410921734 ], [ 43.110509719586652, 42.55499060476415 ], [ 43.110592667685232, 42.555022221990704 ], [ 43.110676837095639, 42.555059506566764 ], [ 43.110763322928413, 42.555102941227943 ], [ 43.110855171750025, 42.555154175566123 ], [ 43.110954371982423, 42.555214444576194 ], [ 43.111058240110751, 42.555281574217979 ], [ 43.111354028151581, 42.555478395438207 ], [ 43.111448130666318, 42.555537408372707 ], [ 43.11153420173013, 42.555587930041611 ], [ 43.111636042640946, 42.555642390308051 ], [ 43.111734164144451, 42.555688597890523 ], [ 43.111830498685393, 42.555727460874223 ], [ 43.111926051384408, 42.555759374956743 ], [ 43.112075679889543, 42.555801570110539 ], [ 43.112222771825017, 42.555837972439093 ], [ 43.112333144119575, 42.555861316856877 ], [ 43.11244685141569, 42.555881434567333 ], [ 43.112563937311307, 42.55589833348315 ], [ 43.11268445514321, 42.555912021676995 ], [ 43.112808447344229, 42.555922505240339 ], [ 43.112936015920937, 42.555929793947094 ], [ 43.11306725936214, 42.555933893009772 ], [ 43.113202306646663, 42.555934806341227 ], [ 43.113340493175009, 42.555932558102754 ], [ 43.113482804050243, 42.555927158202827 ], [ 43.113629490401877, 42.555918599054571 ], [ 43.113780935387176, 42.555906857232621 ], [ 43.113937211893628, 42.555891938420743 ], [ 43.11409946416186, 42.555873745268237 ], [ 43.114268679700295, 42.555852167030444 ], [ 43.114446853978784, 42.555826951052879 ], [ 43.114554698672293, 42.555809391669669 ], [ 43.11466673461728, 42.555787991937066 ], [ 43.114784159818157, 42.555762527513608 ], [ 43.114909349094255, 42.555732485434902 ], [ 43.115136538430605, 42.555672294862447 ], [ 43.115646338973768, 42.555528565407855 ], [ 43.115875661903942, 42.555469232450974 ], [ 43.116035575859435, 42.555432431717271 ], [ 43.116215155557782, 42.555394812286657 ], [ 43.116413713069782, 42.555356242082567 ], [ 43.116992609343548, 42.555248012650978 ], [ 43.117171246871095, 42.555211835097928 ], [ 43.117328433144834, 42.555177230054703 ], [ 43.117506165783233, 42.555133621182755 ], [ 43.117666369556716, 42.555088740606024 ], [ 43.11781230606077, 42.555041669410137 ] ] ], [ [ [ 43.013560363188297, 42.555694400334616 ], [ 43.013911339079634, 42.555697691185479 ], [ 43.014287918922257, 42.555708119381386 ], [ 43.014590465428633, 42.555720643736862 ], [ 43.014924484797966, 42.555737728199169 ], [ 43.015279264956668, 42.555758466459281 ], [ 43.016286860867964, 42.555820909462845 ], [ 43.016599921005081, 42.555838101540282 ], [ 43.016880520364289, 42.55585135377541 ], [ 43.016960440026132, 42.555855974813959 ], [ 43.017045060387176, 42.55586320586815 ], [ 43.017135027748914, 42.555873101341184 ], [ 43.017231492887035, 42.555885786502671 ], [ 43.017457042168125, 42.555921497335483 ], [ 43.017946813805246, 42.556010201685964 ], [ 43.018157764596282, 42.55604520556269 ], [ 43.018271077958893, 42.556061373741201 ], [ 43.018375083190428, 42.556073875905547 ], [ 43.018471866292494, 42.556082959792263 ], [ 43.018562455967071, 42.556088719759728 ], [ 43.018669160951902, 42.556091317476096 ], [ 43.018768224964113, 42.55608871923728 ], [ 43.018860367274073, 42.556080905084279 ], [ 43.018946038621266, 42.556067834200455 ], [ 43.019025711810819, 42.556049422922854 ], [ 43.019099516192256, 42.556025624872014 ], [ 43.019167658497693, 42.555996373392787 ], [ 43.019230288158106, 42.555961603539224 ], [ 43.019276093310275, 42.555930043990706 ], [ 43.019321168723209, 42.555893211795386 ], [ 43.019366009290451, 42.555850710271812 ], [ 43.01941152911381, 42.555801674505069 ], [ 43.019489963703769, 42.555704998725766 ], [ 43.019667843886154, 42.555465352765872 ], [ 43.019716301020729, 42.55540619253896 ], [ 43.019762340620439, 42.555355260987163 ], [ 43.019920381007765, 42.555194662573875 ], [ 43.02008833721667, 42.55503300880553 ], [ 43.020266601025064, 42.554869925484162 ], [ 43.020455739415219, 42.554704890144833 ], [ 43.020655986114896, 42.554537672633458 ], [ 43.02086883184792, 42.554367002781611 ], [ 43.02109564129119, 42.554191782030841 ], [ 43.021338897600955, 42.554010090930447 ], [ 43.021636887783956, 42.553795108190656 ], [ 43.021912735113226, 42.553604978811286 ], [ 43.022045868502843, 42.553516808479237 ], [ 43.022176465459104, 42.553432806886974 ], [ 43.022305056944916, 42.553352631102456 ], [ 43.022432024337867, 42.55327604637413 ], [ 43.022525442779774, 42.553218809324854 ], [ 43.02276587854098, 42.553066089721739 ], [ 43.022837052226436, 42.55302330381452 ], [ 43.022902056375429, 42.552986503480142 ], [ 43.02297838997351, 42.552946784607933 ], [ 43.023051477840944, 42.55291287934029 ], [ 43.023122710518436, 42.552884146188148 ], [ 43.023192810825293, 42.552860298652426 ], [ 43.02326767922402, 42.552839510519128 ], [ 43.023348253364283, 42.552821518794147 ], [ 43.023435249694273, 42.552806161124821 ], [ 43.023530089148906, 42.552793182849292 ], [ 43.023622547083676, 42.552783416129593 ], [ 43.023726888608977, 42.552774861160188 ], [ 43.024098571841542, 42.552752027524527 ], [ 43.024251868600849, 42.552744322838635 ], [ 43.024412291859122, 42.552741791948847 ], [ 43.024581507698429, 42.552744402321665 ], [ 43.024762788643748, 42.552752202244989 ], [ 43.024922339737451, 42.55276249360039 ], [ 43.025100097971027, 42.552776791731937 ], [ 43.025697510491078, 42.552833689196277 ], [ 43.025923079651619, 42.552853164180867 ], [ 43.026147904645576, 42.552868315045714 ], [ 43.026350501021966, 42.552876627447183 ], [ 43.026646018381328, 42.55288613419085 ], [ 43.027336472028836, 42.552914358121484 ], [ 43.027648001166753, 42.552925003437707 ], [ 43.02797633445968, 42.552931499379412 ], [ 43.028268682844292, 42.552931111753708 ], [ 43.028428311840422, 42.552927706056956 ], [ 43.028581191133036, 42.552921923632304 ], [ 43.028728275563736, 42.552913727807542 ], [ 43.028870194743732, 42.552903082611685 ], [ 43.029007639832344, 42.552889931516084 ], [ 43.029140826003925, 42.552874248521434 ], [ 43.029270085780745, 42.552855994336817 ], [ 43.029395672444316, 42.55283513190831 ], [ 43.029544019919079, 42.552806684857678 ], [ 43.029694296533293, 42.552774136448775 ], [ 43.029846592989635, 42.552737467521595 ], [ 43.030001019722022, 42.552696651150121 ], [ 43.030157662646147, 42.552651665389121 ], [ 43.030316720748111, 42.552602456016857 ], [ 43.030478373591016, 42.552548966675232 ], [ 43.030642863584603, 42.552491117771069 ], [ 43.030809042734035, 42.552429354231748 ], [ 43.030978655959309, 42.552363070267766 ], [ 43.031152142189796, 42.552292095102281 ], [ 43.031330157827142, 42.552216159032263 ], [ 43.031512794792128, 42.552135242003061 ], [ 43.031702052240746, 42.552048476009851 ], [ 43.031899629219438, 42.551955085134693 ], [ 43.032109166654287, 42.551853349728376 ], [ 43.032313528068912, 42.551750958585401 ], [ 43.032513797936829, 42.551646618283257 ], [ 43.03270961837125, 42.551540516311533 ], [ 43.032900688279604, 42.551432815922155 ], [ 43.033086688994381, 42.551323697176905 ], [ 43.033267430574774, 42.551213274809164 ], [ 43.033442700691062, 42.551101678477529 ], [ 43.033612316741447, 42.550989022141891 ], [ 43.033775911386321, 42.55087556247782 ], [ 43.033933564113276, 42.550761251346074 ], [ 43.034085147786399, 42.550646182045931 ], [ 43.034230556361884, 42.550530435630805 ], [ 43.034369678702703, 42.550414100270594 ], [ 43.034502447183513, 42.550297236064189 ], [ 43.03462878305514, 42.550179908322143 ], [ 43.034748623536039, 42.5500621781256 ], [ 43.034808812848631, 42.549998827983188 ], [ 43.034867148355737, 42.54993241030499 ], [ 43.034923752622745, 42.549862784011488 ], [ 43.034978781389292, 42.549789759963048 ], [ 43.035032332167468, 42.549713219162989 ], [ 43.035084700384132, 42.549632751534759 ], [ 43.035136133000869, 42.549547977688469 ], [ 43.035186992064972, 42.549458304980213 ], [ 43.035268303299908, 42.549302634820421 ], [ 43.035352741199397, 42.549125747609125 ], [ 43.035429294730719, 42.54895453445301 ], [ 43.035606842171049, 42.548544849256963 ], [ 43.035700074937665, 42.548341174005238 ], [ 43.035795470600164, 42.548150996042565 ], [ 43.035842490813152, 42.548064981800195 ], [ 43.03588974602475, 42.547983741696399 ], [ 43.035939147349453, 42.547904240379054 ], [ 43.035989456218054, 42.547828728657322 ], [ 43.036040906657448, 42.547756851229465 ], [ 43.036093678096208, 42.547688362622814 ], [ 43.036147974814824, 42.547623001580845 ], [ 43.036203882666591, 42.547560671415127 ], [ 43.036261522744788, 42.547501239119121 ], [ 43.036320993243848, 42.547444602812241 ], [ 43.036405774925498, 42.547368984840325 ], [ 43.036494145128636, 42.547293963233315 ], [ 43.036586065092806, 42.547219569737742 ], [ 43.036681492237143, 42.547145841437704 ], [ 43.036780381716191, 42.547072809975027 ], [ 43.036882681099605, 42.547000515866792 ], [ 43.036988334334254, 42.546928998667319 ], [ 43.037097281716051, 42.546858297868262 ], [ 43.037209506963158, 42.546788427589838 ], [ 43.03732489452532, 42.546719460586893 ], [ 43.037443371170376, 42.546651440621936 ], [ 43.037564855033658, 42.546584414911756 ], [ 43.037689265609757, 42.546518426193863 ], [ 43.037816504958137, 42.546453529514736 ], [ 43.037946474091406, 42.546389774499936 ], [ 43.038079066635277, 42.546327213350331 ], [ 43.038214761754048, 42.546265634532659 ], [ 43.038352867056879, 42.546205369282426 ], [ 43.038493254150268, 42.546146473026603 ], [ 43.038635784819569, 42.546089003726053 ], [ 43.038780325861303, 42.546033014925392 ], [ 43.038926714493471, 42.545978571370327 ], [ 43.039074791784429, 42.545925731569511 ], [ 43.039224387792508, 42.545874555644922 ], [ 43.0393754138438, 42.545825075392727 ], [ 43.039527601606999, 42.545777381671577 ], [ 43.039680764159712, 42.545731532514424 ], [ 43.039834703597641, 42.54568758666781 ], [ 43.039989224508496, 42.54564560112086 ], [ 43.040144111977526, 42.54560563343064 ], [ 43.040299151119292, 42.545567740255336 ], [ 43.040454123538566, 42.545531973691567 ], [ 43.040666556790079, 42.545486604896325 ], [ 43.040883783471457, 42.545444577622895 ], [ 43.041105199552952, 42.545406008490097 ], [ 43.041330136468687, 42.545371013918022 ], [ 43.041557954131441, 42.545339695509369 ], [ 43.041787831831606, 42.545312167093151 ], [ 43.042018982318893, 42.545288524165443 ], [ 43.042250567504375, 42.54526885235444 ], [ 43.042508023263274, 42.545252659673949 ], [ 43.042775581617612, 42.545242606875334 ], [ 43.043054524212756, 42.54523864284009 ], [ 43.043346930994915, 42.545240736373849 ], [ 43.043651691424202, 42.545248768447792 ], [ 43.043977224607943, 42.545262858412222 ], [ 43.0443300167193, 42.545283249205497 ], [ 43.044732869280963, 42.545311250128329 ], [ 43.044909339267022, 42.545326770622594 ], [ 43.045093117825978, 42.545347751243895 ], [ 43.045286129902905, 42.54537440491211 ], [ 43.045492173678376, 42.545407252058141 ], [ 43.045671240503495, 42.545438778572489 ], [ 43.045870373890573, 42.54547629078278 ], [ 43.046522408651057, 42.545606570055931 ], [ 43.046760349879179, 42.545652616804489 ], [ 43.046992413471976, 42.545694462712461 ], [ 43.047202579769376, 42.545728582887158 ], [ 43.047415664205452, 42.54575844876107 ], [ 43.04761706381607, 42.545781384483575 ], [ 43.047809874380448, 42.545797740952644 ], [ 43.04799578800553, 42.545807656911471 ], [ 43.048298231995297, 42.545817441821185 ], [ 43.048555737440019, 42.54582266281956 ], [ 43.048791254191819, 42.545823779574754 ], [ 43.049009913775159, 42.545820770656988 ], [ 43.049218956716608, 42.545813430773912 ], [ 43.049416929563293, 42.545801697405807 ], [ 43.049605414862732, 42.545785474182104 ], [ 43.049785352928467, 42.545764678099545 ], [ 43.050020239073447, 42.545732922858953 ], [ 43.050220216535806, 42.54570376805006 ], [ 43.050403425214, 42.545674565234584 ], [ 43.050573211222016, 42.54564474736695 ], [ 43.050734715078228, 42.545613340250952 ], [ 43.050886530053752, 42.545580542417724 ], [ 43.051029612617555, 42.545546144145 ], [ 43.051164494086734, 42.545510017623457 ], [ 43.051293981864724, 42.545471294796812 ], [ 43.051415653153015, 42.545430577451882 ], [ 43.051529727055765, 42.545387790993843 ], [ 43.051636350161523, 42.545342882105544 ], [ 43.051735673187238, 42.545295782228855 ], [ 43.051827740685873, 42.545246468726546 ], [ 43.051912619569578, 42.545194904931591 ], [ 43.051990358269421, 42.545141061065337 ], [ 43.052032528676044, 42.545107988307478 ], [ 43.052073099168226, 42.545072474892208 ], [ 43.052112157356142, 42.545034444864918 ], [ 43.052149808730654, 42.544993795558781 ], [ 43.052186124826022, 42.544950458850295 ], [ 43.052221301417667, 42.544904209333581 ], [ 43.052255502268814, 42.544854832765076 ], [ 43.052288955669148, 42.544801998028028 ], [ 43.052343166297433, 42.544706272496263 ], [ 43.052398370297894, 42.544595945433322 ], [ 43.052448920835616, 42.54448522223592 ], [ 43.052575070364909, 42.544196548873522 ], [ 43.052650134201073, 42.544040621183079 ], [ 43.052693323206036, 42.543960960969549 ], [ 43.052736907445293, 42.543888327132301 ], [ 43.052781675281629, 42.543821413787654 ], [ 43.052828065835818, 42.543759571908254 ], [ 43.052959419785246, 42.543596256463573 ], [ 43.053077756204239, 42.543453023092283 ], [ 43.053189989539604, 42.543321505402218 ], [ 43.053298134643846, 42.543199376448577 ], [ 43.053404916541837, 42.543083636038418 ], [ 43.053509982075887, 42.542974755458999 ], [ 43.053614003272934, 42.542872037412565 ], [ 43.053717402284271, 42.542775065823122 ], [ 43.053822295909619, 42.542681991834925 ], [ 43.053927173348562, 42.542594289169692 ], [ 43.054032263438465, 42.542511766298944 ], [ 43.054137732170702, 42.542434294563783 ], [ 43.054243771431061, 42.54236173493814 ], [ 43.054350456999884, 42.542294040078836 ], [ 43.054457894512005, 42.542231142437181 ], [ 43.054566169568012, 42.542172992134397 ], [ 43.054695358360881, 42.542108861616221 ], [ 43.054828540271714, 42.542046998766587 ], [ 43.054964997374839, 42.541987738087933 ], [ 43.055104049579136, 42.541931372402949 ], [ 43.055244955717825, 42.541878200704829 ], [ 43.055387178673875, 42.54182842189261 ], [ 43.055530132424408, 42.541782241242117 ], [ 43.055673291764272, 42.541739827241848 ], [ 43.05581555374232, 42.541701482663065 ], [ 43.055957091052107, 42.54166713749666 ], [ 43.056097497604576, 42.541636889316415 ], [ 43.056236416696123, 42.541610814022718 ], [ 43.056373472316949, 42.541588981786866 ], [ 43.056508425951435, 42.541571427291991 ], [ 43.056641012278369, 42.541558185668151 ], [ 43.056771002909429, 42.541549279164883 ], [ 43.056925453778135, 42.541542109409711 ], [ 43.057068347731416, 42.541537414417341 ], [ 43.057203228433899, 42.54153508052844 ], [ 43.057331189907615, 42.541535093905551 ], [ 43.057453633275045, 42.541537472928773 ], [ 43.057570296275017, 42.541542232079962 ], [ 43.057681467188495, 42.541549382568647 ], [ 43.05778730397644, 42.541558936094447 ], [ 43.057888672709048, 42.54157100371296 ], [ 43.057984822534351, 42.541585529480969 ], [ 43.058075812793064, 42.54160252432353 ], [ 43.05816167621488, 42.541621993310436 ], [ 43.058242452663862, 42.541643947034842 ], [ 43.05831814573942, 42.541668387369626 ], [ 43.058388769966342, 42.54169531727262 ], [ 43.058454331292317, 42.541724741356681 ], [ 43.058515190645309, 42.54175853075818 ], [ 43.058573322732897, 42.541799375533841 ], [ 43.058629218856261, 42.541847612709866 ], [ 43.058683680936184, 42.541903930381238 ], [ 43.058735828957154, 42.541966899794744 ], [ 43.058789617380086, 42.542040796172067 ], [ 43.058842992880216, 42.542121576429103 ], [ 43.058989958830303, 42.542354619346909 ], [ 43.059038071250114, 42.54242432378971 ], [ 43.059083718291113, 42.542484380420532 ], [ 43.059140068800311, 42.542549545217227 ], [ 43.059197294877521, 42.5426056357094 ], [ 43.059256514734919, 42.542653743379375 ], [ 43.059318346451029, 42.54269435778064 ], [ 43.059386199668324, 42.542731731369116 ], [ 43.059458906373166, 42.542767401374469 ], [ 43.059536465379075, 42.542801366866847 ], [ 43.059618877849502, 42.542833629657174 ], [ 43.05970614143498, 42.542864186993604 ], [ 43.059798266895449, 42.542893045351079 ], [ 43.059895263912331, 42.542920206682901 ], [ 43.05999715419874, 42.542945677648198 ], [ 43.060103638893182, 42.542969395538421 ], [ 43.060215061107733, 42.542991449000297 ], [ 43.060331482553302, 42.543011850771293 ], [ 43.060453017056084, 42.543030621674738 ], [ 43.060579619603935, 42.543047760031662 ], [ 43.060711772708039, 42.543063336130928 ], [ 43.060849877941671, 42.543077399076417 ], [ 43.060994895556952, 42.543090047049581 ], [ 43.061121711816071, 42.543097850765939 ], [ 43.061251836033499, 42.543101119395104 ], [ 43.061385459224212, 42.54309985795939 ], [ 43.061522833511695, 42.543094064409289 ], [ 43.061664127004114, 42.543083736172484 ], [ 43.061809849622129, 42.543068844039688 ], [ 43.061960468077899, 42.543049338255557 ], [ 43.062116671833195, 42.54302513320647 ], [ 43.062267394804273, 42.542998345249018 ], [ 43.062424751854323, 42.542967202645272 ], [ 43.062590120157843, 42.542931434184553 ], [ 43.062766194349585, 42.542890460430179 ], [ 43.063117342934817, 42.542802109498105 ], [ 43.063790896706351, 42.542623123786754 ], [ 43.063971748075566, 42.542573792692451 ], [ 43.06415447327538, 42.542519854314897 ], [ 43.064339422604164, 42.54246120289762 ], [ 43.06452704973961, 42.542397697506431 ], [ 43.064717652300097, 42.54232924229585 ], [ 43.064912133866443, 42.542255521117276 ], [ 43.065111303953941, 42.542176227033046 ], [ 43.065316359679372, 42.542090884041052 ], [ 43.065502279736812, 42.542010542397669 ], [ 43.065695483843975, 42.541924375403923 ], [ 43.065897999374265, 42.541831481595345 ], [ 43.066113851972176, 42.541730016144129 ], [ 43.066465381547367, 42.541560665258309 ], [ 43.067261107438149, 42.541169897683112 ], [ 43.067615983231384, 42.54099814032061 ], [ 43.067877572625598, 42.540869582232794 ], [ 43.068146797695597, 42.540730241408788 ], [ 43.068426468337044, 42.54057867388471 ], [ 43.068722059483804, 42.540411914563826 ], [ 43.068977440585243, 42.540263334794645 ], [ 43.069259744359272, 42.540095344180173 ], [ 43.070182466670438, 42.539534754259236 ], [ 43.07052210066972, 42.539330776356152 ], [ 43.070857105327732, 42.539134459587338 ], [ 43.071162907246809, 42.538961253193584 ], [ 43.071480325765975, 42.538789079941033 ], [ 43.071633490177412, 42.538709179085942 ], [ 43.071783824481088, 42.538632947803592 ], [ 43.071931979353927, 42.538560057554491 ], [ 43.072078189594635, 42.538490397930765 ], [ 43.072222795087022, 42.53842380715988 ], [ 43.072366062683955, 42.538360161862293 ], [ 43.072780758585715, 42.538183530617921 ], [ 43.073204213060478, 42.538011432597173 ], [ 43.073636186889786, 42.537843965441191 ], [ 43.074076418845948, 42.537681230025008 ], [ 43.074524655234271, 42.537523320148168 ], [ 43.074980576010375, 42.537370349209873 ], [ 43.075443868663484, 42.537222423535148 ], [ 43.075914191454856, 42.537079649862264 ], [ 43.076391442223702, 42.536942066013232 ], [ 43.076874991799805, 42.536809860358368 ], [ 43.077364436319968, 42.536683141308977 ], [ 43.077859343799844, 42.536562021313138 ], [ 43.078359295956147, 42.536446603149571 ], [ 43.078863780220829, 42.536337006933692 ], [ 43.079372295347824, 42.536233341272208 ], [ 43.079884307239269, 42.536135714229722 ], [ 43.080132440528615, 42.536088580238541 ], [ 43.080693636880831, 42.535977449902518 ], [ 43.080944782674969, 42.535929203824715 ], [ 43.081210752154348, 42.53588147475336 ], [ 43.081449370294202, 42.535843029908243 ], [ 43.081708295228403, 42.535807534376907 ], [ 43.081831299943389, 42.535793395229831 ], [ 43.081950803633937, 42.535781567547104 ], [ 43.082067396164895, 42.535771995476289 ], [ 43.082181264200486, 42.535764667742789 ], [ 43.082292696940023, 42.535759564881609 ], [ 43.082401913824171, 42.535756678866271 ], [ 43.082507804149557, 42.535755896554953 ], [ 43.082615950335338, 42.535757000708507 ], [ 43.082839848991917, 42.53576487881903 ], [ 43.083075564811864, 42.535780374672171 ], [ 43.083326805659397, 42.53580372944068 ], [ 43.083574494412133, 42.535832349116163 ], [ 43.083850110552241, 42.535869144007357 ], [ 43.084120308526828, 42.535908640188019 ], [ 43.084733843804152, 42.536002037376868 ], [ 43.084874367264447, 42.53602466145702 ], [ 43.085020398172041, 42.536051596453291 ], [ 43.085173400569722, 42.536083109962057 ], [ 43.085336208560591, 42.536119783343871 ], [ 43.085642537160815, 42.536195353819799 ], [ 43.086196369722991, 42.536341117652555 ], [ 43.086412132688515, 42.53639633374172 ], [ 43.086632240901309, 42.536449232874389 ], [ 43.086831023351991, 42.536492661978684 ], [ 43.087052493717827, 42.536534710855662 ], [ 43.087158172466495, 42.53655198821189 ], [ 43.087261185297109, 42.536566886762124 ], [ 43.087362051236219, 42.536579476416058 ], [ 43.087460940167411, 42.536589776225263 ], [ 43.087558111873875, 42.536597812144784 ], [ 43.087653764343266, 42.536603600091631 ], [ 43.087805307448932, 42.536613234165877 ], [ 43.088149573130657, 42.536641586502618 ], [ 43.088303475937451, 42.536652310228042 ], [ 43.088462663127125, 42.536659058697062 ], [ 43.088602086621357, 42.536659276973076 ], [ 43.088677345050897, 42.536656370385153 ], [ 43.088748238006822, 42.536651189097071 ], [ 43.088815173084804, 42.536643703895606 ], [ 43.088878411804252, 42.536633884029619 ], [ 43.088938235707523, 42.536621681070308 ], [ 43.088994722151796, 42.536607073799985 ], [ 43.089047997534948, 42.536590030111661 ], [ 43.089098154122269, 42.536570519129469 ], [ 43.089152284007483, 42.536544700392241 ], [ 43.089206140644364, 42.536513545884304 ], [ 43.089260310182183, 42.53647672137712 ], [ 43.089315900378715, 42.536433478988542 ], [ 43.089362224149589, 42.536393660758954 ], [ 43.089412571909051, 42.536347188005543 ], [ 43.089627257600107, 42.536137632593096 ], [ 43.089681652849094, 42.536089073128231 ], [ 43.089732695752723, 42.536047381974598 ], [ 43.090038081478241, 42.535814438326589 ], [ 43.090173440998704, 42.535714625350273 ], [ 43.090302296415928, 42.53562216474549 ], [ 43.090427838405247, 42.535534809746338 ], [ 43.090549831758672, 42.53545276807003 ], [ 43.090669154167585, 42.535375450095756 ], [ 43.090786370838572, 42.535302490628048 ], [ 43.090868084863253, 42.535254865876063 ], [ 43.090954346451227, 42.535208809942716 ], [ 43.091045330165485, 42.535164228468517 ], [ 43.091141272134152, 42.535121004704678 ], [ 43.091242325626141, 42.535079063746274 ], [ 43.091349003867556, 42.535038186294578 ], [ 43.091461787424635, 42.534998185823952 ], [ 43.091581422266287, 42.534958797377826 ], [ 43.091793924154352, 42.534894995050493 ], [ 43.092036135102951, 42.534829322332605 ], [ 43.092274229041401, 42.53476943494028 ], [ 43.092862508244956, 42.534626704186479 ], [ 43.093023397245815, 42.534585746976703 ], [ 43.093166463670293, 42.534547494370869 ], [ 43.093319681210986, 42.534503890239996 ], [ 43.093460350753617, 42.534460720953241 ], [ 43.093590987144431, 42.534417214321465 ], [ 43.093712877279479, 42.534372936121322 ], [ 43.093845480353565, 42.534319765822445 ], [ 43.09396849851781, 42.534264651923095 ], [ 43.094082687342905, 42.534207254013687 ], [ 43.094188536560111, 42.534147324515082 ], [ 43.094286553308443, 42.534084563902667 ], [ 43.094376894474472, 42.534018858636777 ], [ 43.094459790529619, 42.533950037864727 ], [ 43.094535412570252, 42.533877961262846 ], [ 43.094644263532558, 42.533763852610136 ], [ 43.094738616640029, 42.533659081760149 ], [ 43.09482203099563, 42.533559689736059 ], [ 43.094895462810065, 42.533464505553944 ], [ 43.094960035796255, 42.533371974678815 ], [ 43.095015485110899, 42.533282359281337 ], [ 43.095062024659697, 42.53319531352291 ], [ 43.095099757948617, 42.533110638315534 ], [ 43.095124532611699, 42.533040479533653 ], [ 43.095144612283555, 42.532965786808923 ], [ 43.095160207188066, 42.532885813490203 ], [ 43.095171612573161, 42.532799058787063 ], [ 43.095178056832445, 42.532721292719579 ], [ 43.095182178613456, 42.532634048581485 ], [ 43.09518640501657, 42.532345729288835 ], [ 43.095189833334821, 42.53224128051977 ], [ 43.09519785979117, 42.532111902031787 ], [ 43.095222667919614, 42.531800565849501 ], [ 43.095231976524012, 42.531658764116074 ], [ 43.095237272741365, 42.531509843540135 ], [ 43.095236104210613, 42.531377803243458 ], [ 43.09523244181846, 42.53130633678191 ], [ 43.095226553932044, 42.531238146399666 ], [ 43.095218402057768, 42.53117281630783 ], [ 43.095207951842987, 42.531110074872458 ], [ 43.095195148984885, 42.531049625813182 ], [ 43.09517997069603, 42.530991377795928 ], [ 43.095162378628466, 42.530935190598527 ], [ 43.095142339533908, 42.530880956502919 ], [ 43.095105112741756, 42.530796610735209 ], [ 43.095060540214085, 42.530711669120365 ], [ 43.095008595442224, 42.530626083480456 ], [ 43.094949237861961, 42.530539787391554 ], [ 43.0948824419918, 42.53045273899366 ], [ 43.094808115583945, 42.53036480976359 ], [ 43.09472616341116, 42.530275889137641 ], [ 43.094636439369303, 42.530185817975578 ], [ 43.094540393190613, 42.530095891934842 ], [ 43.094436363555133, 42.530004408361371 ], [ 43.094323987698644, 42.52991104601 ], [ 43.094202620823438, 42.529815269114671 ], [ 43.09407291346573, 42.529717508121479 ], [ 43.093931768311542, 42.529615357456898 ], [ 43.093776847784021, 42.529507094172565 ], [ 43.093598656121756, 42.529386079006166 ], [ 43.093512749563878, 42.529329946084921 ], [ 43.09342299183848, 42.529274339758118 ], [ 43.093329227600023, 42.529219163775053 ], [ 43.093231248780242, 42.529164293990398 ], [ 43.093128915417807, 42.529109648816153 ], [ 43.093021801114574, 42.529054996908258 ], [ 43.092909510239245, 42.529000136249977 ], [ 43.092791453784855, 42.528944777852757 ], [ 43.092556852875916, 42.528840528329383 ], [ 43.092290831251063, 42.528729249586419 ], [ 43.092019722566555, 42.528620726702471 ], [ 43.09144379028092, 42.528395219584468 ], [ 43.091290293513389, 42.528335591386877 ], [ 43.091128861707638, 42.528274985155669 ], [ 43.090774384704602, 42.528147932860392 ], [ 43.090406209358221, 42.52802204336227 ], [ 43.089674869492789, 42.527778055699699 ], [ 43.089482743516712, 42.527716481428335 ], [ 43.089050954485032, 42.527587305020901 ], [ 43.088861609493868, 42.527527760888155 ], [ 43.088759380090728, 42.527493234304544 ], [ 43.088665285041522, 42.527459346749374 ], [ 43.088577423936115, 42.527425414543181 ], [ 43.088494861884918, 42.527391072691373 ], [ 43.088383106418696, 42.52733916309986 ], [ 43.088264888256901, 42.527277125246044 ], [ 43.088128945460667, 42.527198733039882 ], [ 43.087843550091826, 42.527024192739617 ], [ 43.087717605528816, 42.526950143634686 ], [ 43.08758101865817, 42.526876545306258 ], [ 43.087516794730242, 42.526845116847085 ], [ 43.087454151735884, 42.526816702736163 ], [ 43.087400145604732, 42.526794398863366 ], [ 43.087343446945631, 42.526773313467729 ], [ 43.087283943768966, 42.526753405952249 ], [ 43.087221484284989, 42.526734623347899 ], [ 43.087087079949193, 42.526700246053657 ], [ 43.086937778030517, 42.526669549774688 ], [ 43.086801371469022, 42.526646530535437 ], [ 43.086646530759715, 42.526624469405014 ], [ 43.08612088550656, 42.526562004050255 ], [ 43.085928232291323, 42.526536387970268 ], [ 43.085830722833869, 42.526521271322949 ], [ 43.085741171243548, 42.526505549126519 ], [ 43.085657951192168, 42.52648893396654 ], [ 43.085580227732422, 42.526471257911382 ], [ 43.085494561549517, 42.526448792373621 ], [ 43.085415010666601, 42.526424462197639 ], [ 43.085341067287082, 42.526398111220651 ], [ 43.085272400234054, 42.526369620450197 ], [ 43.085208667096914, 42.526338840086126 ], [ 43.085149764983584, 42.526305710782246 ], [ 43.085095533443884, 42.526270144312697 ], [ 43.08504585918282, 42.526232063144924 ], [ 43.084988027018994, 42.526179422541475 ], [ 43.084933301375592, 42.526120028462756 ], [ 43.084881093881691, 42.526053254207362 ], [ 43.084830374358873, 42.525977791182271 ], [ 43.084789222187702, 42.52590853700908 ], [ 43.084746307704329, 42.525829106076522 ], [ 43.084608735431736, 42.525549907136828 ], [ 43.084553037055585, 42.525443293021063 ], [ 43.084491958763699, 42.525339509370568 ], [ 43.08443052307662, 42.525250254421159 ], [ 43.084281158788876, 42.525055811207871 ], [ 43.084135277066899, 42.524875557308746 ], [ 43.083990841036652, 42.524706981285881 ], [ 43.083846800621963, 42.524548866062368 ], [ 43.083701877508048, 42.524399854756382 ], [ 43.08355594753899, 42.52425986514001 ], [ 43.083408543415466, 42.524128450828918 ], [ 43.083259340319664, 42.524005323613494 ], [ 43.083112784732229, 42.523892620125594 ], [ 43.082960596491581, 42.52378238602909 ], [ 43.082803261530337, 42.523674974340814 ], [ 43.082641291436296, 42.523570734906656 ], [ 43.082475215182136, 42.523470006158902 ], [ 43.082305569391103, 42.523373114953358 ], [ 43.082132904448656, 42.523280375771513 ], [ 43.081957766553543, 42.523192080514278 ], [ 43.081736308774936, 42.523087058117518 ], [ 43.081534438173662, 42.522997854400074 ], [ 43.081345517774565, 42.522921543220384 ], [ 43.08125524576559, 42.522887959460888 ], [ 43.081167478175026, 42.522857316416719 ], [ 43.081085010834187, 42.522830547957035 ], [ 43.080999108882665, 42.522804704393096 ], [ 43.080817469301884, 42.522755929441935 ], [ 43.080623562823845, 42.522711262263691 ], [ 43.0804185729979, 42.522670973878675 ], [ 43.080203684381914, 42.522635302009022 ], [ 43.0799804471458, 42.522604511223129 ], [ 43.079750405774263, 42.522578812872155 ], [ 43.079515202968807, 42.522558391147527 ], [ 43.079276599338478, 42.52254339620854 ], [ 43.079036235267914, 42.522533928484101 ], [ 43.07879581421485, 42.522530056154515 ], [ 43.0785569727907, 42.522531803967794 ], [ 43.078321418261083, 42.522539155545417 ], [ 43.078090472913757, 42.522552063749423 ], [ 43.077865501294418, 42.522570453343846 ], [ 43.077647707999027, 42.522594224805687 ], [ 43.077446606628456, 42.522621966394063 ], [ 43.077253963763994, 42.522654430641609 ], [ 43.07707053809672, 42.522691489841712 ], [ 43.076896967861614, 42.522733014268461 ], [ 43.076733894590603, 42.52277884633596 ], [ 43.076581699153046, 42.522828872711941 ], [ 43.076509813570866, 42.522855415871973 ], [ 43.076440791102058, 42.522882958031218 ], [ 43.076374674804562, 42.522911484608713 ], [ 43.076311499329591, 42.522940977279987 ], [ 43.076251478638333, 42.522971327075453 ], [ 43.076194444871447, 42.523002608627571 ], [ 43.076140425325264, 42.523034805288958 ], [ 43.076089443535565, 42.523067903951052 ], [ 43.076041523121383, 42.523101888804845 ], [ 43.075996681535194, 42.523136746639217 ], [ 43.075954937419006, 42.523172465163313 ], [ 43.075916304630809, 42.523209029304105 ], [ 43.075880805739978, 42.523246417830883 ], [ 43.075848444511522, 42.523284627207623 ], [ 43.075819228637457, 42.52332364495863 ], [ 43.075793169460503, 42.523363458669273 ], [ 43.075770273428844, 42.523404056743033 ], [ 43.075750546990889, 42.523445427583077 ], [ 43.075733995323304, 42.5234875613721 ], [ 43.075720623658249, 42.523530446492323 ], [ 43.075710929284917, 42.52357489728098 ], [ 43.075704929284719, 42.523623569716996 ], [ 43.075702572042239, 42.523676836657756 ], [ 43.075703827909273, 42.523735386518098 ], [ 43.075708782005307, 42.523800928150528 ], [ 43.075717626979163, 42.523875316299552 ], [ 43.075767271226169, 42.524184711030799 ], [ 43.075782954051505, 42.524315395980125 ], [ 43.075786740337641, 42.524383844741216 ], [ 43.075786101155195, 42.524445115712638 ], [ 43.075781018133213, 42.524500441424323 ], [ 43.075771431845737, 42.524550408929876 ], [ 43.075756079767551, 42.524600649707217 ], [ 43.075735875676543, 42.5246479686801 ], [ 43.075710810273272, 42.524692390904889 ], [ 43.075680869392265, 42.524733941355578 ], [ 43.075646036573772, 42.524772640464299 ], [ 43.075606290187999, 42.524808518481585 ], [ 43.075561600254247, 42.524841600113866 ], [ 43.075511933170183, 42.524871909105393 ], [ 43.07545731830556, 42.524899440539954 ], [ 43.075397647833981, 42.524924256537226 ], [ 43.075332863764473, 42.524946382230723 ], [ 43.075262892288293, 42.524965842487333 ], [ 43.075187669498362, 42.524982656936224 ], [ 43.075107072776326, 42.52499685412505 ], [ 43.075020979726027, 42.525008455399842 ], [ 43.074929233825614, 42.525017483333095 ], [ 43.074843121022859, 42.52502334410449 ], [ 43.074752267753802, 42.525027210596669 ], [ 43.074656485028861, 42.52502909222963 ], [ 43.074555526750615, 42.525028994760603 ], [ 43.074449217593148, 42.525026918831138 ], [ 43.074337056089952, 42.525022860499618 ], [ 43.074093053176988, 42.525008705938916 ], [ 43.073850790339968, 42.524989196692047 ], [ 43.073573935477889, 42.524962325971494 ], [ 43.07328364309231, 42.524930839352088 ], [ 43.072451509141651, 42.524836287638976 ], [ 43.072196016484867, 42.524809718995506 ], [ 43.071968825276358, 42.524788493520148 ], [ 43.071714865324211, 42.52476847040375 ], [ 43.071482541362101, 42.524754651854145 ], [ 43.071267638772738, 42.524746789637852 ], [ 43.071068110548033, 42.524744816965722 ], [ 43.070952814415428, 42.524746507414164 ], [ 43.070842467534803, 42.52475040456364 ], [ 43.070736861511286, 42.524756514824752 ], [ 43.070635838974901, 42.524764848167727 ], [ 43.07053923633385, 42.524775418959614 ], [ 43.070446972935898, 42.524788236659496 ], [ 43.070358953361364, 42.524803315880305 ], [ 43.070275099310159, 42.524820668820929 ], [ 43.07019524390082, 42.524840337706152 ], [ 43.07011943972897, 42.524862314424993 ], [ 43.070047640079181, 42.524886613507604 ], [ 43.069979801887243, 42.524913249545136 ], [ 43.069915884467946, 42.524942238969324 ], [ 43.069855863149826, 42.524973592177545 ], [ 43.06979971185126, 42.52500732584663 ], [ 43.069747407091441, 42.52504345129362 ], [ 43.069696615651694, 42.52508360691305 ], [ 43.06964774505682, 42.525127407839364 ], [ 43.069600687631876, 42.52517495041927 ], [ 43.069555308956097, 42.525226369271657 ], [ 43.069511523617983, 42.525281749410858 ], [ 43.069469082468359, 42.525341392823094 ], [ 43.069427778173235, 42.525405587790353 ], [ 43.069387314056286, 42.525474795793002 ], [ 43.069323391506842, 42.525597555215249 ], [ 43.069257945904745, 42.525740066565263 ], [ 43.069198989400149, 42.52588067453987 ], [ 43.069058844807671, 42.526229601800054 ], [ 43.068981098636783, 42.526408036156347 ], [ 43.068939080682341, 42.526495471715712 ], [ 43.068897277979723, 42.526575601213182 ], [ 43.068854996951956, 42.52664975566065 ], [ 43.068811842841534, 42.526718616414662 ], [ 43.068763636539956, 42.526787972827485 ], [ 43.068713721430484, 42.526852131318073 ], [ 43.068661842777381, 42.526911417186923 ], [ 43.068607815022148, 42.526966044332873 ], [ 43.068551409876441, 42.527016230436573 ], [ 43.068492538785058, 42.527062044243529 ], [ 43.068431074415841, 42.527103588065607 ], [ 43.068366907416468, 42.52714093389897 ], [ 43.068301591015519, 42.527174289839174 ], [ 43.068232235347573, 42.527206246631494 ], [ 43.068158708207555, 42.527236866877871 ], [ 43.068080825837399, 42.527266226718787 ], [ 43.067998474729066, 42.527294374661146 ], [ 43.067911253599434, 42.527321452516297 ], [ 43.067818786251401, 42.527347578202239 ], [ 43.067720485573474, 42.527372918308757 ], [ 43.0675432087288, 42.52741359867894 ], [ 43.067340566298782, 42.527454344333862 ], [ 43.067142764134665, 42.527490363321007 ], [ 43.066671918992768, 42.5275720251948 ], [ 43.066440681089908, 42.527615760029938 ], [ 43.066252907261223, 42.527651364091106 ], [ 43.066056410080343, 42.527684232428101 ], [ 43.065849655993333, 42.527714624574564 ], [ 43.065629924870066, 42.52774294121059 ], [ 43.065392718613353, 42.527769752885142 ], [ 43.065129764978856, 42.527795978803816 ], [ 43.064851079432486, 42.527821023419271 ], [ 43.06406237543726, 42.52788817318384 ], [ 43.063818549240494, 42.52791120992989 ], [ 43.063600595802562, 42.527934034210638 ], [ 43.063349964563422, 42.527963806223738 ], [ 43.063117470594115, 42.527995706137425 ], [ 43.062898457708684, 42.528030375758547 ], [ 43.062690604678863, 42.528068189256182 ], [ 43.06244683284384, 42.52811939823571 ], [ 43.062194462143118, 42.528179829537649 ], [ 43.061930823570293, 42.528250114254149 ], [ 43.061650662706782, 42.528331649287075 ], [ 43.06140949394522, 42.528406453671039 ], [ 43.061141922563699, 42.528493252518224 ], [ 43.060282271928465, 42.528783457110372 ], [ 43.059977041586855, 42.528884439308484 ], [ 43.059686067822163, 42.528976649578283 ], [ 43.05942100824327, 42.529055743196956 ], [ 43.059169813286587, 42.529125249830201 ], [ 43.058930358719138, 42.529185672998643 ], [ 43.058699423484462, 42.529237823608462 ], [ 43.058475169875855, 42.529282111829332 ], [ 43.058355315282711, 42.529302895559248 ], [ 43.058232218166559, 42.529322032050061 ], [ 43.058105619126131, 42.529339562821548 ], [ 43.057975172135976, 42.52935553512777 ], [ 43.057840658259757, 42.529369981265333 ], [ 43.057701354217613, 42.529382981712033 ], [ 43.05740539529684, 42.529404913713172 ], [ 43.057145931826085, 42.529418970942785 ], [ 43.05685538344455, 42.529430494812651 ], [ 43.056576083497681, 42.529438775023358 ], [ 43.055903009569846, 42.529455622271648 ], [ 43.055559942374472, 42.529467117869871 ], [ 43.055229818458095, 42.529483179069985 ], [ 43.054933966989026, 42.529503764698745 ], [ 43.054784810037951, 42.529516986030686 ], [ 43.054641390094773, 42.529531817496455 ], [ 43.054502977886088, 42.529548335885572 ], [ 43.054369065070716, 42.529566600122706 ], [ 43.054239097582624, 42.529586690866381 ], [ 43.054112879560996, 42.529608641725069 ], [ 43.053990124534266, 42.529632502777439 ], [ 43.053870612023829, 42.52965831621642 ], [ 43.053733808497363, 42.529691314726264 ], [ 43.053596072130375, 42.529728352343113 ], [ 43.053457174534337, 42.529769490021309 ], [ 43.053316831774815, 42.529814812985208 ], [ 43.053174836175344, 42.52986438163807 ], [ 43.053030663421438, 42.529918376175225 ], [ 43.052883838011176, 42.529976973116248 ], [ 43.052733700319457, 42.53004043590191 ], [ 43.052581623340011, 42.530108110655391 ], [ 43.052424416395638, 42.530181348862385 ], [ 43.052260662459787, 42.530260807214496 ], [ 43.052087751866949, 42.530347749788888 ], [ 43.051737413806073, 42.530531250711341 ], [ 43.051047146485324, 42.530904758070214 ], [ 43.050756760999818, 42.531059023280534 ], [ 43.050450226243974, 42.531215406538067 ], [ 43.050308582173813, 42.531284573280168 ], [ 43.050172237841785, 42.531348931129351 ], [ 43.050006879775303, 42.53142371664989 ], [ 43.049846558996222, 42.531492461328682 ], [ 43.049690134143113, 42.531555651857261 ], [ 43.049536853122504, 42.531613590634436 ], [ 43.049385872197611, 42.531666590201098 ], [ 43.04923692829189, 42.531714732538155 ], [ 43.04908960817616, 42.531758151100185 ], [ 43.048943596074864, 42.531796938673978 ], [ 43.048776876965469, 42.531835930788695 ], [ 43.048604302138912, 42.531870702051599 ], [ 43.048425507662188, 42.531901327284622 ], [ 43.048240005193129, 42.531927888192179 ], [ 43.048047491076474, 42.531950439903611 ], [ 43.047846932358162, 42.531969114269934 ], [ 43.047637380211739, 42.531984000440836 ], [ 43.04741737520515, 42.531995201367181 ], [ 43.047232626553168, 42.532001575343152 ], [ 43.047038397981183, 42.532005709864933 ], [ 43.046832683870754, 42.532007651736528 ], [ 43.046611491715232, 42.532007439979374 ], [ 43.046200394427935, 42.53200246617844 ], [ 43.045216955994455, 42.531983277081125 ], [ 43.044957182143051, 42.531980514424738 ], [ 43.044723906826199, 42.531980178352313 ], [ 43.044482792056243, 42.531982668044471 ], [ 43.044257803010652, 42.531988246716793 ], [ 43.044045279114982, 42.531997005953549 ], [ 43.04384327196184, 42.532009030522822 ], [ 43.043641737275443, 42.532025185461869 ], [ 43.043448859167043, 42.532045099951389 ], [ 43.043263705584714, 42.532068869780957 ], [ 43.043085629695035, 42.532096581196058 ], [ 43.042913933898625, 42.532128347486136 ], [ 43.042748360753677, 42.532164223716606 ], [ 43.042588549779722, 42.532204289305255 ], [ 43.042434223615814, 42.532248613380368 ], [ 43.042324650757436, 42.532283303572271 ], [ 43.042215061585665, 42.532320226711043 ], [ 43.042105400762857, 42.532359399861463 ], [ 43.041995607914444, 42.53240084540527 ], [ 43.041885628834784, 42.532444583127777 ], [ 43.041775382122722, 42.532490645857258 ], [ 43.041664790083729, 42.532539064683959 ], [ 43.041553766250807, 42.532589878652651 ], [ 43.041442387356099, 42.532643047649195 ], [ 43.041330372998367, 42.532698699257004 ], [ 43.041103947893269, 42.53281769857216 ], [ 43.040873384118647, 42.532947456506903 ], [ 43.040637012091238, 42.533088909853156 ], [ 43.04044403895351, 42.533210233361196 ], [ 43.040244385501758, 42.533340771812156 ], [ 43.040035928684716, 42.533481906289943 ], [ 43.039814488627073, 42.533636464047866 ], [ 43.039413279502078, 42.533925640366554 ], [ 43.038502350557621, 42.534596382650179 ], [ 43.038279115637316, 42.534757264437715 ], [ 43.03807547333539, 42.534900946102418 ], [ 43.037890051429201, 42.535028562336464 ], [ 43.037712909978929, 42.535147123834591 ], [ 43.03754183407387, 42.535258110995322 ], [ 43.037375538713349, 42.535362354638352 ], [ 43.037311573476138, 42.535404484438658 ], [ 43.037149684232205, 42.535521627775069 ], [ 43.037074379366004, 42.535571696777851 ], [ 43.037032624578835, 42.535595933329468 ], [ 43.036993239073666, 42.535615748310356 ], [ 43.036955423720926, 42.535631541374649 ], [ 43.03691877395952, 42.535643477593432 ], [ 43.036875756954295, 42.535653082159961 ], [ 43.036831034476791, 42.53565847359193 ], [ 43.036784518458845, 42.535659664786607 ], [ 43.036736090774035, 42.535656656418965 ], [ 43.036685679402488, 42.535649454456504 ], [ 43.036633028353194, 42.535638029294113 ], [ 43.036577903002566, 42.535622330079384 ], [ 43.036519937596253, 42.535602255082715 ], [ 43.036426309573301, 42.535563433765205 ], [ 43.036321873797711, 42.535512950672143 ], [ 43.036210580611503, 42.535453521071254 ], [ 43.035904002504573, 42.535282338480876 ], [ 43.035811732742992, 42.535235214494257 ], [ 43.035730519138717, 42.535198123777015 ], [ 43.03563287677067, 42.535154434019603 ], [ 43.035534235412193, 42.535105871356947 ], [ 43.035434417623705, 42.535052348092961 ], [ 43.035333193434965, 42.534993743210684 ], [ 43.035230417987144, 42.534929978576727 ], [ 43.035125618069237, 42.534860768704952 ], [ 43.035018372552351, 42.534785837105616 ], [ 43.034908050012625, 42.534704740682656 ], [ 43.034714281813386, 42.534553573714604 ], [ 43.034502047325134, 42.534377535557141 ], [ 43.034297833268901, 42.534200843063246 ], [ 43.033809230123829, 42.533769673088422 ], [ 43.033675943737201, 42.533655133445272 ], [ 43.033556346868892, 42.533555285852643 ], [ 43.033423848839391, 42.533448982244124 ], [ 43.03329999939006, 42.533354726650401 ], [ 43.033182390092499, 42.533270691084404 ], [ 43.033069754742904, 42.533195976701947 ], [ 43.033002076164436, 42.533154098665229 ], [ 43.032935750686164, 42.533115432622182 ], [ 43.032870630019183, 42.533079892278856 ], [ 43.032806593244231, 42.533047411622725 ], [ 43.032743509650629, 42.533017926273907 ], [ 43.032681310821737, 42.532991404440736 ], [ 43.032619913794328, 42.53296781228056 ], [ 43.03255925001141, 42.532947122501611 ], [ 43.032499161454396, 42.532929287364226 ], [ 43.032439687737515, 42.532914324659913 ], [ 43.032380774456179, 42.532902221748166 ], [ 43.032322375668201, 42.532892967934792 ], [ 43.032264444045133, 42.532886557904874 ], [ 43.03220694689044, 42.532882985694258 ], [ 43.032149847659021, 42.532882251576318 ], [ 43.032093112296337, 42.53288435406607 ], [ 43.032030471804376, 42.532889779819563 ], [ 43.031967191092043, 42.532898298687904 ], [ 43.031903244508612, 42.532909912930947 ], [ 43.031838601365642, 42.532924630125066 ], [ 43.031773233521413, 42.532942454288175 ], [ 43.031707100381517, 42.532963398229505 ], [ 43.031640161407807, 42.532987472958069 ], [ 43.031572369750684, 42.533014696578626 ], [ 43.031503768784326, 42.533045044619904 ], [ 43.031434209236295, 42.533078578453221 ], [ 43.031363624360019, 42.533115329348966 ], [ 43.031291938606614, 42.533155337431424 ], [ 43.031219088794245, 42.533198636733445 ], [ 43.031144948430388, 42.53324529982315 ], [ 43.031069400672308, 42.533295402135714 ], [ 43.030992296355976, 42.533349040163237 ], [ 43.030869338998684, 42.533439426090787 ], [ 43.030741345842486, 42.533539243079737 ], [ 43.030607181007525, 42.533649373921563 ], [ 43.030464672216112, 42.533771597626242 ], [ 43.030330836048627, 42.533890414954577 ], [ 43.030182838351692, 42.534025300013106 ], [ 43.02965629016586, 42.534517247651941 ], [ 43.029446932454718, 42.534709218499408 ], [ 43.029230295906508, 42.534899549927694 ], [ 43.02913167880385, 42.534982156021741 ], [ 43.029037763750857, 42.535057881790159 ], [ 43.028910900908556, 42.535160506894833 ], [ 43.028784591654507, 42.535267622447748 ], [ 43.028658582028598, 42.535379442910155 ], [ 43.028532551328283, 42.535496252735832 ], [ 43.028406287870446, 42.53561823829402 ], [ 43.028279162719315, 42.535745998420644 ], [ 43.028150621366173, 42.535880088203086 ], [ 43.028019854133177, 42.536021354609638 ], [ 43.027793174704492, 42.536276909054799 ], [ 43.027548191630501, 42.536566069238106 ], [ 43.027312248330077, 42.536853854540958 ], [ 43.026715971924915, 42.537592423796482 ], [ 43.026541540297295, 42.537803540038688 ], [ 43.026382474646823, 42.537991401469725 ], [ 43.026201156380019, 42.538198709029039 ], [ 43.026027542784341, 42.538389240611828 ], [ 43.025858368606073, 42.538566574542529 ], [ 43.025691906529794, 42.538732510959051 ], [ 43.02559106808296, 42.538828764666327 ], [ 43.025490495888022, 42.538921506282307 ], [ 43.025389987885987, 42.539010926840454 ], [ 43.025289375106489, 42.53909717201654 ], [ 43.02518847482051, 42.539180398955523 ], [ 43.025087190829559, 42.539260685245367 ], [ 43.024985403270499, 42.539338125175838 ], [ 43.024883011046157, 42.539412797150192 ], [ 43.024779772661311, 42.53948486810441 ], [ 43.02467574805079, 42.53955429134151 ], [ 43.024570858874299, 42.539621118640049 ], [ 43.024465031829827, 42.539685396461962 ], [ 43.024358194917099, 42.53974716858967 ], [ 43.024250293600709, 42.539806465598581 ], [ 43.024141270882424, 42.539863318921888 ], [ 43.024031075962924, 42.539917756497303 ], [ 43.023507834893422, 42.540171282228819 ], [ 43.023222185777954, 42.540305257062371 ], [ 43.023080140228231, 42.540369019330569 ], [ 43.022946566828949, 42.540426671629753 ], [ 43.022819491593154, 42.540479064243264 ], [ 43.022697920171389, 42.540526605081503 ], [ 43.022572965937101, 42.540572476337168 ], [ 43.022452835791853, 42.5406133499202 ], [ 43.022337053382074, 42.540649387822917 ], [ 43.022225306328203, 42.540680688226836 ], [ 43.022117245904681, 42.5407073432809 ], [ 43.022012769192372, 42.540729373731963 ], [ 43.021911711903094, 42.540746815475927 ], [ 43.02181395045141, 42.540759688000634 ], [ 43.021747435732074, 42.540765391493679 ], [ 43.021680653665747, 42.540767876322818 ], [ 43.021613578674966, 42.540767142946443 ], [ 43.021546182776575, 42.540763190880718 ], [ 43.021478442912759, 42.540756017925794 ], [ 43.021410320175029, 42.540745622508489 ], [ 43.021341780693938, 42.540731997739378 ], [ 43.02127278451475, 42.54071513662381 ], [ 43.021203355706326, 42.540695048582066 ], [ 43.021133380667656, 42.540671706435944 ], [ 43.02106280761474, 42.540645092179666 ], [ 43.020991576386386, 42.540615183159957 ], [ 43.02091963406756, 42.540581958649589 ], [ 43.020846890638929, 42.540545377468362 ], [ 43.020773261007129, 42.54050539671988 ], [ 43.020698641003953, 42.540461960570426 ], [ 43.020626990020205, 42.540417599496216 ], [ 43.020554229512655, 42.540370008798519 ], [ 43.02040480157649, 42.540264752105877 ], [ 43.02024901208258, 42.540145253182629 ], [ 43.020084334555541, 42.54000957811202 ], [ 43.019929082201884, 42.539874357497503 ], [ 43.019757861950843, 42.539718839947561 ], [ 43.019586650533228, 42.539558678235906 ], [ 43.019138345193866, 42.539133519957694 ], [ 43.019005571423421, 42.539010435170304 ], [ 43.018886345116051, 42.538902649573657 ], [ 43.018750176984256, 42.538783770716968 ], [ 43.01862283456132, 42.538677665350711 ], [ 43.018501795208522, 42.538582234847638 ], [ 43.018385765958932, 42.538496467173125 ], [ 43.018314843551991, 42.538447095872492 ], [ 43.018245329530686, 42.53840113220248 ], [ 43.018177065200575, 42.538358472560262 ], [ 43.018109927526098, 42.538319040975509 ], [ 43.018043783850082, 42.538282757709013 ], [ 43.017978563379593, 42.538249589118379 ], [ 43.017914184682013, 42.538219491471011 ], [ 43.017850576937043, 42.538192432024161 ], [ 43.017787578899977, 42.538168349454153 ], [ 43.017725233691735, 42.538147266121008 ], [ 43.017663491916096, 42.538129164961354 ], [ 43.017602306497338, 42.538114032553985 ], [ 43.017541630274536, 42.538101858177747 ], [ 43.017481433011795, 42.53809263500635 ], [ 43.017421679519764, 42.538086358829396 ], [ 43.01736233947743, 42.538083025520649 ], [ 43.017299846459366, 42.538082395045379 ], [ 43.017237182429618, 42.538084436164191 ], [ 43.017174316953728, 42.538089148350011 ], [ 43.017111219454826, 42.538096535575804 ], [ 43.01704786065838, 42.538106599135524 ], [ 43.016984200136868, 42.538119346433596 ], [ 43.016920198679692, 42.538134784895497 ], [ 43.016855813310926, 42.538152925483566 ], [ 43.016791062619589, 42.538173757712485 ], [ 43.016725829836751, 42.538197315581321 ], [ 43.016660061935937, 42.538223619783899 ], [ 43.016593693577263, 42.538252695303385 ], [ 43.016526670459513, 42.538284564612361 ], [ 43.01645889862273, 42.538319272009851 ], [ 43.016390292625772, 42.538356861942184 ], [ 43.016320748371975, 42.538397391139895 ], [ 43.016184311925784, 42.538483598665941 ], [ 43.016042929561841, 42.538581544386098 ], [ 43.015895256756671, 42.538692152355424 ], [ 43.015738874962985, 42.538817229451503 ], [ 43.015584991253007, 42.538946883796648 ], [ 43.015414707841643, 42.539096210552309 ], [ 43.015237665603664, 42.539255938184489 ], [ 43.014727757282309, 42.539722028648356 ], [ 43.014566969634174, 42.539865314900887 ], [ 43.014421137629597, 42.539991739200772 ], [ 43.014252995007396, 42.540132128369017 ], [ 43.014093755198893, 42.540258711546684 ], [ 43.013940498988966, 42.540373805663805 ], [ 43.013791748561651, 42.540478510788965 ], [ 43.013701843954166, 42.540538205313901 ], [ 43.013613020913184, 42.540594393831299 ], [ 43.013525109203144, 42.540647184157415 ], [ 43.013437976041992, 42.540696655039774 ], [ 43.013351475144226, 42.540742888593478 ], [ 43.013265532271092, 42.540785922255445 ], [ 43.013180059509693, 42.540825802230557 ], [ 43.01309497783727, 42.540862563170656 ], [ 43.013010107171667, 42.540896277597824 ], [ 43.012925499500817, 42.540926919398466 ], [ 43.012841099382612, 42.540954509224264 ], [ 43.012756857660072, 42.540979061532056 ], [ 43.012672721496116, 42.541000591615187 ], [ 43.01258865650999, 42.541019108783352 ], [ 43.012504627160816, 42.541034620524947 ], [ 43.012420597936156, 42.54104713342813 ], [ 43.012268687312236, 42.541064593803767 ], [ 43.012107455102594, 42.541078351310759 ], [ 43.011935342986256, 42.541088546363703 ], [ 43.011749250714665, 42.541095364644278 ], [ 43.011576540966949, 42.541098641687668 ], [ 43.01138263869985, 42.541099753997372 ], [ 43.010598331575295, 42.541095748667914 ], [ 43.01049535492696, 42.541094941787797 ], [ 43.01038863404051, 42.541091974238604 ], [ 43.01027797665337, 42.541086841769804 ], [ 43.010163128660103, 42.541079531851089 ], [ 43.009919842376654, 42.541058317792952 ], [ 43.009654890197609, 42.541027999690726 ], [ 43.009400261468443, 42.540993425243784 ], [ 43.009114362479352, 42.540949975913385 ], [ 43.008826523208846, 42.540902949441858 ], [ 43.008083908238262, 42.540777658069004 ], [ 43.007869856919058, 42.540743373376834 ], [ 43.007680239296704, 42.54071479128433 ], [ 43.007467589727383, 42.540685532687121 ], [ 43.007273328278664, 42.540662221017293 ], [ 43.007093540068837, 42.540644386619917 ], [ 43.006926269132194, 42.540631843340485 ], [ 43.006826114165015, 42.54062658138799 ], [ 43.006730119279077, 42.54062338101685 ], [ 43.006638058141156, 42.54062223649786 ], [ 43.00654975672547, 42.540623143911404 ], [ 43.006465032200865, 42.540626108189159 ], [ 43.006383794350839, 42.540631132271528 ], [ 43.006305933342738, 42.540638223259677 ], [ 43.006231361223641, 42.540647389535494 ], [ 43.006159888305952, 42.540658660222881 ], [ 43.006091568222075, 42.540672033559574 ], [ 43.006026342173797, 42.540687520234648 ], [ 43.005964159854415, 42.540705131985106 ], [ 43.005904972031608, 42.540724885068954 ], [ 43.005848744279305, 42.540746789697955 ], [ 43.005795445737306, 42.540770858847132 ], [ 43.005745043054411, 42.540797107249027 ], [ 43.005702080888696, 42.540822821474414 ], [ 43.005661277108516, 42.540850775967428 ], [ 43.005622610476998, 42.540880987470715 ], [ 43.005586056106338, 42.540913472663263 ], [ 43.005551596411749, 42.540948248350993 ], [ 43.005519202482319, 42.540985342849488 ], [ 43.005488851578953, 42.541024781880019 ], [ 43.00546051954521, 42.541066597442708 ], [ 43.005434214429407, 42.541110766265355 ], [ 43.005409872282179, 42.541157384493403 ], [ 43.005387465940615, 42.541206502084954 ], [ 43.005366969115308, 42.541258179819657 ], [ 43.005348359512396, 42.541312467740113 ], [ 43.005331602336653, 42.541369464300047 ], [ 43.00530353254824, 42.54149198751913 ], [ 43.00528528635904, 42.541605338756469 ], [ 43.005271956137996, 42.541728447326207 ], [ 43.00526339684901, 42.541862579555918 ], [ 43.005259450310959, 42.542010179441476 ], [ 43.00525966756009, 42.542151196887744 ], [ 43.005263249047495, 42.542310931071377 ], [ 43.005289266715927, 42.542933556478204 ], [ 43.005296121625257, 42.543198647926964 ], [ 43.005296413131227, 42.543339245191028 ], [ 43.005293791057959, 42.543469419371711 ], [ 43.005288204751452, 42.543591525382723 ], [ 43.005279599981854, 42.543706730271545 ], [ 43.005264942794028, 42.543838982221097 ], [ 43.005245593911511, 42.543963334933963 ], [ 43.005221434327318, 42.544080541883218 ], [ 43.005192364761484, 42.544191081321536 ], [ 43.005158238622485, 42.544295463996541 ], [ 43.005118995434721, 42.544393829333991 ], [ 43.005074545108968, 42.544486405395858 ], [ 43.005024806838769, 42.544573358268174 ], [ 43.004967473451359, 42.544659637616078 ], [ 43.004902925057223, 42.544745849803682 ], [ 43.004831025483064, 42.544832177956678 ], [ 43.004751582204001, 42.544918853746829 ], [ 43.004664473492795, 42.545006027227977 ], [ 43.004569243498359, 42.545094167724116 ], [ 43.004465447821637, 42.545183690723562 ], [ 43.00435236388558, 42.545275218489955 ], [ 43.004254508251762, 42.545350449758445 ], [ 43.004149249483831, 42.545428111266546 ], [ 43.004035503703108, 42.545509003592464 ], [ 43.003911071343303, 42.545594694932326 ], [ 43.003675503896737, 42.545751432137763 ], [ 43.003105767176073, 42.546121940570757 ], [ 43.002957582935423, 42.546220984138444 ], [ 43.002826552172245, 42.546311088022115 ], [ 43.002693699335154, 42.546405842753863 ], [ 43.002572820886364, 42.54649603601095 ], [ 43.002461945628887, 42.546583141849538 ], [ 43.00236005425171, 42.54666796200771 ], [ 43.002261945424856, 42.546755223647757 ], [ 43.002172309178071, 42.546841187617915 ], [ 43.002090709539061, 42.546926274087141 ], [ 43.00201685682093, 42.54701078420117 ], [ 43.001950467459324, 42.547095056131852 ], [ 43.001891447131754, 42.547179222426365 ], [ 43.001839667012831, 42.5472634663587 ], [ 43.001795035883852, 42.547347937637042 ], [ 43.001756615791848, 42.547437489988525 ], [ 43.001726038318921, 42.547531716924979 ], [ 43.001703240251906, 42.547630806461676 ], [ 43.001688163501292, 42.547735015142045 ], [ 43.001680769021171, 42.547844498980602 ], [ 43.001681002497115, 42.547959816261901 ], [ 43.001688862149535, 42.548081482059324 ], [ 43.001704400223637, 42.548210303259289 ], [ 43.001722644169689, 42.548320319909401 ], [ 43.001746130941847, 42.548436608370878 ], [ 43.001775092482454, 42.548560336174575 ], [ 43.001810072901762, 42.54869384248547 ], [ 43.001883083076017, 42.548944007966227 ], [ 43.002069281041344, 42.54954146316873 ], [ 43.002114349454878, 42.54969822237053 ], [ 43.002150939913349, 42.549837879360169 ], [ 43.002184165220974, 42.549983304088236 ], [ 43.002209097279135, 42.550117362628036 ], [ 43.002226156146506, 42.550242347862742 ], [ 43.002235502084368, 42.55035945759775 ], [ 43.002236930127886, 42.550481261492983 ], [ 43.002234124752746, 42.550539226659154 ], [ 43.002228966684811, 42.550595346125149 ], [ 43.002221449538673, 42.550649705329839 ], [ 43.002211565758131, 42.550702350068178 ], [ 43.002199303877028, 42.550753334171525 ], [ 43.002184652745321, 42.550802701570767 ], [ 43.002167581317181, 42.550850547179905 ], [ 43.002148092712218, 42.550896849439575 ], [ 43.002126171314103, 42.550941639594761 ], [ 43.002101805302246, 42.550984944453901 ], [ 43.002074977900996, 42.551026793440414 ], [ 43.002045676331427, 42.551067205240848 ], [ 43.002013886597609, 42.551106198520408 ], [ 43.00197959467517, 42.551143792844101 ], [ 43.001925166329876, 42.551196222485025 ], [ 43.001864462328541, 42.55124702793168 ], [ 43.001797358759319, 42.551296313275301 ], [ 43.001723681025673, 42.551344206035893 ], [ 43.001643310659453, 42.551390792386137 ], [ 43.001555873803525, 42.551436299027181 ], [ 43.001461003834812, 42.551480916762671 ], [ 43.00135814303345, 42.55152490870401 ], [ 43.00125981569515, 42.551563588172108 ], [ 43.001153854192005, 42.551602335155998 ], [ 43.001039225621575, 42.551641532345755 ], [ 43.000913936273307, 42.55168186174393 ], [ 43.000657819371732, 42.551758729476894 ], [ 43.000137776151568, 42.551906255481846 ], [ 42.999919963668162, 42.551969991458257 ], [ 42.999697366219038, 42.552039492413655 ], [ 42.99950294137237, 42.552105915254224 ], [ 42.999393523429397, 42.552146536376334 ], [ 42.999290865150158, 42.552187350205465 ], [ 42.99919429793151, 42.552228621544387 ], [ 42.999103399391728, 42.552270533042545 ], [ 42.999017718171075, 42.552313297459001 ], [ 42.998937127751098, 42.55235698643888 ], [ 42.99886142736586, 42.552401708151471 ], [ 42.998790468037875, 42.552447550957375 ], [ 42.998585628216205, 42.552590376902074 ], [ 42.998391404689364, 42.552734501946048 ], [ 42.998208485039534, 42.552879413149618 ], [ 42.998037350440129, 42.553024729947147 ], [ 42.997878495858906, 42.553170021583824 ], [ 42.997803721131405, 42.553242609510185 ], [ 42.997732091217316, 42.553315119079727 ], [ 42.997663636351099, 42.553387519308252 ], [ 42.997598375523623, 42.553459788020213 ], [ 42.997536330160564, 42.55353190308243 ], [ 42.997477518006967, 42.553603843197585 ], [ 42.997398238557928, 42.553705547333678 ], [ 42.997322854016012, 42.553806568466946 ], [ 42.997251561670389, 42.553906641696273 ], [ 42.997184501901231, 42.554005567764897 ], [ 42.997121821810204, 42.554103127721781 ], [ 42.997063576647243, 42.554199232487214 ], [ 42.997009837278391, 42.554293761735565 ], [ 42.996960660401562, 42.554386619207392 ], [ 42.996916168650358, 42.554477551302313 ], [ 42.996876302681819, 42.554566662350382 ], [ 42.996841088939831, 42.554653887980741 ], [ 42.99681054862392, 42.554739175437248 ], [ 42.996784703019443, 42.554822469263108 ], [ 42.996763560488652, 42.554903737188717 ], [ 42.996747130754414, 42.554982942465116 ], [ 42.996735419742642, 42.555060052778963 ], [ 42.996727941939923, 42.555141448911137 ], [ 42.996725212651775, 42.555225301890012 ], [ 42.996727239054202, 42.555311464154229 ], [ 42.996734015509077, 42.555399769907112 ], [ 42.996745532554399, 42.555490058687759 ], [ 42.996761764138469, 42.555582117513687 ], [ 42.996782671921132, 42.555675736789098 ], [ 42.996808207124403, 42.55577069052557 ], [ 42.996838361175719, 42.5558669047265 ], [ 42.996873012358463, 42.55596395851267 ], [ 42.996912065711669, 42.556061584562649 ], [ 42.996955406153702, 42.556159497192127 ], [ 42.997002913444163, 42.556257419631685 ], [ 42.997054434521047, 42.556355034914276 ], [ 42.997109806178081, 42.556452038502762 ], [ 42.997168853320694, 42.556548116646809 ], [ 42.997231487262304, 42.55664311019715 ], [ 42.997297409798534, 42.556736555563738 ], [ 42.997366407799383, 42.556828147336752 ], [ 42.997438259322017, 42.556917588957859 ], [ 42.997512725232809, 42.557004588071194 ], [ 42.997589580140129, 42.557088879577485 ], [ 42.997668589839499, 42.557170207229163 ], [ 42.997749520880191, 42.557248329200881 ], [ 42.997832007668976, 42.557322907702748 ], [ 42.997915952816427, 42.557393864484091 ], [ 42.998001134499162, 42.55746101285694 ], [ 42.998087343621002, 42.55752418706853 ], [ 42.998174352735916, 42.557583223747649 ], [ 42.998261990175607, 42.557638005525014 ], [ 42.998350067168758, 42.557688416534049 ], [ 42.998438410279867, 42.557734356485767 ], [ 42.998552239029969, 42.557786572629247 ], [ 42.998675077889551, 42.557835219688734 ], [ 42.998806950920851, 42.557880307060962 ], [ 42.99894789548862, 42.557921847074468 ], [ 42.999097930808432, 42.557959848136207 ], [ 42.999257152273245, 42.557994336191058 ], [ 42.999425650633832, 42.558025329895798 ], [ 42.999603565134251, 42.558052855055038 ], [ 42.999789288683246, 42.558076733172349 ], [ 42.999984710550571, 42.55809726915821 ], [ 43.000190188766297, 42.558114503433934 ], [ 43.000406370819817, 42.558128490474111 ], [ 43.000632687801122, 42.558139231093939 ], [ 43.000872207213192, 42.558146905745431 ], [ 43.001127307645092, 42.55815160178097 ], [ 43.001405968970317, 42.55815347003923 ], [ 43.001584640831297, 42.558151127511223 ], [ 43.001766934788478, 42.558143497836369 ], [ 43.001953202076386, 42.558130566411705 ], [ 43.002143906563006, 42.558112300784479 ], [ 43.002339342373084, 42.558088681747584 ], [ 43.002540456867457, 42.558059603324757 ], [ 43.00274810530717, 42.558024944418435 ], [ 43.002963577161623, 42.557984489734068 ], [ 43.003154808854852, 42.557945166381899 ], [ 43.003354552444122, 42.557901068778698 ], [ 43.003564878501393, 42.55785174307956 ], [ 43.003789922859809, 42.55779622028885 ], [ 43.004200892648313, 42.557689441096606 ], [ 43.005111119413414, 42.557444805858758 ], [ 43.005505753535559, 42.557343420711895 ], [ 43.005717286985899, 42.557288621523675 ], [ 43.005936611049989, 42.557227357571854 ], [ 43.006165985651734, 42.557159002656185 ], [ 43.006409815575424, 42.557082247461075 ], [ 43.006623431973694, 42.557012169302489 ], [ 43.006860302389363, 42.556932105946473 ], [ 43.00765245395192, 42.556656951556 ], [ 43.00795174870288, 42.556554674044278 ], [ 43.008251716740467, 42.556455744823261 ], [ 43.008523703789166, 42.556370511710995 ], [ 43.008816607381974, 42.556284841881642 ], [ 43.009094071870535, 42.556210715227849 ], [ 43.009228629894928, 42.556177547744021 ], [ 43.009360839322547, 42.556146870680784 ], [ 43.009491025330156, 42.55611860954987 ], [ 43.009619443071628, 42.556092708456305 ], [ 43.009813585346201, 42.55605608017715 ], [ 43.010009746718566, 42.556021068880277 ], [ 43.010207837730277, 42.555987691912527 ], [ 43.010407762893827, 42.555955964715487 ], [ 43.010609431649129, 42.555925901015797 ], [ 43.010812735061364, 42.55589751782373 ], [ 43.011017566688395, 42.555870830392443 ], [ 43.011223816493633, 42.555845852112363 ], [ 43.011431422091007, 42.555822591798659 ], [ 43.011640211129134, 42.555801068965522 ], [ 43.01185006015313, 42.555781297673285 ], [ 43.012060838518543, 42.55576328825633 ], [ 43.012272422828559, 42.555747052976727 ], [ 43.012484666584854, 42.555732602796091 ], [ 43.012697429433537, 42.555719946982698 ], [ 43.012910566180032, 42.555709093821278 ], [ 43.013067565527209, 42.555702743533615 ], [ 43.013227949038182, 42.555698184352501 ], [ 43.013392062980628, 42.555695406059655 ], [ 43.013560363188297, 42.555694400334616 ] ] ], [ [ [ 42.981851271230788, 42.561421190176496 ], [ 42.982034603149756, 42.561336309683256 ], [ 42.982240455955633, 42.561245047334815 ], [ 42.982461198675637, 42.561150319592151 ], [ 42.982851022700821, 42.560986023382306 ], [ 42.982950189890182, 42.560945611426227 ], [ 42.983055532322162, 42.560905562072051 ], [ 42.983168086061575, 42.560865477500712 ], [ 42.983289890600105, 42.560824629950382 ], [ 42.983526151699287, 42.560750710852609 ], [ 42.984140210569443, 42.560567601199729 ], [ 42.984315994412079, 42.560511194921993 ], [ 42.984471312987019, 42.560457472950752 ], [ 42.984641760426733, 42.560392600039187 ], [ 42.984796399007259, 42.560326532899076 ], [ 42.984868791412389, 42.560292627309259 ], [ 42.984938148712466, 42.560258021697933 ], [ 42.985004655411636, 42.560222622959621 ], [ 42.985068451547498, 42.560186357017699 ], [ 42.985292570759555, 42.560055240511659 ], [ 42.985421492053042, 42.55997375155431 ], [ 42.985480112959252, 42.559932907015025 ], [ 42.985532586772898, 42.559893168250277 ], [ 42.985579708895209, 42.559853931493365 ], [ 42.985621873695926, 42.559814865987661 ], [ 42.985675890569716, 42.559758361204324 ], [ 42.985727318132142, 42.55969748561364 ], [ 42.985776063914464, 42.559632349258642 ], [ 42.985822014754334, 42.559563099640727 ], [ 42.985865095520644, 42.559489838102479 ], [ 42.985905109520552, 42.559412885379302 ], [ 42.985941899717297, 42.559332541291234 ], [ 42.98597526571718, 42.559249241776506 ], [ 42.986002193260802, 42.5591646718619 ], [ 42.986023896414224, 42.559068621973125 ], [ 42.986039514925366, 42.558972762269505 ], [ 42.986068508215133, 42.558755288754853 ], [ 42.986081322543946, 42.558651777458202 ], [ 42.986089398844939, 42.558543252449176 ], [ 42.986092829739071, 42.558428577086573 ], [ 42.986091685517501, 42.558305491374377 ], [ 42.986087438973108, 42.558198188744107 ], [ 42.986080039334183, 42.558078486201126 ], [ 42.986037680547206, 42.557544722800152 ], [ 42.986031107539695, 42.557407279915495 ], [ 42.986029147080835, 42.557283328830785 ], [ 42.986032099192776, 42.557159604602575 ], [ 42.986040368343716, 42.557043374420168 ], [ 42.986054079112094, 42.556932885338846 ], [ 42.986073357265404, 42.55682718050295 ], [ 42.986090010136806, 42.556761621089571 ], [ 42.986113639608966, 42.556688883732711 ], [ 42.986216719783066, 42.556426569468627 ], [ 42.986252916510495, 42.556320486638839 ], [ 42.986267874067423, 42.556263656851463 ], [ 42.986278005723094, 42.556210647822141 ], [ 42.986283504115548, 42.556160431831188 ], [ 42.986284422626532, 42.556112485708908 ], [ 42.986281485058001, 42.556063961193907 ], [ 42.986275459997337, 42.556014290955652 ], [ 42.986266351540038, 42.555963499379956 ], [ 42.986254163608216, 42.555911616252594 ], [ 42.986238902790653, 42.555858664201644 ], [ 42.986220581010578, 42.555804689362603 ], [ 42.986199212828872, 42.555749731613375 ], [ 42.986174816082368, 42.555693842596078 ], [ 42.986116884089938, 42.555579209485401 ], [ 42.98604718609181, 42.555461653468591 ], [ 42.985966163196871, 42.555341928820425 ], [ 42.98587468747516, 42.555221326903691 ], [ 42.985836161302359, 42.555175562575201 ], [ 42.985794029921216, 42.555130171594932 ], [ 42.985748203859821, 42.5550850578298 ], [ 42.985698559096036, 42.55504010112486 ], [ 42.985645022593971, 42.554995224546182 ], [ 42.985587311028951, 42.554950186266041 ], [ 42.985525157107546, 42.554904776256173 ], [ 42.985458133684581, 42.554858679915959 ], [ 42.985343219109438, 42.554784917095716 ], [ 42.985210732488731, 42.554705691335919 ], [ 42.98507332151933, 42.554627605322437 ], [ 42.984704066952631, 42.554422741152536 ], [ 42.984596438384187, 42.554360542516811 ], [ 42.984502321362505, 42.554303689339839 ], [ 42.984439492767123, 42.554266303207449 ], [ 42.984367808274413, 42.554226598127954 ], [ 42.984056527562011, 42.554066539442758 ], [ 42.983924407773721, 42.553993154092375 ], [ 42.983856120784864, 42.553950618687978 ], [ 42.983795984401709, 42.553908894003769 ], [ 42.983742781122224, 42.553867131033485 ], [ 42.983695945653245, 42.553824879476345 ], [ 42.983653872259566, 42.553780562160604 ], [ 42.983614272173945, 42.553731874866031 ], [ 42.983576716231127, 42.55367830124009 ], [ 42.983540448530718, 42.553618767152102 ], [ 42.983511637411787, 42.553565668939505 ], [ 42.983481697720343, 42.553505294372172 ], [ 42.983355820016776, 42.553231846414519 ], [ 42.983319874972338, 42.55316325408959 ], [ 42.983284138237366, 42.553102831436263 ], [ 42.983205519439458, 42.552983368676152 ], [ 42.983003571709652, 42.552693791494818 ], [ 42.982914897942727, 42.552560231063751 ], [ 42.982797809150824, 42.552376559897773 ], [ 42.982731267142718, 42.552268369807955 ], [ 42.982672876700306, 42.552166854794592 ], [ 42.982624716644906, 42.552074630604118 ], [ 42.982589622199519, 42.551995710422716 ], [ 42.982560852960994, 42.551914405361622 ], [ 42.982538361985739, 42.551830584021637 ], [ 42.982522105894603, 42.551744079944498 ], [ 42.982512053247611, 42.551654771907728 ], [ 42.982508159419368, 42.551562343040274 ], [ 42.982510410736552, 42.551466498628024 ], [ 42.982518818103486, 42.551366823717522 ], [ 42.982533403985855, 42.551262922469036 ], [ 42.982554280469166, 42.551153923338653 ], [ 42.982581629715959, 42.551038858758126 ], [ 42.982615879263221, 42.550915911775697 ], [ 42.982653290238382, 42.550796073260202 ], [ 42.982698390356482, 42.550662918009273 ], [ 42.982881393850136, 42.550160852638761 ], [ 42.982952977441329, 42.549952070528114 ], [ 42.982987872213187, 42.549839562926152 ], [ 42.983017087682704, 42.549735030372837 ], [ 42.983041200681498, 42.549636409106 ], [ 42.983060457829211, 42.549542660656208 ], [ 42.983078038185177, 42.549430409172054 ], [ 42.98308835311682, 42.549323576127911 ], [ 42.983091476284187, 42.549221388365986 ], [ 42.983087421377661, 42.549123346333182 ], [ 42.983076147453858, 42.549028907188109 ], [ 42.983057622056556, 42.548937907361143 ], [ 42.983031790180213, 42.548850089228921 ], [ 42.98299859473056, 42.548765259968164 ], [ 42.982958865853426, 42.548680523672331 ], [ 42.982914098147759, 42.548594513531377 ], [ 42.982864245817844, 42.548507139580302 ], [ 42.982809244318226, 42.548418289009852 ], [ 42.982749047507887, 42.548327882653851 ], [ 42.982683513899417, 42.548235700984108 ], [ 42.982612504847857, 42.548141549736478 ], [ 42.982535812562297, 42.548045150578758 ], [ 42.982455593606488, 42.547949010742151 ], [ 42.982369380861392, 42.547849981729549 ], [ 42.982276691692952, 42.547747508403027 ], [ 42.982176648903106, 42.547640618929506 ], [ 42.981954343080872, 42.547413064545538 ], [ 42.981659922474407, 42.547123756644304 ], [ 42.981559497757488, 42.547028288547658 ], [ 42.981455380044942, 42.546933520736182 ], [ 42.981347540863062, 42.546839430184853 ], [ 42.981235950695101, 42.546745988446474 ], [ 42.981120582226708, 42.546653174316525 ], [ 42.981001392813454, 42.546560951010719 ], [ 42.980878340825242, 42.546469288065829 ], [ 42.980751377503275, 42.546378149489151 ], [ 42.980620533928501, 42.546287553826346 ], [ 42.980485670867658, 42.546197400451447 ], [ 42.980346720320519, 42.546107645826304 ], [ 42.980203603623124, 42.546018237218725 ], [ 42.980056250342287, 42.545929131046108 ], [ 42.979904537476756, 42.545840252179843 ], [ 42.979748349097378, 42.54575153281921 ], [ 42.979587542904945, 42.54566289208973 ], [ 42.97942691010843, 42.545576855830028 ], [ 42.979261596085472, 42.545490712448377 ], [ 42.979091398379005, 42.545404358393682 ], [ 42.978916058227867, 42.545317661203001 ], [ 42.97854889591359, 42.545142712607486 ], [ 42.978156486017177, 42.544964138320047 ], [ 42.977745132670265, 42.544784495222416 ], [ 42.977294853343579, 42.544594779744081 ], [ 42.976795425752428, 42.544390514435847 ], [ 42.976159683059372, 42.544136036546824 ], [ 42.975860763605255, 42.5440194103005 ], [ 42.975556279305891, 42.543905134371784 ], [ 42.97524627594526, 42.543793223934173 ], [ 42.974930803999428, 42.543683699646998 ], [ 42.974609911711902, 42.54357657582613 ], [ 42.974283661667855, 42.543471875145613 ], [ 42.973952115349647, 42.54336961665782 ], [ 42.973615337859869, 42.543269820379635 ], [ 42.973273336401419, 42.543172489094026 ], [ 42.972926250835563, 42.54307766575316 ], [ 42.97257416451523, 42.542985370697316 ], [ 42.972217166760167, 42.542895627974858 ], [ 42.971855343294806, 42.542808459769915 ], [ 42.971488811311318, 42.542723894227521 ], [ 42.97111768197216, 42.542641957585737 ], [ 42.970742078608481, 42.54256267629907 ], [ 42.970636445185441, 42.542542933845205 ], [ 42.970396120109726, 42.542504362924376 ], [ 42.970290468901261, 42.542485363675894 ], [ 42.970181191947795, 42.542461003151779 ], [ 42.970086759339019, 42.542433660067424 ], [ 42.970017860614895, 42.542409093687958 ], [ 42.969947741261272, 42.542380482958592 ], [ 42.969875807395532, 42.542347590417563 ], [ 42.969800976611801, 42.542309921396374 ], [ 42.969727998640927, 42.542270247262529 ], [ 42.969648267783981, 42.54222423251278 ], [ 42.969405597319437, 42.542076100655635 ], [ 42.969248751110136, 42.541977202736838 ], [ 42.969105850629738, 42.541880173716613 ], [ 42.969022476930732, 42.541817713268578 ], [ 42.968847550127265, 42.541677432665871 ], [ 42.968775834591646, 42.541624142655095 ], [ 42.968693073266699, 42.54156719057351 ], [ 42.96860533395693, 42.541509632346127 ], [ 42.968512177928183, 42.541451178314119 ], [ 42.968412847327052, 42.541391353050287 ], [ 42.968361492210434, 42.541362441974456 ], [ 42.968302440695901, 42.541331918394846 ], [ 42.968093982699536, 42.54123263747266 ], [ 42.968015111222741, 42.541193018 ], [ 42.967938644549854, 42.541150032620635 ], [ 42.967874296231415, 42.541107793490241 ], [ 42.967800892395083, 42.541053849749439 ], [ 42.967737176051685, 42.541004073494797 ], [ 42.967680523736675, 42.540956410910653 ], [ 42.967630192705649, 42.540910220258006 ], [ 42.967585310799073, 42.540864644973489 ], [ 42.967546048423621, 42.540819799753073 ], [ 42.967512225982965, 42.540775476995037 ], [ 42.967483748882785, 42.540731551652826 ], [ 42.967458771478675, 42.54068350453057 ], [ 42.967436301737983, 42.540627981556433 ], [ 42.967417928745789, 42.540572041382738 ], [ 42.967380315870365, 42.540443796483252 ], [ 42.967348883314777, 42.540338893165739 ], [ 42.967321880821935, 42.540238613436415 ], [ 42.967299077743547, 42.54014210850643 ], [ 42.967280361024066, 42.54004888378109 ], [ 42.96726096719766, 42.53991610827277 ], [ 42.967248613699475, 42.539768271121886 ], [ 42.967242660707974, 42.539610452584128 ], [ 42.967239140227541, 42.53933335309263 ], [ 42.967236431721055, 42.539061439755223 ], [ 42.96723949826324, 42.538859759641454 ], [ 42.967249112946845, 42.538677842636574 ], [ 42.967265798642671, 42.538511807719544 ], [ 42.967283194345931, 42.538385772632637 ], [ 42.967301608988258, 42.538273479734833 ], [ 42.967321919559865, 42.538169630547195 ], [ 42.967344494201853, 42.538072411625855 ], [ 42.967370331994417, 42.537979066157867 ], [ 42.967403217058845, 42.537876324403449 ], [ 42.967511796517002, 42.537577913561741 ], [ 42.967562042821072, 42.537445868492441 ], [ 42.967617188407274, 42.537309223051871 ], [ 42.967677663616577, 42.5371669096318 ], [ 42.967744267556803, 42.537017040475789 ], [ 42.96789436228309, 42.536696852437856 ], [ 42.968116178531098, 42.536244798060409 ], [ 42.968149331693752, 42.536180653140512 ], [ 42.96818592735508, 42.536115376065744 ], [ 42.968226030145708, 42.536048850909843 ], [ 42.968269732577866, 42.5359809280204 ], [ 42.968368312523232, 42.535840289636603 ], [ 42.968483172643211, 42.535691303782457 ], [ 42.968604040145728, 42.535545623934794 ], [ 42.96874514894612, 42.535384714663628 ], [ 42.968894394700968, 42.535220986737819 ], [ 42.969302404508952, 42.534781321188909 ], [ 42.969421379839893, 42.534648974412555 ], [ 42.969524314210823, 42.534530314940568 ], [ 42.969636610612945, 42.534394147452005 ], [ 42.969734338197725, 42.534267124098882 ], [ 42.969819451032798, 42.534146701325675 ], [ 42.969892849504625, 42.534031587544277 ], [ 42.969933520543599, 42.53396106625781 ], [ 42.969969867603716, 42.533892087485675 ], [ 42.970001973659805, 42.533824496009757 ], [ 42.970029896384432, 42.533758165880606 ], [ 42.970053689944166, 42.533692966583402 ], [ 42.970073377315472, 42.533628828286417 ], [ 42.970088984257984, 42.533565670400328 ], [ 42.97010052641626, 42.533503423863039 ], [ 42.970108024784032, 42.533441929653534 ], [ 42.970111464529438, 42.533381232536463 ], [ 42.970110848543392, 42.533321281233157 ], [ 42.97010617577417, 42.533262033399843 ], [ 42.970097444069516, 42.533203443070782 ], [ 42.970084645913545, 42.53314547949379 ], [ 42.970067775065466, 42.533088110137754 ], [ 42.970046821546021, 42.533031305106498 ], [ 42.970002275380978, 42.532930906812709 ], [ 42.969948758292048, 42.532826551970139 ], [ 42.969887073177496, 42.53271980551375 ], [ 42.969818285258384, 42.532612516192927 ], [ 42.969743553101829, 42.532506507396683 ], [ 42.969664389395049, 42.532403946492593 ], [ 42.969582327385126, 42.532306816606905 ], [ 42.969498886748163, 42.532216917821181 ], [ 42.969448624119416, 42.532168370641429 ], [ 42.969395081269923, 42.53212241826305 ], [ 42.969338228507269, 42.532079037641765 ], [ 42.969278035009005, 42.532038203011375 ], [ 42.969214469806175, 42.531999893105322 ], [ 42.969147485125923, 42.531964079154591 ], [ 42.969077034295061, 42.531930736011269 ], [ 42.969003059746001, 42.531899836532865 ], [ 42.968925614640014, 42.531871393362067 ], [ 42.968844516309382, 42.531845332110784 ], [ 42.968759680413122, 42.531821625160184 ], [ 42.968671003168517, 42.53180024364562 ], [ 42.968578395219993, 42.531781164360709 ], [ 42.968481682437158, 42.531764349987526 ], [ 42.968380696511048, 42.531749771415122 ], [ 42.968275221760791, 42.531737395989701 ], [ 42.968093694364548, 42.531721919026182 ], [ 42.967898118047202, 42.531712048718816 ], [ 42.967686459295095, 42.531707675073804 ], [ 42.967454667543805, 42.531708709920373 ], [ 42.967243784353577, 42.531713647223881 ], [ 42.967005821593546, 42.531722494544788 ], [ 42.966160446056165, 42.531764565637609 ], [ 42.965826298548322, 42.531778339635338 ], [ 42.965652186592592, 42.531783271390573 ], [ 42.965490553110435, 42.53178593543597 ], [ 42.965338480471914, 42.531786378159204 ], [ 42.965194486796648, 42.531784602092245 ], [ 42.965031882097385, 42.531779566689991 ], [ 42.964877884151356, 42.531771321375629 ], [ 42.964731551025302, 42.531759814327394 ], [ 42.9645922645661, 42.531744996768552 ], [ 42.964459364993118, 42.531726789460755 ], [ 42.964332648848469, 42.531705159092951 ], [ 42.964211805012766, 42.531680050627251 ], [ 42.964096601258845, 42.531651416729225 ], [ 42.964010732644375, 42.531627217831719 ], [ 42.963924926858049, 42.531601087442603 ], [ 42.963753336378922, 42.531542976083202 ], [ 42.963581464940866, 42.53147695999597 ], [ 42.963408847173689, 42.531402861605578 ], [ 42.963235186056941, 42.531320568464054 ], [ 42.963059545835343, 42.531229653283788 ], [ 42.96288110271805, 42.531129690762526 ], [ 42.96269862381876, 42.531019993465975 ], [ 42.962547772130378, 42.530924002602113 ], [ 42.962392015712567, 42.53082028507248 ], [ 42.96222975033848, 42.530707778506894 ], [ 42.962057857538035, 42.530584322851681 ], [ 42.961741583945503, 42.530348445548626 ], [ 42.960978087652741, 42.529764673435167 ], [ 42.960767828082908, 42.529608945797818 ], [ 42.960576537358421, 42.529471936274028 ], [ 42.960369850036862, 42.529330260387603 ], [ 42.960173045716509, 42.529202633731835 ], [ 42.959982763980385, 42.529086881160261 ], [ 42.959797198071811, 42.528981911499351 ], [ 42.959695304787701, 42.528927791017146 ], [ 42.959594245532152, 42.528876666965935 ], [ 42.959493854944867, 42.528828457155377 ], [ 42.95939399883548, 42.52878309435841 ], [ 42.959294528324733, 42.528740513787398 ], [ 42.959195360521967, 42.528700680646878 ], [ 42.95909639808167, 42.528663555380852 ], [ 42.958997555534033, 42.528629107649948 ], [ 42.958898646192814, 42.528597274692885 ], [ 42.958799709644197, 42.528568074324973 ], [ 42.958700680724291, 42.528541488274811 ], [ 42.958601501511716, 42.528517500200834 ], [ 42.958502109188686, 42.528496094574635 ], [ 42.958402462576416, 42.528477264357974 ], [ 42.958302513283243, 42.528460999682331 ], [ 42.958202220130481, 42.52844729350916 ], [ 42.958048376286463, 42.528425444626599 ], [ 42.957723539737337, 42.528372004717049 ], [ 42.957583642917029, 42.528350719951774 ], [ 42.957441287433888, 42.528332851924617 ], [ 42.957316923978176, 42.528322176526153 ], [ 42.957248686871971, 42.528319024451058 ], [ 42.957184732028665, 42.528318293690447 ], [ 42.957124690655682, 42.528319980376104 ], [ 42.957068333573133, 42.528324093034399 ], [ 42.957015415372425, 42.528330652508899 ], [ 42.956965868653619, 42.52833967201078 ], [ 42.956919586785773, 42.528351173056436 ], [ 42.956876492459713, 42.528365174082673 ], [ 42.956835220807967, 42.528382273017336 ], [ 42.956795185440996, 42.528402791699882 ], [ 42.956756302259464, 42.528426770056008 ], [ 42.95671846806087, 42.528454273786004 ], [ 42.956681615869662, 42.528485340419053 ], [ 42.95664554683534, 42.528520131206513 ], [ 42.956610090123199, 42.528558806998738 ], [ 42.956575000771039, 42.528601636287945 ], [ 42.95652354527914, 42.528672767339629 ], [ 42.956470458519654, 42.528756096704846 ], [ 42.956415790270384, 42.528850694117551 ], [ 42.956263739896478, 42.529126785585149 ], [ 42.956213807622397, 42.52920879058599 ], [ 42.956166609760736, 42.529278217077213 ], [ 42.956070985685614, 42.52941365847412 ], [ 42.955969334752368, 42.529564502124146 ], [ 42.955863762144567, 42.529726898876106 ], [ 42.955566159432159, 42.53019284569794 ], [ 42.955470644322993, 42.530337139847369 ], [ 42.955382361759078, 42.530465518213362 ], [ 42.955176402050412, 42.530762907064052 ], [ 42.954685547461118, 42.531483401512268 ], [ 42.954433431604095, 42.531843226333528 ], [ 42.954285631326776, 42.532046701700452 ], [ 42.954144529219782, 42.532234480443435 ], [ 42.95400742702035, 42.532410148944216 ], [ 42.953872942546703, 42.5325754691859 ], [ 42.953723973475512, 42.532750121186012 ], [ 42.953575885043442, 42.532914672136201 ], [ 42.953427852204932, 42.53307004115252 ], [ 42.953279300241874, 42.533216826727042 ], [ 42.953129567859172, 42.533355668126831 ], [ 42.952978429594062, 42.53348675943591 ], [ 42.952825542120472, 42.533610398893501 ], [ 42.952670632902212, 42.533726804954142 ], [ 42.952584863646791, 42.533787144841966 ], [ 42.952496195459844, 42.533846167599762 ], [ 42.952404585993079, 42.533903902181386 ], [ 42.95230998672541, 42.533960380131589 ], [ 42.952212350529138, 42.534015627616455 ], [ 42.952111609088732, 42.534069685731907 ], [ 42.952007694294466, 42.534122589273352 ], [ 42.951900525602447, 42.534174380918103 ], [ 42.951790172129847, 42.534225032175371 ], [ 42.951676385211613, 42.534274662862821 ], [ 42.951559049993627, 42.534323322246706 ], [ 42.951438029422341, 42.534371068200699 ], [ 42.951313207514126, 42.534417947267514 ], [ 42.951184361087243, 42.534464044595595 ], [ 42.951051277018173, 42.534509435605955 ], [ 42.950913683121939, 42.534554214473452 ], [ 42.95067654435411, 42.534626856932981 ], [ 42.950424379393127, 42.534698712235503 ], [ 42.950154627725055, 42.53477051702356 ], [ 42.94986224069126, 42.534843617162579 ], [ 42.949596913751975, 42.534906646692235 ], [ 42.949299355896009, 42.534974593641699 ], [ 42.948250283938719, 42.535205186741621 ], [ 42.947836649982371, 42.535298509717563 ], [ 42.947418173681022, 42.535398215644641 ], [ 42.947046760143472, 42.535493498103065 ], [ 42.946839574146814, 42.535550309428949 ], [ 42.946642264778902, 42.535607365864415 ], [ 42.946453579329628, 42.53566503133095 ], [ 42.946272697373047, 42.535723557719223 ], [ 42.946098724014909, 42.535783239703854 ], [ 42.94593138312441, 42.535844180428555 ], [ 42.945770249576306, 42.535906533493687 ], [ 42.945615000224585, 42.535970424607527 ], [ 42.945429885160223, 42.536050709825375 ], [ 42.945239572306797, 42.536136609072408 ], [ 42.945042609369793, 42.536228776169743 ], [ 42.944836489612115, 42.536328381825356 ], [ 42.944612449379029, 42.536439764191975 ], [ 42.94436691494878, 42.536564803277699 ], [ 42.943369345675208, 42.53708527238372 ], [ 42.942930269759266, 42.537308921102898 ], [ 42.942687808791014, 42.537428043018942 ], [ 42.942459361028988, 42.537536500788093 ], [ 42.942240356006259, 42.537636462817837 ], [ 42.942028469930605, 42.537728983360175 ], [ 42.941693749618473, 42.537875891136558 ], [ 42.9410161978169, 42.538184566178849 ], [ 42.940726642610997, 42.538313662654048 ], [ 42.94042196603197, 42.538443194322824 ], [ 42.940281577234472, 42.538499854714338 ], [ 42.940146780860985, 42.538552081325406 ], [ 42.939990041987876, 42.538609790029845 ], [ 42.939838555845277, 42.538662137573795 ], [ 42.939691348197911, 42.538709460363904 ], [ 42.939547774213814, 42.538751964746268 ], [ 42.939407113541769, 42.538789857505883 ], [ 42.939269142916096, 42.538823189569449 ], [ 42.939133512473219, 42.538852047406998 ], [ 42.938999954952862, 42.538876486553896 ], [ 42.938850854873017, 42.538899905636875 ], [ 42.938698474377162, 42.538920689074338 ], [ 42.938543065430373, 42.538938803565465 ], [ 42.938384893327033, 42.538954217851597 ], [ 42.938224223214668, 42.538966905175229 ], [ 42.938061348114658, 42.538976842884146 ], [ 42.937896560930895, 42.53898401192761 ], [ 42.937730160386415, 42.538988401466028 ], [ 42.937562428137056, 42.538990001254732 ], [ 42.937393699180191, 42.53898880831477 ], [ 42.937224285182765, 42.538984825552816 ], [ 42.937054497722762, 42.538978058577307 ], [ 42.936884656600711, 42.538968522151926 ], [ 42.93671506573633, 42.53895623255729 ], [ 42.936546031304893, 42.53894121151955 ], [ 42.936377853218062, 42.538923486057058 ], [ 42.936211479907392, 42.538903173220525 ], [ 42.936046530021315, 42.538880242732652 ], [ 42.935883276338032, 42.538854731934173 ], [ 42.935721981750085, 42.538826682491816 ], [ 42.935562912651321, 42.53879614063942 ], [ 42.93540629411514, 42.538763150066373 ], [ 42.935252357090768, 42.538727760872796 ], [ 42.935101318010709, 42.538690020196526 ], [ 42.934953495534792, 42.538650013941108 ], [ 42.934808963256685, 42.538607763257481 ], [ 42.934667900826668, 42.538563322727526 ], [ 42.934530475812217, 42.538516744014281 ], [ 42.934396858005414, 42.538468085125011 ], [ 42.934267178519669, 42.538417395265121 ], [ 42.934141573245704, 42.538364726427936 ], [ 42.934020164685663, 42.538310130365517 ], [ 42.933918722167277, 42.538261365028383 ], [ 42.933816671316173, 42.538209265670112 ], [ 42.933713959492742, 42.538153804323606 ], [ 42.933610522095819, 42.538094946502028 ], [ 42.933506310108314, 42.538032665203694 ], [ 42.933401206481342, 42.537966891675424 ], [ 42.933295109809947, 42.537897562849061 ], [ 42.933187880667255, 42.537824587053542 ], [ 42.933080143323963, 42.537748420412342 ], [ 42.932970927040166, 42.537668406029901 ], [ 42.932859984440576, 42.537584365635304 ], [ 42.932746955687975, 42.537496023470688 ], [ 42.932513356703737, 42.537305465091521 ], [ 42.932262383436345, 42.537090420557966 ], [ 42.932209710857677, 42.537042788915528 ], [ 42.932157682472301, 42.536992613171535 ], [ 42.932106193182911, 42.53693979417227 ], [ 42.932055113435545, 42.53688419900255 ], [ 42.931953672251062, 42.536764130621897 ], [ 42.931851498862798, 42.536630215876443 ], [ 42.931765524185053, 42.536507974428339 ], [ 42.931673619582, 42.536368955213462 ], [ 42.931382326748476, 42.53590159668655 ], [ 42.931273800058037, 42.535733338402011 ], [ 42.931161559107174, 42.535571635433719 ], [ 42.931107859738681, 42.535499812683788 ], [ 42.931054908964185, 42.535432832076324 ], [ 42.930993456524803, 42.535360027240152 ], [ 42.930931960857492, 42.535292517612454 ], [ 42.930870034120872, 42.535229879241705 ], [ 42.93080740407828, 42.535171837950791 ], [ 42.930743755012166, 42.535118108870755 ], [ 42.930678968102811, 42.535068602501937 ], [ 42.930612872293729, 42.535023188777338 ], [ 42.93054532950309, 42.534981771544892 ], [ 42.93046869255631, 42.534939972940919 ], [ 42.930388847247308, 42.534901232155299 ], [ 42.930305754066332, 42.534865528655786 ], [ 42.930219363678248, 42.534832844433772 ], [ 42.93012963289128, 42.534803159790258 ], [ 42.930036493016921, 42.534776452763857 ], [ 42.92993987774031, 42.534752703236741 ], [ 42.929839706083307, 42.534731892626475 ], [ 42.929736056957424, 42.534714027753161 ], [ 42.929628670289212, 42.534699056178496 ], [ 42.929517432152032, 42.534686961424214 ], [ 42.929402198165668, 42.534677727361199 ], [ 42.929282850572534, 42.534671342843296 ], [ 42.929159152355751, 42.534667794567419 ], [ 42.929030878488177, 42.534667074848855 ], [ 42.928897734338982, 42.534669181947173 ], [ 42.928676699121567, 42.534678283482506 ], [ 42.928440745123289, 42.53469453156265 ], [ 42.928187348665055, 42.534718092074115 ], [ 42.927911416499697, 42.534749434698561 ], [ 42.927668944261747, 42.534780730015775 ], [ 42.927396130451669, 42.534818978149367 ], [ 42.926493311305336, 42.534954644222019 ], [ 42.926164697034551, 42.535002233617739 ], [ 42.925848885339327, 42.53504432381223 ], [ 42.92556631557261, 42.535077468618006 ], [ 42.92529059735751, 42.535104286320525 ], [ 42.925034718543579, 42.535122968934594 ], [ 42.924794966228447, 42.53513378522662 ], [ 42.924680493350479, 42.535136272499813 ], [ 42.924569339532958, 42.535136819716463 ], [ 42.922347645297002, 42.535133947801874 ], [ 42.921637070928064, 42.5351317131991 ], [ 42.920815518132351, 42.535125513782774 ], [ 42.920079552737917, 42.535115118995208 ], [ 42.919687716487672, 42.535107200173115 ], [ 42.919310287663492, 42.53509774155399 ], [ 42.918945024060356, 42.535086685434734 ], [ 42.918590420990213, 42.535073985679418 ], [ 42.918244819665901, 42.535059579821571 ], [ 42.917907682765382, 42.535043441966572 ], [ 42.917578192127252, 42.535025533001068 ], [ 42.917255718183618, 42.535005818130287 ], [ 42.916915755760094, 42.534982536104501 ], [ 42.916582722383687, 42.534957083645821 ], [ 42.916256122533547, 42.534929422983687 ], [ 42.915935554332037, 42.534899519845617 ], [ 42.915620588122422, 42.534867333144376 ], [ 42.915310987318897, 42.534832837908361 ], [ 42.915006475357117, 42.534796003031758 ], [ 42.91470681695813, 42.53475680085824 ], [ 42.914411494620808, 42.534715158966613 ], [ 42.914120630947906, 42.534671089528842 ], [ 42.913834051506406, 42.534624565988381 ], [ 42.913551604924706, 42.534575564007511 ], [ 42.913273130215785, 42.534524055469319 ], [ 42.912998522100644, 42.534470021374538 ], [ 42.912727664527857, 42.534413437123142 ], [ 42.912460452278111, 42.534354281913075 ], [ 42.912309256666639, 42.534316123833456 ], [ 42.91215187822489, 42.534269081696252 ], [ 42.911986948449183, 42.534212752307646 ], [ 42.911811931850501, 42.534146272632363 ], [ 42.911640306022214, 42.534075576990453 ], [ 42.911450491390148, 42.533992503062265 ], [ 42.911256852199863, 42.533904110790026 ], [ 42.910734048730596, 42.533660784332142 ], [ 42.910576233191676, 42.533589837392725 ], [ 42.910434753822848, 42.533528670824211 ], [ 42.910272498376855, 42.533462320728439 ], [ 42.910121205216548, 42.533405033425488 ], [ 42.909977859577289, 42.533355672414771 ], [ 42.9098409359895, 42.533313718201157 ], [ 42.90975724986918, 42.53329087558761 ], [ 42.90967543979346, 42.533270781346161 ], [ 42.909595323352043, 42.533253391628122 ], [ 42.909516754251548, 42.533238674950233 ], [ 42.909439578807934, 42.533226602395402 ], [ 42.909363715749976, 42.533217164378357 ], [ 42.909289069294367, 42.533210348347112 ], [ 42.909215560514347, 42.533206147460213 ], [ 42.909143004494943, 42.53320455654346 ], [ 42.909071452125616, 42.533205582831286 ], [ 42.909000846113948, 42.533209227981274 ], [ 42.90893113406532, 42.533215492839744 ], [ 42.908862264591896, 42.533224384574922 ], [ 42.908794202275644, 42.533235906143844 ], [ 42.908726909084656, 42.533250065858851 ], [ 42.908660349481018, 42.533266870276641 ], [ 42.908573030046867, 42.533292628713966 ], [ 42.908476158088774, 42.533324776628454 ], [ 42.908191131293421, 42.533429804035364 ], [ 42.907992543888568, 42.533505917481662 ], [ 42.907794803503101, 42.533586405517568 ], [ 42.907598118727357, 42.533671182805001 ], [ 42.907402715551328, 42.533760153518777 ], [ 42.907208804178417, 42.533853220646272 ], [ 42.907016639434779, 42.533950263677276 ], [ 42.906826461637735, 42.534051159136482 ], [ 42.906638524764723, 42.534155775695005 ], [ 42.906452963930128, 42.534264041089131 ], [ 42.906270163930429, 42.534375735430096 ], [ 42.906090389483488, 42.534490697872464 ], [ 42.905913909353622, 42.53460875593931 ], [ 42.905740983821801, 42.534729736099528 ], [ 42.905571895890581, 42.534853440924437 ], [ 42.90540691390477, 42.534979674519704 ], [ 42.905246307822516, 42.535108229314787 ], [ 42.905137583235316, 42.535198615509593 ], [ 42.905030734291991, 42.535290180476181 ], [ 42.904925883833656, 42.535382819303521 ], [ 42.904823149745113, 42.53547642969189 ], [ 42.904722645225661, 42.535570903852999 ], [ 42.904624469457922, 42.535666152653548 ], [ 42.904528718155689, 42.5357620814938 ], [ 42.904435480829079, 42.535858599262838 ], [ 42.904344892484716, 42.535955565252621 ], [ 42.904256979741895, 42.53605294843792 ], [ 42.904171814746036, 42.53615066729629 ], [ 42.904089465782, 42.536248646538283 ], [ 42.904009998942598, 42.536346803630167 ], [ 42.903933466272754, 42.536445075592752 ], [ 42.903859922462779, 42.536543393191494 ], [ 42.903789413504413, 42.536641692435744 ], [ 42.903654569027715, 42.536838605488477 ], [ 42.903535305397135, 42.537023070957453 ], [ 42.903429096765535, 42.537198998686989 ], [ 42.90333493674283, 42.537368084000768 ], [ 42.903251754518344, 42.537532345226161 ], [ 42.90317960706404, 42.537691793336542 ], [ 42.903118214452071, 42.537847045494814 ], [ 42.903067419616782, 42.537998504081685 ], [ 42.90298895180868, 42.538262807436823 ], [ 42.902938037331829, 42.538457505372577 ], [ 42.902917767939506, 42.538548238114863 ], [ 42.902901151388782, 42.538634286537054 ], [ 42.902888002031425, 42.538716613509827 ], [ 42.902878237366799, 42.538795756040514 ], [ 42.902871628933539, 42.538874901422481 ], [ 42.902868575835747, 42.5389514040046 ], [ 42.902869065728872, 42.539025523814225 ], [ 42.902873102245422, 42.539097443725296 ], [ 42.902880698271019, 42.539167361189357 ], [ 42.902891867167426, 42.539235350293751 ], [ 42.902906623886217, 42.539301510369526 ], [ 42.902924987632034, 42.539365922814575 ], [ 42.902953200825138, 42.539447531072526 ], [ 42.902987324014347, 42.539533243166545 ], [ 42.903021757354566, 42.539608638163784 ], [ 42.903061454327627, 42.539684310516428 ], [ 42.903106428743918, 42.539760284786162 ], [ 42.903156700227996, 42.5398365937451 ], [ 42.90321228024731, 42.539913259208937 ], [ 42.903273211863549, 42.539990341393143 ], [ 42.90333953838006, 42.540067893312546 ], [ 42.90341131828945, 42.540145987170256 ], [ 42.90348813654041, 42.540224217325573 ], [ 42.903570532062353, 42.540303182577972 ], [ 42.903658648867555, 42.540383019729951 ], [ 42.90375271980681, 42.540463940151305 ], [ 42.903852741872115, 42.540545961782932 ], [ 42.903959504004249, 42.540629745625836 ], [ 42.904073701465926, 42.540715841098304 ], [ 42.904196885459555, 42.540805421132475 ], [ 42.90432103103425, 42.540890475458738 ], [ 42.904452794815683, 42.54097346993148 ], [ 42.904592126670764, 42.541054374790512 ], [ 42.904738970529813, 42.541133155663061 ], [ 42.904893272544413, 42.54120978451958 ], [ 42.905054942925027, 42.541284215561873 ], [ 42.905223894163306, 42.541356407535218 ], [ 42.905400018179307, 42.541426315205676 ], [ 42.905583471629349, 42.541493988232169 ], [ 42.905773850679665, 42.541559267006747 ], [ 42.90597098553441, 42.541622094359141 ], [ 42.906174667780377, 42.541682402507206 ], [ 42.906384732303216, 42.54174013976953 ], [ 42.90660080262731, 42.541795201973493 ], [ 42.906822533464727, 42.541847499026062 ], [ 42.907049463228375, 42.541896922501564 ], [ 42.907243322457774, 42.541933825525753 ], [ 42.907448790172879, 42.541965872115874 ], [ 42.907668026091642, 42.541993408740431 ], [ 42.907905394595225, 42.542016986910831 ], [ 42.908100387238768, 42.542032559447279 ], [ 42.908317057247032, 42.542046875032057 ], [ 42.90917499187826, 42.542091849817048 ], [ 42.909368251439069, 42.542103503678049 ], [ 42.909540843602258, 42.542115640935485 ], [ 42.909794608532366, 42.542133815880717 ], [ 42.910077479771097, 42.542151854936563 ], [ 42.911020679105953, 42.542205141739437 ], [ 42.911372569275734, 42.542226513815557 ], [ 42.911720683562834, 42.54225080032483 ], [ 42.912034168334991, 42.542276600499171 ], [ 42.912283344723498, 42.542300623475654 ], [ 42.912555499577437, 42.542330211193608 ], [ 42.912874164809118, 42.542368022880353 ], [ 42.91385006449584, 42.542488760008602 ], [ 42.914163820453496, 42.542523777110219 ], [ 42.914445627130746, 42.542551497298199 ], [ 42.914660428176205, 42.54256893761621 ], [ 42.914900168976487, 42.542584431613029 ], [ 42.915136319296451, 42.542596941141255 ], [ 42.915740369012049, 42.542625671804132 ], [ 42.916070431702622, 42.542645395842293 ], [ 42.916244202297676, 42.542658582747478 ], [ 42.916406097234059, 42.542673261672022 ], [ 42.916559138432227, 42.542689709162111 ], [ 42.916704871802779, 42.542708092951834 ], [ 42.916853307978805, 42.542730455620131 ], [ 42.917003475937797, 42.542757360339806 ], [ 42.917155698966745, 42.542788864312833 ], [ 42.917310393141548, 42.542825054342913 ], [ 42.917467825888416, 42.542865983010202 ], [ 42.917628855915446, 42.542911866732474 ], [ 42.91779425303087, 42.542962922107357 ], [ 42.917965184137614, 42.543019509825946 ], [ 42.918106556457452, 42.54306896367271 ], [ 42.918253619456571, 42.543122679412811 ], [ 42.91857241729727, 42.543245704653152 ], [ 42.918875093393453, 42.543368518945357 ], [ 42.91959479253093, 42.543667213582019 ], [ 42.919959427407989, 42.543812572110248 ], [ 42.920139475568426, 42.54388075526677 ], [ 42.920309627234893, 42.543942324176442 ], [ 42.920472617677817, 42.543998265992599 ], [ 42.92062992431692, 42.544049086647654 ], [ 42.9207866638057, 42.5440963090834 ], [ 42.920939522327501, 42.544138797922074 ], [ 42.921089204502522, 42.544176750576092 ], [ 42.921236217561905, 42.544210294232506 ], [ 42.921381118850611, 42.544239550681283 ], [ 42.921524122598264, 42.544264558938373 ], [ 42.921665531496316, 42.544285371330474 ], [ 42.9218055830517, 42.544302022790589 ], [ 42.922095404325837, 42.54432891411971 ], [ 42.922392945410031, 42.544349794123001 ], [ 42.922697652183857, 42.544364623873875 ], [ 42.923008860683105, 42.54437337146377 ], [ 42.923325993084305, 42.544376014656621 ], [ 42.923648032834308, 42.544372540378845 ], [ 42.923974032005603, 42.544362959324665 ], [ 42.924302860484467, 42.544347304111895 ], [ 42.924453645507171, 42.544337171480002 ], [ 42.924610658239928, 42.544323481829878 ], [ 42.924775447221819, 42.544306103797297 ], [ 42.924950984526333, 42.544284725574805 ], [ 42.925287433996402, 42.544237588000257 ], [ 42.925913411443865, 42.544140974392462 ], [ 42.926164036102747, 42.544103994236352 ], [ 42.926422522696356, 42.544069628707774 ], [ 42.926655525904287, 42.544043466222909 ], [ 42.927067656693019, 42.544003229726087 ], [ 42.927439853732579, 42.543969413993068 ], [ 42.927787396788943, 42.543940636163867 ], [ 42.928116015396903, 42.543916431865462 ], [ 42.928432615619307, 42.543896332710361 ], [ 42.928736995957316, 42.543880394589927 ], [ 42.92903118640556, 42.543868512921179 ], [ 42.929316512542108, 42.543860635201099 ], [ 42.929817062796751, 42.543852689823368 ], [ 42.930268849247376, 42.543850991537347 ], [ 42.930689801667448, 42.543855480307172 ], [ 42.931086440953408, 42.543866250840786 ], [ 42.931278815329591, 42.543874102833271 ], [ 42.931466645267285, 42.543883600552469 ], [ 42.931650283351956, 42.543894762094347 ], [ 42.931830004274374, 42.543907604145716 ], [ 42.932006106918621, 42.54392214833068 ], [ 42.932178733340528, 42.543938408036766 ], [ 42.932348060802646, 42.543956399987515 ], [ 42.93251423860363, 42.543976139499719 ], [ 42.932705762527704, 42.544002578691618 ], [ 42.932904521533032, 42.544034854787071 ], [ 42.933112485498341, 42.544073282457994 ], [ 42.933333423942074, 42.544118555534048 ], [ 42.933533243934562, 42.544162730372754 ], [ 42.933754607462959, 42.544214406769733 ], [ 42.934534582597976, 42.544405696389617 ], [ 42.934846663250951, 42.544479615977622 ], [ 42.935169021581359, 42.544550187207669 ], [ 42.935317781918059, 42.544580009799702 ], [ 42.935460739169557, 42.54460669822209 ], [ 42.936044657708322, 42.544708463805648 ], [ 42.93657886886303, 42.544795197172945 ], [ 42.936833494299592, 42.544833930038365 ], [ 42.93708101836453, 42.544869754508454 ], [ 42.937322403377713, 42.544902810430365 ], [ 42.937558342796422, 42.544933192277156 ], [ 42.937817961576172, 42.54496426290207 ], [ 42.938085810527745, 42.544993826816466 ], [ 42.938363014489305, 42.545022008669449 ], [ 42.938651259402789, 42.54504898011654 ], [ 42.938950651369694, 42.545074773601463 ], [ 42.939266501514375, 42.545099868213207 ], [ 42.939971934682013, 42.545149849094237 ], [ 42.940287656281455, 42.545168137774915 ], [ 42.940634021137555, 42.545183111440288 ], [ 42.941037468307066, 42.545195824102834 ], [ 42.941895294218014, 42.54521649596176 ], [ 42.942268255557686, 42.545227310229919 ], [ 42.942661730038722, 42.545242887209007 ], [ 42.943013674345643, 42.545262253918871 ], [ 42.94329461658829, 42.545279210025726 ], [ 42.943610152638293, 42.545296302015913 ], [ 42.944934047970712, 42.545361433131035 ], [ 42.94547334972502, 42.545392885076446 ], [ 42.945812928719917, 42.545416550159104 ], [ 42.946128233667515, 42.54544214377902 ], [ 42.946425473593052, 42.54547017458701 ], [ 42.946707720091865, 42.545500935524281 ], [ 42.9470165902652, 42.54553999044829 ], [ 42.947311087483733, 42.545583285120856 ], [ 42.947592975233981, 42.545631079985711 ], [ 42.947863414952351, 42.545683574248855 ], [ 42.94812367095426, 42.545741023876886 ], [ 42.948374133344622, 42.545803529581619 ], [ 42.948495889772055, 42.545836727277859 ], [ 42.948615406130365, 42.545871242727252 ], [ 42.948732741592032, 42.545907091404942 ], [ 42.948847945533302, 42.545944290411398 ], [ 42.948966609603097, 42.545985058824904 ], [ 42.949086379727063, 42.546028986168366 ], [ 42.949207513538916, 42.546076164402372 ], [ 42.949330345364359, 42.546126723781185 ], [ 42.949455085637396, 42.546180747313116 ], [ 42.949582411935253, 42.546238519981642 ], [ 42.94971292542467, 42.546300317294623 ], [ 42.949847534099753, 42.546366566134566 ], [ 42.950076261996635, 42.546484274253764 ], [ 42.950328413757191, 42.546620083881706 ], [ 42.950569571144356, 42.546754081593434 ], [ 42.95116059103227, 42.547087175930052 ], [ 42.951473578545851, 42.547258704677667 ], [ 42.951634631221054, 42.547343845591826 ], [ 42.951786981358744, 42.547421832645533 ], [ 42.951933246165424, 42.547494005830991 ], [ 42.952074816093948, 42.547561045617314 ], [ 42.952244672262921, 42.547638510257862 ], [ 42.952423604755019, 42.547717760550071 ], [ 42.952817922471837, 42.54788566855688 ], [ 42.953200005231196, 42.548042270152635 ], [ 42.954129551800683, 42.548416488801614 ], [ 42.954380181768471, 42.548519675747514 ], [ 42.954604858592766, 42.548614324553483 ], [ 42.954841009945433, 42.548716736846067 ], [ 42.955060688904005, 42.548815403742367 ], [ 42.955267575415064, 42.548911982265025 ], [ 42.955463600766528, 42.549007375967143 ], [ 42.955709512384637, 42.549133126826504 ], [ 42.955976606317904, 42.549276445378233 ], [ 42.95625784032422, 42.549432831047689 ], [ 42.95705538206591, 42.549883953302448 ], [ 42.957306786891742, 42.550021323694786 ], [ 42.957535119500093, 42.550141417900939 ], [ 42.957715193750083, 42.550231045397595 ], [ 42.957907485047066, 42.550320921036118 ], [ 42.9581138166984, 42.550411904845106 ], [ 42.958337757212959, 42.550505571444731 ], [ 42.958547874933032, 42.55058973650258 ], [ 42.958783554513445, 42.55068100351459 ], [ 42.959637783579439, 42.551001129967879 ], [ 42.959979817785943, 42.551132490355158 ], [ 42.960160669966783, 42.551204526102808 ], [ 42.960327768688224, 42.551273324197091 ], [ 42.960484321613713, 42.551340206156873 ], [ 42.960631945450004, 42.551405867202035 ], [ 42.960804368793049, 42.551486378043606 ], [ 42.96096648805532, 42.551566564716779 ], [ 42.961119427473712, 42.551646985793738 ], [ 42.961263911452043, 42.551728023422115 ], [ 42.961400712346311, 42.551810120932778 ], [ 42.961530055510266, 42.551893426448473 ], [ 42.961652300027488, 42.551978170616465 ], [ 42.961767706661171, 42.552064536404444 ], [ 42.961859020729307, 42.552138173043232 ], [ 42.961948660316473, 42.552215625079107 ], [ 42.962036810320221, 42.552297049796252 ], [ 42.962123695299091, 42.552382658315146 ], [ 42.962209467931025, 42.552472587533757 ], [ 42.962294557206036, 42.552567279141606 ], [ 42.962379332278914, 42.552667142243997 ], [ 42.96246432460147, 42.552772801357158 ], [ 42.962536888058104, 42.552867324901065 ], [ 42.962610664992347, 42.5529673470066 ], [ 42.962765430869148, 42.553188782659895 ], [ 42.962913573570518, 42.553412410170218 ], [ 42.963295771066811, 42.554004146884139 ], [ 42.96341197174057, 42.554176935479425 ], [ 42.963519623299234, 42.554330374460733 ], [ 42.963645704898411, 42.554500384750725 ], [ 42.963769309663014, 42.554655938788166 ], [ 42.963892759268255, 42.554799952343288 ], [ 42.964017306309955, 42.554933870519079 ], [ 42.964317323873026, 42.555237818614614 ], [ 42.964609008593641, 42.555522749945872 ], [ 42.964895290484996, 42.555791520885968 ], [ 42.965177840800621, 42.556045694768258 ], [ 42.965318463732196, 42.556167971388156 ], [ 42.965458614282468, 42.556286996636473 ], [ 42.9655984097596, 42.556402870756322 ], [ 42.965737947392348, 42.55651567472249 ], [ 42.965877332786427, 42.55662549416072 ], [ 42.966016627734099, 42.556732376095916 ], [ 42.966155905909957, 42.556836376768992 ], [ 42.966295227890726, 42.556937543182649 ], [ 42.966478207600339, 42.55706462820249 ], [ 42.966674622936537, 42.557193495845397 ], [ 42.966886546569178, 42.557325515616192 ], [ 42.967118201495452, 42.557463321683805 ], [ 42.967322181979313, 42.557580389562652 ], [ 42.967552089622544, 42.557708890090758 ], [ 42.968305676718686, 42.558119900860092 ], [ 42.968574095515152, 42.558268176356428 ], [ 42.968828197732165, 42.558412325971638 ], [ 42.969054764062392, 42.558545520830783 ], [ 42.969207127254641, 42.558641500950877 ], [ 42.969362016164176, 42.558748180711667 ], [ 42.969520669073461, 42.558866406038298 ], [ 42.969685244927, 42.558997782104932 ], [ 42.969855503256049, 42.559141877772547 ], [ 42.970040762507345, 42.55930636857849 ], [ 42.970232895824452, 42.559483056999298 ], [ 42.970767563663806, 42.559983021930421 ], [ 42.970934152460686, 42.560133828363661 ], [ 42.971085165527079, 42.560265731202819 ], [ 42.971262061749378, 42.560412768213084 ], [ 42.971430208098546, 42.560543625063957 ], [ 42.971592980134488, 42.560660926280093 ], [ 42.971672910122216, 42.560714894829907 ], [ 42.971752119705187, 42.560765912139658 ], [ 42.971851485581773, 42.56082635192864 ], [ 42.971950198916637, 42.560882386394404 ], [ 42.972048483388086, 42.560934141970911 ], [ 42.972146513809697, 42.560981711807187 ], [ 42.972244488186448, 42.56102518766113 ], [ 42.972342502584851, 42.561064611757338 ], [ 42.97244068446367, 42.561100034980548 ], [ 42.972539136181851, 42.561131493362247 ], [ 42.972638110015531, 42.561159058006204 ], [ 42.972737538584944, 42.561182702503665 ], [ 42.972837501729778, 42.561202443575439 ], [ 42.972938069608176, 42.561218295969645 ], [ 42.973039320987986, 42.561230271884916 ], [ 42.973141303186623, 42.561238376659354 ], [ 42.973244075754316, 42.561242614046265 ], [ 42.973347688559521, 42.561242985826354 ], [ 42.973443545701308, 42.561240748339713 ], [ 42.973483765083856, 42.561242131723098 ], [ 42.9735244444689, 42.561245448562794 ], [ 42.973565637341665, 42.561250702506165 ], [ 42.973607417709744, 42.561257902966744 ], [ 42.973693012380465, 42.561278187862314 ], [ 42.973782261013334, 42.561306544840392 ], [ 42.973870796963475, 42.561340965014651 ], [ 42.973966892312596, 42.561384099979001 ], [ 42.974066764145569, 42.561433557637386 ], [ 42.974239186136884, 42.561523504698954 ], [ 42.974295831529879, 42.561554777808531 ], [ 42.974356272760019, 42.561592000277621 ], [ 42.974576827521027, 42.561742694960117 ], [ 42.974672457241084, 42.561802513313275 ], [ 42.974764707832172, 42.561853448451537 ], [ 42.974861444206837, 42.561902228612936 ], [ 42.974962877324643, 42.561948960176167 ], [ 42.97506929162617, 42.561993775131988 ], [ 42.975180867145291, 42.562036756796232 ], [ 42.975298218422608, 42.562078151055083 ], [ 42.975421919945845, 42.562118161659079 ], [ 42.975552865032206, 42.562157078137488 ], [ 42.975778507298216, 42.562217468882537 ], [ 42.976035258947299, 42.562278612418154 ], [ 42.976282232502662, 42.562332564792825 ], [ 42.976862159858022, 42.562454072656685 ], [ 42.977140861021518, 42.562516483027686 ], [ 42.977388365172054, 42.562577937496883 ], [ 42.977501392016698, 42.562608696231244 ], [ 42.977608783305072, 42.56263987855764 ], [ 42.977746684780755, 42.562684776002044 ], [ 42.977899995675521, 42.562741431572803 ], [ 42.978077915061114, 42.562813229688963 ], [ 42.978454074588072, 42.562972897077863 ], [ 42.978615798881343, 42.563039349354 ], [ 42.978784725673314, 42.563103723102863 ], [ 42.978933665293923, 42.563153847861216 ], [ 42.979020560051907, 42.563179238811323 ], [ 42.979102908163213, 42.563200075646492 ], [ 42.979181312554083, 42.56321651129749 ], [ 42.979256162891062, 42.563228625589829 ], [ 42.979327877485019, 42.563236479041379 ], [ 42.979396578013471, 42.563240075605499 ], [ 42.979462461495856, 42.563239425066818 ], [ 42.979525674136809, 42.563234526407051 ], [ 42.979592943130001, 42.563223899853305 ], [ 42.979659263051097, 42.56320738776887 ], [ 42.979724791118208, 42.563184949702887 ], [ 42.979789723134886, 42.563156519769286 ], [ 42.979854190838374, 42.56312205436538 ], [ 42.979918566927005, 42.56308136645103 ], [ 42.979983178354814, 42.56303425196888 ], [ 42.980048496676808, 42.56298036712726 ], [ 42.980102209104828, 42.562931539375278 ], [ 42.980157238185093, 42.562877544163229 ], [ 42.980214173615046, 42.562817811946537 ], [ 42.980274117431868, 42.562751185162483 ], [ 42.980385645318883, 42.562619331205795 ], [ 42.980677564075364, 42.562260239891536 ], [ 42.980766155078754, 42.56215769865608 ], [ 42.980848162144241, 42.562068732039975 ], [ 42.980941582213035, 42.561975760170562 ], [ 42.981032689808075, 42.561894611941085 ], [ 42.981123038804057, 42.561823908118477 ], [ 42.981168195290287, 42.561792266045067 ], [ 42.981213459895741, 42.561763011362508 ], [ 42.981355637202476, 42.561678254009621 ], [ 42.981508310709735, 42.561593585990245 ], [ 42.981672733252331, 42.561508308914554 ], [ 42.981851271230788, 42.561421190176496 ] ] ], [ [ [ 42.970371756898672, 42.571173982022259 ], [ 42.970584782699646, 42.571056066536279 ], [ 42.970674274271182, 42.571001314210562 ], [ 42.970746555201323, 42.570951218805149 ], [ 42.970817543636713, 42.570898183644893 ], [ 42.970887334476195, 42.570842137470507 ], [ 42.970956041525184, 42.570782989545769 ], [ 42.971023746112408, 42.570720673773636 ], [ 42.971090652777541, 42.570655006469103 ], [ 42.971156938949548, 42.570585813372283 ], [ 42.971222846694857, 42.570512843021781 ], [ 42.971286274496734, 42.570438646313448 ], [ 42.971349976730508, 42.570360226449758 ], [ 42.971414391180112, 42.570277044563085 ], [ 42.971480269198842, 42.570188134184193 ], [ 42.971616242397019, 42.569993930837548 ], [ 42.971794455173487, 42.569725391052295 ], [ 42.971916630146168, 42.569538248978716 ], [ 42.971992339156721, 42.56941417023048 ], [ 42.972054632554205, 42.569299086116956 ], [ 42.972102908656524, 42.569192768980791 ], [ 42.972138605377722, 42.569100438545632 ], [ 42.972166627013074, 42.569017944665937 ], [ 42.972188199758627, 42.568941661916924 ], [ 42.972203608370755, 42.568870511107782 ], [ 42.972212067944895, 42.568810067024309 ], [ 42.972215952392403, 42.568748166835022 ], [ 42.972215266582225, 42.568684735882726 ], [ 42.972210010083295, 42.568619675101615 ], [ 42.972200181415403, 42.568552917825706 ], [ 42.972185756511237, 42.568484267312549 ], [ 42.972166699850298, 42.568413541925352 ], [ 42.972142938269492, 42.568340481014232 ], [ 42.9721158648318, 42.568268489823957 ], [ 42.972084274667395, 42.568193657637551 ], [ 42.972047941745686, 42.568115441032759 ], [ 42.97200639011858, 42.568032813080286 ], [ 42.971910919616057, 42.567859192866962 ], [ 42.971754981444569, 42.567594996500411 ], [ 42.971680128248998, 42.567476103380912 ], [ 42.971594922910882, 42.567354748545185 ], [ 42.971498883649097, 42.567230237235016 ], [ 42.971391109127858, 42.567101400783052 ], [ 42.971273096859925, 42.566969700222302 ], [ 42.971139923405907, 42.56682936237361 ], [ 42.970988512923896, 42.566677000740988 ], [ 42.970797950952822, 42.566491555083374 ], [ 42.970687012608579, 42.56638861154471 ], [ 42.970566188482692, 42.566283936626313 ], [ 42.970434214574993, 42.566176425464256 ], [ 42.970288483370652, 42.56606395249252 ], [ 42.970158632602818, 42.565967822595105 ], [ 42.970011511103756, 42.565862185759748 ], [ 42.969521061429099, 42.565519810540714 ], [ 42.969343339979119, 42.565393810650335 ], [ 42.969173312817702, 42.565269264380191 ], [ 42.969023373811368, 42.565154408936294 ], [ 42.968895745000125, 42.565052618458417 ], [ 42.968755848842811, 42.564938142469174 ], [ 42.9682724984348, 42.564532868792497 ], [ 42.968079548913543, 42.564373789654567 ], [ 42.967877978786348, 42.564213515335602 ], [ 42.967691820493052, 42.564072891696973 ], [ 42.967374076833352, 42.563842763326164 ], [ 42.967251336795407, 42.563757713048432 ], [ 42.967137233884777, 42.563681825722753 ], [ 42.967020322984467, 42.56360785970174 ], [ 42.96689576707071, 42.56353294918636 ], [ 42.966762407353642, 42.563456390980811 ], [ 42.966617993167162, 42.563376893364115 ], [ 42.966316247129051, 42.563218787586827 ], [ 42.965768830525931, 42.56294273446391 ], [ 42.965511912174406, 42.562815666061439 ], [ 42.96523965375966, 42.562687333992237 ], [ 42.964949248047105, 42.562556408619059 ], [ 42.964635105377518, 42.562420365352402 ], [ 42.964356094741035, 42.562303334407673 ], [ 42.964043554871559, 42.562175357027215 ], [ 42.962986106406049, 42.561752060906223 ], [ 42.962587432219571, 42.561590255624608 ], [ 42.962192084868967, 42.561425070826481 ], [ 42.961839408680937, 42.561271737590026 ], [ 42.961231094851101, 42.56100563405785 ], [ 42.961061366590442, 42.560927590682397 ], [ 42.96091184649341, 42.560854942567587 ], [ 42.960819379441155, 42.560807454976548 ], [ 42.960724221515704, 42.560756343402403 ], [ 42.960521005967784, 42.560640619234306 ], [ 42.960328853266866, 42.560525006156723 ], [ 42.959860309449986, 42.560235901038887 ], [ 42.959728888832196, 42.5601574708733 ], [ 42.959608933552232, 42.560088351846737 ], [ 42.959426997909127, 42.559990502087331 ], [ 42.959030744833264, 42.559791191723235 ], [ 42.958861616299139, 42.559702262078098 ], [ 42.95877166488421, 42.559651767572376 ], [ 42.958689857125108, 42.559602983249377 ], [ 42.958614552518327, 42.559554927129241 ], [ 42.958544955252691, 42.55950708704848 ], [ 42.95849781203227, 42.559471197318906 ], [ 42.958451306106681, 42.559431380915562 ], [ 42.958404971598036, 42.559387244108919 ], [ 42.958357953077865, 42.559337974683267 ], [ 42.958274301524348, 42.559240497113215 ], [ 42.958130394611842, 42.559058423085965 ], [ 42.958073571611536, 42.558989069866158 ], [ 42.958013281209915, 42.558920934454349 ], [ 42.957955812372781, 42.558862611949031 ], [ 42.957887343436468, 42.558802290439097 ], [ 42.957817618552681, 42.558750936477097 ], [ 42.957781845244376, 42.558728295132809 ], [ 42.957745339683271, 42.558707601173126 ], [ 42.957708007423669, 42.558688799782175 ], [ 42.957669769317782, 42.558671852626198 ], [ 42.957606437364362, 42.558647196142921 ], [ 42.957535869287042, 42.558622705965945 ], [ 42.957456803521282, 42.558597921928033 ], [ 42.95736365386044, 42.558571087418251 ], [ 42.957289082222637, 42.558552153099086 ], [ 42.957209874722707, 42.558535637722699 ], [ 42.957125203935611, 42.558521364426873 ], [ 42.957033415073255, 42.558509052436875 ], [ 42.956861304284807, 42.558492207129419 ], [ 42.956443507267075, 42.558461214941204 ], [ 42.956332594908027, 42.558449777815717 ], [ 42.95623357099668, 42.558436561640363 ], [ 42.956001366352226, 42.558399379548931 ], [ 42.955762638699056, 42.558357021397754 ], [ 42.955516195201248, 42.558309274942694 ], [ 42.955260156077443, 42.558255776983387 ], [ 42.954995136330147, 42.558196721243171 ], [ 42.954714134717598, 42.558130605734625 ], [ 42.95441161560445, 42.558056147283935 ], [ 42.954070146836024, 42.557969061215729 ], [ 42.953531802332819, 42.557830762971548 ], [ 42.953224039920144, 42.557746500004782 ], [ 42.953077075280753, 42.557703012246144 ], [ 42.952940534050626, 42.557659973539387 ], [ 42.952812170021538, 42.557616676483441 ], [ 42.952690812269594, 42.557572721054001 ], [ 42.952549790565229, 42.557518088534998 ], [ 42.952407587075143, 42.557459709228027 ], [ 42.952264110572834, 42.55739754277505 ], [ 42.952119237258067, 42.557331539229814 ], [ 42.951972887962924, 42.557261662050806 ], [ 42.95182482396509, 42.557187799800687 ], [ 42.951674834338569, 42.557109847841581 ], [ 42.951522624534249, 42.557027651410309 ], [ 42.951274318975905, 42.556891899765574 ], [ 42.951134642041602, 42.556811260668937 ], [ 42.951009286140774, 42.556731449422777 ], [ 42.950954128604664, 42.55669279448783 ], [ 42.950903161094352, 42.556654407197371 ], [ 42.950819639397388, 42.55658561286414 ], [ 42.95073471835623, 42.556508816548025 ], [ 42.95064713345446, 42.556422907782235 ], [ 42.950553015796977, 42.55632410175302 ], [ 42.950508233897295, 42.55627351923345 ], [ 42.950465564987994, 42.556220754700647 ], [ 42.950424915362397, 42.556165693914018 ], [ 42.950386175390641, 42.556108188127695 ], [ 42.950349272719031, 42.556048140592715 ], [ 42.950314005780982, 42.555985234319749 ], [ 42.950280208853833, 42.555919173672621 ], [ 42.950247648213455, 42.555849507807558 ], [ 42.950196711876636, 42.555727202253152 ], [ 42.950146167565201, 42.555588650940571 ], [ 42.950101431464965, 42.555452954666912 ], [ 42.949994900991932, 42.555113375773708 ], [ 42.949932811571124, 42.554934170459752 ], [ 42.949897287665621, 42.554842948614571 ], [ 42.949861073764879, 42.55475844316188 ], [ 42.94982352906883, 42.554679169365805 ], [ 42.949784290003286, 42.554604364272969 ], [ 42.94972174451155, 42.554486951292475 ], [ 42.949556729770705, 42.554164269931427 ], [ 42.949503723727787, 42.554067751474911 ], [ 42.949453256687697, 42.553982375669179 ], [ 42.949391910900644, 42.553887909654186 ], [ 42.949329418307983, 42.553802022228716 ], [ 42.949264593359132, 42.553723089223155 ], [ 42.949196775128414, 42.553650315339738 ], [ 42.949102962878058, 42.553552157444472 ], [ 42.94905715278707, 42.553507995621842 ], [ 42.949007766258475, 42.553467713159336 ], [ 42.948958858803316, 42.553436381510522 ], [ 42.948929933310467, 42.553421621683718 ], [ 42.948898025389369, 42.553407739590888 ], [ 42.948823920112439, 42.553382047846853 ], [ 42.948740423173412, 42.553359653103641 ], [ 42.948588680972236, 42.553324915435923 ], [ 42.948487678489471, 42.553303685658804 ], [ 42.948380918395657, 42.553286065548306 ], [ 42.948267836189061, 42.553271960326938 ], [ 42.948147439645055, 42.553261244138191 ], [ 42.94802112228156, 42.553253913106339 ], [ 42.94788376004945, 42.553249553921525 ], [ 42.94773222537696, 42.55324800874709 ], [ 42.947547022187827, 42.553249071367773 ], [ 42.947474885486542, 42.553250889175843 ], [ 42.947399784839376, 42.553254803388008 ], [ 42.947237264680737, 42.553269128841947 ], [ 42.947070337424719, 42.553289888605335 ], [ 42.946745715138597, 42.553336904928813 ], [ 42.946611105228122, 42.553354913171098 ], [ 42.946470454276273, 42.553370384222895 ], [ 42.946343896619737, 42.553379996793069 ], [ 42.946215953765659, 42.553388652338292 ], [ 42.945829548676613, 42.553419451875918 ], [ 42.945707212703333, 42.553425938970875 ], [ 42.945598220723767, 42.553428508427608 ], [ 42.945479346453027, 42.553426602298416 ], [ 42.945369607641815, 42.553419229807282 ], [ 42.945267022178541, 42.553406255465411 ], [ 42.94517059689872, 42.553387546207517 ], [ 42.945052739088887, 42.553357641506864 ], [ 42.94495346002082, 42.553326467073077 ], [ 42.94488328106722, 42.553297653551837 ], [ 42.944810081149711, 42.553259425683329 ], [ 42.944741747215126, 42.553217711779794 ], [ 42.944571109163846, 42.553106053238757 ], [ 42.944520156528405, 42.553075989667306 ], [ 42.944472659084816, 42.553050982413573 ], [ 42.944352185803162, 42.552994667965265 ], [ 42.944217194831232, 42.552937218416837 ], [ 42.944064680165567, 42.552877187543764 ], [ 42.943862093846796, 42.552801758227027 ], [ 42.943756409193433, 42.552764178474916 ], [ 42.943644803167437, 42.552726845327875 ], [ 42.943526162655203, 42.552689383975405 ], [ 42.943398298547052, 42.552651101306196 ], [ 42.943146628203465, 42.55258027543816 ], [ 42.942610830499113, 42.552436187574862 ], [ 42.942222350973871, 42.552331032527896 ], [ 42.941857323644349, 42.552235225411614 ], [ 42.941509191055303, 42.552147047462498 ], [ 42.941174588830471, 42.552065649498353 ], [ 42.940849666440123, 42.551990115018079 ], [ 42.940533954031501, 42.551920357309939 ], [ 42.940226019805401, 42.551856059831543 ], [ 42.939924857199252, 42.551797012729502 ], [ 42.939762225663934, 42.551768147002953 ], [ 42.939580009482903, 42.551739566328258 ], [ 42.938953364926405, 42.551653233266741 ], [ 42.938712858550971, 42.551617166258794 ], [ 42.938588132109473, 42.551596164514272 ], [ 42.938471968827955, 42.551574661168331 ], [ 42.938362267126614, 42.551552266314033 ], [ 42.938257944313989, 42.551528755161115 ], [ 42.937973976031969, 42.551459970626496 ], [ 42.937874110466872, 42.551432786860111 ], [ 42.937785050442741, 42.551405874994913 ], [ 42.937748849190243, 42.55139305977805 ], [ 42.93771116589609, 42.551377279439784 ], [ 42.937629713177792, 42.551336103158683 ], [ 42.937547407340688, 42.551287329003422 ], [ 42.937336669870646, 42.551153557304318 ], [ 42.937275577677504, 42.551119097949886 ], [ 42.937221395633323, 42.551092793024885 ], [ 42.937189627114641, 42.551079822421691 ], [ 42.937159336670092, 42.551069493565414 ], [ 42.937130293015002, 42.551061728448538 ], [ 42.937102342770586, 42.551056487387939 ], [ 42.937075322405455, 42.551053743124911 ], [ 42.93704917826841, 42.551053497395436 ], [ 42.937023828800768, 42.551055748731187 ], [ 42.93699921414688, 42.551060502358325 ], [ 42.936970256201086, 42.551069470575314 ], [ 42.936940531060728, 42.551082242309604 ], [ 42.936909713928166, 42.551098953093557 ], [ 42.936877166260096, 42.551119945332786 ], [ 42.936818861761452, 42.55116412602073 ], [ 42.936689743967776, 42.55127203939859 ], [ 42.936632649125144, 42.551314061598987 ], [ 42.936505415179269, 42.551395023446872 ], [ 42.936176421363847, 42.551593285664026 ], [ 42.936085810682322, 42.551652343255888 ], [ 42.936007382269821, 42.551707847977781 ], [ 42.935807643052669, 42.551854042592794 ], [ 42.935701597959131, 42.551938572351993 ], [ 42.935653594731939, 42.551981462119066 ], [ 42.93561157788946, 42.552023020712767 ], [ 42.935574868729127, 42.552063922110378 ], [ 42.935543142169763, 42.552104532376319 ], [ 42.935484918403034, 42.552188060634947 ], [ 42.935446464910534, 42.552252565830351 ], [ 42.935420054881405, 42.552311012306049 ], [ 42.935411390085726, 42.552338161961785 ], [ 42.935405677146036, 42.552364146407754 ], [ 42.935402476522015, 42.552401446255793 ], [ 42.935404967476188, 42.552441002758052 ], [ 42.935413162374189, 42.552483069185662 ], [ 42.935427155470869, 42.552528148830852 ], [ 42.935445711178026, 42.552573746568548 ], [ 42.935470184640721, 42.552624199454527 ], [ 42.935553365245767, 42.55277185991828 ], [ 42.935588482172186, 42.552827620514023 ], [ 42.935630862743324, 42.552883879426133 ], [ 42.935680948805526, 42.552941237157611 ], [ 42.935739747247759, 42.553000851913886 ], [ 42.935843592594381, 42.553094568284912 ], [ 42.936099703328956, 42.553306182508464 ], [ 42.936209310264616, 42.553403170423437 ], [ 42.936334799967682, 42.55351809655366 ], [ 42.936696189675494, 42.55383968042549 ], [ 42.936804345417762, 42.553941581928221 ], [ 42.936897477076208, 42.554035057530434 ], [ 42.937026302000078, 42.554174301414804 ], [ 42.937160513058942, 42.554329459040524 ], [ 42.937303439273833, 42.55450404296483 ], [ 42.937486678560944, 42.554736637948857 ], [ 42.937858447547974, 42.55520104875901 ], [ 42.937953107692913, 42.55532540132161 ], [ 42.938033712065092, 42.555437949694422 ], [ 42.93811364735425, 42.555559246306828 ], [ 42.938181726937131, 42.555674607493771 ], [ 42.938239149154292, 42.555786072030671 ], [ 42.938286454827157, 42.555894710490776 ], [ 42.938346865693099, 42.556054249447804 ], [ 42.938387393047947, 42.556179537300359 ], [ 42.938402950368491, 42.556237754614024 ], [ 42.938415342025749, 42.556293195351529 ], [ 42.938424684314292, 42.556346396520986 ], [ 42.938431032737888, 42.556397669804454 ], [ 42.938434365939884, 42.556446516825844 ], [ 42.938435151635041, 42.55649767287732 ], [ 42.938429079562503, 42.5566089373418 ], [ 42.938413702199085, 42.556730606524496 ], [ 42.938381572518267, 42.556920962757076 ], [ 42.938359565045346, 42.557030459018613 ], [ 42.938330668724269, 42.55714107941079 ], [ 42.938294822276042, 42.557253056062052 ], [ 42.93825192915007, 42.557366693407317 ], [ 42.938201929337588, 42.557482184872406 ], [ 42.938144565993227, 42.557600152591853 ], [ 42.938079569761769, 42.557721154535656 ], [ 42.938006490085492, 42.557846035379576 ], [ 42.937944656049304, 42.557944980796698 ], [ 42.937877230177889, 42.558047603221731 ], [ 42.93780358267599, 42.558154863876005 ], [ 42.937722477281739, 42.55826856946112 ], [ 42.937555917085746, 42.558492389173161 ], [ 42.937227290918045, 42.558919753236573 ], [ 42.937094906105521, 42.559094867591995 ], [ 42.936961739687725, 42.559277781590396 ], [ 42.936848177627091, 42.559442791248252 ], [ 42.936628445959016, 42.559767002596111 ], [ 42.936393080454351, 42.560102713437352 ], [ 42.936139901035205, 42.560453039839473 ], [ 42.935864703782748, 42.560823805277707 ], [ 42.935590837136793, 42.561184817876274 ], [ 42.935281693339334, 42.561585433951628 ], [ 42.934252438662895, 42.56289850177135 ], [ 42.934028235058477, 42.563191687798835 ], [ 42.933515467262929, 42.563879839271301 ], [ 42.933382792917335, 42.564052964546185 ], [ 42.933260380669203, 42.564208329126885 ], [ 42.933106096582151, 42.564396817957224 ], [ 42.932957118290403, 42.564569995206391 ], [ 42.932810465190521, 42.564731320058591 ], [ 42.932664579086286, 42.564882494311917 ], [ 42.932515596210941, 42.565029995958291 ], [ 42.932365330553324, 42.565174561944104 ], [ 42.932213863911997, 42.565316113594342 ], [ 42.932061266772763, 42.565454582836523 ], [ 42.931907620699725, 42.56558989819645 ], [ 42.931752975957998, 42.56572201375036 ], [ 42.931597395167657, 42.56585087839477 ], [ 42.931440932248826, 42.565976446272515 ], [ 42.931283692261509, 42.566098635528796 ], [ 42.931125668931557, 42.566217452351005 ], [ 42.930966908490312, 42.566332862450757 ], [ 42.930807450933536, 42.566444835929893 ], [ 42.930647342375266, 42.566553342100462 ], [ 42.930486615209979, 42.566658359932632 ], [ 42.930325303169433, 42.56675986481887 ], [ 42.930163439837138, 42.5668578366517 ], [ 42.930015399451619, 42.566944143202917 ], [ 42.929863732801621, 42.567029536623707 ], [ 42.929708468478836, 42.567113999405933 ], [ 42.929549641193184, 42.567197513251358 ], [ 42.929387281943029, 42.567280061595511 ], [ 42.929221432864125, 42.567361622672067 ], [ 42.929052136033462, 42.567442176514504 ], [ 42.928879436023458, 42.567521701400366 ], [ 42.92870333410756, 42.567600195536251 ], [ 42.928523931731341, 42.567677612112774 ], [ 42.928341285704988, 42.567753927827752 ], [ 42.928155462788688, 42.567829113255414 ], [ 42.927966522199824, 42.567903146037921 ], [ 42.927774550390232, 42.567975990802346 ], [ 42.927579627546237, 42.568047617465986 ], [ 42.927381846179962, 42.568117991666803 ], [ 42.927322841432478, 42.568137560380073 ], [ 42.927259884324428, 42.568156324509459 ], [ 42.927119371180979, 42.568192231360342 ], [ 42.926966655888712, 42.56822503280226 ], [ 42.926659245493582, 42.568284151466131 ], [ 42.92653201656131, 42.568310227478413 ], [ 42.926401667670852, 42.568340635128465 ], [ 42.926288637937454, 42.568371892912246 ], [ 42.926224159065065, 42.568392592064399 ], [ 42.9261639897558, 42.568414343579889 ], [ 42.926107697242962, 42.568437302624716 ], [ 42.926055007288042, 42.568461583108345 ], [ 42.926005631453535, 42.568487322996425 ], [ 42.925959488867214, 42.568514573059289 ], [ 42.925916449118688, 42.568543408384613 ], [ 42.92587641990054, 42.56857389394316 ], [ 42.925795287212622, 42.568644372229251 ], [ 42.925707927637276, 42.568724771347568 ], [ 42.925650389622831, 42.56878018148069 ], [ 42.925600845690447, 42.568831597549526 ], [ 42.925559547247332, 42.568879080851211 ], [ 42.925523948550243, 42.568925923536668 ], [ 42.925495542934605, 42.568970628968799 ], [ 42.925474039878516, 42.569013655661912 ], [ 42.925459320332784, 42.569055250909436 ], [ 42.925450680736368, 42.569102047853093 ], [ 42.925449793512833, 42.569152292844038 ], [ 42.925456643111453, 42.569206418753836 ], [ 42.925471335347019, 42.569265313615226 ], [ 42.925490310282854, 42.569320341739861 ], [ 42.925516022633829, 42.56938213056759 ], [ 42.92563330981941, 42.569629062817924 ], [ 42.925693863387053, 42.569762620560581 ], [ 42.925759326132841, 42.569893340465079 ], [ 42.925829304788877, 42.570020443650733 ], [ 42.925903489172079, 42.570143364365308 ], [ 42.92598149512218, 42.570261489590592 ], [ 42.926063166762226, 42.570374596768168 ], [ 42.926148277958127, 42.570482377418173 ], [ 42.926236646334836, 42.570584599497579 ], [ 42.926327692680772, 42.570680652762164 ], [ 42.926421652742469, 42.570770849453616 ], [ 42.926518393180622, 42.570855058375876 ], [ 42.926617797813712, 42.570933181963134 ], [ 42.926719739618029, 42.571005118851396 ], [ 42.926824143413199, 42.571070820845911 ], [ 42.926930919613817, 42.571130233187468 ], [ 42.927039992915837, 42.571183311281409 ], [ 42.927112266420529, 42.571214671674085 ], [ 42.927189151026639, 42.571245384243923 ], [ 42.927270752519284, 42.571275492320176 ], [ 42.927357245462758, 42.57130505938698 ], [ 42.927448635562875, 42.571334097243309 ], [ 42.927545504980287, 42.571362796516517 ], [ 42.927758324540626, 42.571419948392993 ], [ 42.927909619538134, 42.571454617355741 ], [ 42.928070133661755, 42.571484405444387 ], [ 42.928241222925315, 42.571509570384393 ], [ 42.928425472166758, 42.571530495676306 ], [ 42.928610461861048, 42.571546428940238 ], [ 42.928817444698609, 42.571559777074945 ], [ 42.929028270634021, 42.571570135238019 ], [ 42.929462717251042, 42.57158815048782 ], [ 42.929692965753347, 42.571596841362272 ], [ 42.929921561910483, 42.571602337461506 ], [ 42.930148284105741, 42.57160463388982 ], [ 42.930372933738838, 42.571603729771127 ], [ 42.93059530487448, 42.571599624998846 ], [ 42.930815249935485, 42.571592323223726 ], [ 42.931032607891922, 42.5715818296555 ], [ 42.931247238325348, 42.571568152578884 ], [ 42.931306337906072, 42.57156261917023 ], [ 42.931372336417226, 42.571553936920743 ], [ 42.93164668914573, 42.571507441022668 ], [ 42.931764307762229, 42.571492000229512 ], [ 42.931827237375515, 42.571487474060525 ], [ 42.931884607982312, 42.571486695428511 ], [ 42.931937594587808, 42.571489649536794 ], [ 42.931986771034516, 42.571496373768397 ], [ 42.932023450157139, 42.571504183502441 ], [ 42.93206032227323, 42.571514301155432 ], [ 42.932097438051969, 42.571526742050416 ], [ 42.932134858972688, 42.571541526208122 ], [ 42.932172626023196, 42.571558666975669 ], [ 42.932210870176199, 42.571578219848284 ], [ 42.932289305809938, 42.571624837778081 ], [ 42.932363962589228, 42.571676568163461 ], [ 42.932444487118765, 42.571739066651126 ], [ 42.932518761723884, 42.571801301877045 ], [ 42.93269689831142, 42.571955939833515 ], [ 42.932764719158961, 42.572015056058731 ], [ 42.932831129503519, 42.572077114920262 ], [ 42.932895950806284, 42.572141952004117 ], [ 42.932959005031996, 42.572209387596772 ], [ 42.933020119133069, 42.572279238472959 ], [ 42.93307911349725, 42.572351298776091 ], [ 42.933135818311023, 42.572425361025552 ], [ 42.933190068837632, 42.572501211528895 ], [ 42.933241696300094, 42.572578611306213 ], [ 42.933290566131802, 42.572657355314433 ], [ 42.933336537082759, 42.572737219479002 ], [ 42.933379483701259, 42.572817980910834 ], [ 42.933419282019294, 42.57289940864294 ], [ 42.933455830400611, 42.572981296425347 ], [ 42.933489037186988, 42.573063430983758 ], [ 42.93351881772805, 42.57314560817543 ], [ 42.933544836080429, 42.573226747614449 ], [ 42.933567373522109, 42.573307554987316 ], [ 42.933586383415737, 42.573387855653159 ], [ 42.93360182598397, 42.573467488602397 ], [ 42.933613669022925, 42.573546284857187 ], [ 42.933621896098202, 42.573624114446346 ], [ 42.933626489736262, 42.573700841976546 ], [ 42.933627445471991, 42.573776343995625 ], [ 42.933624766743279, 42.573850405340011 ], [ 42.933618460962627, 42.573923022541109 ], [ 42.933608536288205, 42.573994095787121 ], [ 42.933595006610631, 42.574063536175679 ], [ 42.933577888316023, 42.57413125304808 ], [ 42.933557200671558, 42.574197179210898 ], [ 42.933532965469738, 42.574261244814402 ], [ 42.933505205394624, 42.574323389930413 ], [ 42.933462291184121, 42.574401487288164 ], [ 42.933404915068806, 42.574487340167551 ], [ 42.933342933972789, 42.574569626691201 ], [ 42.933180444345162, 42.574774554860326 ], [ 42.933137497970449, 42.574832691357038 ], [ 42.93310144140893, 42.574885490483041 ], [ 42.933029399296984, 42.575002136728379 ], [ 42.932960787270353, 42.575125628488578 ], [ 42.932894991672313, 42.575257058738593 ], [ 42.932830984656611, 42.575398476538417 ], [ 42.932773078266308, 42.575538524845093 ], [ 42.932713232800914, 42.575694879055256 ], [ 42.93250129203787, 42.576295198856663 ], [ 42.932452318003463, 42.576427940160492 ], [ 42.932406188572088, 42.576546422542613 ], [ 42.932349922294144, 42.57668124384498 ], [ 42.932293317946211, 42.576805899285958 ], [ 42.932235261281726, 42.576922839790889 ], [ 42.93217513675409, 42.577033288864968 ], [ 42.932102640558547, 42.577151818279866 ], [ 42.932018608223089, 42.577273348825912 ], [ 42.931922218803386, 42.577399084965037 ], [ 42.931811718558947, 42.57753131925292 ], [ 42.931706787210508, 42.577648969130955 ], [ 42.931585656277385, 42.577778466334621 ], [ 42.93115050439998, 42.578223733130571 ], [ 42.930984135039658, 42.578399075922256 ], [ 42.930899504475065, 42.578492413772871 ], [ 42.930823016658202, 42.578580418071944 ], [ 42.930753250250334, 42.578664728227878 ], [ 42.930689502000895, 42.578746197852468 ], [ 42.93061952595523, 42.578842138018132 ], [ 42.93055705340128, 42.578935680539281 ], [ 42.930501670342032, 42.579027443812755 ], [ 42.930453127845645, 42.579117844796684 ], [ 42.930411186209646, 42.579207352844676 ], [ 42.930375784294355, 42.579296122650135 ], [ 42.930346827774677, 42.579384391153837 ], [ 42.930324256931627, 42.579472343690313 ], [ 42.930286534472955, 42.579651752582137 ], [ 42.930265007354521, 42.579784498058565 ], [ 42.930258223190982, 42.579846018186537 ], [ 42.930254220730497, 42.579904192703161 ], [ 42.930252955313527, 42.579959671881213 ], [ 42.930254419758654, 42.580012820303658 ], [ 42.930263793027763, 42.580204127876662 ], [ 42.930270441728759, 42.580263997844533 ], [ 42.930279851867212, 42.580316569431453 ], [ 42.930293623753229, 42.580367724066321 ], [ 42.930311341382286, 42.580413536046933 ], [ 42.930333244201982, 42.580454613050144 ], [ 42.930359491903793, 42.580491247928251 ], [ 42.930392234469274, 42.580526335993099 ], [ 42.93043224987526, 42.580561076387447 ], [ 42.930479580783853, 42.580595505895623 ], [ 42.930534334219892, 42.580629704788031 ], [ 42.930596222028029, 42.580663543575199 ], [ 42.930666017171639, 42.580697489175144 ], [ 42.930744293502471, 42.580731839208582 ], [ 42.930833951672128, 42.58076786807392 ], [ 42.930935895674061, 42.580803776617564 ], [ 42.931044427683801, 42.580835178083298 ], [ 42.931157476480699, 42.580861473111774 ], [ 42.931272861787441, 42.580882154035848 ], [ 42.931388201479521, 42.580896810409932 ], [ 42.93150170025622, 42.58090523150647 ], [ 42.93161150791871, 42.58090728215808 ], [ 42.931716107054726, 42.580902934072661 ], [ 42.931785973635243, 42.580895348980221 ], [ 42.931858573772374, 42.580882740549612 ], [ 42.931934630366186, 42.580864988550921 ], [ 42.932015572722868, 42.580841762176732 ], [ 42.932085274883669, 42.580818837995409 ], [ 42.932162385155685, 42.580791066719328 ], [ 42.932427658740714, 42.580687607328095 ], [ 42.932530503050479, 42.5806495904149 ], [ 42.932670246790003, 42.580599087288668 ], [ 42.932810706133758, 42.580545544127212 ], [ 42.932952008159745, 42.580488912791843 ], [ 42.933094308430377, 42.580429131248835 ], [ 42.933237728021297, 42.580366148548123 ], [ 42.933382523988143, 42.580299854957005 ], [ 42.93352893015647, 42.580230143023719 ], [ 42.933677243617048, 42.580156871316255 ], [ 42.933826287471149, 42.580080659769493 ], [ 42.933977977835205, 42.580000567676031 ], [ 42.934132828056306, 42.579916325121758 ], [ 42.934291581375525, 42.579827526754393 ], [ 42.934623437670822, 42.579634822459923 ], [ 42.934989373104493, 42.579413279061207 ], [ 42.935207561795352, 42.579278049199203 ], [ 42.935366417760662, 42.579176630311643 ], [ 42.93550664211628, 42.579083038622933 ], [ 42.93563087703123, 42.57899530825096 ], [ 42.935714680989044, 42.578931221759198 ], [ 42.935795559069042, 42.578863296664558 ], [ 42.935873636577526, 42.578791428068861 ], [ 42.935949061839651, 42.578715478168796 ], [ 42.93602194421144, 42.578635345379674 ], [ 42.936092536240452, 42.578550761398013 ], [ 42.936161052365094, 42.578461468039052 ], [ 42.936227775157192, 42.578367099381516 ], [ 42.936294573765181, 42.578264738085728 ], [ 42.936360315920545, 42.578155832507008 ], [ 42.936425583864796, 42.578039427773966 ], [ 42.936491396253459, 42.577913713272572 ], [ 42.936552804622906, 42.57778925846835 ], [ 42.936618236222245, 42.577650025543541 ], [ 42.93685553309782, 42.577119612407834 ], [ 42.93695793835127, 42.576900074529227 ], [ 42.937016104754257, 42.576782752652029 ], [ 42.937072685972197, 42.576674734337637 ], [ 42.93712880791815, 42.576573875904721 ], [ 42.937185068673521, 42.576479111997983 ], [ 42.937256921502758, 42.576367102843264 ], [ 42.937330426229494, 42.5762624500667 ], [ 42.937406118562549, 42.576164390661866 ], [ 42.93748437504761, 42.576072443320584 ], [ 42.937565645082053, 42.575986097427425 ], [ 42.93765008451085, 42.575905208996716 ], [ 42.937737932515816, 42.575829545490038 ], [ 42.937829387115414, 42.575758940265693 ], [ 42.937905714147895, 42.575705940747213 ], [ 42.937987234360847, 42.575654596183696 ], [ 42.938074124462197, 42.575604794477997 ], [ 42.93816662783609, 42.575556396815649 ], [ 42.938264897281535, 42.57550931407993 ], [ 42.938369465458585, 42.575463281183509 ], [ 42.938480838028994, 42.575418075775474 ], [ 42.938599804167865, 42.575373376143361 ], [ 42.938808731125192, 42.575301871177722 ], [ 42.939048848831419, 42.575227580728004 ], [ 42.939283892091694, 42.575159957819494 ], [ 42.939860539542124, 42.574999647550818 ], [ 42.940153948901603, 42.574912708168533 ], [ 42.940297884569382, 42.574866642160934 ], [ 42.940430616389563, 42.5748213209569 ], [ 42.940554342796688, 42.574775993463575 ], [ 42.94067019986521, 42.574730237978514 ], [ 42.940787098269674, 42.574680121839172 ], [ 42.94089660847029, 42.574628804731084 ], [ 42.940999281213635, 42.574576027319026 ], [ 42.941095485812319, 42.574521600846005 ], [ 42.941185606275489, 42.574465297193782 ], [ 42.94126977340143, 42.574407029575688 ], [ 42.94134817055366, 42.574346668923226 ], [ 42.941420936458655, 42.574284109678509 ], [ 42.941506927985891, 42.57420252132885 ], [ 42.941598700825828, 42.574108855395998 ], [ 42.941691731731225, 42.574008679578995 ], [ 42.941863259573907, 42.573818656732392 ], [ 42.941916989832464, 42.573757778584316 ], [ 42.941969691025037, 42.573694548655816 ], [ 42.942021470855728, 42.573628841008798 ], [ 42.942072461614465, 42.573560486020774 ], [ 42.942172590547862, 42.573415152568259 ], [ 42.942271904486468, 42.573255908359755 ], [ 42.942355909400924, 42.573109610560032 ], [ 42.942444670322828, 42.57294464557161 ], [ 42.942528431234877, 42.572781398947619 ], [ 42.942737002742966, 42.572365601891903 ], [ 42.942855033644314, 42.572141698729901 ], [ 42.94292037167898, 42.572025332806476 ], [ 42.942984106719415, 42.571917953224947 ], [ 42.943047427931894, 42.57181755876212 ], [ 42.943110980389285, 42.571723132602258 ], [ 42.943189134228049, 42.57161549223359 ], [ 42.943269049556513, 42.571514597766381 ], [ 42.943351257615454, 42.571419781540385 ], [ 42.943436134495634, 42.5713306108469 ], [ 42.943524130171518, 42.571246629087717 ], [ 42.943615407531645, 42.571167699598718 ], [ 42.943710208719388, 42.571093609692632 ], [ 42.943808734960868, 42.571024205381143 ], [ 42.944027827818459, 42.570870905527116 ], [ 42.944130469902703, 42.570804995015244 ], [ 42.944185788391351, 42.570773760789208 ], [ 42.944239096946617, 42.570747149786193 ], [ 42.944291340604693, 42.570724692686227 ], [ 42.944343014774212, 42.570706181355327 ], [ 42.944442450718839, 42.570674986858727 ], [ 42.944520501895717, 42.57065295859141 ], [ 42.944591536854205, 42.570636039123883 ], [ 42.944656174376036, 42.570624196348042 ], [ 42.944716916334698, 42.570617115859086 ], [ 42.944772541539791, 42.570615107144334 ], [ 42.944823346481137, 42.570618157520734 ], [ 42.944869468437453, 42.570626279363807 ], [ 42.944901074412343, 42.570635345637704 ], [ 42.944933759627432, 42.570647423717666 ], [ 42.944967456698599, 42.570662488079506 ], [ 42.945002063551158, 42.570680493665677 ], [ 42.9450375511448, 42.570701434551118 ], [ 42.945073641870628, 42.570725157167466 ], [ 42.945146476636786, 42.57078016500401 ], [ 42.945192930313198, 42.570821895825496 ], [ 42.94523608093219, 42.570868046592096 ], [ 42.945274836265362, 42.570917447740726 ], [ 42.945308231562322, 42.570968868959383 ], [ 42.945335385964533, 42.571020899535043 ], [ 42.945355859028886, 42.571072630143782 ], [ 42.945369262892868, 42.571123071356695 ], [ 42.945375395017479, 42.571171452294202 ], [ 42.945375342858881, 42.571198605842092 ], [ 42.945372421529228, 42.571227278439487 ], [ 42.945357837270677, 42.571290221186231 ], [ 42.945332695276036, 42.571359488945959 ], [ 42.945285079699694, 42.571467663330296 ], [ 42.945262242305084, 42.571514310661087 ], [ 42.945232959235781, 42.571565387310592 ], [ 42.94512898753532, 42.571724685679797 ], [ 42.945095188023814, 42.571779612061867 ], [ 42.944941365062206, 42.572045174020076 ], [ 42.944829456192693, 42.572242390443449 ], [ 42.944730754564269, 42.5724218566275 ], [ 42.944643485842256, 42.572587076235095 ], [ 42.944562507382535, 42.572748173478267 ], [ 42.944489844429441, 42.572901581710461 ], [ 42.944424668357811, 42.573049050208319 ], [ 42.94436654208917, 42.573191572526177 ], [ 42.944313400406635, 42.573334899291972 ], [ 42.944267255330359, 42.573474382987591 ], [ 42.944227941827755, 42.573610524054068 ], [ 42.944195356883284, 42.573743678158706 ], [ 42.944169413283461, 42.573874239073255 ], [ 42.944150084334595, 42.574002353109201 ], [ 42.944137341270967, 42.574128229576452 ], [ 42.944131167792463, 42.574252032080715 ], [ 42.944130535291897, 42.574333575087188 ], [ 42.944132411767086, 42.574418336582369 ], [ 42.944143759756052, 42.574599818905938 ], [ 42.9441652848774, 42.574800856917172 ], [ 42.94420023252178, 42.575051950247108 ], [ 42.944230254544024, 42.575254421292904 ], [ 42.944251359780154, 42.5753765485358 ], [ 42.944275696631003, 42.575489064826513 ], [ 42.944303448923343, 42.575589898650861 ], [ 42.944339172119612, 42.575695821217693 ], [ 42.944382098756172, 42.575805902009876 ], [ 42.944432337625614, 42.575920428438572 ], [ 42.944490149460194, 42.576039995918336 ], [ 42.944531800617831, 42.57611526013568 ], [ 42.944580353370888, 42.57618959277584 ], [ 42.944635914570647, 42.576263154240209 ], [ 42.944698633577204, 42.576336146215134 ], [ 42.944768607259334, 42.576408699202418 ], [ 42.944846206311794, 42.576481213370251 ], [ 42.944931800682546, 42.576554037541001 ], [ 42.945025997275231, 42.576627688681434 ], [ 42.945107696309286, 42.576687352784745 ], [ 42.945196076268623, 42.576748466765686 ], [ 42.94529205442457, 42.576811669327775 ], [ 42.945397512820875, 42.576878200918202 ], [ 42.945597272407916, 42.576998583292507 ], [ 42.94607820734651, 42.577279704354027 ], [ 42.946201368565724, 42.57735428007701 ], [ 42.946310218023186, 42.577422612351199 ], [ 42.946418045920865, 42.577493453081296 ], [ 42.9465161312134, 42.57756154173012 ], [ 42.946606001094871, 42.577627940406821 ], [ 42.946688447691514, 42.577693238767523 ], [ 42.946762286567441, 42.577756324157676 ], [ 42.946830004579056, 42.577819128676197 ], [ 42.946891883030567, 42.577881916727954 ], [ 42.946948112922158, 42.577944882657555 ], [ 42.946998884457955, 42.5780082451083 ], [ 42.947044264022857, 42.578072097130971 ], [ 42.947084341324, 42.578136563711865 ], [ 42.947119178798275, 42.57820174683448 ], [ 42.947161245791712, 42.57829091445366 ], [ 42.947200768853868, 42.57838208155583 ], [ 42.947237599610219, 42.578474905085464 ], [ 42.94727159392815, 42.578569024052584 ], [ 42.947302621186957, 42.578664074107238 ], [ 42.947330551591122, 42.578759665699479 ], [ 42.947355274651073, 42.578855415028421 ], [ 42.947376692053894, 42.578950938511241 ], [ 42.947398480864507, 42.579072131828177 ], [ 42.947415643335262, 42.579203305604736 ], [ 42.947428642217076, 42.57934747589124 ], [ 42.947438686563153, 42.579517928198712 ], [ 42.947446363616109, 42.579745598902434 ], [ 42.947445009585884, 42.579934182531559 ], [ 42.947440904160722, 42.580021605830282 ], [ 42.947434446617244, 42.580104991342978 ], [ 42.947425583342309, 42.580185007199141 ], [ 42.947414269080433, 42.580262066829007 ], [ 42.947398517906592, 42.580347412823834 ], [ 42.94737928060492, 42.580434536112143 ], [ 42.947356534366023, 42.580523537142078 ], [ 42.947330245455582, 42.580614552186752 ], [ 42.947300392900246, 42.580707662815477 ], [ 42.947266885191823, 42.580803169061348 ], [ 42.947229628141237, 42.580901341191471 ], [ 42.947188464227544, 42.581002596924172 ], [ 42.947136555823477, 42.581117749680608 ], [ 42.947072360667988, 42.581244555608102 ], [ 42.947005547656424, 42.581366947023156 ], [ 42.946844749628674, 42.581651663618487 ], [ 42.946705623763094, 42.581902149605753 ], [ 42.946603504844283, 42.582081405455945 ], [ 42.946508106476891, 42.582242600998107 ], [ 42.946417539231987, 42.582388580451983 ], [ 42.946370883669886, 42.582458943032769 ], [ 42.946319149404445, 42.582531444228067 ], [ 42.946261820250854, 42.582606810503961 ], [ 42.946197835210434, 42.582686439352166 ], [ 42.946071189869507, 42.58283510170056 ], [ 42.945742237313766, 42.583206814781853 ], [ 42.945652455166126, 42.58331402566597 ], [ 42.945575500447681, 42.583411641840932 ], [ 42.945495772996686, 42.583521579637342 ], [ 42.945427730906452, 42.583626532768839 ], [ 42.945370126278476, 42.583728433910224 ], [ 42.945322389299477, 42.583828308459033 ], [ 42.945242275284826, 42.584015525789695 ], [ 42.94519517700946, 42.584141346857074 ], [ 42.945176684009702, 42.58420056138732 ], [ 42.945162045948358, 42.584256496924262 ], [ 42.945151068741929, 42.58430990552786 ], [ 42.94514366946791, 42.584361197251411 ], [ 42.945139758178357, 42.584415224311208 ], [ 42.945139819033919, 42.584471938660954 ], [ 42.945143848598725, 42.584531927381278 ], [ 42.945151923164119, 42.584596355318567 ], [ 42.945173697121987, 42.58471279751106 ], [ 42.945224617143147, 42.584931018515469 ], [ 42.945242994615725, 42.585018206540362 ], [ 42.945254056518841, 42.585092083235985 ], [ 42.94527195742765, 42.585263958864239 ], [ 42.94528509102377, 42.585341212767489 ], [ 42.945296671045377, 42.585385856909923 ], [ 42.945310874322701, 42.585426176064075 ], [ 42.94532798534982, 42.585462969595696 ], [ 42.945348188925813, 42.585496621740759 ], [ 42.945377434847352, 42.585534576709009 ], [ 42.945413590624277, 42.585572268400298 ], [ 42.945456998770119, 42.585610065863762 ], [ 42.94550845417573, 42.585648664146824 ], [ 42.945556548644007, 42.585680955178795 ], [ 42.945612691598889, 42.585715753535816 ], [ 42.945813391423954, 42.58583121745604 ], [ 42.945887577021921, 42.58587606224711 ], [ 42.945969293741292, 42.585926554166882 ], [ 42.946053272426575, 42.585976080707056 ], [ 42.946228082753407, 42.586072273951643 ], [ 42.946412168381222, 42.586164731265356 ], [ 42.946605736743905, 42.58625355628088 ], [ 42.946808936511452, 42.5863388236574 ], [ 42.947022181079461, 42.586420710953057 ], [ 42.947245855500547, 42.586499368196591 ], [ 42.947480510387308, 42.58657498800099 ], [ 42.947721792084614, 42.586646363028208 ], [ 42.94797520181217, 42.586715307299762 ], [ 42.948241907568445, 42.58678213973284 ], [ 42.948523882013475, 42.58684735483628 ], [ 42.948819422130157, 42.586910672552129 ], [ 42.94913743998665, 42.586974102037921 ], [ 42.949484425167817, 42.587038978603601 ], [ 42.949887593003993, 42.587110400730886 ], [ 42.95022349226371, 42.587164977235084 ], [ 42.950565984510817, 42.587213325632618 ], [ 42.950914343080576, 42.58725534191035 ], [ 42.951267759460542, 42.587290927803053 ], [ 42.951625463486245, 42.587320004651637 ], [ 42.95198644148239, 42.587342486749996 ], [ 42.952349721571032, 42.587358314366504 ], [ 42.952714254695863, 42.587367439909919 ], [ 42.952926944295108, 42.587369678293435 ], [ 42.953138148159709, 42.587369651024311 ], [ 42.953347711525893, 42.587367357146157 ], [ 42.953555489285478, 42.587362798577715 ], [ 42.953761336301312, 42.587355978138788 ], [ 42.953965141510238, 42.587346900159282 ], [ 42.954166787700942, 42.587335570661047 ], [ 42.954366168683244, 42.587321994062485 ], [ 42.954680376789248, 42.587296089088582 ], [ 42.954985631161733, 42.587265633318879 ], [ 42.955282111520511, 42.587230607520155 ], [ 42.955569936455021, 42.587190998568367 ], [ 42.955747980883942, 42.587161628907658 ], [ 42.955945088382776, 42.587123176096398 ], [ 42.956130790232535, 42.587083040744133 ], [ 42.956557658541698, 42.586986584814582 ], [ 42.956760604497902, 42.586943778963487 ], [ 42.956938452458921, 42.58691049926307 ], [ 42.957101864826313, 42.586884763949421 ], [ 42.957210337457091, 42.586870656762969 ], [ 42.957323706665193, 42.58685822803205 ], [ 42.957442915530564, 42.586847371189037 ], [ 42.957569667919593, 42.586837931992825 ], [ 42.957845020996501, 42.586823005223444 ], [ 42.958416933538331, 42.586801752207549 ], [ 42.958661951184801, 42.586790037014069 ], [ 42.95879497632847, 42.586781551152129 ], [ 42.958918738137044, 42.586771802313017 ], [ 42.959035697416013, 42.586760593938251 ], [ 42.95914708769066, 42.586747806646436 ], [ 42.959711635494564, 42.586676624977827 ], [ 42.960084824603939, 42.586624810303249 ], [ 42.960259290624464, 42.586597955281512 ], [ 42.960423036780874, 42.586570700173446 ], [ 42.960578342184725, 42.586542665062893 ], [ 42.960726438925661, 42.586513625177957 ], [ 42.960875279578396, 42.586481836433961 ], [ 42.961017987227507, 42.586448569513223 ], [ 42.961155163568549, 42.586413684762014 ], [ 42.961287221527961, 42.58637707608424 ], [ 42.9614146137978, 42.58633861377475 ], [ 42.961537499250383, 42.5862982466452 ], [ 42.961656107002632, 42.586255899541442 ], [ 42.961770612170675, 42.586211508954243 ], [ 42.961851390837232, 42.586183461466781 ], [ 42.962053984330936, 42.586124467391528 ], [ 42.96210091997628, 42.586108149327742 ], [ 42.962140552583271, 42.58609185709372 ], [ 42.962184545331596, 42.586069100105881 ], [ 42.962219221702114, 42.586044689674466 ], [ 42.962245240320271, 42.586018160247704 ], [ 42.962262848855431, 42.585989241577678 ], [ 42.962273664303801, 42.585956704403237 ], [ 42.962284763541739, 42.585901169252409 ], [ 42.962289737860949, 42.585857265279799 ], [ 42.962288108532007, 42.585807669564446 ], [ 42.962281755075516, 42.585759664776461 ], [ 42.962261209564872, 42.585644177849915 ], [ 42.962255737512173, 42.585585953367421 ], [ 42.962256125306943, 42.5855571830716 ], [ 42.962259037011812, 42.585530466753177 ], [ 42.962264523853349, 42.585505354160063 ], [ 42.962272638634111, 42.585481608492579 ], [ 42.962293095522313, 42.58542974467025 ], [ 42.962306701646668, 42.585401542741174 ], [ 42.962322788682634, 42.585377424706742 ], [ 42.962341122492901, 42.585358929000741 ], [ 42.962368106716433, 42.585342287382588 ], [ 42.962404828783555, 42.585328422419273 ], [ 42.962442672391916, 42.585318659479199 ], [ 42.962549532126083, 42.585295923003891 ], [ 42.962595630636891, 42.585285078544359 ], [ 42.962647062730973, 42.585275106095864 ], [ 42.962885082838817, 42.585239243041137 ], [ 42.962941159091464, 42.585229008161178 ], [ 42.96299057776735, 42.585217992059313 ], [ 42.96325271683083, 42.585160907662903 ], [ 42.963317220217931, 42.585144186484627 ], [ 42.963371990174636, 42.585127021131491 ], [ 42.963426392797835, 42.585105567220594 ], [ 42.963471863594599, 42.585082067864121 ], [ 42.96350911907539, 42.585056150387921 ], [ 42.963538462587039, 42.585027593261223 ], [ 42.963570420184418, 42.584984322989506 ], [ 42.96359622450418, 42.584937470875538 ], [ 42.963613629242936, 42.584891165517959 ], [ 42.963621693560199, 42.584847991811529 ], [ 42.963621965306466, 42.584823888668396 ], [ 42.963619085193372, 42.584798415618437 ], [ 42.963613068814254, 42.5847716927086 ], [ 42.963603953174371, 42.584743893497269 ], [ 42.963591744283612, 42.584715095535792 ], [ 42.963576614849359, 42.584685758460516 ], [ 42.963538599400565, 42.584627311100441 ], [ 42.963526463864561, 42.584612991288267 ], [ 42.963511579595441, 42.584598993616765 ], [ 42.963472748430235, 42.584571252266656 ], [ 42.96343020762999, 42.584547445976497 ], [ 42.963325505691969, 42.584494987227316 ], [ 42.963279929718439, 42.584467766146361 ], [ 42.963246003152697, 42.584440415414107 ], [ 42.963233270999069, 42.584426419956642 ], [ 42.963223181503601, 42.584412029334892 ], [ 42.963199438828553, 42.584367732591801 ], [ 42.963183650984121, 42.584327113674732 ], [ 42.963176019076244, 42.584290694866247 ], [ 42.963176585373951, 42.584258711956963 ], [ 42.963180292380216, 42.584243445528919 ], [ 42.963186704885608, 42.584227649977315 ], [ 42.96320792410188, 42.584193876689788 ], [ 42.963238245054683, 42.584158683932934 ], [ 42.963297864525771, 42.584098848783775 ], [ 42.963324575039003, 42.584075730888216 ], [ 42.963401120302287, 42.584020030202801 ], [ 42.963418805059476, 42.58400303205795 ], [ 42.963430482630763, 42.583986839326379 ], [ 42.963438819940045, 42.583966007124495 ], [ 42.963442069031899, 42.583942795309717 ], [ 42.963440249495363, 42.583917088963489 ], [ 42.963433346284944, 42.583888639272864 ], [ 42.963422193061909, 42.583859163955154 ], [ 42.963406166807161, 42.583826053013112 ], [ 42.963348629598087, 42.583728058561128 ], [ 42.963337074531672, 42.583711000644648 ], [ 42.963322424561902, 42.583693857074252 ], [ 42.963283092991134, 42.583658487410112 ], [ 42.963238276135385, 42.583626198142738 ], [ 42.963123813480664, 42.583551329845079 ], [ 42.963095881101118, 42.58353066040732 ], [ 42.963073357189074, 42.583511516284844 ], [ 42.963052659600947, 42.583490026349786 ], [ 42.963037538688333, 42.583468975090007 ], [ 42.9630277242331, 42.583447978580423 ], [ 42.96302311965534, 42.583426821680106 ], [ 42.963023480959102, 42.583399600704894 ], [ 42.963029459929707, 42.583368116591657 ], [ 42.963067371501246, 42.583256057602384 ], [ 42.963092624121586, 42.583181381231789 ], [ 42.963124650589776, 42.583104879285074 ], [ 42.963163742143166, 42.58302584011706 ], [ 42.963210545933812, 42.5829429505551 ], [ 42.963259019440443, 42.582865213757422 ], [ 42.963316265758635, 42.582779870405915 ], [ 42.963541350189843, 42.582466149132983 ], [ 42.963630507535292, 42.582334967093949 ], [ 42.963675203774301, 42.582263364874109 ], [ 42.963714033347898, 42.58219574041771 ], [ 42.963747746965339, 42.582130782403567 ], [ 42.963776691938968, 42.58206781711381 ], [ 42.963802266741723, 42.581996752003164 ], [ 42.963822471478771, 42.581914898569522 ], [ 42.963837204905495, 42.581827800455613 ], [ 42.963869412884947, 42.581586687118822 ], [ 42.963883693001733, 42.581515306824706 ], [ 42.963900864584431, 42.581453252449855 ], [ 42.963927541107601, 42.581384715754865 ], [ 42.96394328290291, 42.581353631167588 ], [ 42.963960737297569, 42.581324439310627 ], [ 42.963980008239631, 42.581296979035834 ], [ 42.964001133787391, 42.581271204191488 ], [ 42.96402417358167, 42.581247041993592 ], [ 42.964049179341117, 42.581224438428251 ], [ 42.964086530501618, 42.581195875794421 ], [ 42.964132253271259, 42.581166035522003 ], [ 42.964294723899108, 42.581074103342466 ], [ 42.964351825412919, 42.581039206150379 ], [ 42.964580668719442, 42.58088949304193 ], [ 42.96465234593753, 42.580840036564886 ], [ 42.964714877277132, 42.580794416756824 ], [ 42.964775258609109, 42.580747161175502 ], [ 42.964829146742176, 42.580701237329386 ], [ 42.964877360165978, 42.580655945653824 ], [ 42.964920304994493, 42.58061090164302 ], [ 42.965004656279241, 42.580511086668466 ], [ 42.965040690923104, 42.580463596475347 ], [ 42.965072865108063, 42.580417419089343 ], [ 42.965101314786601, 42.580372346205991 ], [ 42.965126032631957, 42.580328378598495 ], [ 42.965147051031522, 42.580285457409978 ], [ 42.96516438827333, 42.580243545145329 ], [ 42.965181970848711, 42.58018993219337 ], [ 42.965195612381102, 42.580133592669085 ], [ 42.965205281841655, 42.580074656598903 ], [ 42.965210951610302, 42.580013299095782 ], [ 42.965212599507431, 42.579949640436809 ], [ 42.965210208992453, 42.579884039638337 ], [ 42.965203791225434, 42.579816828292124 ], [ 42.96519338962748, 42.579748470039547 ], [ 42.965174213357827, 42.579652580788469 ], [ 42.965154097118727, 42.579579408625932 ], [ 42.965129431365519, 42.579515850699565 ], [ 42.965099575495991, 42.579460885234532 ], [ 42.965086426266886, 42.579442609566016 ], [ 42.965070323673928, 42.579424323748547 ], [ 42.965028391838572, 42.579386791330123 ], [ 42.964982453277457, 42.579353275196134 ], [ 42.964869919229571, 42.579278249268903 ], [ 42.964821237900047, 42.579240764342607 ], [ 42.96478500071391, 42.579204647792302 ], [ 42.964771496603078, 42.579186834955678 ], [ 42.964760879107985, 42.579168949138882 ], [ 42.964749373407216, 42.579142895971266 ], [ 42.964740433784812, 42.579114637084672 ], [ 42.96473397133412, 42.579083908846599 ], [ 42.964729870908997, 42.579050167994765 ], [ 42.964727989145359, 42.57898343975485 ], [ 42.964733060017373, 42.578834884437697 ], [ 42.96473425033399, 42.578725528524942 ], [ 42.964737944167453, 42.578635251529285 ], [ 42.96474458350206, 42.578553426985778 ], [ 42.964754375622377, 42.578478215199489 ], [ 42.964767816503389, 42.578406730690247 ], [ 42.964784898706284, 42.578339726165019 ], [ 42.964805767438108, 42.57827663326853 ], [ 42.964830533150376, 42.578217127970774 ], [ 42.964887167628177, 42.578104467107948 ], [ 42.964915623208945, 42.578055474363708 ], [ 42.964944827593783, 42.57801020598734 ], [ 42.964975264182321, 42.577967960952172 ], [ 42.965006904504712, 42.577928827903612 ], [ 42.96503988686532, 42.577892638197866 ], [ 42.965074298455946, 42.577859296126121 ], [ 42.965138777373937, 42.57780573018853 ], [ 42.965219787609563, 42.577747514010674 ], [ 42.965290058166808, 42.577702702238639 ], [ 42.965367837562617, 42.577658733427036 ], [ 42.965453492027102, 42.577615398840123 ], [ 42.965547878976004, 42.577572260725219 ], [ 42.965595503862573, 42.577554228916114 ], [ 42.96565184845668, 42.577537988221998 ], [ 42.965709749847157, 42.577524645129728 ], [ 42.965860193935789, 42.577493804899319 ], [ 42.96593883365756, 42.577473010725463 ], [ 42.965977972417519, 42.577459226222011 ], [ 42.966012308368555, 42.577444002922114 ], [ 42.966042496826248, 42.577427048089334 ], [ 42.966068845770344, 42.577408183488558 ], [ 42.966108887255999, 42.577372551978748 ], [ 42.966128250387598, 42.577351107574593 ], [ 42.96614554685857, 42.577327417475985 ], [ 42.966160904035789, 42.5773013119449 ], [ 42.966174519241427, 42.577272455887844 ], [ 42.966196461060413, 42.577208345270087 ], [ 42.966220663454834, 42.577107680074846 ], [ 42.96623069125566, 42.577056376811605 ], [ 42.96623740073241, 42.577002499453059 ], [ 42.966240741092513, 42.576946448732969 ], [ 42.966240673140213, 42.576888830910711 ], [ 42.966235649678978, 42.576843093998988 ], [ 42.966223296376803, 42.576795955388903 ], [ 42.966203491501226, 42.5767469248309 ], [ 42.966175848596372, 42.57669503459649 ], [ 42.96614757750126, 42.576650475196736 ], [ 42.966112547002282, 42.576601174254087 ], [ 42.965989749447019, 42.576444040806585 ], [ 42.965948591410324, 42.576388859517756 ], [ 42.965913393689, 42.576336503657352 ], [ 42.965885920512697, 42.576288737177038 ], [ 42.965865187966131, 42.576243891942127 ], [ 42.965850752260202, 42.576201038835492 ], [ 42.965842424768375, 42.576159608077973 ], [ 42.965840141846606, 42.576119270748706 ], [ 42.965842710933295, 42.576064427450497 ], [ 42.965848370600689, 42.576010465724252 ], [ 42.965857055739406, 42.575958001274223 ], [ 42.9658686955013, 42.575907451586545 ], [ 42.965883171594278, 42.575859269325754 ], [ 42.965900438835419, 42.575813569856336 ], [ 42.965920421400924, 42.575770549045934 ], [ 42.965943055112135, 42.575730344434582 ], [ 42.965967560461344, 42.575695495171964 ], [ 42.965999619534422, 42.575658304498724 ], [ 42.966125169714338, 42.57553563631707 ], [ 42.966170199620272, 42.575486581843904 ], [ 42.966231024006774, 42.575408933306463 ], [ 42.966331974342822, 42.575270250758841 ], [ 42.966374812031326, 42.575207585432111 ], [ 42.966417826008374, 42.575135857610938 ], [ 42.966461216251915, 42.575055474281527 ], [ 42.966581821527647, 42.574819761949804 ], [ 42.966622828233497, 42.574748071352275 ], [ 42.966662701988767, 42.574686007074284 ], [ 42.966713926227968, 42.574617466869675 ], [ 42.966767726267022, 42.574557732696007 ], [ 42.966825204135418, 42.574505587688463 ], [ 42.966855523885037, 42.574482179078295 ], [ 42.966886992091915, 42.574460473031024 ], [ 42.966921689855099, 42.574439343905532 ], [ 42.966959946298239, 42.574418824556695 ], [ 42.967002148396787, 42.574398704822592 ], [ 42.96704909076427, 42.574378603471246 ], [ 42.96714178825804, 42.574343475722799 ], [ 42.967386845929084, 42.574258091834579 ], [ 42.967455216297452, 42.574231132144746 ], [ 42.967514261570273, 42.574204748971972 ], [ 42.967748605190444, 42.574093727075102 ], [ 42.967877986099865, 42.574026673023404 ], [ 42.967937201632871, 42.57399225994628 ], [ 42.967989957164313, 42.573958443647136 ], [ 42.968037071558356, 42.573924696544715 ], [ 42.968078945385017, 42.573890727677679 ], [ 42.968133998430758, 42.573837597032707 ], [ 42.968184373830404, 42.5737777897195 ], [ 42.968230542572122, 42.573710759374009 ], [ 42.968273306061711, 42.573635352232742 ], [ 42.968308015026743, 42.573562744224049 ], [ 42.968342507684525, 42.573479497136667 ], [ 42.96846422836164, 42.573144644522564 ], [ 42.96847593116415, 42.573110644652935 ], [ 42.968485800307342, 42.573071915106745 ], [ 42.968513508064767, 42.572907996322414 ], [ 42.968531104748187, 42.572839003818459 ], [ 42.968545261631483, 42.57280319237934 ], [ 42.968562418123412, 42.572771510828218 ], [ 42.968582926561609, 42.572743314331333 ], [ 42.968607017311406, 42.57271829989272 ], [ 42.968639973290664, 42.572691176949988 ], [ 42.968679388699286, 42.572663655255333 ], [ 42.96872533854728, 42.572635675796931 ], [ 42.968778262857072, 42.572606969908342 ], [ 42.968805716419538, 42.572593997484979 ], [ 42.968835609607012, 42.572582138145428 ], [ 42.968904113656301, 42.57256123059102 ], [ 42.968977934530216, 42.572544757819273 ], [ 42.96912536579805, 42.57251810579065 ], [ 42.96918554884703, 42.572505883802123 ], [ 42.969246311277303, 42.572490487788329 ], [ 42.969298389626623, 42.572473233077865 ], [ 42.969397738097257, 42.572433629606323 ], [ 42.969483475223761, 42.572395284125243 ], [ 42.969559173076775, 42.572356590410287 ], [ 42.969625824824227, 42.572317017665711 ], [ 42.969678843837656, 42.572280941315384 ], [ 42.969730031233354, 42.572242171413563 ], [ 42.969778758744077, 42.572201183111297 ], [ 42.969824386233036, 42.572158517088816 ], [ 42.96988182724251, 42.57209744562708 ], [ 42.969933207279176, 42.572033765044367 ], [ 42.969977277176959, 42.571969025530557 ], [ 42.970013150125091, 42.571904536953866 ], [ 42.970023535064826, 42.571879616094378 ], [ 42.970031089085701, 42.571852686412846 ], [ 42.970035890386725, 42.571823478236894 ], [ 42.970038033875099, 42.571791432219989 ], [ 42.970035995513378, 42.571730555531275 ], [ 42.970021671636637, 42.571584749346407 ], [ 42.970020858487182, 42.571547509813641 ], [ 42.970022834240282, 42.571514737698976 ], [ 42.970028443975885, 42.571481790449546 ], [ 42.970037774532855, 42.57145203757824 ], [ 42.970050979533511, 42.571424987416975 ], [ 42.970068188916741, 42.571400390119528 ], [ 42.970099374880164, 42.571367208143535 ], [ 42.970140131175448, 42.571332145264634 ], [ 42.9701871858095, 42.571297024689784 ], [ 42.97027994298837, 42.571232591339545 ], [ 42.970322644533255, 42.571203960216593 ], [ 42.970371756898672, 42.571173982022259 ] ] ] ] } }
]
}
